{
  "main": {
    "az-Latn": {
      "identity": {
        "version": {
          "_cldrVersion": "39"
        },
        "language": "az",
        "script": "Latn"
      },
      "dates": {
        "calendars": {
          "buddhist": {
            "months": {
              "format": {
                "abbreviated": {
                  "1": "yan",
                  "2": "fev",
                  "3": "mar",
                  "4": "apr",
                  "5": "may",
                  "6": "iyn",
                  "7": "iyl",
                  "8": "avq",
                  "9": "sen",
                  "10": "okt",
                  "11": "noy",
                  "12": "dek"
                },
                "narrow": {
                  "1": "1",
                  "2": "2",
                  "3": "3",
                  "4": "4",
                  "5": "5",
                  "6": "6",
                  "7": "7",
                  "8": "8",
                  "9": "9",
                  "10": "10",
                  "11": "11",
                  "12": "12"
                },
                "wide": {
                  "1": "yanvar",
                  "2": "fevral",
                  "3": "mart",
                  "4": "aprel",
                  "5": "may",
                  "6": "iyun",
                  "7": "iyul",
                  "8": "avqust",
                  "9": "sentyabr",
                  "10": "oktyabr",
                  "11": "noyabr",
                  "12": "dekabr"
                }
              },
              "stand-alone": {
                "abbreviated": {
                  "1": "yan",
                  "2": "fev",
                  "3": "mar",
                  "4": "apr",
                  "5": "may",
                  "6": "iyn",
                  "7": "iyl",
                  "8": "avq",
                  "9": "sen",
                  "10": "okt",
                  "11": "noy",
                  "12": "dek"
                },
                "narrow": {
                  "1": "1",
                  "2": "2",
                  "3": "3",
                  "4": "4",
                  "5": "5",
                  "6": "6",
                  "7": "7",
                  "8": "8",
                  "9": "9",
                  "10": "10",
                  "11": "11",
                  "12": "12"
                },
                "wide": {
                  "1": "yanvar",
                  "2": "fevral",
                  "3": "mart",
                  "4": "aprel",
                  "5": "may",
                  "6": "iyun",
                  "7": "iyul",
                  "8": "avqust",
                  "9": "sentyabr",
                  "10": "oktyabr",
                  "11": "noyabr",
                  "12": "dekabr"
                }
              }
            },
            "days": {
              "format": {
                "abbreviated": {
                  "sun": "B.",
                  "mon": "B.e.",
                  "tue": "Ç.a.",
                  "wed": "Ç.",
                  "thu": "C.a.",
                  "fri": "C.",
                  "sat": "Ş."
                },
                "narrow": {
                  "sun": "7",
                  "mon": "1",
                  "tue": "2",
                  "wed": "3",
                  "thu": "4",
                  "fri": "5",
                  "sat": "6"
                },
                "short": {
                  "sun": "B.",
                  "mon": "B.E.",
                  "tue": "Ç.A.",
                  "wed": "Ç.",
                  "thu": "C.A.",
                  "fri": "C.",
                  "sat": "Ş."
                },
                "wide": {
                  "sun": "bazar",
                  "mon": "bazar ertəsi",
                  "tue": "çərşənbə axşamı",
                  "wed": "çərşənbə",
                  "thu": "cümə axşamı",
                  "fri": "cümə",
                  "sat": "şənbə"
                }
              },
              "stand-alone": {
                "abbreviated": {
                  "sun": "B.",
                  "mon": "B.E.",
                  "tue": "Ç.A.",
                  "wed": "Ç.",
                  "thu": "C.A.",
                  "fri": "C.",
                  "sat": "Ş."
                },
                "narrow": {
                  "sun": "7",
                  "mon": "1",
                  "tue": "2",
                  "wed": "3",
                  "thu": "4",
                  "fri": "5",
                  "sat": "6"
                },
                "short": {
                  "sun": "B.",
                  "mon": "B.E.",
                  "tue": "Ç.A.",
                  "wed": "Ç.",
                  "thu": "C.A.",
                  "fri": "C.",
                  "sat": "Ş."
                },
                "wide": {
                  "sun": "bazar",
                  "mon": "bazar ertəsi",
                  "tue": "çərşənbə axşamı",
                  "wed": "çərşənbə",
                  "thu": "cümə axşamı",
                  "fri": "cümə",
                  "sat": "şənbə"
                }
              }
            },
            "quarters": {
              "format": {
                "abbreviated": {
                  "1": "1-ci kv.",
                  "2": "2-ci kv.",
                  "3": "3-cü kv.",
                  "4": "4-cü kv."
                },
                "narrow": {
                  "1": "1",
                  "2": "2",
                  "3": "3",
                  "4": "4"
                },
                "wide": {
                  "1": "1-ci kvartal",
                  "2": "2-ci kvartal",
                  "3": "3-cü kvartal",
                  "4": "4-cü kvartal"
                }
              },
              "stand-alone": {
                "abbreviated": {
                  "1": "1-ci kv.",
                  "2": "2-ci kv.",
                  "3": "3-cü kv.",
                  "4": "4-cü kv."
                },
                "narrow": {
                  "1": "1",
                  "2": "2",
                  "3": "3",
                  "4": "4"
                },
                "wide": {
                  "1": "1-ci kvartal",
                  "2": "2-ci kvartal",
                  "3": "3-cü kvartal",
                  "4": "4-cü kvartal"
                }
              }
            },
            "dayPeriods": {
              "format": {
                "abbreviated": {
                  "midnight": "gecəyarı",
                  "am": "AM",
                  "noon": "günorta",
                  "pm": "PM",
                  "morning1": "sübh",
                  "morning2": "səhər",
                  "afternoon1": "gündüz",
                  "evening1": "axşamüstü",
                  "night1": "axşam",
                  "night2": "gecə"
                },
                "narrow": {
                  "midnight": "gecəyarı",
                  "am": "a",
                  "noon": "g",
                  "pm": "p",
                  "morning1": "sübh",
                  "morning2": "səhər",
                  "afternoon1": "gündüz",
                  "evening1": "axşamüstü",
                  "night1": "axşam",
                  "night2": "gecə"
                },
                "wide": {
                  "midnight": "gecəyarı",
                  "am": "AM",
                  "noon": "günorta",
                  "pm": "PM",
                  "morning1": "sübh",
                  "morning2": "səhər",
                  "afternoon1": "gündüz",
                  "evening1": "axşamüstü",
                  "night1": "axşam",
                  "night2": "gecə"
                }
              },
              "stand-alone": {
                "abbreviated": {
                  "midnight": "gecəyarı",
                  "am": "AM",
                  "noon": "günorta",
                  "pm": "PM",
                  "morning1": "sübh",
                  "morning2": "səhər",
                  "afternoon1": "gündüz",
                  "evening1": "axşamüstü",
                  "night1": "axşam",
                  "night2": "gecə"
                },
                "narrow": {
                  "midnight": "gecəyarı",
                  "am": "AM",
                  "noon": "günorta",
                  "pm": "PM",
                  "morning1": "sübh",
                  "morning2": "səhər",
                  "afternoon1": "gündüz",
                  "evening1": "axşamüstü",
                  "night1": "axşam",
                  "night2": "gecə"
                },
                "wide": {
                  "midnight": "gecəyarı",
                  "am": "AM",
                  "noon": "günorta",
                  "pm": "PM",
                  "morning1": "sübh",
                  "morning2": "səhər",
                  "afternoon1": "gündüz",
                  "evening1": "axşamüstü",
                  "night1": "axşam",
                  "night2": "gecə"
                }
              }
            },
            "eras": {
              "eraNames": {
                "0": "BE"
              },
              "eraAbbr": {
                "0": "BE"
              },
              "eraNarrow": {
                "0": "BE"
              }
            },
            "dateFormats": {
              "full": "G d MMMM y, EEEE",
              "long": "G d MMMM, y",
              "medium": "G d MMM y",
              "short": "GGGGG dd.MM.y"
            },
            "timeFormats": {
              "full": "HH:mm:ss zzzz",
              "long": "HH:mm:ss z",
              "medium": "HH:mm:ss",
              "short": "HH:mm"
            },
            "dateTimeFormats": {
              "full": "{1} {0}",
              "long": "{1} {0}",
              "medium": "{1} {0}",
              "short": "{1} {0}",
              "availableFormats": {
                "Bh": "h B",
                "Bhm": "h:mm B",
                "Bhms": "h:mm:ss B",
                "d": "d",
                "E": "ccc",
                "EBhm": "E h:mm B",
                "EBhms": "E h:mm:ss B",
                "Ed": "d, E",
                "Ehm": "E h:mm a",
                "EHm": "E HH:mm",
                "Ehms": "E h:mm:ss a",
                "EHms": "E HH:mm:ss",
                "Gy": "G y",
                "GyMMM": "G MMM y",
                "GyMMMd": "G d MMM y",
                "GyMMMEd": "G d MMM y, E",
                "h": "h a",
                "H": "HH",
                "hm": "h:mm a",
                "Hm": "HH:mm",
                "hms": "h:mm:ss a",
                "Hms": "HH:mm:ss",
                "M": "L",
                "Md": "dd.MM",
                "MEd": "dd.MM, E",
                "MMM": "LLL",
                "MMMd": "d MMM",
                "MMMEd": "d MMM, E",
                "MMMMd": "MMMM d",
                "ms": "mm:ss",
                "y": "G y",
                "yyyy": "G y",
                "yyyyM": "GGGGG MM y",
                "yyyyMd": "GGGGG dd.MM.y",
                "yyyyMEd": "GGGGG dd.MM.y, E",
                "yyyyMMM": "G MMM y",
                "yyyyMMMd": "G d MMM y",
                "yyyyMMMEd": "G d MMM y, E",
                "yyyyMMMM": "G MMMM y",
                "yyyyQQQ": "G y QQQ",
                "yyyyQQQQ": "G y QQQQ"
              },
              "appendItems": {
                "Day": "{0} ({2}: {1})",
                "Day-Of-Week": "{0} {1}",
                "Era": "{1} {0}",
                "Hour": "{0} ({2}: {1})",
                "Minute": "{0} ({2}: {1})",
                "Month": "{0} ({2}: {1})",
                "Quarter": "{0} ({2}: {1})",
                "Second": "{0} ({2}: {1})",
                "Timezone": "{0} {1}",
                "Week": "{0} ({2}: {1})",
                "Year": "{1} {0}"
              },
              "intervalFormats": {
                "intervalFormatFallback": "{0} – {1}",
                "Bh": {
                  "B": "h B – h B",
                  "h": "h–h B"
                },
                "Bhm": {
                  "B": "h:mm B – h:mm B",
                  "h": "h:mm–h:mm B",
                  "m": "h:mm–h:mm B"
                },
                "d": {
                  "d": "d–d"
                },
                "Gy": {
                  "G": "G y – G y",
                  "y": "G y–y"
                },
                "GyM": {
                  "G": "GGGGG MM/y– GGGGG MM/y",
                  "M": "GGGGG MM/y – MM/y",
                  "y": "GGGGG MM/y – MM/y"
                },
                "GyMd": {
                  "d": "GGGGG dd/MM/y – dd/MM/y",
                  "G": "GGGGG dd/MM/y – GGGGG dd/MM/y",
                  "M": "GGGGG dd/MM/y – dd/MM/y",
                  "y": "GGGGG dd/MM/y – dd/MM/y"
                },
                "GyMEd": {
                  "d": "GGGGG dd/MM/y, E – dd/MM/y, E",
                  "G": "GGGGG dd/MM/y, E – GGGGG dd/MM/y, E",
                  "M": "GGGGG dd/MM/y, E – dd/MM/y, E",
                  "y": "GGGGG dd/MM/y, E – dd/MM/y, E"
                },
                "GyMMM": {
                  "G": "G MMM y – G MMM y",
                  "M": "G MMM – MMM y",
                  "y": "G MMM y – MMM y"
                },
                "GyMMMd": {
                  "d": "G d – d MMM y",
                  "G": "G d MMM y – G d MMM y",
                  "M": "G d MMM – d MMM y",
                  "y": "G d MMM y – d MMM y"
                },
                "GyMMMEd": {
                  "d": "G d MMM, E – d MMM y, E",
                  "G": "G d MMM y, E – G d MMM y, E",
                  "M": "G d MMM, E – d MMM y, E",
                  "y": "G d MMM y, E – d MMM y, E"
                },
                "h": {
                  "a": "h a – h a",
                  "h": "h–h a"
                },
                "H": {
                  "H": "HH–HH"
                },
                "hm": {
                  "a": "h:mm a – h:mm a",
                  "h": "h:mm–h:mm a",
                  "m": "h:mm–h:mm a"
                },
                "Hm": {
                  "H": "HH:mm–HH:mm",
                  "m": "HH:mm–HH:mm"
                },
                "hmv": {
                  "a": "h:mm a – h:mm a v",
                  "h": "h:mm–h:mm a v",
                  "m": "h:mm–h:mm a v"
                },
                "Hmv": {
                  "H": "HH:mm–HH:mm v",
                  "m": "HH:mm–HH:mm v"
                },
                "hv": {
                  "a": "h a – h a v",
                  "h": "h–h a v"
                },
                "Hv": {
                  "H": "HH–HH v"
                },
                "M": {
                  "M": "MM–MM"
                },
                "Md": {
                  "d": "dd.MM – dd.MM",
                  "M": "dd.MM – dd.MM"
                },
                "MEd": {
                  "d": "dd.MM, E – dd.MM, E",
                  "M": "dd.MM, E – dd.MM, E"
                },
                "MMM": {
                  "M": "LLL–LLL"
                },
                "MMMd": {
                  "d": "MMM d–d",
                  "M": "MMM d – MMM d"
                },
                "MMMEd": {
                  "d": "MMM d, E – MMM d, E",
                  "M": "MMM d, E – MMM d, E"
                },
                "y": {
                  "y": "G y–y"
                },
                "yM": {
                  "M": "GGGGG MM/y – MM/y",
                  "y": "GGGGG MM/y – MM/y"
                },
                "yMd": {
                  "d": "GGGGG dd/MM/y – dd/MM/y",
                  "M": "GGGGG dd/MM/y – dd/MM/y",
                  "y": "GGGGG dd/MM/y – dd/MM/y"
                },
                "yMEd": {
                  "d": "GGGGG dd/MM/y , E – dd/MM/y, E",
                  "M": "GGGGG dd/MM/y , E – dd/MM/y, E",
                  "y": "GGGGG dd/MM/y , E – dd/MM/y, E"
                },
                "yMMM": {
                  "M": "G MMM–MMM y",
                  "y": "G MMM y – MMM y"
                },
                "yMMMd": {
                  "d": "G d–d MMM y",
                  "M": "G d MMM y – d MMM",
                  "y": "G d MMM y – d MMM y"
                },
                "yMMMEd": {
                  "d": "G d MMM y, E – d MMM, E",
                  "M": "G d MMM y, E – d MMM, E",
                  "y": "G d MMM y, E – d MMM y, E"
                },
                "yMMMM": {
                  "M": "G MMMM y –MMMM",
                  "y": "G MMMM y – MMMM y"
                }
              }
            }
          }
        }
      }
    }
  }
}
