{
  "main": {
    "yue-Hant": {
      "identity": {
        "version": {
          "_cldrVersion": "39"
        },
        "language": "yue",
        "script": "Hant"
      },
      "dates": {
        "calendars": {
          "buddhist": {
            "months": {
              "format": {
                "abbreviated": {
                  "1": "1月",
                  "2": "2月",
                  "3": "3月",
                  "4": "4月",
                  "5": "5月",
                  "6": "6月",
                  "7": "7月",
                  "8": "8月",
                  "9": "9月",
                  "10": "10月",
                  "11": "11月",
                  "12": "12月"
                },
                "narrow": {
                  "1": "1",
                  "2": "2",
                  "3": "3",
                  "4": "4",
                  "5": "5",
                  "6": "6",
                  "7": "7",
                  "8": "8",
                  "9": "9",
                  "10": "10",
                  "11": "11",
                  "12": "12"
                },
                "wide": {
                  "1": "1月",
                  "2": "2月",
                  "3": "3月",
                  "4": "4月",
                  "5": "5月",
                  "6": "6月",
                  "7": "7月",
                  "8": "8月",
                  "9": "9月",
                  "10": "10月",
                  "11": "11月",
                  "12": "12月"
                }
              },
              "stand-alone": {
                "abbreviated": {
                  "1": "1月",
                  "2": "2月",
                  "3": "3月",
                  "4": "4月",
                  "5": "5月",
                  "6": "6月",
                  "7": "7月",
                  "8": "8月",
                  "9": "9月",
                  "10": "10月",
                  "11": "11月",
                  "12": "12月"
                },
                "narrow": {
                  "1": "1",
                  "2": "2",
                  "3": "3",
                  "4": "4",
                  "5": "5",
                  "6": "6",
                  "7": "7",
                  "8": "8",
                  "9": "9",
                  "10": "10",
                  "11": "11",
                  "12": "12"
                },
                "wide": {
                  "1": "1月",
                  "2": "2月",
                  "3": "3月",
                  "4": "4月",
                  "5": "5月",
                  "6": "6月",
                  "7": "7月",
                  "8": "8月",
                  "9": "9月",
                  "10": "10月",
                  "11": "11月",
                  "12": "12月"
                }
              }
            },
            "days": {
              "format": {
                "abbreviated": {
                  "sun": "星期日",
                  "mon": "星期一",
                  "tue": "星期二",
                  "wed": "星期三",
                  "thu": "星期四",
                  "fri": "星期五",
                  "sat": "星期六"
                },
                "narrow": {
                  "sun": "日",
                  "mon": "一",
                  "tue": "二",
                  "wed": "三",
                  "thu": "四",
                  "fri": "五",
                  "sat": "六"
                },
                "short": {
                  "sun": "日",
                  "mon": "一",
                  "tue": "二",
                  "wed": "三",
                  "thu": "四",
                  "fri": "五",
                  "sat": "六"
                },
                "wide": {
                  "sun": "星期日",
                  "mon": "星期一",
                  "tue": "星期二",
                  "wed": "星期三",
                  "thu": "星期四",
                  "fri": "星期五",
                  "sat": "星期六"
                }
              },
              "stand-alone": {
                "abbreviated": {
                  "sun": "星期日",
                  "mon": "星期一",
                  "tue": "星期二",
                  "wed": "星期三",
                  "thu": "星期四",
                  "fri": "星期五",
                  "sat": "星期六"
                },
                "narrow": {
                  "sun": "日",
                  "mon": "一",
                  "tue": "二",
                  "wed": "三",
                  "thu": "四",
                  "fri": "五",
                  "sat": "六"
                },
                "short": {
                  "sun": "日",
                  "mon": "一",
                  "tue": "二",
                  "wed": "三",
                  "thu": "四",
                  "fri": "五",
                  "sat": "六"
                },
                "wide": {
                  "sun": "星期日",
                  "mon": "星期一",
                  "tue": "星期二",
                  "wed": "星期三",
                  "thu": "星期四",
                  "fri": "星期五",
                  "sat": "星期六"
                }
              }
            },
            "quarters": {
              "format": {
                "abbreviated": {
                  "1": "第1季",
                  "2": "第2季",
                  "3": "第3季",
                  "4": "第4季"
                },
                "narrow": {
                  "1": "1",
                  "2": "2",
                  "3": "3",
                  "4": "4"
                },
                "wide": {
                  "1": "第1季",
                  "2": "第2季",
                  "3": "第3季",
                  "4": "第4季"
                }
              },
              "stand-alone": {
                "abbreviated": {
                  "1": "第1季",
                  "2": "第2季",
                  "3": "第3季",
                  "4": "第4季"
                },
                "narrow": {
                  "1": "1",
                  "2": "2",
                  "3": "3",
                  "4": "4"
                },
                "wide": {
                  "1": "第1季",
                  "2": "第2季",
                  "3": "第3季",
                  "4": "第4季"
                }
              }
            },
            "dayPeriods": {
              "format": {
                "abbreviated": {
                  "midnight": "午夜",
                  "am": "上午",
                  "pm": "下午",
                  "morning1": "清晨",
                  "morning2": "朝早",
                  "afternoon1": "中午",
                  "afternoon2": "下晝",
                  "evening1": "夜晚",
                  "night1": "凌晨"
                },
                "narrow": {
                  "midnight": "午夜",
                  "am": "上午",
                  "pm": "下午",
                  "morning1": "清晨",
                  "morning2": "朝早",
                  "afternoon1": "中午",
                  "afternoon2": "下晝",
                  "evening1": "夜晚",
                  "night1": "凌晨"
                },
                "wide": {
                  "midnight": "午夜",
                  "am": "上午",
                  "pm": "下午",
                  "morning1": "清晨",
                  "morning2": "朝早",
                  "afternoon1": "中午",
                  "afternoon2": "下晝",
                  "evening1": "夜晚",
                  "night1": "凌晨"
                }
              },
              "stand-alone": {
                "abbreviated": {
                  "midnight": "午夜",
                  "am": "上午",
                  "pm": "下午",
                  "morning1": "清晨",
                  "morning2": "朝早",
                  "afternoon1": "中午",
                  "afternoon2": "下晝",
                  "evening1": "夜晚",
                  "night1": "凌晨"
                },
                "narrow": {
                  "midnight": "午夜",
                  "am": "上午",
                  "pm": "下午",
                  "morning1": "清晨",
                  "morning2": "朝早",
                  "afternoon1": "中午",
                  "afternoon2": "下晝",
                  "evening1": "夜晚",
                  "night1": "凌晨"
                },
                "wide": {
                  "midnight": "午夜",
                  "am": "上午",
                  "pm": "下午",
                  "morning1": "清晨",
                  "morning2": "朝早",
                  "afternoon1": "中午",
                  "afternoon2": "下晝",
                  "evening1": "夜晚",
                  "night1": "凌晨"
                }
              }
            },
            "eras": {
              "eraNames": {
                "0": "佛曆"
              },
              "eraAbbr": {
                "0": "佛曆"
              },
              "eraNarrow": {
                "0": "佛曆"
              }
            },
            "dateFormats": {
              "full": "Gy年M月d日EEEE",
              "long": "Gy年M月d日",
              "medium": "Gy年M月d日",
              "short": "Gy/M/d"
            },
            "timeFormats": {
              "full": "ah:mm:ss [zzzz]",
              "long": "ah:mm:ss [z]",
              "medium": "ah:mm:ss",
              "short": "ah:mm"
            },
            "dateTimeFormats": {
              "full": "{1}{0}",
              "long": "{1} {0}",
              "medium": "{1} {0}",
              "short": "{1} {0}",
              "availableFormats": {
                "Bh": "Bh時",
                "Bhm": "Bh:mm",
                "Bhms": "Bh:mm:ss",
                "d": "d日",
                "E": "ccc",
                "EBhm": "E h:mm B",
                "EBhms": "E h:mm:ss B",
                "Ed": "d日（E）",
                "Ehm": "ah:mmE",
                "EHm": "E HH:mm",
                "Ehms": "ah:mm:ssE",
                "EHms": "E HH:mm:ss",
                "Gy": "Gy年",
                "GyMMM": "Gy年M月",
                "GyMMMd": "Gy年M月d日",
                "GyMMMEd": "Gy年M月d日E",
                "h": "ah時",
                "H": "H時",
                "hm": "ah:mm",
                "Hm": "H:mm",
                "hms": "ah:mm:ss",
                "Hms": "H:mm:ss",
                "M": "M月",
                "Md": "M/d",
                "MEd": "M/d（E）",
                "MMM": "LLL",
                "MMMd": "M月d日",
                "MMMEd": "M月d日E",
                "MMMMd": "M月d日",
                "ms": "mm:ss",
                "y": "Gy年",
                "yyyy": "Gy年",
                "yyyyM": "Gy/M",
                "yyyyMd": "Gy/M/d",
                "yyyyMEd": "Gy/M/d（E）",
                "yyyyMMM": "Gy年M月",
                "yyyyMMMd": "Gy年M月d日",
                "yyyyMMMEd": "Gy年M月d日E",
                "yyyyMMMM": "Gy年M月",
                "yyyyQQQ": "Gy年QQQ",
                "yyyyQQQQ": "Gy年QQQQ"
              },
              "appendItems": {
                "Day": "{0} ({2}: {1})",
                "Day-Of-Week": "{0} {1}",
                "Era": "{1} {0}",
                "Hour": "{0} ({2}: {1})",
                "Minute": "{0} ({2}: {1})",
                "Month": "{0} ({2}: {1})",
                "Quarter": "{0} ({2}: {1})",
                "Second": "{0} ({2}: {1})",
                "Timezone": "{0} {1}",
                "Week": "{0} ({2}: {1})",
                "Year": "{1} {0}"
              },
              "intervalFormats": {
                "intervalFormatFallback": "{0}至{1}",
                "Bh": {
                  "B": "Bh時至Bh時",
                  "h": "Bh至h時"
                },
                "Bhm": {
                  "B": "Bh:mm至Bh:mm",
                  "h": "Bh:mm至h:mm",
                  "m": "Bh:mm至h:mm"
                },
                "d": {
                  "d": "d日至d日"
                },
                "Gy": {
                  "G": "G y年至G y年",
                  "y": "G y至y年"
                },
                "GyM": {
                  "G": "G y/M至G y/M",
                  "M": "G y/M至y/M",
                  "y": "G y/M至y/M"
                },
                "GyMd": {
                  "d": "G y/M/d至y/M/d",
                  "G": "G y/M/d至G y/M/d",
                  "M": "G y/M/d至y/M/d",
                  "y": "G y/M/d至y/M/d"
                },
                "GyMEd": {
                  "d": "G y/M/d（E）至y/M/d（E）",
                  "G": "G y/M/d（E）至G y/M/d（E）",
                  "M": "G y/M/d（E）至y/M/d（E）",
                  "y": "G y/M/d（E）至y/M/d（E）"
                },
                "GyMMM": {
                  "G": "G y年M月至G y年M月",
                  "M": "G y年M月至M月",
                  "y": "G y年M月至y年M月"
                },
                "GyMMMd": {
                  "d": "G y年M月d日至d日",
                  "G": "G y年M月d日至G y年M月d日",
                  "M": "G y年M月d日至M月d日",
                  "y": "G y年M月d日至y年M月d日"
                },
                "GyMMMEd": {
                  "d": "G y年M月d日（E）至M月d日（E）",
                  "G": "G y年M月d日（E）至G y年M月d日（E）",
                  "M": "G y年M月d日（E）至M月d日（E）",
                  "y": "G y年M月d日（E）至y年M月d日（E）"
                },
                "h": {
                  "a": "ah時至ah時",
                  "h": "ah時至h時"
                },
                "H": {
                  "H": "HH–HH"
                },
                "hm": {
                  "a": "ah:mm至ah:mm",
                  "h": "ah:mm至h:mm",
                  "m": "ah:mm至h:mm"
                },
                "Hm": {
                  "H": "HH:mm–HH:mm",
                  "m": "HH:mm–HH:mm"
                },
                "hmv": {
                  "a": "ah:mm至ah:mm [v]",
                  "h": "ah:mm至h:mm [v]",
                  "m": "ah:mm至h:mm [v]"
                },
                "Hmv": {
                  "H": "HH:mm–HH:mm [v]",
                  "m": "HH:mm–HH:mm [v]"
                },
                "hv": {
                  "a": "ah時至ah時 [v]",
                  "h": "ah時至h時 [v]"
                },
                "Hv": {
                  "H": "HH–HH [v]"
                },
                "M": {
                  "M": "M月至M月"
                },
                "Md": {
                  "d": "M/d至M/d",
                  "M": "M/d至M/d"
                },
                "MEd": {
                  "d": "d/M (E) 至 d/M (E)",
                  "M": "d/M (E) 至 d/M (E)"
                },
                "MMM": {
                  "M": "LLL至LLL"
                },
                "MMMd": {
                  "d": "M月d日至d日",
                  "M": "M月d日至M月d日"
                },
                "MMMEd": {
                  "d": "M月d日E至d日E",
                  "M": "M月d日E至M月d日E"
                },
                "MMMM": {
                  "M": "LLLL至LLLL"
                },
                "y": {
                  "y": "G y至y"
                },
                "yM": {
                  "M": "G y/M至y/M",
                  "y": "G y/M至y/M"
                },
                "yMd": {
                  "d": "G y/M/d至y/M/d",
                  "M": "G y/M/d至y/M/d",
                  "y": "G y/M/d至y/M/d"
                },
                "yMEd": {
                  "d": "G y/M/dE至y/M/dE",
                  "M": "G y/M/dE至y/M/dE",
                  "y": "G y/M/dE至y/M/dE"
                },
                "yMMM": {
                  "M": "G y年M月至M月",
                  "y": "G y年M月至y年M月"
                },
                "yMMMd": {
                  "d": "G y年M月d日至d日",
                  "M": "G y年M月d日至M月d日",
                  "y": "G y年M月d日至y年M月d日"
                },
                "yMMMEd": {
                  "d": "G y年M月d日E至d日E",
                  "M": "G y年M月d日E至M月d日E",
                  "y": "G y年M月d日E至y年M月d日E"
                },
                "yMMMM": {
                  "M": "G y年M月至M月",
                  "y": "G y年M月至y年M月"
                }
              }
            }
          }
        }
      }
    }
  }
}
