{
    "version": "15.0",
    "description": "Professional text and hex editor with Binary Templates technology.",
    "homepage": "https://www.sweetscape.com/010editor/",
    "license": {
        "identifier": "Proprietary",
        "url": "https://www.sweetscape.com/010editor/manual/License.htm"
    },
    "notes": "This is a free 30-day trial version. Please buy a copy of it for furthur evaluation.",
    "architecture": {
        "64bit": {
            "url": "https://download.sweetscape.com/010EditorWin64Portable15.0.zip",
            "hash": "f172374bb64129ceb92f205f6ecb4d82f7f163001a3a8ae39b971b8701184bad",
            "extract_dir": "010EditorWin64Portable"
        },
        "32bit": {
            "url": "https://download.sweetscape.com/010EditorWin32Portable15.0.zip",
            "hash": "685d36e9e2cf37d8845a09e85ca2d826aff319362f979dfbb664b3d230cb0540",
            "extract_dir": "010EditorWin32Portable"
        }
    },
    "bin": [
        [
            "AppData\\010Editor.exe",
            "010editor"
        ]
    ],
    "shortcuts": [
        [
            "AppData\\010Editor.exe",
            "010 Editor"
        ]
    ],
    "persist": [
        "AppData\\Config",
        "AppData\\Data",
        "AppData\\Plugins",
        "010 Scripts",
        "010 Templates",
        "AppData\\Temp"
    ],
    "checkver": {
        "url": "https://www.sweetscape.com/download/previous/",
        "regex": "Download 010 Editor v([\\d.]+)"
    },
    "autoupdate": {
        "architecture": {
            "64bit": {
                "url": "https://download.sweetscape.com/010EditorWin64Portable$version.zip"
            },
            "32bit": {
                "url": "https://download.sweetscape.com/010EditorWin32Portable$version.zip"
            }
        }
    }
}
