{
    "version": "2.9.2",
    "description": "Skinnable volume controller and OSD.",
    "homepage": "https://3rvx.com/",
    "license": "BSD-2-Clause",
    "url": "https://3rvx.com/releases/3RVX-2.9.2.zip",
    "hash": "7d6c0d3c94d4ff1755cbdf3eb9b235a16084588c1e31759bd221617e5ac166d3",
    "bin": "3RVX.exe",
    "shortcuts": [
        [
            "3RVX.exe",
            "3RVX"
        ]
    ],
    "persist": "Settings.xml",
    "autoupdate": {
        "url": "https://3rvx.com/releases/3RVX-$version.zip"
    }
}
