{
    "version": "1.0.0.1",
    "description": "Patches x86 executables in order to let them have 4GB (instead of only 2) of virtual memory on x64 platforms.",
    "homepage": "https://ntcore.com/?page_id=371",
    "license": "Unknown",
    "url": "https://ntcore.com/files/4gb_patch.zip",
    "hash": "1e13c263dc55e85cf62e3e30c6b2ce936d4c7e16e3bba3e311a5a8bed4be16ca",
    "bin": "4gb_patch.exe",
    "shortcuts": [
        [
            "4gb_patch.exe",
            "4GB Patch"
        ]
    ],
    "checkver": {
        "url": "https://ntcore.com/?page_id=371",
        "regex": "Current Version: (?<version>[\\d.]+)"
    },
    "autoupdate": {
        "url": "https://ntcore.com/files/4gb_patch.zip"
    }
}
