{
    "version": "0.6",
    "description": "7TSP (Se7en Theme Source Patcher) is a tool to modify themes on Windows 7, 8 10 and 11.",
    "homepage": "https://www.deviantart.com/devillnside/art/7TSP-GUI-2019-Edition-804769422",
    "license": "Freeware",
    "url": "https://github.com/ScoopInstaller/Binary/raw/master/7tsp/7TSP-GUI-v0_6.zip",
    "hash": "353a68b2d93168f28676f20f566c9beccf9e723e2670f746ff00da6eb188aa1a",
    "extract_dir": "7TSP GUI v0.6",
    "pre_install": "Get-ChildItem \"$dir\\7TSP*.exe\" | Rename-Item -NewName '7TSP.exe'",
    "shortcuts": [
        [
            "7TSP.exe",
            "7TSP (Se7en Theme Source Patcher)"
        ]
    ]
}
