{
    "version": "5.15.2",
    "description": "Allows you to configure various aspects of the Windows taskbar.",
    "homepage": "https://rammichael.com/7-taskbar-tweaker",
    "license": "Unknown",
    "url": "https://rammichael.com/downloads/7tt_setup.exe#/dl.7z",
    "hash": "1d144d8d909acdc149adeefd0434914dbc0c385aa45b70798927e1e564a2fcb3",
    "bin": "7+ Taskbar Tweaker.exe",
    "pre_install": [
        "Remove-Item \"$dir\\`$PLUGINSDIR\", \"$dir\\inject.dll\", \"$dir\\uninstall.exe\" -Recurse -Force",
        "if (!(Test-Path \"$persist_dir\\7+ Taskbar Tweaker.ini\")) {",
        "  Add-Content \"$dir\\7+ Taskbar Tweaker.ini\" \"[Config]`r`nupdcheckauto=0`r`nupdcheck=0\"",
        "}"
    ],
    "persist": "7+ Taskbar Tweaker.ini",
    "shortcuts": [
        [
            "7+ Taskbar Tweaker.exe",
            "7+ Taskbar Tweaker"
        ]
    ],
    "checkver": "Latest version: v([\\d.]+)",
    "autoupdate": {
        "url": "https://rammichael.com/downloads/7tt_setup.exe#/dl.7z"
    }
}
