{
    "version": "2.1.1",
    "description": "Theme manager for 7-Zip",
    "homepage": "http://www.7ztm.de/",
    "license": {
        "identifier": "Freeware",
        "url": "http://www.7ztm.de/index.php?cat=01_English&page=01_FAQ"
    },
    "url": [
        "http://www.7ztm.de/download.php?cat=00_German&file=7zTM_2.1.7z#/main.7z",
        "http://www.7ztm.de/download.php?cat=00_German&file=7zTM_2.1.1_hotfix.7z#/hotfix.7z"
    ],
    "hash": [
        "d1bb8aa1b5f49c39c606604964fe616009b4598c4f3c02e6fff808fa9d4da15e",
        "09eb32ccfed696ec2030dd87779ac03a1233897c7ef83e5c7f81f1f696b811e0"
    ],
    "shortcuts": [
        [
            "7zTM.exe",
            "7-Zip Theme Manager"
        ]
    ]
}
