{
    "version": "1.7.4",
    "description": "A configuration manager for the 86Box emulator.",
    "homepage": "https://github.com/86Box/86BoxManager",
    "license": "MIT",
    "url": "https://github.com/86Box/86BoxManager/releases/download/1.7.4/86BoxManager_1.7.4.zip",
    "hash": "3ee27e3d5ee48478af57ad7d481834c3ecc862b318820d2bf472351be3b1cae5",
    "suggest": {
        "86Box": "extras/86box"
    },
    "bin": "86Manager.exe",
    "shortcuts": [
        [
            "86Manager.exe",
            "86Manager"
        ]
    ],
    "checkver": "github",
    "autoupdate": {
        "url": "https://github.com/86Box/86BoxManager/releases/download/$version/86BoxManager_$version.zip"
    }
}
