{
    "version": "4.2.1",
    "description": "ROMs for the 86Box emulator.",
    "homepage": "https://github.com/86Box/roms",
    "license": {
        "identifier": "Proprietary",
        "url": "https://github.com/86Box/roms/blob/master/LICENSE"
    },
    "url": "https://github.com/86Box/roms/archive/refs/tags/v4.2.1.zip",
    "hash": "1724e1a7bfcb7add7cb50fdff547ab60e0e7df6734624cd3841b4e94b07f8dfb",
    "depends": "extras/86box",
    "extract_dir": "roms-4.2.1",
    "installer": {
        "script": "New-Item -Path \"$(appdir 86box $global)\\current\\roms\" -ItemType Junction -Value \"$dir\" | Out-Null"
    },
    "uninstaller": {
        "script": "Remove-Item \"$(appdir 86box $global)\\current\\roms\" -Force -Recurse -Confirm:$False -ErrorAction SilentlyContinue"
    },
    "checkver": "github",
    "autoupdate": {
        "url": "https://github.com/86Box/roms/archive/refs/tags/v$version.zip",
        "extract_dir": "roms-$version"
    }
}
