{
    "version": "4.2.1",
    "description": "Emulator of x86-based machines based on PCem.",
    "homepage": "https://github.com/86Box/86Box",
    "license": "GPL-2.0",
    "architecture": {
        "64bit": {
            "url": "https://github.com/86Box/86Box/releases/download/v4.2.1/86Box-Windows-64-b6130.zip",
            "hash": "4bff65f9bcecb030a572a2f62948a17adcc8f501d0bcd1fb7ffd8430af01f118"
        },
        "32bit": {
            "url": "https://github.com/86Box/86Box/releases/download/v4.2.1/86Box-Windows-32-b6130.zip",
            "hash": "7a59afcf8925137eac11f5edf89dcc700a65ff7392ca47f0ddb5f71cd2afde6c"
        }
    },
    "suggest": {
        "86Box Manager": "extras/86box-manager",
        "86Box ROMs": "extras/86box-roms"
    },
    "bin": "86Box.exe",
    "shortcuts": [
        [
            "86Box.exe",
            "86Box"
        ]
    ],
    "checkver": {
        "url": "https://api.github.com/repositories/61964127/releases/latest",
        "jsonpath": "$.assets[*].browser_download_url",
        "regex": "v(?<version>[\\d.]+)/86Box-Windows-64-b(?<build>\\d+)\\.zip"
    },
    "autoupdate": {
        "architecture": {
            "64bit": {
                "url": "https://github.com/86Box/86Box/releases/download/v$matchVersion/86Box-Windows-64-b$matchBuild.zip"
            },
            "32bit": {
                "url": "https://github.com/86Box/86Box/releases/download/v$matchVersion/86Box-Windows-32-b$matchBuild.zip"
            }
        }
    }
}
