{
    "version": "0.7.17",
    "description": "AV1 re-encoding using ffmpeg, svt-av1 & vmaf.",
    "homepage": "https://github.com/alexheretic/ab-av1",
    "license": "MIT",
    "depends": "main/ffmpeg",
    "architecture": {
        "64bit": {
            "url": "https://github.com/alexheretic/ab-av1/releases/download/v0.7.17/ab-av1.exe",
            "hash": "1315139eac44bc3b0574eca5fbc305c99eb661137b270db6f879ef7c3924f88d"
        }
    },
    "bin": "ab-av1.exe",
    "checkver": "github",
    "autoupdate": {
        "architecture": {
            "64bit": {
                "url": "https://github.com/alexheretic/ab-av1/releases/download/v$version/ab-av1.exe"
            }
        }
    }
}
