{
    "version": "1.0.9",
    "description": "A download manager that speeds up your downloads",
    "homepage": "https://abdownloadmanager.com/",
    "license": "Apache-2.0",
    "architecture": {
        "64bit": {
            "url": "https://github.com/amir1376/ab-download-manager/releases/download/v1.0.9/ABDownloadManager_1.0.9_windows.zip",
            "hash": "md5:6aae8d3cdda7eb68510cecfb88fd806b"
        }
    },
    "extract_dir": "ABDownloadManager",
    "shortcuts": [
        [
            "ABDownloadManager.exe",
            "ABDownloadManager"
        ]
    ],
    "checkver": {
        "github": "https://github.com/amir1376/ab-download-manager"
    },
    "autoupdate": {
        "architecture": {
            "64bit": {
                "url": "https://github.com/amir1376/ab-download-manager/releases/download/v$version/ABDownloadManager_$version_windows.zip"
            }
        },
        "hash": {
            "url": "$url.md5"
        }
    }
}
