{
    "version": "2.37.0",
    "description": "Flexible & Powerful Open Source Multi-Protocol Messaging",
    "homepage": "https://activemq.apache.org/components/artemis/",
    "license": "Apache-2.0",
    "notes": "Create a broker instance by running 'artemis create (broker path)'",
    "suggest": {
        "JDK": "java/openjdk"
    },
    "url": "https://archive.apache.org/dist/activemq/activemq-artemis/2.37.0/apache-artemis-2.37.0-bin.zip",
    "hash": "sha512:aa6c7dcd8a6b7bbd35b1af25e55cf3f471b066dc42bcaece942f4d41dc1b06b2e4f71d00a03d3160ed808367b5e9e03522d793302ddb45bc54f4121689e483e7",
    "extract_dir": "apache-artemis-2.37.0",
    "bin": "bin\\artemis.cmd",
    "checkver": {
        "url": "https://activemq.apache.org/components/artemis/download/",
        "regex": "ActiveMQ Artemis ([\\d.]+)"
    },
    "autoupdate": {
        "url": "https://archive.apache.org/dist/activemq/activemq-artemis/$version/apache-artemis-$version-bin.zip",
        "extract_dir": "apache-artemis-$version",
        "hash": {
            "url": "$url.sha512"
        }
    }
}
