{
    "version": "1.6.0",
    "description": "AdGuard Home traffic monitoring and statistics in your terminal",
    "homepage": "https://adguardian.as93.net",
    "license": "MIT",
    "architecture": {
        "64bit": {
            "url": "https://github.com/Lissy93/AdGuardian-Term/releases/download/1.6.0/adguardian-windows.exe#/adguardian.exe",
            "hash": "b282d08092a2895bfd7cf19f5f2e8be5c92c3b854b015dfb14f82847d630cc95"
        }
    },
    "bin": "adguardian.exe",
    "checkver": {
        "github": "https://github.com/Lissy93/AdGuardian-Term"
    },
    "autoupdate": {
        "architecture": {
            "64bit": {
                "url": "https://github.com/Lissy93/AdGuardian-Term/releases/download/$version/adguardian-windows.exe#/adguardian.exe"
            }
        }
    }
}
