{
    "version": "3.95",
    "description": "Batch file renaming utility for Windows",
    "homepage": "https://www.advancedrenamer.com",
    "license": {
        "identifier": "Freeware",
        "url": "https://www.advancedrenamer.com/user_guide/license"
    },
    "architecture": {
        "64bit": {
            "url": "https://www.advancedrenamer.com/down/advanced_renamer_portable_3_95.zip",
            "hash": "9abf1c7079d38796d8fd38012f41417d41c4f59ea999ff91e1d3c92200fea982"
        }
    },
    "bin": "arenc.exe",
    "shortcuts": [
        [
            "ARen.exe",
            "Advanced Renamer"
        ]
    ],
    "persist": [
        "BatchMethods",
        "Data"
    ],
    "checkver": {
        "url": "https://www.advancedrenamer.com/versionlog",
        "regex": "Advanced Renamer\\s+([\\d.]+)\\s+-"
    },
    "autoupdate": {
        "architecture": {
            "64bit": {
                "url": "https://www.advancedrenamer.com/down/advanced_renamer_portable_$underscoreVersion.zip"
            }
        }
    }
}
