{
    "version": "3.6.1.22",
    "homepage": "https://www.adventuregamestudio.co.uk/",
    "description": "An IDE and the engine meant for creating and running videogames of adventure (aka “quest”) genre.",
    "license": "Artistic-2.0",
    "url": "https://github.com/adventuregamestudio/ags/releases/download/v3.6.1.22/AGS-3.6.1.22.zip",
    "hash": "768a72f314d088bfdbddd3ab1923a407329854b8e6fcedb6cb306c5d29189490",
    "shortcuts": [
        [
            "ags-help.chm",
            "Adventure Game Studio\\AGS Help"
        ],
        [
            "AGSEditor.exe",
            "Adventure Game Studio\\AGS Editor"
        ]
    ],
    "checkver": {
        "github": "https://github.com/adventuregamestudio/ags"
    },
    "autoupdate": {
        "url": "https://github.com/adventuregamestudio/ags/releases/download/v$version/AGS-$version.zip",
        "hash": {
            "url": "$baseurl/checksums.sha256",
            "regex": "$sha256\\s+$basename"
        }
    }
}
