{
    "version": "8.4.2",
    "description": "Free Adware Cleaner & Removal tool",
    "homepage": "https://www.malwarebytes.com/adwcleaner",
    "license": {
        "identifier": "Freeware",
        "url": "https://www.malwarebytes.com/eula"
    },
    "architecture": {
        "64bit": {
            "url": "https://adwcleaner.malwarebytes.com/adwcleaner?channel=release",
            "hash": "91068efbef44f8ceedbbbdfeea8959633c4ecc9100c3ba08b2603d7c5d59ac22"
        }
    },
    "pre_install": "Rename-Item \"$dir\\$fname\" 'adwcleaner.exe'",
    "bin": "adwcleaner.exe",
    "shortcuts": [
        [
            "adwcleaner.exe",
            "AdwCleaner"
        ]
    ],
    "checkver": {
        "url": "https://toolslib.net/downloads/viewdownload/1-adwcleaner/files/?t=release",
        "regex": "/(?<release>\\d+)/\">AdwCleaner</a>\\s*</td>\\s*<td class=\"text-center\">([\\d.]+)</td>"
    },
    "autoupdate": {
        "architecture": {
            "64bit": {
                "url": "https://adwcleaner.malwarebytes.com/adwcleaner?channel=release"
            }
        },
        "hash": {
            "url": "https://toolslib.net/downloads/viewdownload/1-adwcleaner/files/$matchRelease",
            "regex": "$sha256"
        }
    }
}
