{
    "version": "0.16.3",
    "description": "A privacy-focussed, local-first, open-source, and ready-to-use alternative for Notion & Miro.",
    "homepage": "https://affine.pro/",
    "license": "MPL-2.0",
    "architecture": {
        "64bit": {
            "url": "https://github.com/toeverything/AFFiNE/releases/download/v0.16.3/affine-0.16.3-stable-windows-x64.exe#/dl.7z",
            "hash": "sha512:e3bcda2e40214b13ee5ac2aad3575212df06bac5ea2b5ae649a88e4c12dedf69665225cf854a983b9261cdbae324ac7bfd315c89ce140c9fd98abdf07fd7ca44"
        }
    },
    "pre_install": [
        "Expand-7zipArchive \"$dir\\AFFiNE-*-full.nupkg\" -ExtractDir 'lib\\net45' -Removal",
        "Remove-Item \"$dir\\lib\""
    ],
    "shortcuts": [
        [
            "AFFiNE.exe",
            "AFFiNE"
        ]
    ],
    "checkver": {
        "github": "https://github.com/toeverything/AFFiNE"
    },
    "autoupdate": {
        "architecture": {
            "64bit": {
                "url": "https://github.com/toeverything/AFFiNE/releases/download/v$version/affine-$version-stable-windows-x64.exe#/dl.7z",
                "hash": {
                    "url": "$baseurl/latest.yml",
                    "regex": "sha512:\\s+$base64"
                }
            }
        }
    }
}
