{
    "version": "1.2.0",
    "description": "A simple, modern and secure encryption tool with small explicit keys, no config options, and UNIX-style composability.",
    "homepage": "https://age-encryption.org/",
    "license": "BSD-3-Clause",
    "architecture": {
        "64bit": {
            "url": "https://github.com/FiloSottile/age/releases/download/v1.2.0/age-v1.2.0-windows-amd64.zip",
            "hash": "dc3304c33f3564fb5b8a90ba67f0dea38f99215fea38aa132ce30c7a22c0702f"
        }
    },
    "extract_dir": "age",
    "bin": [
        "age.exe",
        "age-keygen.exe"
    ],
    "checkver": {
        "url": "https://api.github.com/repositories/187403699/releases",
        "regex": "/age-v([\\w.-]+)-windows"
    },
    "autoupdate": {
        "architecture": {
            "64bit": {
                "url": "https://github.com/FiloSottile/age/releases/download/v$version/age-v$version-windows-amd64.zip"
            }
        }
    }
}
