{
    "version": "5.30.2563",
    "description": "Audio player",
    "homepage": "http://www.aimp.ru",
    "license": {
        "identifier": "Freeware",
        "url": "https://www.aimp.ru/?do=eula&os=windows"
    },
    "architecture": {
        "64bit": {
            "url": "https://www.aimp.ru/?do=download.file&id=31#/dl.zip",
            "hash": "dcf3a44ac0352ffa61c21a6473978f5cdd345506900d93044f8135409a436c20"
        },
        "32bit": {
            "url": "http://www.aimp.ru/?do=download.file&id=8#/dl.zip",
            "hash": "676d72253007c5df7009233303325542b29e3056846890b93624b22d319748d0"
        }
    },
    "extract_dir": "AIMP",
    "bin": [
        "AIMP.exe",
        "AIMPac.exe",
        "AIMPate.exe"
    ],
    "shortcuts": [
        [
            "AIMP.exe",
            "AIMP"
        ],
        [
            "AIMPac.exe",
            "AIMP Audio Converter"
        ],
        [
            "AIMPate.exe",
            "AIMP Advanced Tag Editor"
        ]
    ],
    "persist": [
        "Profile",
        "Plugins",
        "Skins",
        "Icons"
    ],
    "checkver": {
        "url": "https://www.aimp.ru/?do=download&os=windows",
        "regex": ">AIMP v([\\d.]+)<"
    },
    "autoupdate": {
        "architecture": {
            "64bit": {
                "url": "https://www.aimp.ru/?do=download.file&id=31#/dl.zip"
            },
            "32bit": {
                "url": "http://www.aimp.ru/?do=download.file&id=8#/dl.zip"
            }
        }
    }
}
