{
    "version": "3.7.2.1",
    "homepage": "https://www.airdroid.com",
    "description": "An application for transferring files across devices, remote control Android devices, mirror screen, and manage SMS & notifications on your computer.",
    "license": {
        "identifier": "Freeware",
        "url": "https://www.airdroid.com/legal/eula.html?type=personal"
    },
    "url": "https://dl.airdroid.com/AirDroid_Desktop_Client_3.7.2.1.exe#/dl.7z",
    "hash": "f786f0fcc11f6f690503c379b0c1423a9f6443ebf5229c5038754c17bfd51216",
    "bin": "AirDroid.exe",
    "shortcuts": [
        [
            "AirDroid.exe",
            "AirDroid"
        ]
    ],
    "checkver": {
        "script": [
            "$redirUrl = [System.Net.HttpWebRequest]::Create('https://srv3.airdroid.com/p20/web/getbinaryredirect?type=exe&channel=&version=').GetResponse().ResponseUri.AbsoluteUri",
            "return $redirUrl"
        ],
        "regex": "([\\d.]+)\\.exe"
    },
    "autoupdate": {
        "url": "https://dl.airdroid.com/AirDroid_Desktop_Client_$version.exe#/dl.7z"
    }
}
