{
    "version": "4.10.2",
    "description": "ALIEN is a CUDA-powered artificial life simulation program.",
    "homepage": "https://github.com/chrxh/alien",
    "license": "BSD-3-Clause",
    "notes": "An Nvidia graphics card with compute capability of at least 6.0 is required.",
    "architecture": {
        "64bit": {
            "url": "https://github.com/chrxh/alien/releases/download/v4.10.2/alien-installer.msi",
            "hash": "93f2eb5986cc2244f7052578f6dc43babb458dc9991da9a83d5e62e60eb23a0f"
        }
    },
    "bin": "bin/alien.exe",
    "checkver": "github",
    "autoupdate": {
        "architecture": {
            "64bit": {
                "url": "https://github.com/chrxh/alien/releases/download/v$version/alien-installer.msi"
            }
        }
    }
}
