{
    "version": "4.5.62",
    "description": "Duplicate file remover",
    "homepage": "https://www.alldup.info",
    "license": "Freeware",
    "url": "https://www.alldup.info/download/AllDupPortable.zip",
    "hash": "sha1:edd52b9832bcc1f7211d211f1e1f5dc284dfe17e",
    "pre_install": "if (!(Test-Path \"$persist_dir\\config4.ini\")) { New-Item \"$dir\\config4.ini\" | Out-Null }",
    "bin": [
        [
            "AllDupPortable.exe",
            "AllDup"
        ]
    ],
    "shortcuts": [
        [
            "AllDupPortable.exe",
            "AllDup"
        ]
    ],
    "persist": [
        "export",
        "log",
        "profile",
        "temp",
        "config4.ini"
    ],
    "checkver": {
        "url": "https://www.AllDup.de/version/Version_AllDup.txt",
        "regex": "([\\d.]+)"
    },
    "autoupdate": {
        "url": "https://www.alldup.info/download/AllDupPortable.zip",
        "hash": {
            "url": "https://www.alldup.info/en_download_alldup.php",
            "regex": "(?s)$basename.*?$sha1"
        }
    }
}
