{
    "version": "7.3.5",
    "description": "Feature-rich GraphQL Client",
    "homepage": "https://altair.sirmuel.design",
    "license": "MIT",
    "architecture": {
        "64bit": {
            "url": "https://github.com/altair-graphql/altair/releases/download/v7.3.5/altair_7.3.5_x64_win.exe#/dl.7z",
            "hash": "sha512:b24b5315a091e11000cb4cbaae27e98736410ea02d47a2db971e50e9a36aa5fce216f1b845da22b6131be0d5608d37f7873be05805cb0263b5543c3c1460b6fa",
            "pre_install": [
                "Expand-7zipArchive \"$dir\\`$PLUGINSDIR\\app-64.7z\" \"$dir\"",
                "Remove-Item \"$dir\\`$*\", \"$dir\\Uninstall*\" -Force -Recurse"
            ]
        }
    },
    "shortcuts": [
        [
            "Altair GraphQL Client.exe",
            "Altair GraphQL Client"
        ]
    ],
    "checkver": {
        "github": "https://github.com/altair-graphql/altair"
    },
    "autoupdate": {
        "architecture": {
            "64bit": {
                "url": "https://github.com/altair-graphql/altair/releases/download/v$version/altair_$version_x64_win.exe#/dl.7z",
                "hash": {
                    "url": "$baseurl/latest.yml",
                    "regex": "sha512:\\s+$base64"
                }
            }
        }
    }
}
