{
    "version": "1.0",
    "description": "Tools that you can use to troubleshoot account lockouts, as well as add functionality to Active Directory",
    "homepage": "https://www.microsoft.com/en-us/download/details.aspx?id=18465",
    "license": "Unknown",
    "url": "https://download.microsoft.com/download/1/f/0/1f0e9569-3350-4329-b443-822976f29284/ALTools.exe#/dl.7z",
    "hash": "b2b439713b9b50f447e07ddbe7a3462f7bc129e8e1e1b49c4352a7c396912381",
    "bin": [
        "ALoInfo.exe",
        "EventCombMT.exe",
        "LockoutStatus.exe",
        "NLParse.exe"
    ],
    "shortcuts": [
        [
            "ALoInfo.exe",
            "ALoInfo"
        ],
        [
            "EventCombMT.exe",
            "EventCombMT"
        ],
        [
            "LockoutStatus.exe",
            "LockoutStatus"
        ],
        [
            "NLParse.exe",
            "NLParse"
        ]
    ]
}
