{
    "version": "1.63",
    "description": "Easily drag windows when pressing the Alt key (maintained continuation of Stefan Sundin's AltDrag)",
    "homepage": "https://github.com/RamonUnch/AltSnap",
    "license": "GPL-3.0-or-later",
    "architecture": {
        "64bit": {
            "url": "https://github.com/RamonUnch/AltSnap/releases/download/1.63/AltSnap1.63bin_x64.zip",
            "hash": "d551c486ddb965e6b606295269c1a3aa8d49b94abcaf4961bb52a8c31aee2783"
        },
        "32bit": {
            "url": "https://github.com/RamonUnch/AltSnap/releases/download/1.63/AltSnap1.63bin.zip",
            "hash": "299888679a959f2aa237c55fc3fb3d7c10544be63dcafd9f0bd00757111e8f0d"
        }
    },
    "shortcuts": [
        [
            "AltSnap.exe",
            "AltSnap"
        ]
    ],
    "bin": "AltSnap.exe",
    "persist": "AltSnap.ini",
    "checkver": "github",
    "autoupdate": {
        "architecture": {
            "64bit": {
                "url": "https://github.com/RamonUnch/AltSnap/releases/download/$version/AltSnap$versionbin_x64.zip"
            },
            "32bit": {
                "url": "https://github.com/RamonUnch/AltSnap/releases/download/$version/AltSnap$versionbin.zip"
            }
        }
    }
}
