{
    "version": "5.3.0",
    "description": "Desktop client for WhatsApp Web with themes, notifications and multiple account support",
    "homepage": "https://github.com/amanharwara/altus",
    "license": "GPL-3.0",
    "url": "https://github.com/amanharwara/altus/releases/download/5.3.0/Altus-Setup-5.3.0.exe#/dl.7z",
    "hash": "e8844f5ed3a26a099d3188bc47a6f81b953d2a8fe8c2d87d06df2cac98d7d783",
    "pre_install": [
        "Expand-7zipArchive \"$dir\\`$PLUGINSDIR\\app-64.7z\" \"$dir\"",
        "Remove-Item \"$dir\\`$*\", \"$dir\\Uninstall*\" -Force -Recurse"
    ],
    "shortcuts": [
        [
            "Altus.exe",
            "Altus"
        ]
    ],
    "checkver": "github",
    "autoupdate": {
        "url": "https://github.com/amanharwara/altus/releases/download/$version/Altus-Setup-$version.exe#/dl.7z"
    }
}
