{
    "version": "1.10.0",
    "description": "Terminal browser for the Gemini protocol",
    "homepage": "https://github.com/makeworld-the-better-one/amfora",
    "license": "GPL-3.0-only",
    "architecture": {
        "64bit": {
            "url": "https://github.com/makeworld-the-better-one/amfora/releases/download/v1.10.0/amfora_1.10.0_windows_64-bit.exe#/amfora.exe",
            "hash": "69c4a1430133bc888ba02aeebd49bc4407f5db95dc4aba38ad353ac3127dcdf9"
        },
        "32bit": {
            "url": "https://github.com/makeworld-the-better-one/amfora/releases/download/v1.10.0/amfora_1.10.0_windows_32-bit.exe#/amfora.exe",
            "hash": "e81905c99216a5128a39750f9438e84291eef75848771a8f00819f9b680a0cad"
        }
    },
    "bin": "amfora.exe",
    "checkver": "github",
    "autoupdate": {
        "architecture": {
            "64bit": {
                "url": "https://github.com/makeworld-the-better-one/amfora/releases/download/v$version/amfora_$version_windows_64-bit.exe#/amfora.exe"
            },
            "32bit": {
                "url": "https://github.com/makeworld-the-better-one/amfora/releases/download/v$version/amfora_$version_windows_32-bit.exe#/amfora.exe"
            }
        },
        "hash": {
            "url": "$baseurl/amfora_$version_checksums.txt"
        }
    }
}
