{
    "version": "2024.1.2.12",
    "description": "The official IDE for Android development, which includes everything you need to build Android apps.",
    "homepage": "https://developer.android.com/studio/",
    "license": {
        "identifier": "Freeware",
        "url": "https://developer.android.com/studio/terms.html"
    },
    "suggest": {
        "Android SDK": "android-clt"
    },
    "architecture": {
        "64bit": {
            "url": "https://redirector.gvt1.com/edgedl/android/studio/ide-zips/2024.1.2.12/android-studio-2024.1.2.12-windows.zip",
            "hash": "50180dc87d045f4c9a6ba6aa920f8a06780bf27325b2676a5e232871d772f77e",
            "shortcuts": [
                [
                    "bin\\studio64.exe",
                    "Android Studio"
                ]
            ]
        }
    },
    "extract_dir": "android-studio",
    "persist": "plugins",
    "checkver": "android-studio-([\\d.]+)-windows\\.zip",
    "autoupdate": {
        "architecture": {
            "64bit": {
                "url": "https://redirector.gvt1.com/edgedl/android/studio/ide-zips/$version/android-studio-$version-windows.zip",
                "hash": {
                    "url": "https://developer.android.com/studio/",
                    "regex": "(?sm)$basename.*?$sha256"
                }
            }
        }
    }
}
