{
    "version": "5.4.5",
    "description": "Cross-platform Desktop App for android messages.",
    "homepage": "https://github.com/OrangeDrangon/android-messages-desktop",
    "license": "MIT",
    "architecture": {
        "64bit": {
            "url": "https://github.com/OrangeDrangon/android-messages-desktop/releases/download/v5.4.5/Android-Messages-v5.4.5-win-x64.portable.exe#/dl.7z",
            "hash": "sha512:b9f0d6db7d580ea7289f8e0b84953e826e98e7090d6423322f097f388e5fbd00a158944997ca83c944a32834c5dda98668140a8974fc99cfb4ca8a432c76f6e8",
            "extract_dir": "$PLUGINSDIR"
        }
    },
    "installer": {
        "script": [
            "Remove-Item \"$dir\\*\" -Exclude 'app-64.7z'",
            "Expand-7zipArchive \"$dir\\app-64.7z\" \"$dir\" -Removal"
        ]
    },
    "bin": [
        [
            "Android Messages.exe",
            "AndroidMessages"
        ]
    ],
    "shortcuts": [
        [
            "Android Messages.exe",
            "Android Messages"
        ]
    ],
    "checkver": {
        "url": "https://github.com/OrangeDrangon/android-messages-desktop/releases",
        "regex": "/tree/v([\\w.-]+)\""
    },
    "autoupdate": {
        "url": "https://github.com/OrangeDrangon/android-messages-desktop/releases/download/v$version/Android-Messages-v$version-win-x64.portable.exe#/dl.7z",
        "hash": {
            "url": "$baseurl/latest.yml",
            "regex": "sha512:\\s+$base64"
        }
    }
}
