{
    "version": "3.1.99",
    "description": "Powerful Android Line Messages Backup and Restore Software",
    "homepage": "https://www.backuptrans.com/android-line-transfer.html",
    "license": "Unknown",
    "architecture": {
        "64bit": {
            "url": "https://www.backuptrans.com/download/exe/android-line-transfer_x64.exe#/dl.7z",
            "hash": "37d40ca639978a9e800451d63d403d622316deccf7a79a84bbb80255ff51e0d1"
        },
        "32bit": {
            "url": "https://www.backuptrans.com/download/exe/android-line-transfer.exe#/dl.7z",
            "hash": "229e41e5d8ba4ba45a978cae4c7b39d0f793ead2bbec3287b7a6c80ed613f6b6"
        }
    },
    "pre_install": "Remove-Item \"$dir\\`$PLUGINSDIR\" -Recurse",
    "shortcuts": [
        [
            "AndroidLineTransfer.exe",
            "Backuptrans Android Line Transfer"
        ]
    ],
    "checkver": {
        "url": "https://www.backuptrans.com/download.html",
        "regex": "(?sm)Backuptrans Android Line Transfer.*?V([\\d.]+)"
    },
    "autoupdate": {
        "architecture": {
            "64bit": {
                "url": "https://www.backuptrans.com/download/exe/android-line-transfer_x64.exe#/dl.7z"
            },
            "32bit": {
                "url": "https://www.backuptrans.com/download/exe/android-line-transfer.exe#/dl.7z"
            }
        }
    }
}
