{
    "version": "4.9",
    "description": "A cli to browse and watch anime (alone AND with friends). This tool scrapes the site allanime.",
    "homepage": "https://github.com/pystardust/ani-cli",
    "license": "GPL-3.0-or-later",
    "suggest": {
        "git": "git",
        "fzf": "fzf",
        "wget": "wget",
        "aria2": "aria2",
        "mpv": "extras/mpv",
        "ffmpeg": [
            "ffmpeg",
            "ffmpeg-shared"
        ]
    },
    "url": "https://github.com/pystardust/ani-cli/releases/download/v4.9/ani-cli",
    "hash": "301c4d4913b108e11902009aec5047d174fd5b8ea88e6c5b95117ea23f070300",
    "bin": "ani-cli",
    "checkver": "github",
    "autoupdate": {
        "url": "https://github.com/pystardust/ani-cli/releases/download/v$version/ani-cli"
    }
}
