{
    "version": "24.06.3",
    "description": "Powerful and intelligent flash cards",
    "homepage": "https://apps.ankiweb.net",
    "license": "AGPL-3.0-only",
    "suggest": {
        "vcredist": "extras/vcredist2008"
    },
    "architecture": {
        "64bit": {
            "url": "https://github.com/ankitects/anki/releases/download/24.06.3/anki-24.06.3-windows-qt6.exe#/dl.7z",
            "hash": "e11ade8b94dbb5374102669ea589bc1072ea07b93897f3b36fa045f5192ef0ba"
        }
    },
    "pre_install": [
        "@(",
        "    '@echo off'",
        "    'SET _allParams=\"%*\"'",
        "    'IF /i %_allParams:-b =%==%_allParams% ('",
        "    \"    start `\"anki`\" /D `\"%~dp0`\" `\"%~dp0anki.exe`\" -b `\"$persist_dir\\data`\" %*\"",
        "    ') ELSE ('",
        "    '    start \"anki\" /D \"%~dp0\" \"%~dp0anki.exe\" %*'",
        "    ')'",
        ") | Set-Content \"$dir\\anki.cmd\" -Encoding ASCII",
        "Remove-Item \"$dir\\`$*\" -Recurse"
    ],
    "bin": "anki.cmd",
    "shortcuts": [
        [
            "anki.cmd",
            "Anki",
            "",
            "anki.exe"
        ]
    ],
    "persist": "data",
    "checkver": {
        "github": "https://github.com/ankitects/anki"
    },
    "autoupdate": {
        "architecture": {
            "64bit": {
                "url": "https://github.com/ankitects/anki/releases/download/$version/anki-$version-windows-qt6.exe#/dl.7z"
            }
        },
        "hash": {
            "url": "$baseurl/anki-$version-checksums.txt"
        }
    }
}
