{
    "version": "1.6.7",
    "description": "A faster, better and more stable Redis desktop manager",
    "homepage": "https://github.com/qishibo/AnotherRedisDesktopManager",
    "license": "MIT",
    "architecture": {
        "64bit": {
            "url": "https://github.com/qishibo/AnotherRedisDesktopManager/releases/download/v1.6.7/Another-Redis-Desktop-Manager.1.6.7.exe#/dl.7z",
            "hash": "sha512:0b69072a9f08ea91011a82130023e0e76be6a4f753cc7d79a5d8854a8eb1c5b7cc03103df7713c78b115ea9aa703ef803ebdb304d195c61b52a0f55f82321083"
        }
    },
    "pre_install": [
        "Expand-7ZipArchive \"$dir\\`$PLUGINSDIR\\app-64.7z\" \"$dir\" -Removal",
        "'$PLUGINSDIR', 'Uninstall*.exe' | ForEach-Object { Remove-Item \"$dir\\$_\" -Recurse -Force }"
    ],
    "shortcuts": [
        [
            "Another Redis Desktop Manager.exe",
            "Another Redis Desktop Manager"
        ]
    ],
    "checkver": "github",
    "autoupdate": {
        "architecture": {
            "64bit": {
                "url": "https://github.com/qishibo/AnotherRedisDesktopManager/releases/download/v$version/Another-Redis-Desktop-Manager.$version.exe#/dl.7z",
                "hash": {
                    "url": "$baseurl/latest.yml",
                    "regex": "sha512:\\s+$base64"
                }
            }
        }
    }
}
