{
    "version": "0.7.28",
    "description": "A modern, fast and productivity driven SQL client with a focus in UX",
    "homepage": "https://antares-sql.app",
    "license": "MIT",
    "architecture": {
        "64bit": {
            "url": "https://github.com/antares-sql/antares/releases/download/v0.7.28/Antares-0.7.28-portable.exe#/dl.7z",
            "hash": "6bbf0592e7297d6df8cfba63cb3c7b059f275e347f95984c3242bf970c7cf903",
            "pre_install": [
                "Expand-7zipArchive \"$dir\\`$PLUGINSDIR\\app-64.7z\" \"$dir\"",
                "Remove-Item \"$dir\\`$*\", \"$dir\\Uninstall*\" -Force -Recurse"
            ]
        }
    },
    "shortcuts": [
        [
            "Antares.exe",
            "Antares"
        ]
    ],
    "checkver": {
        "github": "https://github.com/antares-sql/antares"
    },
    "autoupdate": {
        "architecture": {
            "64bit": {
                "url": "https://github.com/antares-sql/antares/releases/download/v$version/Antares-$version-portable.exe#/dl.7z"
            }
        }
    }
}
