{
    "version": "2.24",
    "description": "Graphical program used to map keyboard buttons and mouse controls to a gamepad.",
    "homepage": "https://github.com/AntiMicro/antimicro",
    "license": "GPL-3.0-only",
    "notes": "AntiMicro is no longer being developed, 2.24 is the final release. See this discussion for information: https://github.com/AntiMicro/antimicro/issues/351. AntiMicroX is a fork that is currently supported: https://github.com/AntiMicroX/antimicrox",
    "architecture": {
        "64bit": {
            "url": "https://github.com/AntiMicro/antimicro/releases/download/2.24-final/antimicro-2.24-win64.msi",
            "hash": "6ed60e839281f6802dbbd2221079dcd9cd0562513f4124e8c431ab7a6e8d9af2"
        }
    },
    "extract_dir": "PFiles\\AntiMicro",
    "pre_install": "if (!(Test-Path \"$persist_dir\\antimicro_settings.ini\")) { New-Item -ItemType File \"$dir\\antimicro_settings.ini\" | Out-Null }",
    "shortcuts": [
        [
            "antimicro.exe",
            "antimicro"
        ]
    ],
    "persist": [
        "antimicro_settings.ini",
        "profiles"
    ]
}
