{
    "version": "3.4.1",
    "description": "Mapping keyboard buttons and mouse controls to a gamepad.",
    "homepage": "https://github.com/AntiMicroX/antimicrox",
    "license": "GPL-3.0-only",
    "architecture": {
        "64bit": {
            "url": "https://github.com/AntiMicroX/antimicrox/releases/download/3.4.1/antimicrox-3.4.1-PortableWindows-AMD64.zip",
            "hash": "a947cf7f8a7509a57c196b23ca1cdb51e43fc9b2e6c78bf36bb548eeebd86ac7"
        }
    },
    "extract_dir": "antimicrox-3.4.1-PortableWindows-AMD64",
    "pre_install": "if (!(Test-Path \"$persist_dir\\bin\\antimicrox_settings.ini\")) { New-Item \"$dir\\bin\\antimicrox_settings.ini\" | Out-Null }",
    "shortcuts": [
        [
            "bin\\antimicrox.exe",
            "AntiMicroX"
        ]
    ],
    "persist": [
        "bin\\antimicrox_settings.ini",
        "profiles"
    ],
    "checkver": "github",
    "autoupdate": {
        "url": "https://github.com/AntiMicroX/antimicrox/releases/download/$version/antimicrox-$version-PortableWindows-AMD64.zip",
        "extract_dir": "antimicrox-$version-PortableWindows-AMD64"
    }
}
