{
    "version": "6.2",
    "description": "Free Solutions for CD / DVD / Blu-ray burning and imaging.",
    "homepage": "http://www.anyburn.com/",
    "license": {
        "identifier": "Freeware",
        "url": "http://www.anyburn.com/tutorials/eula.htm"
    },
    "url": "http://www.anyburn.com/anyburn.zip",
    "hash": "md5:9f5ab5eb7c16e40c76b5eeeebacdaa50",
    "architecture": {
        "64bit": {
            "extract_dir": "AnyBurn(64-bit)"
        },
        "32bit": {
            "extract_dir": "AnyBurn(32-bit)"
        }
    },
    "bin": [
        "AnyBurn.exe",
        "abcmd.exe"
    ],
    "shortcuts": [
        [
            "AnyBurn.exe",
            "AnyBurn"
        ]
    ],
    "checkver": {
        "url": "http://www.anyburn.com/download.php",
        "regex": "V ([\\d.]+)"
    },
    "autoupdate": {
        "url": "http://www.anyburn.com/anyburn.zip",
        "hash": {
            "url": "http://www.anyburn.com/download.php",
            "regex": "MD5:\\s+$md5"
        }
    }
}
