{
    "version": "8.0.14",
    "description": "A Remote Desktop Software That Actually Works",
    "homepage": "https://anydesk.com/",
    "license": {
        "identifier": "Shareware",
        "url": "https://anydesk.com/terms"
    },
    "url": "https://download.anydesk.com/AnyDesk.exe",
    "hash": "bed33c3732307e19e9a702e7ff179180a7891b92cb879a5b758021eefc68a99b",
    "bin": "AnyDesk.exe",
    "shortcuts": [
        [
            "AnyDesk.exe",
            "AnyDesk"
        ]
    ],
    "checkver": {
        "url": "https://anydesk.com/en/downloads",
        "regex": ">v([\\d.]+)\\s+\\("
    },
    "autoupdate": {
        "url": "https://download.anydesk.com/AnyDesk.exe"
    }
}
