{
    "version": "0.42.8",
    "description": "Local-first, E2E encrypted software for creating and storing tasks, notes, ideas, documents, workflows, and more.",
    "homepage": "https://anytype.io/",
    "license": {
        "identifier": "Freeware",
        "url": "https://anytype.io/terms_of_use"
    },
    "architecture": {
        "64bit": {
            "url": "https://github.com/anyproto/anytype-ts/releases/download/v0.42.8/Anytype.Setup.0.42.8.exe#/dl.7z",
            "hash": "77373c4ac81ca08eb50359eac67c0c9bc5875f8d92f6402147e1ab72ecab193f",
            "pre_install": [
                "Remove-Item \"$dir\\resources\" -Recurse",
                "Expand-7zipArchive \"$dir\\`$PLUGINSDIR\\app-64.7z\" \"$dir\"",
                "Remove-Item \"$dir\\`$*\" -Recurse"
            ]
        }
    },
    "shortcuts": [
        [
            "Anytype.exe",
            "Anytype"
        ]
    ],
    "checkver": {
        "url": "https://api.github.com/repos/anyproto/anytype-ts/releases",
        "regex": "Anytype\\.Setup\\.([\\d.]+)\\.exe\""
    },
    "autoupdate": {
        "architecture": {
            "64bit": {
                "url": "https://github.com/anyproto/anytype-ts/releases/download/v$version/Anytype.Setup.$version.exe#/dl.7z"
            }
        }
    }
}
