{
    "version": "3.7.2",
    "description": "Remotely execute Gremlin against one or more Graph instances hosted within it.",
    "homepage": "https://tinkerpop.apache.org",
    "license": "Apache-2.0",
    "url": "https://downloads.apache.org/tinkerpop/3.7.2/apache-tinkerpop-gremlin-server-3.7.2-bin.zip",
    "hash": "sha512:4af63b5f21eb1cb2fdb4d6f2fcebeebf162a5cc7867bf366144807cfb8a9cdfb4521a8dd0007698979003b22503cc8c199229616b83072692bf04afc9c46929c",
    "extract_dir": "apache-tinkerpop-gremlin-server-3.7.2",
    "pre_install": [
        "$cont = @(",
        "    '@echo off'",
        "    'cd /d \"%~dp0\"'",
        "    'gremlin-server.bat'",
        ")",
        "Set-Content \"$dir\\bin\\gremlin-server-scoop.bat\" $cont -Encoding ascii"
    ],
    "bin": [
        [
            "bin\\gremlin-server-scoop.bat",
            "gremlin-server"
        ]
    ],
    "checkver": {
        "url": "https://downloads.apache.org/tinkerpop/",
        "regex": "href=\"([\\d.]+)/",
        "reverse": true
    },
    "autoupdate": {
        "url": "https://downloads.apache.org/tinkerpop/$version/apache-tinkerpop-gremlin-server-$version-bin.zip",
        "hash": {
            "url": "$url.sha512"
        },
        "extract_dir": "apache-tinkerpop-gremlin-server-$version"
    }
}
