{
    "version": "3.7.2",
    "description": "A REPL environment for interactive development and analysis of Gremlin applications.",
    "homepage": "https://tinkerpop.apache.org",
    "license": "Apache-2.0",
    "url": "https://downloads.apache.org/tinkerpop/3.7.2/apache-tinkerpop-gremlin-console-3.7.2-bin.zip",
    "hash": "sha512:f10ff68d45ca2d257f3a7b461c818a416071181d54c02ca75caf7d465d1dd69bb5e5da107b1e1870443a315216f057fd2a286a80c9f74ed88d2394c78abb7bd5",
    "extract_dir": "apache-tinkerpop-gremlin-console-3.7.2",
    "pre_install": [
        "$cont = @(",
        "    '@echo off'",
        "    'cd /d \"%~dp0\"'",
        "    'gremlin.bat'",
        ")",
        "Set-Content \"$dir\\bin\\gremlin-scoop.bat\" $cont -Encoding ascii"
    ],
    "bin": [
        [
            "bin\\gremlin-scoop.bat",
            "gremlin"
        ]
    ],
    "checkver": {
        "url": "https://downloads.apache.org/tinkerpop/",
        "regex": "href=\"([\\d.]+)/",
        "reverse": true
    },
    "autoupdate": {
        "url": "https://downloads.apache.org/tinkerpop/$version/apache-tinkerpop-gremlin-console-$version-bin.zip",
        "hash": {
            "url": "$url.sha512"
        },
        "extract_dir": "apache-tinkerpop-gremlin-console-$version"
    }
}
