{
    "version": "3.1.3",
    "description": "Tool for analyzing DNA plasmid sequences. Supports DNA Strider, Fasta, Genbank and EMBL data formats. The name 'ApE' stands for 'A plasmid Editor'.",
    "homepage": "https://jorgensen.biology.utah.edu/wayned/ape/",
    "license": {
        "identifier": "Freeware",
        "url": "https://jorgensen.biology.utah.edu/wayned/ape/"
    },
    "url": "https://jorgensen.biology.utah.edu/wayned/ape/Download/WIndows/ApE_win_current_3.1.3.zip",
    "hash": "30f40ab7fbfb982d5fba4c755f8177e213935bf7cee80447b024b8037e82a212",
    "shortcuts": [
        [
            "ApE.exe",
            "ApE"
        ]
    ],
    "checkver": {
        "url": "https://jorgensen.biology.utah.edu/wayned/ape/Download/WIndows/",
        "regex": "ApE_win_current_([\\d.]+)\\.zip</a>",
        "reverse": true
    },
    "autoupdate": {
        "url": "https://jorgensen.biology.utah.edu/wayned/ape/Download/WIndows/ApE_win_current_$version.zip"
    }
}
