{
    "version": "2.5.19",
    "description": "All-in-one collaboration platform for API documentation, API debugging, API Mock and API test automation.",
    "homepage": "https://apifox.com",
    "license": "Freeware",
    "architecture": {
        "64bit": {
            "url": "https://cdn.apifox.cn/download/2.5.19/Apifox-2.5.19.exe#/dl.7z",
            "hash": "sha512:c23e687b53551c63fdf0bb328b62fa0ec6f3fd195207ea74dacdda075cec9277deeb861f533851da5b6aaae2939c4d3ce2963e060101a7a9715ead21f901339c"
        }
    },
    "pre_install": [
        "Get-Item \"$dir\\`$PLUGINSDIR\\app*.7z\" | Expand-7zipArchive -DestinationPath \"$dir\"",
        "Remove-Item \"$dir\\`$*\", \"$dir\\Uninstall*\" -Force -Recurse"
    ],
    "shortcuts": [
        [
            "Apifox.exe",
            "Apifox",
            "--user-data-dir=\"$dir\\UserData\""
        ]
    ],
    "persist": "UserData",
    "pre_uninstall": [
        "Stop-Process -Name 'ApifoxAppAgent' -ErrorAction SilentlyContinue",
        "Wait-Process -Name 'ApifoxAppAgent' -ErrorAction SilentlyContinue -Timeout 30"
    ],
    "checkver": {
        "url": "https://apifox.com/help/app/changelog",
        "regex": ">([\\d.]+)<"
    },
    "autoupdate": {
        "architecture": {
            "64bit": {
                "url": "https://cdn.apifox.cn/download/$version/Apifox-$version.exe#/dl.7z",
                "hash": {
                    "url": "$baseurl/latest.yml",
                    "regex": "sha512: $base64"
                }
            }
        }
    }
}
