{
    "version": "0.16.0",
    "description": "Command-line tool for downloading APK files from various sources",
    "homepage": "https://github.com/EFForg/apkeep",
    "license": "MIT",
    "architecture": {
        "64bit": {
            "url": "https://github.com/EFForg/apkeep/releases/download/0.16.0/apkeep-x86_64-pc-windows-msvc.exe#/apkeep.exe",
            "hash": "fad0d894ad0d8cec4a29617a05a119758fb98725a33540d034f99dd4c5031863"
        }
    },
    "bin": "apkeep.exe",
    "checkver": "github",
    "autoupdate": {
        "architecture": {
            "64bit": {
                "url": "https://github.com/EFForg/apkeep/releases/download/$version/apkeep-x86_64-pc-windows-msvc.exe#/apkeep.exe"
            }
        }
    }
}
