{
    "version": "2024.8.2",
    "description": "A GUI inspector for mobile apps and more, powered by a (separately installed) Appium server",
    "homepage": "https://github.com/appium/appium-inspector",
    "license": "Apache-2.0",
    "architecture": {
        "64bit": {
            "url": "https://github.com/appium/appium-inspector/releases/download/v2024.8.2/Appium-Inspector-2024.8.2-win-x64.zip",
            "hash": "bbd33bf6215bfd1d210f04a7012489f7468b03aaca92933b8ee1326f1c2de639"
        },
        "arm64": {
            "url": "https://github.com/appium/appium-inspector/releases/download/v2024.8.2/Appium-Inspector-2024.8.2-win-arm64.zip",
            "hash": "6fa285f329b28a2228bd001146a4aea1bdfebfde5ce3736c22887c249925f1fb"
        }
    },
    "shortcuts": [
        [
            "Appium Inspector.exe",
            "Appium Inspector"
        ]
    ],
    "checkver": "github",
    "autoupdate": {
        "architecture": {
            "64bit": {
                "url": "https://github.com/appium/appium-inspector/releases/download/v$version/Appium-Inspector-$version-win-x64.zip"
            },
            "arm64": {
                "url": "https://github.com/appium/appium-inspector/releases/download/v$version/Appium-Inspector-$version-win-arm64.zip"
            }
        }
    }
}
