{
    "version": "24.6.1",
    "description": "Multi-model database, one DBMS that supports SQL, Cypher, Gremlin, HTTP/JSON, MongoDB and Redis",
    "homepage": "https://arcadedb.com",
    "license": "Apache-2.0",
    "suggest": {
        "JDK": [
            "java/openjdk11",
            "java/graalvm-jdk11"
        ]
    },
    "url": "https://github.com/ArcadeData/arcadedb/releases/download/24.6.1/arcadedb-24.6.1.tar.gz",
    "hash": "c2257a89c676ce3eb3cd65241d7acd2179e133a890814911ba061be2bc408907",
    "extract_dir": "arcadedb-24.6.1",
    "persist": [
        "config",
        "databases",
        "log"
    ],
    "env_set": {
        "ARCADEDB_HOME": "$dir"
    },
    "bin": [
        [
            "bin\\console.bat",
            "arcadedb-console"
        ],
        [
            "bin\\server.bat",
            "arcadedb-server"
        ]
    ],
    "checkver": {
        "github": "https://github.com/ArcadeData/arcadedb"
    },
    "autoupdate": {
        "url": "https://github.com/ArcadeData/arcadedb/releases/download/$version/arcadedb-$version.tar.gz",
        "extract_dir": "arcadedb-$version"
    }
}
