{
    "version": "6.0.6.4",
    "description": "C# Farming Steam cards from multiple accounts simultaneously.",
    "homepage": "https://github.com/JustArchiNET/ArchiSteamFarm",
    "license": "Apache-2.0",
    "suggest": {
        ".NET Desktop Runtime": "extras/windowsdesktop-runtime-lts",
        "vcredist": "extras/vcredist2022"
    },
    "notes": [
        "ArchiSteamFarm has a built-in updater, So you should DISABLE it in configuration file,",
        "Or run 'scoop hold archisteamfarm' to disable updates via Scoop.",
        "ASF Config Generator:",
        "https://justarchinet.github.io/ASF-WebConfigGenerator/"
    ],
    "architecture": {
        "64bit": {
            "url": "https://github.com/JustArchiNET/ArchiSteamFarm/releases/download/6.0.6.4/ASF-win-x64.zip",
            "hash": "8b078bd212e2dc67979a0bc78e1adedfa87a5dea53557dc23234fe37882210cd"
        }
    },
    "bin": "ArchiSteamFarm.exe",
    "shortcuts": [
        [
            "ArchiSteamFarm.exe",
            "ArchiSteamFarm"
        ]
    ],
    "persist": [
        "config",
        "plugins"
    ],
    "checkver": "github",
    "autoupdate": {
        "architecture": {
            "64bit": {
                "url": "https://github.com/JustArchiNET/ArchiSteamFarm/releases/download/$version/ASF-win-x64.zip"
            }
        }
    }
}
