{
    "version": "5.4.1",
    "description": "A tool and editor to create ArchiMate models",
    "homepage": "https://www.archimatetool.com",
    "license": "MIT",
    "architecture": {
        "64bit": {
            "url": "https://www.archimatetool.com/downloads/archi/5.4.1/Archi-Win64-5.4.1.zip",
            "hash": "sha1:a0c8d87d90a648fa5279e9b0639bc694de2d2afe"
        }
    },
    "extract_dir": "Archi",
    "bin": "archi.exe",
    "shortcuts": [
        [
            "archi.exe",
            "Archi"
        ]
    ],
    "checkver": {
        "url": "https://www.archimatetool.com/download/",
        "regex": "Archi-Win64-([\\d.]+)\\.zip"
    },
    "autoupdate": {
        "architecture": {
            "64bit": {
                "url": "https://www.archimatetool.com/downloads/archi/$version/Archi-Win64-$version.zip"
            }
        },
        "hash": {
            "url": "https://www.archimatetool.com/downloads/archi/$version/Archi-$version-SUMSSHA1"
        }
    }
}
