{
    "version": "2.3.2",
    "description": "Arduino IDE",
    "homepage": "https://www.arduino.cc",
    "license": "AGPL-3.0-or-later",
    "url": "https://downloads.arduino.cc/arduino-ide/arduino-ide_2.3.2_Windows_64bit.zip",
    "hash": "d773ed191e8d9382da24008bea35814b33213c8faddb9d7f95b9ad91590594a0",
    "bin": [
        [
            "Arduino IDE.exe",
            "arduino"
        ]
    ],
    "shortcuts": [
        [
            "Arduino IDE.exe",
            "Arduino IDE"
        ]
    ],
    "checkver": {
        "url": "https://www.arduino.cc/en/software/",
        "regex": "Arduino IDE ([\\d.]+)<"
    },
    "autoupdate": {
        "url": "https://downloads.arduino.cc/arduino-ide/arduino-ide_$version_Windows_64bit.zip"
    }
}
