{
    "version": "1.3.7",
    "description": "A better aria2 desktop frontend than AriaNg, with all features of AriaNg and providing more features for desktop usage.",
    "homepage": "https://github.com/mayswind/AriaNg-Native",
    "license": "MIT",
    "architecture": {
        "64bit": {
            "url": "https://github.com/mayswind/AriaNg-Native/releases/download/1.3.7/AriaNg_Native-1.3.7-Windows-x64.7z",
            "hash": "2e2ca8dd23c3b87a5497cedffaa45ce211a4323a547196baefea01012e5bb226"
        },
        "32bit": {
            "url": "https://github.com/mayswind/AriaNg-Native/releases/download/1.3.7/AriaNg_Native-1.3.7-Windows-x86.7z",
            "hash": "753097ec2c7d6afc006a58dee3950424a4678f4dc988798fc550f7f4220110b4"
        }
    },
    "pre_install": [
        "if (Test-Path \"$env:AppData\\ariang-native\") {",
        "    info '[Persistent AppData]: Moving user data...'",
        "    ensure \"$persist_dir\\UserData\" | Out-Null",
        "    Copy-Item \"$env:AppData\\ariang-native\\*\" \"$persist_dir\\UserData\\\" -Recurse -Force -ErrorAction 'SilentlyContinue'",
        "    Remove-Item \"$env:AppData\\ariang-native\" -Recurse -Force -ErrorAction 'SilentlyContinue'",
        "}"
    ],
    "shortcuts": [
        [
            "AriaNg Native.exe",
            "AriaNg Native",
            "--user-data-dir=\"$persist_dir\\UserData\""
        ]
    ],
    "persist": "UserData",
    "checkver": {
        "github": "https://github.com/mayswind/AriaNg-Native"
    },
    "autoupdate": {
        "architecture": {
            "64bit": {
                "url": "https://github.com/mayswind/AriaNg-Native/releases/download/$version/AriaNg_Native-$version-Windows-x64.7z"
            },
            "32bit": {
                "url": "https://github.com/mayswind/AriaNg-Native/releases/download/$version/AriaNg_Native-$version-Windows-x86.7z"
            }
        }
    }
}
