{
    "version": "3.3.1",
    "description": "A custom client designed to enhance your Discord experience while keeping everything lightweight.",
    "homepage": "https://github.com/ArmCord/ArmCord",
    "license": "OSL-3.0",
    "architecture": {
        "64bit": {
            "url": "https://github.com/ArmCord/ArmCord/releases/download/v3.3.1/ArmCord-3.3.1-win-x64.exe#/dl.7z",
            "hash": "efe15a5da3acc8e9724db199839710696421f60dd3fae7e2bd6be9388acafad4"
        },
        "arm64": {
            "url": "https://github.com/ArmCord/ArmCord/releases/download/v3.3.1/ArmCord-3.3.1-win-arm64.exe#/dl.7z",
            "hash": "sha512:c7df095d6e2dd765ad88ff7bd46bfd3d4360a68c7ef5f8fc0b150230ab04950d93e09fe9435bc9bfadce600d8099385b5735738b04bffe843751b92eab3a458d"
        }
    },
    "pre_install": [
        "Expand-7zipArchive \"$dir\\`$PLUGINSDIR\\app*.7z\" \"$dir\"",
        "Remove-Item \"$dir\\`$*\", \"$dir\\Uninst*\" -Recurse"
    ],
    "pre_uninstall": "Stop-Process -Name 'ArmCord' -ErrorAction SilentlyContinue",
    "bin": "ArmCord.exe",
    "shortcuts": [
        [
            "ArmCord.exe",
            "ArmCord"
        ]
    ],
    "checkver": "github",
    "autoupdate": {
        "architecture": {
            "64bit": {
                "url": "https://github.com/ArmCord/ArmCord/releases/download/v$version/ArmCord-$version-win-x64.exe#/dl.7z"
            },
            "arm64": {
                "url": "https://github.com/ArmCord/ArmCord/releases/download/v$version/ArmCord-$version-win-arm64.exe#/dl.7z"
            }
        },
        "hash": {
            "url": "$baseurl/latest.yml",
            "regex": "(?sm)$basename.*?sha512:\\s$base64"
        }
    }
}
