{
    "version": "0.11.0",
    "homepage": "https://github.com/Kingcom/armips",
    "description": "An assembler for various ARM and MIPS platforms.",
    "license": "MIT",
    "url": "https://github.com/Kingcom/armips/releases/download/v0.11.0/armips-v0.11.0-windows-x86.7z",
    "hash": "ead4c8282867255c9e47cd8855383422d82e31908721405a5b7191b95125262b",
    "bin": "armips.exe",
    "checkver": "github",
    "autoupdate": {
        "url": "https://github.com/Kingcom/armips/releases/download/v$version/armips-v$version-windows-x86.7z"
    }
}
