{
    "version": "4.4.9",
    "description": "A Microsoft Windows grep utility.",
    "homepage": "http://astrogrep.sourceforge.net/",
    "license": "GPL-3.0-or-later",
    "url": "https://downloads.sourceforge.net/project/astrogrep/AstroGrep%20%28Win32%29/AstroGrep%20v4.4.9/AstroGrep_v4.4.9_portable.zip",
    "hash": "sha1:3430dead8254aeb19dbc436f390f99c8a9687c7a",
    "bin": "AstroGrep.exe",
    "shortcuts": [
        [
            "AstroGrep.exe",
            "AstroGrep"
        ]
    ],
    "checkver": {
        "url": "https://sourceforge.net/projects/astrogrep/rss?path=/",
        "regex": "AstroGrep_v([\\d.]+)_portable\\.zip"
    },
    "autoupdate": {
        "url": "https://downloads.sourceforge.net/project/astrogrep/AstroGrep%20%28Win32%29/AstroGrep%20v$version/AstroGrep_v$version_portable.zip"
    }
}
