{
    "version": "3.6.3",
    "description": "An easy-to-use, multi-track audio editor and recorder",
    "homepage": "https://www.audacityteam.org",
    "license": {
        "identifier": "GPL-2.0-or-later|GPL-3.0-only|CC-BY-3.0",
        "url": "https://github.com/audacity/audacity/blob/master/LICENSE.txt"
    },
    "architecture": {
        "64bit": {
            "url": "https://github.com/audacity/audacity/releases/download/Audacity-3.6.3/audacity-win-3.6.3-64bit.zip",
            "hash": "f965c74333cfb93ec3d05569c23b0e2ee300b6aa93a04c5109dcf05ccd6b8fb1",
            "extract_dir": "audacity-win-3.6.3-64bit"
        },
        "32bit": {
            "url": "https://github.com/audacity/audacity/releases/download/Audacity-3.6.3/audacity-win-3.6.3-32bit.zip",
            "hash": "5cf5dc993565b5ff850dea29ea82b17f2a0c22bd1d2f28771596ce67f8753580",
            "extract_dir": "audacity-win-3.6.3-32bit"
        }
    },
    "pre_install": [
        "if (!(Test-Path \"$persist_dir\\Portable Settings\\audacity.cfg\")) {",
        "    ensure \"$dir\\Portable Settings\" | Out-Null",
        "    Set-Content \"$dir\\Portable Settings\\audacity.cfg\" '[Update]', 'DefaultUpdatesChecking=0' -Encoding Ascii",
        "}"
    ],
    "bin": "Audacity.exe",
    "shortcuts": [
        [
            "Audacity.exe",
            "Audacity"
        ]
    ],
    "persist": "Portable Settings",
    "checkver": {
        "github": "https://github.com/audacity/audacity",
        "regex": "Audacity-([\\d.]+)"
    },
    "autoupdate": {
        "architecture": {
            "64bit": {
                "url": "https://github.com/audacity/audacity/releases/download/Audacity-$version/audacity-win-$version-64bit.zip",
                "extract_dir": "audacity-win-$version-64bit"
            },
            "32bit": {
                "url": "https://github.com/audacity/audacity/releases/download/Audacity-$version/audacity-win-$version-32bit.zip",
                "extract_dir": "audacity-win-$version-32bit"
            }
        },
        "hash": {
            "url": "$baseurl/CHECKSUMS.txt",
            "regex": "$basename.*?$sha256"
        }
    }
}
