{
    "version": "4.4",
    "description": "An open source audio player.",
    "homepage": "https://audacious-media-player.org/",
    "license": "BSD-2-Clause",
    "url": "https://distfiles.audacious-media-player.org/audacious-4.4-win32.zip",
    "hash": "d6891000338199642bf0dc8d6c1f848c39c9c13d943d8fd452283dda707dfb29",
    "bin": [
        "bin\\audacious.exe",
        "bin\\audtool.exe"
    ],
    "shortcuts": [
        [
            "bin\\audacious.exe",
            "Audacious"
        ]
    ],
    "checkver": {
        "url": "https://audacious-media-player.org/download",
        "regex": "Current stable release: ([\\d.]+)"
    },
    "autoupdate": {
        "url": "https://distfiles.audacious-media-player.org/audacious-$version-win32.zip"
    }
}
