{
    "version": "2.2.1",
    "description": "Authenticate to websites with german ID.",
    "homepage": "https://www.ausweisapp.bund.de/",
    "license": "EUPL-1.2",
    "url": "https://github.com/Governikus/AusweisApp/releases/download/2.2.1/AusweisApp-2.2.1.msi",
    "hash": "5af42bebda2bdf106a17535a359fca84b281628e99190f8538eeb9af4b6ea70d",
    "extract_dir": "AusweisApp",
    "shortcuts": [
        [
            "AusweisApp.exe",
            "AusweisApp"
        ]
    ],
    "checkver": {
        "github": "https://github.com/Governikus/AusweisApp"
    },
    "autoupdate": {
        "url": "https://github.com/Governikus/AusweisApp/releases/download/$version/AusweisApp-$version.msi",
        "hash": {
            "url": "$url.sha256"
        }
    }
}
