{
    "version": "5.3.0",
    "homepage": "https://authme.levminer.com/",
    "description": "A 2FA desktop app that supports TOTP and Google Authenticator QR codes.",
    "license": "GPL-3.0",
    "architecture": {
        "64bit": {
            "url": "https://github.com/Levminer/authme/releases/download/5.3.0/authme-5.3.0-windows-x64.msi",
            "hash": "643102471986e114e49e04e5b7d794d9c99d2cbbf759280f5999753e19e15e98"
        }
    },
    "extract_dir": "PFiles\\Authme",
    "shortcuts": [
        [
            "Authme.exe",
            "Authme"
        ]
    ],
    "checkver": {
        "github": "https://github.com/Levminer/authme"
    },
    "autoupdate": {
        "architecture": {
            "64bit": {
                "url": "https://github.com/Levminer/authme/releases/download/$version/authme-$version-windows-x64.msi"
            }
        }
    }
}
