{
    "version": "1.2.0",
    "homepage": "https://avogadro.cc/index.html",
    "description": "An advanced molecule editor and visualizer designed for use in computational chemistry, molecular modeling, bioinformatics, materials science, and related areas.",
    "license": "GPL-2.0",
    "notes": [
        "This version of the app is no longer in development. For those that want a continued version, please install 'avogadro2':",
        "scoop install avogadro2"
    ],
    "url": "https://github.com/cryos/avogadro/releases/download/1.2.0/Avogadro-1.2.0n-win32.exe#/dl.7z",
    "hash": "bb15e67fc527c0d28de32abb2d0d0ee161829a64f3bf4887b8d786e3b0daf270",
    "pre_install": "Remove-Item \"$dir\" -Include 'Uninstall.exe', '$PLUGINSDIR' -Recurse",
    "bin": "bin\\avogadro.exe",
    "shortcuts": [
        [
            "bin\\avogadro.exe",
            "Avogadro"
        ]
    ]
}
