{
    "version": "1.99.0",
    "homepage": "https://two.avogadro.cc/index.html",
    "description": "The official continuation of the advanced molecule editor and visualizer designed for use in computational chemistry, molecular modeling, bioinformatics, materials science, and related areas.",
    "license": "BSD-3-Clause",
    "architecture": {
        "64bit": {
            "url": "https://github.com/OpenChemistry/avogadrolibs/releases/download/1.99.0/Avogadro2-1.99.0-win64.exe#/dl.7z",
            "hash": "f9b292454e6591f13cbad9f4d6bffbc0634d2f00f466bcd810de158186e4dd50"
        }
    },
    "pre_install": "Remove-Item \"$dir\" -Include 'Uninstall.exe', '$PLUGINSDIR' -Recurse",
    "bin": "bin\\avogadro2.exe",
    "shortcuts": [
        [
            "bin\\avogadro2.exe",
            "Avogadro 2"
        ]
    ],
    "checkver": {
        "github": "https://github.com/OpenChemistry/avogadrolibs"
    },
    "autoupdate": {
        "architecture": {
            "64bit": {
                "url": "https://github.com/OpenChemistry/avogadrolibs/releases/download/$version/Avogadro2-$version-win64.exe#/dl.7z"
            }
        }
    }
}
