{
    "version": "2.18",
    "description": "A GUI for AVRDUDE",
    "homepage": "https://blog.zakkemble.net/avrdudess-a-gui-for-avrdude/",
    "license": "GPL-3.0-only",
    "url": "https://github.com/ZakKemble/AVRDUDESS/releases/download/v2.18/AVRDUDESS-2.18-portable.zip",
    "hash": "37ddc52e25e9d56c212392b01fab21a36c3216d91b383c021cea4455b56761d7",
    "shortcuts": [
        [
            "avrdudess.exe",
            "AVRDUDESS"
        ]
    ],
    "persist": [
        "config.xml",
        "presets.xml"
    ],
    "checkver": {
        "github": "https://github.com/ZakKemble/AVRDUDESS"
    },
    "autoupdate": {
        "url": "https://github.com/ZakKemble/AVRDUDESS/releases/download/v$version/AVRDUDESS-$version-portable.zip",
        "hash": {
            "url": "$baseurl/SHA256SUMS"
        }
    }
}
