{
    "version": "2.7.8.1",
    "description": "An enhanced version of AvsP for editing and previewing AviSynth scripts",
    "homepage": "https://github.com/gispos/AvsPmod",
    "license": "GPL-2.0-only",
    "architecture": {
        "64bit": {
            "url": "https://github.com/gispos/AvsPmod/releases/download/2.7.8.1/AvsPmod_v2.7.8.1_.Windows_x86-64.zip",
            "hash": "842107c4fd93595de6ffd20b5bd071a2307e4dd87f85145073ef2d8cc34bfa2f",
            "extract_dir": "AvsPmod_64"
        },
        "32bit": {
            "url": "https://github.com/gispos/AvsPmod/releases/download/2.7.8.1/AvsPmod_v2.7.8.1_.Windows_x86-32.zip",
            "hash": "8380499120db8d8b779151736e8846f953d6c4f5b79ab6320d6ea39cde91708b",
            "extract_dir": "AvsPmod"
        }
    },
    "shortcuts": [
        [
            "AvsPmod.exe",
            "AvsPmod"
        ]
    ],
    "checkver": "github",
    "autoupdate": {
        "architecture": {
            "64bit": {
                "url": "https://github.com/gispos/AvsPmod/releases/download/$version/AvsPmod_v$version_.Windows_x86-64.zip"
            },
            "32bit": {
                "url": "https://github.com/gispos/AvsPmod/releases/download/$version/AvsPmod_v$version_.Windows_x86-32.zip"
            }
        }
    }
}
