{
    "version": "1.4.2",
    "description": "Prevents the computer from entering the idle state.",
    "homepage": "https://github.com/gdegeneve/Awake",
    "license": "MIT",
    "url": "https://github.com/gdegeneve/Awake/releases/download/v1.4.2/Awake.exe",
    "hash": "ae993364229195427519b33cb8b4dcc53a03244e4046a06ca655cb781978d27e",
    "bin": "Awake.exe",
    "shortcuts": [
        [
            "Awake.exe",
            "Awake"
        ]
    ],
    "checkver": "github",
    "autoupdate": {
        "url": "https://github.com/gdegeneve/Awake/releases/download/v$version/Awake.exe"
    }
}
