{
    "##": "The program is no longer being maintained on Github, which is why there is an absence of a 'checkver' and 'autoupdate' in this manifest.",
    "version": "5.1",
    "homepage": "https://github.com/kmkolasinski/AwesomeBump",
    "description": "A program written using Qt library that is designed to generate normal, height, specular or ambient occlusion, metallic, roughness textures from a single image. (Requires a GPU)",
    "license": "GPL-3.0",
    "url": "https://github.com/kmkolasinski/AwesomeBump/releases/download/Winx32v5.1/AwesomeBumpV5.1Bin32x64Win7.zip",
    "hash": "9aa2c80e1087871b31f6ec26adfe8cb5d102b05ae147cc7755bf7dda5118119d",
    "extract_dir": "AwesomeBumpV5.01Bin32x64Win7",
    "shortcuts": [
        [
            "AwesomeBump.exe",
            "AwesomeBump"
        ],
        [
            "AwesomeBump330.exe",
            "AwesomeBump 330"
        ]
    ]
}
