{
    "version": "3.13.0",
    "description": "NoSQL database designer for Amazon DynamoDB and Amazon Keyspaces",
    "homepage": "https://aws.amazon.com/dynamodb/nosql-workbench/",
    "license": {
        "identifier": "Proprietary",
        "url": "https://aws.amazon.com/nosql/nosql-workbench-license/"
    },
    "architecture": {
        "64bit": {
            "url": "https://s3.amazonaws.com/nosql-workbench/NoSQL%20Workbench-win-3.13.0.exe#/dl.7z",
            "hash": "sha512:dde09b262a610a305700027357fa468916c77b61a6472da137e47cba5bace0a61e1cb6feb925426641f66a28814297f74c17c4441815657eafa10c9acbec655f",
            "pre_install": [
                "Expand-7zipArchive \"$dir\\`$PLUGINSDIR\\app-64.7z\" \"$dir\"",
                "Remove-Item \"$dir\\`$*\", \"$dir\\Uninstall*\" -Recurse"
            ]
        }
    },
    "shortcuts": [
        [
            "NoSQL Workbench.exe",
            "NoSQL Workbench"
        ]
    ],
    "checkver": {
        "url": "https://docs.aws.amazon.com/amazondynamodb/latest/developerguide/WorkbenchDocumentHistory.html",
        "regex": ">([\\d.]+)<"
    },
    "autoupdate": {
        "architecture": {
            "64bit": {
                "url": "https://s3.amazonaws.com/nosql-workbench/NoSQL%20Workbench-win-$version.exe#/dl.7z"
            }
        },
        "hash": {
            "url": "$url.sha512"
        }
    }
}
