{
    "version": "5.4.1",
    "description": "AyuGram is a Telegram client with ghost mode and message history.",
    "homepage": "https://github.com/AyuGram/AyuGramDesktop",
    "license": {
        "identifier": "Freeware",
        "url": "https://github.com/AyuGram/AyuGramDesktop/blob/dev/LICENSE"
    },
    "url": "https://github.com/AyuGram/AyuGramDesktop/releases/download/v5.4.1/AyuGram.zip",
    "hash": "da024ac9adcc3ee83c17b8b2d6a79138fe4eb39833f51780eb67d36e5f1f114e",
    "shortcuts": [
        [
            "AyuGram.exe",
            "AyuGram"
        ]
    ],
    "persist": "tdata",
    "checkver": {
        "url": "https://github.com/AyuGram/AyuGramDesktop",
        "regex": "/releases/tag/(?:v|V)?([\\d.-]+)"
    },
    "autoupdate": {
        "url": "https://github.com/AyuGram/AyuGramDesktop/releases/download/v$version/AyuGram.zip"
    }
}
