{
    "version": "1.10.1",
    "homepage": "https://aka.ms/azure-dev/devhub",
    "description": "A developer CLI that accelerates the time it takes for you to get started on Azure. It provides a set of developer-friendly commands that map to key stages in your workflow - code, build, deploy, monitor, repeat.",
    "license": "MIT",
    "architecture": {
        "64bit": {
            "url": "https://github.com/Azure/azure-dev/releases/download/azure-dev-cli_1.10.1/azd-windows-amd64.zip",
            "hash": "f5b7c1d682f7c88203ecab82d0f71c8a9c8a2a30f423037be25a7824dc00ac92"
        }
    },
    "pre_install": "Move-Item \"$dir\\azd-*.exe\" \"$dir\\azd.exe\"",
    "bin": "azd.exe",
    "checkver": {
        "url": "https://github.com/Azure/azure-dev/releases",
        "regex": "tag/azure-dev-cli_([\\w.-]+)"
    },
    "autoupdate": {
        "architecture": {
            "64bit": {
                "url": "https://github.com/Azure/azure-dev/releases/download/azure-dev-cli_$version/azd-windows-amd64.zip"
            }
        }
    }
}
