{
    "version": "0.15.8",
    "description": "Azure IoT devices manager",
    "homepage": "https://github.com/Azure/azure-iot-explorer",
    "license": "MIT",
    "architecture": {
        "64bit": {
            "url": "https://github.com/Azure/azure-iot-explorer/releases/download/v0.15.8/Azure.IoT.Explorer.preview.0.15.8.msi",
            "hash": "2bf74f4d015b8b62132292d6979ce0e048fe4df2ab7e59f464e0dfda67166215"
        }
    },
    "extract_dir": "azure-iot-explorer",
    "shortcuts": [
        [
            "Azure IoT Explorer Preview.exe",
            "Azure IoT explorer Preview"
        ]
    ],
    "checkver": "github",
    "autoupdate": {
        "architecture": {
            "64bit": {
                "url": "https://github.com/Azure/azure-iot-explorer/releases/download/v$version/Azure.IoT.Explorer.preview.$version.msi"
            }
        }
    }
}
