{
    "version": "1.49.1",
    "description": "Data management tool that enables work with SQL Server, Azure SQL DB and SQL DW.",
    "homepage": "https://docs.microsoft.com/en-us/sql/azure-data-studio",
    "license": "MIT",
    "architecture": {
        "64bit": {
            "url": "https://azuredatastudio-update.azurewebsites.net/1.49.1/win32-x64-archive/stable#/dl.7z",
            "hash": "a97a25a0c444b2ba79654844c83b97320c2fcd6967b978691c5d38f8c30d5f55"
        }
    },
    "bin": "bin\\azuredatastudio.cmd",
    "shortcuts": [
        [
            "azuredatastudio.exe",
            "Azure Data Studio"
        ]
    ],
    "checkver": {
        "github": "https://github.com/microsoft/azuredatastudio"
    },
    "autoupdate": {
        "architecture": {
            "64bit": {
                "url": "https://azuredatastudio-update.azurewebsites.net/$version/win32-x64-archive/stable#/dl.7z"
            }
        }
    }
}
