{
    "version": "1.35.0",
    "description": "Easily manage the contents of Azure storage account.",
    "homepage": "https://azure.microsoft.com/en-us/features/storage-explorer/",
    "license": "CC-BY-4.0",
    "architecture": {
        "64bit": {
            "url": "https://github.com/microsoft/AzureStorageExplorer/releases/download/v1.35.0/StorageExplorer-windows-x64.exe",
            "hash": "ff31165449e4ca13040e0bd2ab88433db945f73bcd64782b1e537bd933c6b3c5"
        }
    },
    "innosetup": true,
    "bin": "StorageExplorer.exe",
    "shortcuts": [
        [
            "StorageExplorer.exe",
            "Azure Storage Explorer"
        ]
    ],
    "checkver": {
        "github": "https://github.com/microsoft/AzureStorageExplorer"
    },
    "autoupdate": {
        "architecture": {
            "64bit": {
                "url": "https://github.com/microsoft/AzureStorageExplorer/releases/download/v$version/StorageExplorer-windows-x64.exe"
            }
        }
    }
}
