{
    "version": "1.7.120",
    "homepage": "http://b1.org/",
    "description": "A user-friendly and free file archiver.",
    "license": {
        "identifier": "Freeware",
        "url": "http://b1.org/eula.jsp"
    },
    "url": "http://b1.org/smart-download/0/os=windows&standalone=true/B1FreeArchiver_1.7.120.exe#/dl.7z",
    "hash": "D07836EE5CA6D6EB9F501F3F5484AC5D49B8F0914F31A669AE5EE40670DDC5BE",
    "bin": "b1.exe",
    "shortcuts": [
        [
            "B1Manager.exe",
            "B1 Archiver"
        ]
    ],
    "checkver": {
        "url": "http://b1.org/download",
        "regex": "B1FreeArchiver_([\\d.]+).exe"
    },
    "autoupdate": {
        "url": "http://b1.org/smart-download/0/os=windows&standalone=true/B1FreeArchiver_$version.exe#/dl.7z"
    }
}
