{
    "version": "15.1.0.3",
    "description": "A free character map application to browse through the entire Unicode character repertoire.",
    "homepage": "https://www.babelstone.co.uk/Software/BabelMap.html",
    "license": "Freeware",
    "url": "http://www.babelstone.co.uk/Software/Download/BabelMap.zip",
    "hash": "e0a80dbede646090641d6b11d1bc67ee51662c173ad6d4124320f503a5a471a4",
    "bin": "BabelMap.exe",
    "shortcuts": [
        [
            "BabelMap.exe",
            "BabelMap"
        ]
    ],
    "checkver": {
        "url": "http://www.babelstone.co.uk/Software/BabelMap_Versions.html",
        "regex": ">([\\d.]+)<"
    },
    "autoupdate": {
        "url": "http://www.babelstone.co.uk/Software/Download/BabelMap.zip"
    }
}
