{
    "version": "1.6",
    "homepage": "https://www.sordum.org/backup-start-menu-layout",
    "description": "A simple app that allows users to backup and restore their StartMenu layout.",
    "license": {
        "identifier": "Freeware",
        "url": "https://www.sordum.org/eula/"
    },
    "url": "https://www.sordum.org/files/download/backup-start-menu-layout/BackupSML.zip",
    "hash": "cf79fe0e05003687427845b502e29b80e57fb2fd0af350d90d047f5432b51997",
    "extract_dir": "BackupSML",
    "architecture": {
        "32bit": {
            "pre_install": "Remove-Item \"$dir\\BackupSML_x64.exe\" | Out-Null",
            "bin": "BackupSML.exe",
            "shortcuts": [
                [
                    "BackupSML.exe",
                    "Backup Start Menu Layout"
                ]
            ]
        },
        "64bit": {
            "pre_install": "Remove-Item \"$dir\\BackupSML.exe\" | Out-Null",
            "bin": [
                [
                    "BackupSML_x64.exe",
                    "BackupSML"
                ]
            ],
            "shortcuts": [
                [
                    "BackupSML_x64.exe",
                    "Backup Start Menu Layout"
                ]
            ]
        }
    },
    "persist": [
        "BackupSML.ini",
        "MenuLayouts"
    ],
    "checkver": "Backup\\sStart\\sMenu\\sLayout\\sv([\\d.]+)",
    "autoupdate": {
        "url": "https://www.sordum.org/files/download/backup-start-menu-layout/BackupSML.zip"
    }
}
