{
    "version": "2.0.4",
    "description": "FOSS libmpv based multimedia player",
    "homepage": "https://github.com/u8sand/Baka-MPlayer",
    "license": "GPL-2.0-only",
    "architecture": {
        "64bit": {
            "url": "https://github.com/u8sand/Baka-MPlayer/releases/download/v2.0.4/Baka-MPlayer.x86_64.zip",
            "hash": "c76204883caa9cf046e90fec57901871519e4c94c4cdfab2648178625f6bc4da"
        },
        "32bit": {
            "url": "https://github.com/u8sand/Baka-MPlayer/releases/download/v2.0.4/Baka-MPlayer.i686.zip",
            "hash": "4c697251fe74a572816cd465b5a8398e020b22a305949bee46a31188461e4988"
        }
    },
    "shortcuts": [
        [
            "Baka MPlayer.exe",
            "Baka MPlayer"
        ]
    ],
    "persist": "bakamplayer.ini",
    "checkver": "github",
    "autoupdate": {
        "architecture": {
            "64bit": {
                "url": "https://github.com/u8sand/Baka-MPlayer/releases/download/v$version/Baka-MPlayer.x86_64.zip"
            },
            "32bit": {
                "url": "https://github.com/u8sand/Baka-MPlayer/releases/download/v$version/Baka-MPlayer.i686.zip"
            }
        }
    }
}
