{
    "version": "2.15.0.878",
    "description": "Text-To-Speech software based on SAPI",
    "homepage": "http://balabolka.site/balabolka.htm",
    "license": "Freeware",
    "url": "http://balabolka.site/balabolka_portable.zip",
    "hash": "606103179995183539c907ba6b455f3b181dd64c0db46088738c2ab4e8dc19e8",
    "extract_dir": "Balabolka",
    "post_install": "Get-ChildItem \"$persist_dir\\*\" -Include 'balabolka.dat', 'balabolka.pcfg', 'balabolka.echo' -Force | Copy-Item -Destination \"$dir\" -ErrorAction SilentlyContinue",
    "uninstaller": {
        "script": "Get-ChildItem \"$dir\\*\" -Include 'balabolka.dat', 'balabolka.pcfg', 'balabolka.echo' -Force | Copy-Item -Destination \"$persist_dir\" -ErrorAction SilentlyContinue -Force"
    },
    "shortcuts": [
        [
            "balabolka.exe",
            "Balabolka"
        ]
    ],
    "persist": [
        "dictionaries",
        "hunspell",
        "skins"
    ],
    "checkver": {
        "url": "http://balabolka.site/changelog.txt",
        "regex": "[\\d-]+\\s+v([\\d.]+)"
    },
    "autoupdate": {
        "url": "http://balabolka.site/balabolka_portable.zip"
    }
}
