{
    "version": "7.36",
    "description": "Yet another typical ZIP archiver",
    "homepage": "http://www.bandisoft.com/bandizip/",
    "license": {
        "identifier": "Freeware",
        "url": "https://en.bandisoft.com/bandizip/eula/"
    },
    "url": "https://dl.bandisoft.com/bandizip.std/BANDIZIP-PORTABLE.ZIP",
    "hash": "8df362bca2d3f49c9188807706a1c30a337b87a844802b22899e99e214ee6982",
    "architecture": {
        "64bit": {
            "pre_install": "Rename-Item \"$dir\\Bandizip.x64.exe\" 'Bandizip.exe'"
        },
        "32bit": {
            "pre_install": "Rename-Item \"$dir\\Bandizip.x86.exe\" 'Bandizip.exe'"
        }
    },
    "installer": {
        "script": [
            "Get-ChildItem \"$dir\\Bandizip.x*.exe\" | Remove-Item",
            "if (!(Test-Path \"$persist_dir\\Bandizip.ini\")) { New-Item \"$dir\\Bandizip.ini\" | Out-Null }"
        ]
    },
    "bin": "Bandizip.exe",
    "shortcuts": [
        [
            "Bandizip.exe",
            "Bandizip"
        ]
    ],
    "persist": "Bandizip.ini",
    "checkver": {
        "url": "https://en.bandisoft.com/bandizip/history/",
        "regex": "v([\\d.]+)</font"
    },
    "autoupdate": {
        "url": "https://dl.bandisoft.com/bandizip.std/BANDIZIP-PORTABLE.ZIP"
    }
}
