{
    "version": "2024.08.16",
    "description": "A XUL-based web-browser demonstrating the Unified XUL Platform (UXP). This browser is a close twin to pre-Servo Firefox in how it operates.",
    "homepage": "https://www.basilisk-browser.org",
    "license": "MPL-2.0",
    "architecture": {
        "64bit": {
            "url": "https://archive.basilisk-browser.org/2024.08.16/windows/x86_64/basilisk-20240816013359.win64.7z",
            "hash": "def5575831797590d51a708912cc575e1d54e8a5afcce50adda8d23890d529dc"
        },
        "32bit": {
            "url": "https://archive.basilisk-browser.org/2024.08.16/windows/x86_32/basilisk-20240816013405.win32.7z",
            "hash": "9a0a08ee4cc012991ac42a6590b028e08c25619e0662caa565096ac6b1eacab9"
        }
    },
    "extract_dir": "basilisk",
    "bin": "basilisk.exe",
    "shortcuts": [
        [
            "basilisk.exe",
            "Basilisk"
        ]
    ],
    "checkver": {
        "url": "https://www.basilisk-browser.org/download.shtml",
        "regex": "https://archive.basilisk-browser.org/([\\d.]+)/windows/x86_32/basilisk-(?<win32>\\d+).win32.7z.*https://archive.basilisk-browser.org/[\\d.]+/windows/x86_64/basilisk-(?<win64>\\d+).win64.7z"
    },
    "autoupdate": {
        "architecture": {
            "64bit": {
                "url": "https://archive.basilisk-browser.org/$version/windows/x86_64/basilisk-$matchWin64.win64.7z"
            },
            "32bit": {
                "url": "https://archive.basilisk-browser.org/$version/windows/x86_32/basilisk-$matchWin32.win32.7z"
            }
        },
        "hash": {
            "url": "https://www.basilisk-browser.org/download.shtml",
            "regex": "$basename:\\s+$sha256"
        }
    }
}
