{
    "version": "2.1",
    "description": "A simple application which converts any windows batch file to a fully working executable .exe with an icon of your choice.",
    "homepage": "https://bat2exe.net",
    "license": "Freeware",
    "architecture": {
        "64bit": {
            "url": "https://github.com/islamadel/bat2exe/releases/download/2.1/bat2exe.exe",
            "hash": "7cf70e58e783fc9ac42c4f9e5135af827ef66af709f37d6e7a871b4ce941bcf1"
        }
    },
    "bin": "bat2exe.exe",
    "shortcuts": [
        [
            "bat2exe.exe",
            "BAT 2 EXE"
        ]
    ],
    "checkver": {
        "github": "https://github.com/islamadel/bat2exe"
    },
    "autoupdate": {
        "architecture": {
            "64bit": {
                "url": "https://github.com/islamadel/bat2exe/releases/download/$version/bat2exe.exe"
            }
        }
    }
}
