{
    "version": "5.8.6",
    "description": "Office messaging application with security and privacy that does not need an external server",
    "homepage": "https://www.beebeep.net/",
    "license": "GPL-3.0-only",
    "suggest": {
        "vcredist": "extras/vcredist2022"
    },
    "url": "https://sourceforge.net/project/beebeep/Windows/beebeep-5.8.6-32bit-portable.zip",
    "hash": "sha1:545d8a1024d3081c59fd14d8401cf23198f79b4e",
    "extract_dir": "beebeep-5.8.6-32bit-portable",
    "shortcuts": [
        [
            "beebeep.exe",
            "BeeBEEP"
        ]
    ],
    "checkver": {
        "sourceforge": "beebeep/Windows",
        "regex": "beebeep-([\\d.]+)-32bit-portable"
    },
    "autoupdate": {
        "url": "https://sourceforge.net/project/beebeep/Windows/beebeep-$version-32bit-portable.zip",
        "extract_dir": "beebeep-$version-32bit-portable"
    }
}
