{
    "version": "16.0",
    "description": "An open-source text substitution/snippet management tool.",
    "homepage": "https://beeftext.org/",
    "license": "MIT",
    "architecture": {
        "64bit": {
            "url": "https://github.com/xmichelo/Beeftext/releases/download/v16.0/Beeftext-16.0-PortableEdition.zip",
            "hash": "4a64ed2bf2ea8a853dad4fb5453e058bd01287d9ed09185ec02e0d5f81f8018d"
        }
    },
    "extract_dir": "BeeftextPortableEdition",
    "shortcuts": [
        [
            "Beeftext.exe",
            "Beeftext"
        ]
    ],
    "persist": "Data",
    "checkver": {
        "github": "https://github.com/xmichelo/Beeftext"
    },
    "autoupdate": {
        "architecture": {
            "64bit": {
                "url": "https://github.com/xmichelo/Beeftext/releases/download/v$version/Beeftext-$version-PortableEdition.zip"
            }
        }
    }
}
