{
    "version": "4.6.2",
    "description": "SQL editor and database management",
    "homepage": "https://www.beekeeperstudio.io",
    "license": "MIT",
    "architecture": {
        "64bit": {
            "url": "https://github.com/beekeeper-studio/beekeeper-studio/releases/download/v4.6.2/Beekeeper-Studio-Setup-4.6.2.exe#/dl.7z",
            "hash": "sha512:255fa2635aa92e14ce4cd925bc142cf45cc25b2d9be889a22dbb9b8510de9b743f21e364230e6d3f7c8e2597984e00b1abfdd4e5effc8e716d5f9f6fc92a2449",
            "pre_install": [
                "Expand-7zipArchive \"$dir\\`$PLUGINSDIR\\app-64.7z\" \"$dir\"",
                "Remove-Item \"$dir\\`$*\", \"$dir\\Uninst*\" -Force -Recurse"
            ]
        }
    },
    "shortcuts": [
        [
            "Beekeeper Studio.exe",
            "Beekeeper Studio"
        ]
    ],
    "checkver": {
        "github": "https://github.com/beekeeper-studio/beekeeper-studio"
    },
    "autoupdate": {
        "architecture": {
            "64bit": {
                "url": "https://github.com/beekeeper-studio/beekeeper-studio/releases/download/v$version/Beekeeper-Studio-Setup-$version.exe#/dl.7z"
            }
        },
        "hash": {
            "url": "$baseurl/latest.yml",
            "regex": "sha512:\\s+$base64"
        }
    }
}
