{
    "version": "4.2.2",
    "description": "Bforartists is a fork of the popular 3D software Blender, with the goal to improve the UI.",
    "homepage": "https://www.bforartists.de/",
    "license": "GPL-3.0-or-later",
    "architecture": {
        "64bit": {
            "url": "https://www.bforartists.de/data/binaries/Bforartists-4.2.2-Windows.zip",
            "hash": "69d9356f66d0ac0b7a7a04c31ee6b7d70eb745842a4fd7e4f898035f69dd36bd",
            "extract_dir": "Bforartists-4.2.2-Windows"
        }
    },
    "bin": "bforartists.exe",
    "shortcuts": [
        [
            "bforartists.exe",
            "Bforartists"
        ]
    ],
    "checkver": {
        "url": "https://www.bforartists.de/download/",
        "regex": "Bforartists-([\\w.]+)-Windows\\.zip"
    },
    "autoupdate": {
        "architecture": {
            "64bit": {
                "url": "https://www.bforartists.de/data/binaries/Bforartists-$version-Windows.zip",
                "extract_dir": "Bforartists-$version-Windows"
            }
        }
    }
}
