{
    "version": "2024.06.30",
    "description": "Professional archiving, cataloging, and library management suite providing connectivity to PostgreSQL and SQLite.",
    "homepage": "https://textbrowser.github.io/biblioteq/",
    "license": "BSD-3-Clause",
    "suggest": {
        "vcredist": "extras/vcredist2022"
    },
    "url": "https://github.com/textbrowser/biblioteq/releases/download/2024.06.30/BiblioteQ-2024.06.30.zip",
    "hash": "f2e3745e6db8d14a851511d92a8d601c66d7313ad1021cd03edf9278af6d113e",
    "extract_dir": "BiblioteQ",
    "pre_install": "Remove-Item \"$dir\\vc_red*\"",
    "shortcuts": [
        [
            "BiblioteQ.exe",
            "BiblioteQ"
        ]
    ],
    "persist": ".biblioteq",
    "checkver": {
        "github": "https://github.com/textbrowser/biblioteq"
    },
    "autoupdate": {
        "url": "https://github.com/textbrowser/biblioteq/releases/download/$version/BiblioteQ-$version.zip"
    }
}
