{
    "version": "1.19.3",
    "description": "Samsung Firmware Downloader",
    "homepage": "https://github.com/zacharee/SamloaderKotlin/",
    "license": {
        "identifier": "MIT",
        "url": "https://github.com/zacharee/SamloaderKotlin/blob/master/LICENSE.txt"
    },
    "architecture": {
        "64bit": {
            "url": "https://github.com/zacharee/SamloaderKotlin/releases/download/1.19.3/bifrost-1.19.3-windows-amd64.zip",
            "hash": "f3663cfa7633e0d701e88de2f0f3bc1e4b04f4261185d5c77265ff0cf93d857d"
        }
    },
    "bin": "bin/Bifrost.exe",
    "shortcuts": [
        [
            "bin/Bifrost.exe",
            "Bifrost"
        ]
    ],
    "checkver": {
        "github": "https://github.com/zacharee/SamloaderKotlin"
    },
    "autoupdate": {
        "architecture": {
            "64bit": {
                "url": "https://github.com/zacharee/SamloaderKotlin/releases/download/$version/bifrost-$version-windows-amd64.zip"
            }
        }
    }
}
