{
    "version": "1.53.4",
    "description": "Cryptocurrency Exchange for Bitcoin, Ethereum & Altcoins",
    "homepage": "https://www.binance.com/",
    "license": "Proprietary",
    "architecture": {
        "64bit": {
            "url": "https://ftp.binance.com/electron-desktop/windows/production/binance-setup-1.53.4.exe#/dl.7z",
            "hash": "sha512:a41d097f948b8c37f412cb9f8f70cea3f254d50acac7653479a83c3324997640081413ea199831c42ce23dffa44091cce9fae681c63181539754666ede859900"
        }
    },
    "installer": {
        "script": [
            "Expand-7zipArchive \"$dir\\`$PLUGINSDIR\\app-64.7z\" \"$dir\"",
            "Remove-Item \"$dir\\`$*\" -Force -Recurse"
        ]
    },
    "shortcuts": [
        [
            "Binance.exe",
            "Binance"
        ]
    ],
    "checkver": {
        "url": "https://ftp.binance.com/electron-desktop/windows/production/latest.yml",
        "regex": "binance-setup-([\\d.]+).exe"
    },
    "autoupdate": {
        "architecture": {
            "64bit": {
                "url": "https://ftp.binance.com/electron-desktop/windows/production/binance-setup-$version.exe#/dl.7z"
            }
        },
        "hash": {
            "url": "https://ftp.binance.com/electron-desktop/windows/production/latest.yml",
            "regex": "(?sm)$version.exe.*?sha512: $base64"
        }
    }
}
