{
    "version": "4.6.0",
    "description": "Disk space cleaner, privacy manager, and computer system optimizer.",
    "homepage": "https://www.bleachbit.org/",
    "license": "GPL-3.0-or-later",
    "url": "https://download.bleachbit.org/BleachBit-4.6.0-portable.zip",
    "hash": "ee9c06251e56695119b8184979f9bb17fb8be44c2a0a46b34a8fdfa97cbca502",
    "extract_dir": "BleachBit-portable",
    "bin": [
        "bleachbit_console.exe",
        [
            "bleachbit_console.exe",
            "bleachbit"
        ]
    ],
    "shortcuts": [
        [
            "bleachbit.exe",
            "BleachBit"
        ]
    ],
    "persist": [
        "cleaners",
        "BleachBit.ini"
    ],
    "checkver": {
        "useragent": "Scoop",
        "url": "https://www.bleachbit.org/download/windows",
        "regex": "BleachBit ([\\d.]+)"
    },
    "autoupdate": {
        "url": "https://download.bleachbit.org/BleachBit-$version-portable.zip"
    }
}
