{
    "version": "2.2.0",
    "description": "Standalone client for managing official builds of Blender 3D",
    "homepage": "https://github.com/Victor-IX/Blender-Launcher",
    "license": "GPL-3.0-or-later",
    "architecture": {
        "64bit": {
            "url": "https://github.com/Victor-IX/Blender-Launcher/releases/download/v2.2.0/Blender_Launcher_v2.2.0_Windows_x64.zip",
            "hash": "ef90c1923a7a2df13a285eeaf9e578a2b56bc8c0f9c5e2809062d8e45b4f6cfd"
        }
    },
    "bin": [
        [
            "Blender Launcher.exe",
            "blender-launcher"
        ]
    ],
    "shortcuts": [
        [
            "Blender Launcher.exe",
            "Blender Launcher"
        ]
    ],
    "checkver": "github",
    "autoupdate": {
        "architecture": {
            "64bit": {
                "url": "https://github.com/Victor-IX/Blender-Launcher/releases/download/v$version/Blender_Launcher_v$version_Windows_x64.zip"
            }
        }
    }
}
