{
    "version": "3.1.0",
    "description": "The Blender Open Data Benchmark launcher command line interface",
    "homepage": "https://opendata.blender.org",
    "license": "GPL-3.0-or-later",
    "url": "https://download.blender.org/release/BlenderBenchmark2.0/launcher/benchmark-launcher-cli-3.1.0-windows.zip",
    "hash": "d8009db3b053df4a6eb18c1dcb9c10b8972daf75b1a526b8a331fda66b557e62",
    "bin": [
        [
            "benchmark-launcher-cli.exe",
            "blender-benchmark-cli"
        ]
    ],
    "checkver": {
        "url": "https://opendata.blender.org/",
        "regex": "benchmark-launcher-cli-([\\w.]+)-windows.zip"
    },
    "autoupdate": {
        "url": "https://download.blender.org/release/BlenderBenchmark2.0/launcher/benchmark-launcher-cli-$version-windows.zip"
    }
}
