{
    "version": "4.2.1",
    "description": "3D creation suite",
    "homepage": "https://www.blender.org",
    "license": "GPL-3.0-or-later",
    "architecture": {
        "64bit": {
            "url": "https://download.blender.org/release/Blender4.2/blender-4.2.1-windows-x64.zip",
            "hash": "46b9d27c2406454c68842d1790515732be385719e844f6b283e3c78186f9ffce",
            "extract_dir": "blender-4.2.1-windows-x64"
        }
    },
    "bin": "blender.exe",
    "shortcuts": [
        [
            "blender.exe",
            "Blender"
        ]
    ],
    "persist": "portable",
    "checkver": {
        "url": "https://www.blender.org/download/",
        "regex": "blender-([\\w.]+)-windows-x64\\.zip"
    },
    "autoupdate": {
        "architecture": {
            "64bit": {
                "url": "https://download.blender.org/release/Blender$majorVersion.$minorVersion/blender-$version-windows-x64.zip",
                "extract_dir": "blender-$version-windows-x64"
            }
        },
        "hash": {
            "url": "$baseurl/blender-$version.sha256"
        }
    }
}
