{
    "version": "23.0.185.91",
    "description": "First developer-oriented browser.",
    "homepage": "https://blisk.io/",
    "license": {
        "identifier": "Freeware",
        "url": "https://blisk.io/eula"
    },
    "url": "https://bliskcloudstorage.blob.core.windows.net/win-installers/BliskInstaller_23.0.185.91.exe#/cosi.7z",
    "hash": "7ccc8415548f5dc8fa3d9623711643a5b6b111eb17fee03e418165c0416d81c5",
    "installer": {
        "script": [
            "Expand-7zipArchive \"$dir\\chrome.7z\" \"$dir\"",
            "Move-Item \"$dir\\Chrome-bin\\*\" \"$dir\" -Force",
            "Remove-Item \"$dir\\chrome.7z\", \"$dir\\Chrome-bin\" -Force -Recurse"
        ]
    },
    "bin": "blisk.exe",
    "shortcuts": [
        [
            "blisk.exe",
            "Blisk"
        ]
    ],
    "checkver": {
        "url": "https://blisk.io/questions/install-blisk-browser-offline",
        "regex": "BliskInstaller_([\\d.]+)\\.exe"
    },
    "autoupdate": {
        "url": "https://bliskcloudstorage.blob.core.windows.net/win-installers/BliskInstaller_$version.exe#/cosi.7z"
    }
}
