{
    "version": "1.2.0.56",
    "homepage": "https://bluetoothinstaller.com/bluetooth-command-line-tools",
    "description": "A suite of command line utilities for Microsoft Windows that can be used to configure your bluetooth adapter, discover remote bluetooth devices and services, transfer files to OBEX capable devices.",
    "license": "Freeware",
    "url": "https://bluetoothinstaller.com/bluetooth-command-line-tools/BluetoothCLTools-1.2.0.56.exe",
    "hash": "a110c457e26a42debb5008038190a5f4a1c8ddeb828b8cd4676fb28eeddfc075",
    "innosetup": true,
    "bin": [
        "bin\\btdiscovery.exe",
        "bin\\btftp.exe",
        "bin\\btinfo.exe",
        "bin\\btobex.exe",
        "bin\\btpair.exe",
        "bin\\btcom.exe",
        "bin\\btconfig.exe"
    ],
    "checkver": "([\\d.]+)</strong>\\s",
    "autoupdate": {
        "url": "https://bluetoothinstaller.com/bluetooth-command-line-tools/BluetoothCLTools-$version.exe"
    }
}
