{
    "version": "1.9.4",
    "description": "Synchronize games from other platforms into your Steam library",
    "homepage": "https://github.com/PhilipK/BoilR",
    "license": "MIT|Apache-2.0",
    "architecture": {
        "64bit": {
            "url": "https://github.com/PhilipK/BoilR/releases/download/v.1.9.4/windows_BoilR.exe",
            "hash": "9ce90494ad5fe94bbc2c88a11e58685933c335176cca2462c1ebdc4e22d901b3"
        }
    },
    "bin": [
        [
            "windows_BoilR.exe",
            "boilr",
            "--no-ui"
        ]
    ],
    "shortcuts": [
        [
            "windows_BoilR.exe",
            "BoilR"
        ]
    ],
    "checkver": {
        "url": "https://api.github.com/repositories/403282138/releases/latest",
        "jsonpath": "$.assets..browser_download_url",
        "regex": "/v\\.([\\d.]+)/windows_BoilR\\.exe"
    },
    "autoupdate": {
        "architecture": {
            "64bit": {
                "url": "https://github.com/PhilipK/BoilR/releases/download/v.$version/windows_BoilR.exe"
            }
        }
    }
}
