{
    "version": "2.5",
    "description": "Batch conversion tool for BPG images",
    "homepage": "http://www.romeolight.com/products/bpgconv/",
    "license": "BSD-2-Clause",
    "url": "https://raw.githubusercontent.com/ScoopInstaller/Binary/master/bpgconv/BPGconvPortable.zip",
    "hash": "94528b44368bbe1e02f7bac37d0f433bca5e3701465b63c6f3eb892ee72cbe90",
    "extract_dir": "BPGconvPortable",
    "bin": "BPGconv.exe",
    "shortcuts": [
        [
            "BPGconv.exe",
            "BPGconv"
        ]
    ]
}
