{
    "version": "1.69.168",
    "description": "Secure, Fast & Private Web Browser with Adblocker",
    "homepage": "https://brave.com",
    "license": {
        "identifier": "Freeware,BSD-3-Clause,GPL-3.0-only,...",
        "url": "https://github.com/brave/brave-browser/blob/master/LICENSE"
    },
    "architecture": {
        "64bit": {
            "url": "https://github.com/brave/brave-browser/releases/download/v1.69.168/brave-v1.69.168-win32-x64.zip",
            "hash": "320366f0cff2da17dfed758d179ecfcddf0b0c1433230ec3c9372f1e7837a9a0"
        },
        "32bit": {
            "url": "https://github.com/brave/brave-browser/releases/download/v1.69.168/brave-v1.69.168-win32-ia32.zip",
            "hash": "6d550bbf5934f4bad984505f889003d503790d35923aa95465297319d832298d"
        }
    },
    "bin": [
        [
            "brave.exe",
            "brave",
            "--user-data-dir=\"$dir\\User Data\""
        ]
    ],
    "shortcuts": [
        [
            "brave.exe",
            "Brave",
            "--user-data-dir=\"$dir\\User Data\""
        ]
    ],
    "post_install": [
        "if (!(Test-Path \"$dir\\User Data\\*\") -and (Test-Path \"$persist_dir\\data\")) {",
        "    info '[Portable Mode]: Copying user data from portapps data directory . . .'",
        "    Copy-Item \"$persist_dir\\data\\*\" \"$dir\\User Data\" -Recurse",
        "}",
        "if (!(Test-Path \"$dir\\User Data\\*\") -and (Test-Path \"$env:LocalAppData\\BraveSoftware\\Brave-Browser\\User Data\")) {",
        "    info '[Portable Mode]: Copying user data from local application data directory . . .'",
        "    Copy-Item \"$env:LocalAppData\\BraveSoftware\\Brave-Browser\\User Data\\*\" \"$dir\\User Data\" -Recurse",
        "}"
    ],
    "persist": "User Data",
    "checkver": {
        "url": "https://brave-browser-downloads.s3.brave.com/latest/release-windows-x64.version",
        "regex": "([\\d.]+)"
    },
    "autoupdate": {
        "architecture": {
            "64bit": {
                "url": "https://github.com/brave/brave-browser/releases/download/v$version/brave-v$version-win32-x64.zip"
            },
            "32bit": {
                "url": "https://github.com/brave/brave-browser/releases/download/v$version/brave-v$version-win32-ia32.zip"
            }
        },
        "hash": {
            "url": "$url.sha256"
        }
    }
}
