{
    "version": "1.28.0",
    "homepage": "https://www.usebruno.com/",
    "license": "MIT",
    "description": "Open source IDE for exploring and testing APIs (lightweight alternative to Postman/Insomnia)",
    "architecture": {
        "64bit": {
            "url": "https://github.com/usebruno/bruno/releases/download/v1.28.0/bruno_1.28.0_x64_win.zip",
            "hash": "b0b828de6ffb7d50ce568d760507869bb23e0e218dd37a79f532c356ea1231c7"
        }
    },
    "extract_dir": "win-unpacked",
    "shortcuts": [
        [
            "Bruno.exe",
            "Bruno"
        ]
    ],
    "checkver": {
        "github": "https://github.com/usebruno/bruno"
    },
    "autoupdate": {
        "architecture": {
            "64bit": {
                "url": "https://github.com/usebruno/bruno/releases/download/v$version/bruno_$version_x64_win.zip"
            }
        }
    }
}
