{
    "version": "4.1.2",
    "description": "Opens required browser based on configuration",
    "homepage": "https://www.aloneguid.uk/projects/bt/",
    "license": "Freeware",
    "architecture": {
        "64bit": {
            "url": "https://github.com/aloneguid/bt/releases/download/4.1.2/bt-4.1.2.zip",
            "hash": "3c57b955971518a88b140d1279073c932e9e095631558917d572dc7c1f2e7607"
        }
    },
    "pre_install": [
        "# Portable",
        "New-Item \"$dir\\.portable\" -ItemType File | Out-Null",
        "if (!(Test-Path \"$persist_dir\\config.ini\")) { New-Item \"$dir\\config.ini\" -ItemType File | Out-Null }",
        "if (!(Test-Path \"$persist_dir\\hit_log.csv\")) { New-Item \"$dir\\hit_log.csv\" -ItemType File | Out-Null }"
    ],
    "bin": "bt.exe",
    "shortcuts": [
        [
            "bt.exe",
            "Browser Tamer"
        ]
    ],
    "persist": [
        "config.ini",
        "hit_log.csv"
    ],
    "checkver": {
        "github": "https://github.com/aloneguid/bt"
    },
    "autoupdate": {
        "architecture": {
            "64bit": {
                "url": "https://github.com/aloneguid/bt/releases/download/$version/bt-$version.zip",
                "hash": {
                    "url": "$url.sha256.txt"
                }
            }
        }
    }
}
