{
    "version": "7.15.3",
    "description": "Mikrotik bandwidth test client and server for Windows",
    "homepage": "https://mikrotik.com/",
    "license": "Unknown",
    "url": "https://download.mikrotik.com/routeros/7.15.3/btest.exe",
    "hash": "ea93c948998a1ff0c242acdf541892b38953e7fb8a8f1613fb8cae4eb0d18f86",
    "bin": "btest.exe",
    "shortcuts": [
        [
            "btest.exe",
            "Mikrotik Bandwidth Test"
        ]
    ],
    "checkver": {
        "url": "https://mikrotik.com/download/",
        "re": "([\\d\\.]+)\\ Stable"
    },
    "autoupdate": {
        "url": "https://download.mikrotik.com/routeros/$version/btest.exe"
    }
}
