{
    "version": "0.75.0",
    "description": "Private Family Budgeting App",
    "homepage": "https://www.budgetwithbuckets.com",
    "license": "Proprietary",
    "url": "https://github.com/buckets/application/releases/download/v0.75.0/Buckets-Setup-0.75.0.exe#/dl.7z",
    "hash": "sha512:380fe1ee39aba624178402faf029398dad38b47bd3f374739ddfa087fa10cbc918bd5ed898cb5ba2ebba726fdbb7e7c27ea028b0220f2a1c01caeee65ad5c645",
    "architecture": {
        "64bit": {
            "pre_install": [
                "Expand-7zipArchive \"$dir\\`$PLUGINSDIR\\app-64.7z\" \"$dir\"",
                "Remove-Item \"$dir\\`$*\", \"$dir\\Uninstall*\" -Force -Recurse"
            ]
        },
        "32bit": {
            "pre_install": [
                "Expand-7zipArchive \"$dir\\`$PLUGINSDIR\\app-32.7z\" \"$dir\"",
                "Remove-Item \"$dir\\`$*\", \"$dir\\Uninstall*\" -Force -Recurse"
            ]
        }
    },
    "shortcuts": [
        [
            "Buckets.exe",
            "Buckets"
        ]
    ],
    "checkver": {
        "github": "https://github.com/buckets/application"
    },
    "autoupdate": {
        "url": "https://github.com/buckets/application/releases/download/v$version/Buckets-Setup-$version.exe#/dl.7z",
        "hash": {
            "url": "$baseurl/latest.yml",
            "regex": "sha512: $base64"
        }
    }
}
