{
    "version": "0.21.0",
    "description": "Translates Butane configs into Ignition configs.",
    "homepage": "https://coreos.github.io/butane/",
    "license": "Apache-2.0",
    "architecture": {
        "64bit": {
            "url": "https://github.com/coreos/butane/releases/download/v0.21.0/butane-x86_64-pc-windows-gnu.exe#/butane.exe",
            "hash": "79f7e2a17e33da4516f7cca92e1cc330906b53aa663891cae945fa8d4371fe23"
        }
    },
    "bin": "butane.exe",
    "checkver": {
        "github": "https://github.com/coreos/butane"
    },
    "autoupdate": {
        "architecture": {
            "64bit": {
                "url": "https://github.com/coreos/butane/releases/download/v$version/butane-x86_64-pc-windows-gnu.exe#/butane.exe"
            }
        }
    }
}
