{
    "version": "2.1.1",
    "description": "Powerful, minimalistic, cross-platform, opensource note-taking app.",
    "homepage": "https://butterfly.linwood.dev/",
    "license": "AGPL-3.0-or-later",
    "architecture": {
        "64bit": {
            "url": "https://github.com/LinwoodCloud/Butterfly/releases/download/v2.1.1/linwood-butterfly-windows-x86_64.zip",
            "hash": "e577aa8ff26c0005b4489d43848f1ad27b919a60082634ad454fb23d02fc713e"
        }
    },
    "extract_dir": "windows-build",
    "bin": "butterfly.exe",
    "shortcuts": [
        [
            "butterfly.exe",
            "Butterfly"
        ]
    ],
    "checkver": {
        "github": "https://github.com/LinwoodCloud/Butterfly"
    },
    "autoupdate": {
        "architecture": {
            "64bit": {
                "url": "https://github.com/LinwoodCloud/Butterfly/releases/download/v$version/linwood-butterfly-windows-x86_64.zip"
            }
        }
    }
}
