{
    "version": "1.4.0",
    "description": "A better and stronger spiritual successor to BZip2",
    "homepage": "https://github.com/kspalaiologos/bzip3",
    "license": "LGPLv3",
    "architecture": {
        "64bit": {
            "url": "https://github.com/kspalaiologos/bzip3/releases/download/1.4.0/bzip3-x86_64.exe#/bzip3.exe",
            "hash": "f5a1f6a5d58128f190149238d6f64ab3f7d1a7fde3335e2db31c488ea389e649"
        },
        "32bit": {
            "url": "https://github.com/kspalaiologos/bzip3/releases/download/1.4.0/bzip3-i686.exe#/bzip3.exe",
            "hash": "67e89d743e985f1a58b9010e625bac8564db5f98c1083fe54fe435d7e39fa189"
        }
    },
    "bin": "bzip3.exe",
    "checkver": "github",
    "autoupdate": {
        "architecture": {
            "64bit": {
                "url": "https://github.com/kspalaiologos/bzip3/releases/download/$version/bzip3-x86_64.exe#/bzip3.exe"
            },
            "32bit": {
                "url": "https://github.com/kspalaiologos/bzip3/releases/download/$version/bzip3-i686.exe#/bzip3.exe"
            }
        }
    }
}
