{
    "version": "2.0.0",
    "description": "A minimalist desktop app for Cabal, the p2p/decentralized/local-first chat platform",
    "homepage": "https://cabal.chat/",
    "license": "AGPL-3.0-only",
    "architecture": {
        "64bit": {
            "url": "https://github.com/cabal-club/cabal-desktop-mini/releases/download/v2.0.0/cabal-desktop-mini-2.0.0-windows.exe#/dl.7z",
            "hash": "846ef3e79d3978bfa1added3e396aed5143a7b67ca51580bca0456eeb53c2b72",
            "pre_install": [
                "Expand-7zipArchive \"$dir\\`$PLUGINSDIR\\app-64.7z\" \"$dir\"",
                "Remove-Item \"$dir\\`$*\", \"$dir\\Uninstall*\" -Recurse"
            ]
        }
    },
    "bin": [
        [
            "Cabal Mini.exe",
            "Cabal"
        ]
    ],
    "shortcuts": [
        [
            "Cabal Mini.exe",
            "Cabal Mini"
        ]
    ],
    "checkver": {
        "github": "https://github.com/cabal-club/cabal-desktop-mini"
    },
    "autoupdate": {
        "architecture": {
            "64bit": {
                "url": "https://github.com/cabal-club/cabal-desktop-mini/releases/download/v$version/cabal-desktop-mini-$version-windows.exe#/dl.7z"
            }
        }
    }
}
