{
    "version": "2.2.1",
    "description": "A small single file image viewer written in C/C++.",
    "homepage": "https://github.com/Wassimulator/CactusViewer",
    "license": "BSD 2-Clause",
    "architecture": {
        "64bit": {
            "url": "https://github.com/Wassimulator/CactusViewer/releases/download/v2.2.1/CactusViewer.exe",
            "hash": "f7388972ba9a6095353851c3ee33f3e613332fc636f1a26ce90b5eb521e0d3a4"
        }
    },
    "bin": "cactusviewer.exe",
    "shortcuts": [
        [
            "CactusViewer.exe",
            "CactusViewer"
        ]
    ],
    "post_uninstall": [
        "$CactusViewerAppData = [string] '{0}\\CactusViewer' -f $env:APPDATA",
        "if ([System.IO.Directory]::Exists($CactusViewerAppData)) {",
        "    $null = [System.IO.Directory]::Delete($CactusViewerAppData,$true)",
        "}"
    ],
    "checkver": {
        "github": "https://github.com/Wassimulator/CactusViewer"
    },
    "autoupdate": {
        "architecture": {
            "64bit": {
                "url": "https://github.com/Wassimulator/CactusViewer/releases/download/v$version/CactusViewer.exe"
            }
        }
    }
}
