{
    "version": "2.7.1",
    "description": "Caesium is an image compression software that helps you store, send and share digital pictures, supporting JPG, PNG and WebP formats. You can quickly reduce the file size (and resolution, if you want) by preserving the overall quality of the image.",
    "homepage": "http://saerasoft.com/caesium",
    "license": "GPL-3.0-only",
    "architecture": {
        "64bit": {
            "url": "https://github.com/Lymphatus/caesium-image-compressor/releases/download/v2.7.1/caesium-image-compressor-2.7.1-win-portable.zip",
            "hash": "eaca7100ee2aa59ecb3d1a441d78e9f37189a2c69b0904f33f299802ed3c7785",
            "extract_dir": "caesium-image-compressor-2.7.1-win"
        }
    },
    "shortcuts": [
        [
            "Caesium Image Compressor.exe",
            "Caesium Image Compressor"
        ]
    ],
    "checkver": {
        "github": "https://github.com/Lymphatus/caesium-image-compressor"
    },
    "autoupdate": {
        "architecture": {
            "64bit": {
                "url": "https://github.com/Lymphatus/caesium-image-compressor/releases/download/v$version/caesium-image-compressor-$version-win-portable.zip",
                "extract_dir": "caesium-image-compressor-$version-win"
            }
        }
    }
}
