{
    "version": "0.4.370",
    "description": "Alternative desktop environment for Windows",
    "homepage": "https://cairoshell.com",
    "license": "Apache-2.0",
    "notes": ".NET 4.7.1 is required",
    "architecture": {
        "64bit": {
            "url": "https://github.com/cairoshell/cairoshell/releases/download/v0.4.370/CairoSetup_64bit.exe#/dl.7z",
            "hash": "1223552de7ea1713f2a271f0fbd060ba70db62408065c0b5f3c3749a1eab09aa"
        },
        "32bit": {
            "url": "https://github.com/cairoshell/cairoshell/releases/download/v0.4.370/CairoSetup_32bit.exe#/dl.7z",
            "hash": "f5765b44aa22c16846d15a142ffe8a36f1735b692a6b25edc71d79239c9baa8b"
        }
    },
    "pre_install": "Remove-Item \"$dir\\`$*\" -Recurse",
    "bin": "CairoDesktop.exe",
    "shortcuts": [
        [
            "CairoDesktop.exe",
            "Cairo Desktop"
        ]
    ],
    "checkver": {
        "url": "https://cairoshell.github.io/appdescriptor.rss",
        "regex": ">Cairo Desktop\\s+([\\d.]+)</"
    },
    "autoupdate": {
        "architecture": {
            "64bit": {
                "url": "https://github.com/cairoshell/cairoshell/releases/download/v$version/CairoSetup_64bit.exe#/dl.7z"
            },
            "32bit": {
                "url": "https://github.com/cairoshell/cairoshell/releases/download/v$version/CairoSetup_32bit.exe#/dl.7z"
            }
        }
    }
}
