{
    "version": "7.17.0",
    "description": "Powerful and easy to use e-book manager",
    "homepage": "https://calibre-ebook.com",
    "license": "GPL-3.0-only",
    "notes": "Calibre drops support for 32-bit CPUs after v6.0.0, if you are running a 32-bit system, please install calibre-normal5 from Versions bucket.",
    "architecture": {
        "64bit": {
            "url": "https://download.calibre-ebook.com/7.17.0/calibre-64bit-7.17.0.msi",
            "hash": "sha512:55b880331dc685f14b56ecada42713cf6aa896a076f0ec78c0bb18a60a3fb56911ce41b0bf94386c06cf204234fce86ac0117a67f9faf893ff617f8a0c685e3a",
            "extract_dir": "PFiles64\\Calibre2"
        }
    },
    "bin": [
        "calibre.exe",
        "calibre-complete.exe",
        "calibre-customize.exe",
        "calibredb.exe",
        "calibre-debug.exe",
        "calibre-parallel.exe",
        "calibre-server.exe",
        "calibre-smtp.exe",
        "ebook-convert.exe",
        "ebook-device.exe",
        "ebook-edit.exe",
        "ebook-meta.exe",
        "ebook-polish.exe",
        "ebook-viewer.exe",
        "fetch-ebook-metadata.exe",
        "lrf2lrs.exe",
        "lrs2lrf.exe",
        "lrfviewer.exe",
        "markdown-calibre.exe",
        "web2disk.exe"
    ],
    "shortcuts": [
        [
            "calibre.exe",
            "Calibre"
        ],
        [
            "ebook-edit.exe",
            "Calibre E-Book Editor"
        ],
        [
            "ebook-viewer.exe",
            "Calibre E-Book Viewer"
        ],
        [
            "lrfviewer.exe",
            "Calibre LRF Viewer"
        ]
    ],
    "checkver": {
        "github": "https://github.com/kovidgoyal/calibre"
    },
    "autoupdate": {
        "architecture": {
            "64bit": {
                "url": "https://download.calibre-ebook.com/$version/calibre-64bit-$version.msi",
                "hash": {
                    "url": "https://calibre-ebook.com/signatures/calibre-64bit-$version.msi.sha512"
                }
            }
        }
    }
}
