{
    "version": "2.1.21.12935",
    "description": "Use your phone as a webcam",
    "homepage": "https://reincubate.com/camo",
    "license": {
        "identifier": "Freeware",
        "url": "https://reincubate.com/terms-conditions/#terms-eula"
    },
    "architecture": {
        "64bit": {
            "url": "https://reincubate.com/res/labs/camo/camo-windows-latest.msi",
            "hash": "ec9f46ed21a05f05dfddc12d07aeee653f3972217d58282e8dea878905bcaea3"
        }
    },
    "extract_dir": "Camo Studio",
    "shortcuts": [
        [
            "CamoStudio.exe",
            "Camo Studio"
        ]
    ],
    "checkver": {
        "url": "https://reincubate.com/support/camo/release-notes/?platform=windows",
        "regex": "Camo ([\\d.]+) released"
    },
    "autoupdate": {
        "architecture": {
            "64bit": {
                "url": "https://reincubate.com/res/labs/camo/camo-windows-latest.msi"
            }
        }
    }
}
