{
    "version": "5.27.0",
    "description": "Made for developers, edit your BPMN process diagrams and DMN decision tables.",
    "homepage": "https://camunda.org/download/modeler/",
    "license": "MIT",
    "architecture": {
        "64bit": {
            "url": "https://github.com/camunda/camunda-modeler/releases/download/v5.27.0/camunda-modeler-5.27.0-win-x64.zip",
            "hash": "0055ba027d1de8b822c750d720036388dff22f1417e00c00dc0b9cef4d9d5da2"
        },
        "32bit": {
            "url": "https://github.com/camunda/camunda-modeler/releases/download/v5.27.0/camunda-modeler-5.27.0-win-ia32.zip",
            "hash": "e2fde4df381c8d1ab84a2f86d38258540b8089b3ebc9b435405c5a96cc438a40"
        }
    },
    "bin": "Camunda Modeler.exe",
    "shortcuts": [
        [
            "Camunda Modeler.exe",
            "Camunda Modeler"
        ]
    ],
    "checkver": {
        "github": "https://github.com/camunda/camunda-modeler"
    },
    "autoupdate": {
        "architecture": {
            "64bit": {
                "url": "https://github.com/camunda/camunda-modeler/releases/download/v$version/camunda-modeler-$version-win-x64.zip"
            },
            "32bit": {
                "url": "https://github.com/camunda/camunda-modeler/releases/download/v$version/camunda-modeler-$version-win-ia32.zip"
            }
        }
    }
}
