{
    "version": "2.60.1",
    "description": "Elegant Facebook Messenger desktop app",
    "homepage": "https://sindresorhus.com/caprine/",
    "license": "MIT",
    "architecture": {
        "64bit": {
            "url": "https://github.com/sindresorhus/caprine/releases/download/v2.60.1/Caprine-Setup-2.60.1.exe#/dl.7z",
            "hash": "30863f7a149c41c3edb9537a1e93321faab3c68fed49cccbaeddb099388b14ac",
            "installer": {
                "script": [
                    "Expand-7zipArchive \"$dir\\`$PLUGINSDIR\\app-64.7z\" \"$dir\"",
                    "Remove-Item \"$dir\\`$PLUGINSDIR\" -Recurse"
                ]
            }
        }
    },
    "shortcuts": [
        [
            "Caprine.exe",
            "Caprine"
        ]
    ],
    "checkver": {
        "github": "https://github.com/sindresorhus/caprine"
    },
    "autoupdate": {
        "architecture": {
            "64bit": {
                "url": "https://github.com/sindresorhus/caprine/releases/download/v$version/Caprine-Setup-$version.exe#/dl.7z"
            }
        }
    }
}
