{
    "version": "4.6.3",
    "description": "OCR capture utility",
    "homepage": "http://capture2text.sourceforge.net/",
    "license": "GPL-3.0-only",
    "architecture": {
        "64bit": {
            "url": "https://downloads.sourceforge.net/project/capture2text/Capture2Text/Capture2Text_v4.6.3/Capture2Text_v4.6.3_64bit.zip",
            "hash": "sha1:c9db601ca9399fca0a053985b03b8f59ce64798a"
        },
        "32bit": {
            "url": "https://downloads.sourceforge.net/project/capture2text/Capture2Text/Capture2Text_v4.6.3/Capture2Text_v4.6.3_32bit.zip",
            "hash": "sha1:486bcc44d10c476b1a3381d553b2e17cc3d1a23c"
        }
    },
    "extract_dir": "Capture2Text",
    "bin": [
        "Capture2Text_CLI.exe",
        [
            "Capture2Text_CLI.exe",
            "Capture2Text"
        ]
    ],
    "shortcuts": [
        [
            "Capture2Text.exe",
            "Capture2Text",
            "--portable"
        ]
    ],
    "persist": "Capture2Text",
    "checkver": {
        "url": "https://sourceforge.net/projects/capture2text/rss?path=/Capture2Text",
        "regex": "Capture2Text_v([\\d.]+)"
    },
    "autoupdate": {
        "architecture": {
            "64bit": {
                "url": "https://downloads.sourceforge.net/project/capture2text/Capture2Text/Capture2Text_v$version/Capture2Text_v$version_64bit.zip"
            },
            "32bit": {
                "url": "https://downloads.sourceforge.net/project/capture2text/Capture2Text/Capture2Text_v$version/Capture2Text_v$version_32bit.zip"
            }
        }
    }
}
