{
    "version": "8.0.0",
    "description": "Capture Screen, Audio, Cursor, Mouse Clicks and Keystrokes.",
    "homepage": "https://mathewsachin.github.io/Captura/",
    "license": "MIT",
    "url": "https://github.com/MathewSachin/Captura/releases/download/v8.0.0/Captura-Portable.zip",
    "hash": "b12cec7070d7b73898fff14b7062c807f8de4d6a7400777f0e336f0dbb1ceaf0",
    "bin": [
        "captura-cli.exe",
        [
            "captura-cli.exe",
            "captura"
        ]
    ],
    "shortcuts": [
        [
            "captura.exe",
            "Captura"
        ]
    ],
    "checkver": {
        "github": "https://github.com/MathewSachin/Captura"
    },
    "autoupdate": {
        "url": "https://github.com/MathewSachin/Captura/releases/download/v$version/Captura-Portable.zip"
    }
}
