{
    "version": "3.1.2",
    "description": "A network security tool suite, providing network security related code conversion, classical cryptography, cryptography, asymmetric encryption, miscellaneous tools.",
    "homepage": "https://github.com/guyoung/CaptfEncoder",
    "license": "Unlicense",
    "architecture": {
        "64bit": {
            "url": "https://github.com/guyoung/CaptfEncoder/releases/download/3.1.2/CaptfEncoder-win-x64-3.1.2.exe#/CaptfEncoder.exe",
            "hash": "91097bf3b295581805d49a099b55f76661415b05a48f9fcd89ede553ba4ecf2f"
        }
    },
    "shortcuts": [
        [
            "CaptfEncoder.exe",
            "CaptfEncoder"
        ]
    ],
    "checkver": "github",
    "autoupdate": {
        "url": "https://github.com/guyoung/CaptfEncoder/releases/download/$version/CaptfEncoder-win-x64-$version.exe#/CaptfEncoder.exe"
    }
}
