{
    "version": "1.0.6",
    "description": "Multi-shell multi-command argument completer.",
    "homepage": "https://rsteube.github.io/carapace-bin/",
    "license": "MIT",
    "notes": "Register the completers manually: https://rsteube.github.io/carapace-bin/setup.html",
    "architecture": {
        "64bit": {
            "url": "https://github.com/rsteube/carapace-bin/releases/download/v1.0.6/carapace-bin_windows_amd64.zip",
            "hash": "8019d058fcda9c6ddc179a05e48b17c07df01961c502069e92d7d8c2a1e50ad6"
        },
        "32bit": {
            "url": "https://github.com/rsteube/carapace-bin/releases/download/v1.0.6/carapace-bin_windows_386.zip",
            "hash": "a84a03bd8a26c639d7de8bb7e917899decaee0290ffbef024d26345807ca1f30"
        },
        "arm64": {
            "url": "https://github.com/rsteube/carapace-bin/releases/download/v1.0.6/carapace-bin_windows_arm64.zip",
            "hash": "14cf42d8fe46732d5cef8b82f7cb16deb3dd6b4568e3894f44517672845dcf28"
        }
    },
    "bin": "carapace.exe",
    "checkver": {
        "github": "https://github.com/rsteube/carapace-bin"
    },
    "autoupdate": {
        "architecture": {
            "64bit": {
                "url": "https://github.com/rsteube/carapace-bin/releases/download/v$version/carapace-bin_windows_amd64.zip"
            },
            "32bit": {
                "url": "https://github.com/rsteube/carapace-bin/releases/download/v$version/carapace-bin_windows_386.zip"
            },
            "arm64": {
                "url": "https://github.com/rsteube/carapace-bin/releases/download/v$version/carapace-bin_windows_arm64.zip"
            }
        },
        "hash": {
            "url": "$baseurl/checksums.txt"
        }
    }
}
