{
    "version": "2024.1.2.68",
    "homepage": "https://cascadeur.com/",
    "description": "A physics‑based 3D animation software powered by artificial intelligence (A.I.). ",
    "license": {
        "identifier": "Shareware",
        "url": "https://cascadeur.com/help/cascadeur_end_user_agreement"
    },
    "architecture": {
        "64bit": {
            "url": "https://cdn.cascadeur.com/builds/windows/68/Cascadeur_2024.1.2.exe#/dl.7z",
            "hash": "898d44a565cfc2a5b8c51cff4ffde70b040ac0ff7cf1e02b7eba8c9fe8969b45"
        }
    },
    "pre_install": "Remove-Item \"$dir\" -Include 'uninstall.*', '$*' -Recurse",
    "shortcuts": [
        [
            "cascadeur.exe",
            "Cascadeur"
        ]
    ],
    "checkver": {
        "url": "https://cascadeur.com/after-download?platform=windows",
        "regex": "windows/(?<Build>[\\d]+)/(C|c)ascadeur_(?<Version>[\\w.]+)\\.exe",
        "replace": "${Version}.${Build}"
    },
    "autoupdate": {
        "architecture": {
            "64bit": {
                "url": "https://cdn.cascadeur.com/builds/windows/$matchBuild/Cascadeur_$matchVersion.exe#/dl.7z"
            }
        }
    }
}
