{
    "version": "2.2.0",
    "description": "Image viewer and converter using Castle Game Engine, supporting common image formats (PNG, JPG...) and some exotic ones (DDS, KTX, RGBE)",
    "homepage": "https://castle-engine.io/castle-image-viewer",
    "license": "GPL-2.0-or-later",
    "suggest": {
        "imagemagick": "imagemagick"
    },
    "architecture": {
        "64bit": {
            "url": "https://github.com/castle-engine/castle-image-viewer/releases/download/v2.2.0/castle-image-viewer-2.2.0-win64-x86_64.zip",
            "hash": "40ce6261c7f288ac5c96ec80634840db074733c04ce89977f496e7bc8376a28d"
        },
        "32bit": {
            "url": "https://github.com/castle-engine/castle-image-viewer/releases/download/v2.2.0/castle-image-viewer-2.2.0-win32-i386.zip",
            "hash": "d529a8f0799f44eeac7839443662738b32a81761d7c98251ade744d39875ea52"
        }
    },
    "extract_dir": "castle-image-viewer",
    "bin": "castle-image-viewer.exe",
    "shortcuts": [
        [
            "castle-image-viewer.exe",
            "Castle Image Viewer"
        ]
    ],
    "checkver": {
        "github": "https://github.com/castle-engine/castle-image-viewer"
    },
    "autoupdate": {
        "architecture": {
            "64bit": {
                "url": "https://github.com/castle-engine/castle-image-viewer/releases/download/v$version/castle-image-viewer-$version-win64-x86_64.zip"
            },
            "32bit": {
                "url": "https://github.com/castle-engine/castle-image-viewer/releases/download/v$version/castle-image-viewer-$version-win32-i386.zip"
            }
        }
    }
}
