{
    "version": "3.8.4",
    "description": "A minimal, functional, and customizable user-focused FOSS web browser",
    "homepage": "https://getcatalyst.eu.org/",
    "license": "MIT",
    "architecture": {
        "64bit": {
            "url": "https://github.com/CatalystDevOrg/Catalyst/releases/download/v3.8.4/catalyst-3.8.4-full.nupkg",
            "hash": "sha1:392ea0113e8b22122393f879332427a3902fd790",
            "extract_dir": "lib\\net45"
        }
    },
    "shortcuts": [
        [
            "Catalyst.exe",
            "Catalyst"
        ]
    ],
    "checkver": {
        "github": "https://github.com/CatalystDevOrg/Catalyst"
    },
    "autoupdate": {
        "architecture": {
            "64bit": {
                "url": "https://github.com/CatalystDevOrg/Catalyst/releases/download/v$version/catalyst-$version-full.nupkg",
                "hash": {
                    "url": "$baseurl/RELEASES"
                }
            }
        }
    }
}
