{
    "version": "6.27.11214",
    "description": "Number-one tool for cleaning PC",
    "homepage": "https://www.ccleaner.com/ccleaner",
    "license": "Freeware",
    "url": "https://download.ccleaner.com/portable/ccsetup627.zip",
    "hash": "b4655722664a4c9ff51a848807470b2437c94865a1ca94eaefa234d15e67bef6",
    "pre_install": [
        "if (!(Test-Path \"$persist_dir\\ccleaner.ini\")) {",
        "   Set-Content \"$dir\\ccleaner.ini\" @('[Options]', 'UpdateAuto=0', 'UpdateNotify=0', 'UpdateCheck=0', 'HelpImproveCCleaner=0') -Encoding ASCII",
        "}",
        "'winapp.ini', 'winreg.ini', 'winsys.ini' | ForEach-Object {",
        "   if (!(Test-Path \"$persist_dir\\$_\")) { New-Item \"$dir\\$_\" | Out-Null }",
        "}",
        "Copy-Item \"$persist_dir\\*\" \"$dir\" -Include 'branding.dll', 'CCleaner.dat' -ErrorAction SilentlyContinue"
    ],
    "uninstaller": {
        "script": "Copy-Item \"$dir\\*\" \"$persist_dir\" -Include 'branding.dll', 'CCleaner.dat' -ErrorAction SilentlyContinue -Force"
    },
    "architecture": {
        "64bit": {
            "bin": [
                [
                    "CCleaner64.exe",
                    "CCleaner"
                ]
            ],
            "shortcuts": [
                [
                    "CCleaner64.exe",
                    "CCleaner"
                ]
            ]
        },
        "32bit": {
            "bin": "CCleaner.exe",
            "shortcuts": [
                [
                    "CCleaner.exe",
                    "CCleaner"
                ]
            ]
        }
    },
    "persist": [
        "ccleaner.ini",
        "winapp.ini",
        "winreg.ini",
        "winsys.ini"
    ],
    "checkver": {
        "url": "https://www.ccleaner.com/ccleaner/builds",
        "regex": "CCleaner Free \\(v([\\d.]+)\\) - Latest official release"
    },
    "autoupdate": {
        "url": "https://download.ccleaner.com/portable/ccsetup$majorVersion$minorVersion.zip"
    }
}
