{
    "version": "1.92",
    "description": "Centers Windows taskbar icons.",
    "homepage": "https://github.com/mdhiggins/CenterTaskbar",
    "license": "MIT",
    "url": "https://github.com/mdhiggins/CenterTaskbar/releases/download/1.92/CenterTaskbar.exe",
    "hash": "f40e020b4657304e8ff55f53aab7265a3eac0c1c63e1586d4009f3cd02827ef3",
    "bin": "CenterTaskbar.exe",
    "shortcuts": [
        [
            "CenterTaskbar.exe",
            "CenterTaskbar"
        ]
    ],
    "checkver": "github",
    "autoupdate": {
        "url": "https://github.com/mdhiggins/CenterTaskbar/releases/download/$version/CenterTaskbar.exe"
    }
}
