{
    "version": "1.6.5",
    "description": "Command line tool and an HTTP API server for signing, verifying, and bundling TLS certificates.",
    "homepage": "https://cfssl.org",
    "license": "BSD-2-Clause",
    "architecture": {
        "64bit": {
            "url": [
                "https://github.com/cloudflare/cfssl/releases/download/v1.6.5/cfssl_1.6.5_windows_amd64.exe#/cfssl.exe",
                "https://github.com/cloudflare/cfssl/releases/download/v1.6.5/cfssl-bundle_1.6.5_windows_amd64.exe#/cfssl-bundle.exe",
                "https://github.com/cloudflare/cfssl/releases/download/v1.6.5/cfssl-certinfo_1.6.5_windows_amd64.exe#/cfssl-certinfo.exe",
                "https://github.com/cloudflare/cfssl/releases/download/v1.6.5/cfssl-newkey_1.6.5_windows_amd64.exe#/cfssl-newkey.exe",
                "https://github.com/cloudflare/cfssl/releases/download/v1.6.5/cfssl-scan_1.6.5_windows_amd64.exe#/cfssl-scan.exe",
                "https://github.com/cloudflare/cfssl/releases/download/v1.6.5/cfssljson_1.6.5_windows_amd64.exe#/cfssljson.exe",
                "https://github.com/cloudflare/cfssl/releases/download/v1.6.5/mkbundle_1.6.5_windows_amd64.exe#/mkbundle.exe",
                "https://github.com/cloudflare/cfssl/releases/download/v1.6.5/multirootca_1.6.5_windows_amd64.exe#/multirootca.exe"
            ],
            "hash": [
                "0b9976147d8e75d907fd0eda136888127874f05e9e18cc20046a8e413122f3e4",
                "58c6cd71b5d5e6e251dd3b29e1359309f4a5b824aad8bb2d308e9f9782686f22",
                "93ee6c3efac669716f263e2aab95e35e611cfaa8f85f334ed7950cac5c543089",
                "47abc1d22582179b241d23568111e99f6c79ad129ec4485567bf4dda22080637",
                "d87bba8d9e3d4c789a3246a17ae9916fb3b4672990ace8ce651e560984866664",
                "3ed76d102bf3121a22fb28cb537dad3d0763f9e7a713e134d043cc18923a2dc8",
                "85e9eee19bb2073cd69981041c0fed4802a7b9d6daecbbb1815177ceb585f87f",
                "792b0848a0a6e904dac56039b6ebf2e67f359ebd114efa40f49b0a6c382377b1"
            ]
        }
    },
    "bin": [
        "cfssl.exe",
        "cfssl-bundle.exe",
        "cfssl-certinfo.exe",
        "cfssl-newkey.exe",
        "cfssl-scan.exe",
        "cfssljson.exe",
        "mkbundle.exe",
        "multirootca.exe"
    ],
    "checkver": {
        "github": "https://github.com/cloudflare/cfssl"
    },
    "autoupdate": {
        "architecture": {
            "64bit": {
                "url": [
                    "https://github.com/cloudflare/cfssl/releases/download/v$version/cfssl_$version_windows_amd64.exe#/cfssl.exe",
                    "https://github.com/cloudflare/cfssl/releases/download/v$version/cfssl-bundle_$version_windows_amd64.exe#/cfssl-bundle.exe",
                    "https://github.com/cloudflare/cfssl/releases/download/v$version/cfssl-certinfo_$version_windows_amd64.exe#/cfssl-certinfo.exe",
                    "https://github.com/cloudflare/cfssl/releases/download/v$version/cfssl-newkey_$version_windows_amd64.exe#/cfssl-newkey.exe",
                    "https://github.com/cloudflare/cfssl/releases/download/v$version/cfssl-scan_$version_windows_amd64.exe#/cfssl-scan.exe",
                    "https://github.com/cloudflare/cfssl/releases/download/v$version/cfssljson_$version_windows_amd64.exe#/cfssljson.exe",
                    "https://github.com/cloudflare/cfssl/releases/download/v$version/mkbundle_$version_windows_amd64.exe#/mkbundle.exe",
                    "https://github.com/cloudflare/cfssl/releases/download/v$version/multirootca_$version_windows_amd64.exe#/multirootca.exe"
                ],
                "hash": {
                    "url": "$baseurl/cfssl_$version_checksums.txt"
                }
            }
        }
    }
}
