{
    "version": "2.1.5",
    "description": "A little program that downloads all the recent item sets and imports them in to your League of Legends to use within game.",
    "homepage": "https://github.com/dustinblackman/Championify",
    "license": "MIT",
    "url": "https://github.com/dustinblackman/Championify/releases/download/2.1.5/Championify-WIN-2.1.5.zip",
    "hash": "d97344ddcf1e3116c754a86fe68bfb606b7d9021ce23c8931a57100050ba400f",
    "extract_dir": "Championify",
    "shortcuts": [
        [
            "championify.exe",
            "Championify"
        ]
    ]
}
