{
    "version": "1.82.107",
    "description": "Concurrently chat with ChatGPT, Bing Chat, bard, Alpaca, Vincuna, Claude, ChatGLM, MOSS, iFlytek Spark, ERNIE and more, discover the best answers",
    "homepage": "http://chatall.ai",
    "license": "Apache-2.0",
    "architecture": {
        "64bit": {
            "url": "https://github.com/sunner/ChatALL/releases/download/v1.82.107/ChatALL-1.82.107-win-x64.exe#/dl.7z",
            "hash": "sha512:d9badf974cf5c256c13b1c190dc17b874013c431e88ef696fc96ff02f2ea562534ea36c60ad49e993564f1dbe674b5ab98d150b0106e7db484065bcfded79194",
            "pre_install": [
                "Expand-7zipArchive \"$dir\\`$PLUGINSDIR\\app-64.7z\" \"$dir\" -Removal",
                "Remove-Item \"$dir\\`$*\", \"$dir\\Uninst*\" -Recurse"
            ]
        },
        "32bit": {
            "url": "https://github.com/sunner/ChatALL/releases/download/v1.82.107/ChatALL-1.82.107-win-ia32.exe#/dl.7z",
            "hash": "sha512:5cc17a2d7a06a42f23ab91458cc225ef5188e9c9facb5ebdbc0f379be5bdb600a779a5f3c6b697ac190d31b9b2b5701280c28bad793da9afc17248913c7b641b",
            "pre_install": [
                "Expand-7zipArchive \"$dir\\`$PLUGINSDIR\\app-32.7z\" \"$dir\" -Removal",
                "Remove-Item \"$dir\\`$*\", \"$dir\\Uninst*\" -Recurse"
            ]
        },
        "arm64": {
            "url": "https://github.com/sunner/ChatALL/releases/download/v1.82.107/ChatALL-1.82.107-win-arm64.exe#/dl.7z",
            "hash": "sha512:404d977f41d60498aff400800b59f40dd3daa80e9cfef6aef4cb8b4cdb7922468f3797bbc23b61a4c6674507040d791b3d01ca43bf2987e30700d488d6a52407",
            "pre_install": [
                "Expand-7zipArchive \"$dir\\`$PLUGINSDIR\\app-arm64.7z\" \"$dir\" -Removal",
                "Remove-Item \"$dir\\`$*\", \"$dir\\Uninst*\" -Recurse"
            ]
        }
    },
    "shortcuts": [
        [
            "chatALL.exe",
            "chatALL"
        ]
    ],
    "checkver": {
        "github": "https://github.com/sunner/ChatALL"
    },
    "autoupdate": {
        "architecture": {
            "64bit": {
                "url": "https://github.com/sunner/ChatALL/releases/download/v$version/ChatALL-$version-win-x64.exe#/dl.7z"
            },
            "32bit": {
                "url": "https://github.com/sunner/ChatALL/releases/download/v$version/ChatALL-$version-win-ia32.exe#/dl.7z"
            },
            "arm64": {
                "url": "https://github.com/sunner/ChatALL/releases/download/v$version/ChatALL-$version-win-arm64.exe#/dl.7z"
            }
        },
        "hash": {
            "url": "$baseurl/latest.yml",
            "regex": "$basename\\s+sha512:\\s+$base64"
        }
    }
}
