{
    "version": "2.5.1",
    "description": "Twitch chat client",
    "homepage": "https://chatterino.com",
    "license": "MIT",
    "suggest": {
        "vcredist": [
            "extras/vcredist2013",
            "extras/vcredist2022"
        ]
    },
    "architecture": {
        "64bit": {
            "url": "https://chatterino.fra1.digitaloceanspaces.com/bin/2.5.1/Chatterino%20Portable.zip",
            "hash": "4c6d84fd75b5d69eb998780626a3656ce684259d50cab68ab721f00d40fd6add"
        }
    },
    "extract_dir": "chatterino2",
    "bin": "chatterino.exe",
    "shortcuts": [
        [
            "chatterino.exe",
            "Chatterino"
        ]
    ],
    "persist": [
        "Settings",
        "Cache",
        "Logs",
        "Misc",
        "ProfileAvatars"
    ],
    "checkver": "/([\\d.]+)/Chatterino%20Portable",
    "autoupdate": {
        "architecture": {
            "64bit": {
                "url": "https://chatterino.fra1.digitaloceanspaces.com/bin/$version/Chatterino%20Portable.zip"
            }
        },
        "extract_dir": "chatterino$majorVersion"
    }
}
