{
    "version": "0.26",
    "description": "Twitch Chat Client",
    "homepage": "https://chatty.github.io",
    "license": "GPL-3.0-or-later",
    "url": "https://github.com/chatty/chatty/releases/download/v0.26/Chatty_0.26_win_standalone.zip",
    "hash": "8118eed880625027faf2e09ce15aaf7f3d63f78f723275b53b547bd8b07130ea",
    "pre_install": [
        "if (!(Test-Path \"$persist_dir\\app\\Chatty.cfg\")) {",
        "    ensure \"$dir\\app\\portable_settings\" | Out-Null",
        "    $cfg = \"$dir\\app\\Chatty.cfg\"",
        "    (Get-Content $cfg) -replace '(\\[ArgOptions\\])', \"`$1`r`n-portable\" | Set-Content $cfg -Encoding Ascii -Force",
        "    Set-Content \"$dir\\app\\portable_settings\\settings\" '{ \"checkNewVersion\": false }' -Encoding Ascii",
        "}"
    ],
    "bin": "Chatty.exe",
    "shortcuts": [
        [
            "Chatty.exe",
            "Chatty"
        ]
    ],
    "persist": [
        "app\\portable_settings",
        "app\\Chatty.cfg"
    ],
    "checkver": {
        "github": "https://github.com/chatty/chatty"
    },
    "autoupdate": {
        "url": "https://github.com/chatty/chatty/releases/download/v$version/Chatty_$version_win_standalone.zip",
        "hash": {
            "url": "https://tduva.com/chatty/checksums/v$version/$basename.sha256"
        }
    }
}
