{
    "version": "7.5.1",
    "homepage": "https://github.com/SevenTV/chatterino7",
    "description": "A fork of Chatterino 2 with 7TV subscriber features.",
    "license": "MIT",
    "architecture": {
        "64bit": {
            "url": "https://github.com/SevenTV/chatterino7/releases/download/v7.5.1/Chatterino7.Portable.zip",
            "hash": "a2d79feeaf09aba7a30e2ecd98b07ea16e1703ecd1ccdbe510ccaadc2b4ad5e1"
        }
    },
    "extract_dir": "Chatterino2",
    "bin": [
        [
            "chatterino.exe",
            "chatterino7"
        ]
    ],
    "shortcuts": [
        [
            "chatterino.exe",
            "Chatterino7"
        ]
    ],
    "persist": [
        "Settings",
        "Cache",
        "Logs",
        "Misc",
        "ProfileAvatars"
    ],
    "checkver": "github",
    "autoupdate": {
        "architecture": {
            "64bit": {
                "url": "https://github.com/SevenTV/chatterino7/releases/download/v$version/Chatterino7.Portable.zip"
            }
        },
        "hash": {
            "url": "$baseurl/sha256-checksums.txt"
        }
    }
}
