{
    "version": "24.4.1",
    "description": "Dig into ClickHouse with TUI interface.",
    "homepage": "https://github.com/azat/chdig",
    "license": "MIT",
    "architecture": {
        "64bit": {
            "url": "https://github.com/azat/chdig/releases/download/v24.4.1/chdig-windows.exe.zip",
            "hash": "80cf051abfae1af7a9ef309c98b0cb865095cd83f6824de6113b8a46b8cd3354"
        }
    },
    "pre_install": "Rename-Item \"$dir\\chdig-windows.exe\" 'chdig.exe'",
    "bin": "chdig.exe",
    "checkver": "github",
    "autoupdate": {
        "architecture": {
            "64bit": {
                "url": "https://github.com/azat/chdig/releases/download/v$version/chdig-windows.exe.zip"
            }
        }
    }
}
