{
    "version": "1.42",
    "description": "Calculates and checks SHA1/MD5 checksums.",
    "homepage": "http://checksumcompare.sanktuaire.com/home",
    "license": "Freeware",
    "url": "http://sanktuaire.free.fr/checksumcompare/Checksum-compare-v1.42.7z",
    "hash": "sha1:4f32ff3ed69e78de98e9060b7293c09ee2c8ceee",
    "pre_install": [
        "if (!(Test-Path \"$persist_dir\\Checksum compare.ini\")) {",
        "    Set-Content \"$dir\\Checksum compare.ini\" '[MainWindow]', 'lang=en' -Encoding Ascii",
        "}"
    ],
    "bin": [
        [
            "Checksum compare.exe",
            "checksum-compare"
        ]
    ],
    "shortcuts": [
        [
            "Checksum compare.exe",
            "Checksum compare"
        ]
    ],
    "persist": "Checksum compare.ini"
}
