{
    "version": "3.12.9",
    "description": "Fast logfile viewer with support for huge logfiles (>10 GB)",
    "homepage": "https://github.com/esrlabs/chipmunk",
    "license": "Apache-2.0",
    "suggest": {
        "vcredist": "extras/vcredist2022"
    },
    "architecture": {
        "64bit": {
            "url": "https://github.com/esrlabs/chipmunk/releases/download/3.12.9/chipmunk@3.12.9-win64-portable.tgz",
            "hash": "fcb5fa72a657412b69a898e819debf5dcfa038bf29bc624b30f8fa12e404c6e1"
        }
    },
    "shortcuts": [
        [
            "chipmunk.exe",
            "chipmunk"
        ]
    ],
    "checkver": "github",
    "autoupdate": {
        "architecture": {
            "64bit": {
                "url": "https://github.com/esrlabs/chipmunk/releases/download/$version/chipmunk@$version-win64-portable.tgz"
            }
        }
    }
}
