{
    "version": "5.25",
    "description": "GUI hash tool",
    "homepage": "https://compressme.net",
    "license": "Freeware",
    "notes": "Language packs for Czech, French, German, Italian, and Simplified Chinese are available at http://compressme.net",
    "architecture": {
        "64bit": {
            "url": "http://compressme.net/chk525.zip",
            "hash": "8ac8eeb991b03b18aee9832fc0fe98e4ad8c5f58a61fbd617e2faac8dd435c80"
        }
    },
    "pre_install": [
        "Set-Content \"$dir\\chk.ps1\" -Value 'Start-Process \"$PSScriptRoot\\chk.exe\" -WorkingDirectory $PSScriptRoot' -Encoding 'Ascii'",
        "if (!(Test-Path \"$persist_dir\\chk.cfg\")) { New-Item \"$dir\\chk.cfg\" | Out-Null }",
        "if (!(Test-Path \"$persist_dir\\lang.txt\")) { New-Item \"$dir\\lang.txt\" | Out-Null }"
    ],
    "uninstaller": {
        "script": "if ((Get-Item \"$dir\\lang.txt\").LinkType -ne 'HardLink') { Move-Item \"$dir\\lang.txt\" \"$persist_dir\" -Force | Out-Null }"
    },
    "bin": "chk.ps1",
    "shortcuts": [
        [
            "chk.exe",
            "CHK"
        ]
    ],
    "persist": [
        "chk.cfg",
        "lang.txt"
    ],
    "checkver": "CHK\\s+v([\\d.]+)\\s+Win",
    "autoupdate": {
        "architecture": {
            "64bit": {
                "url": "http://compressme.net/chk$cleanVersion.zip"
            }
        }
    }
}
