{
    "version": "2.0.0.3",
    "description": "Simple and powerful GUI to Microsoft's RoboCopy tool.",
    "homepage": "https://github.com/Cinchoo/ChoEazyCopy",
    "license": "MIT",
    "url": "https://github.com/Cinchoo/ChoEazyCopy/releases/download/v2.0.0.3/ChoEazyCopy.zip",
    "hash": "bf401bd5b04e7cd8822146d769bdb90a75e6faae750b425cac5cf173d86fa97d",
    "bin": "ChoEazyCopy.exe",
    "shortcuts": [
        [
            "ChoEazyCopy.exe",
            "ChoEazyCopy"
        ]
    ],
    "checkver": "github",
    "autoupdate": {
        "url": "https://github.com/Cinchoo/ChoEazyCopy/releases/download/v$version/ChoEazyCopy.zip"
    }
}
