{
    "version": "4.2.0",
    "homepage": "https://cinny.in/",
    "description": "A simple, elegant and secure Matrix client protected by e2ee with the power of open source.",
    "license": "MIT",
    "notes": "Settings are stored in the ~\\AppData\\Local\\in.cinny.app directory.",
    "architecture": {
        "64bit": {
            "url": "https://github.com/cinnyapp/cinny-desktop/releases/download/v4.2.0/Cinny_desktop-x86_64.msi",
            "hash": "bf2600621b004165d88a67ced670bff9cd215d04057aa0242c80d51098c90de4"
        }
    },
    "extract_dir": "PFiles\\Cinny",
    "bin": "Cinny.exe",
    "shortcuts": [
        [
            "Cinny.exe",
            "Cinny Desktop"
        ]
    ],
    "checkver": {
        "github": "https://github.com/cinnyapp/cinny-desktop"
    },
    "autoupdate": {
        "architecture": {
            "64bit": {
                "url": "https://github.com/cinnyapp/cinny-desktop/releases/download/v$version/Cinny_desktop-x86_64.msi"
            }
        }
    }
}
