{
    "version": "1.0.90",
    "description": "CLI library for managing cloud resources such as instances and Kubernetes clusters at Civo.com.",
    "homepage": "https://github.com/civo/cli",
    "license": "Apache-2.0",
    "architecture": {
        "64bit": {
            "url": "https://github.com/civo/cli/releases/download/v1.0.90/civo-1.0.90-windows-amd64.zip",
            "hash": "5498e306a938927a6921a8281734f79c7d6326c5b53f90cc146c605c24a81397"
        }
    },
    "bin": "civo.exe",
    "checkver": "github",
    "autoupdate": {
        "architecture": {
            "64bit": {
                "url": "https://github.com/civo/cli/releases/download/v$version/civo-$version-windows-amd64.zip"
            }
        },
        "hash": {
            "url": "$baseurl/civo-$version-checksums.sha256"
        }
    }
}
