{
    "version": "1.4.1",
    "description": " Open source (GPLv2) anti-virus toolkit",
    "homepage": "https://www.clamav.net",
    "license": "GPL-2.0-only",
    "notes": [
        "To run first time setup ",
        "Edit Configuration files clamd.conf, freshclam.conf @ $dir",
        "Run freshclam.exe before running first scan",
        "visit https://docs.clamav.net/manual/Usage/Configuration.html"
    ],
    "architecture": {
        "64bit": {
            "url": "https://github.com/Cisco-Talos/clamav/releases/download/clamav-1.4.1/clamav-1.4.1.win.x64.zip",
            "hash": "4c79eb57946ddfea490e121dee94f76db64f2ae48e8d037aea259d7e83008403",
            "extract_dir": "clamav-1.4.1.win.x64"
        },
        "32bit": {
            "url": "https://github.com/Cisco-Talos/clamav/releases/download/clamav-1.4.1/clamav-1.4.1.win.win32.zip",
            "hash": "e1a44d5804b1ccdcf7b5fc89051bba91b7347c138cba1620de3d764859fe9e09",
            "extract_dir": "clamav-1.4.1.win.win32"
        }
    },
    "post_install": [
        "Copy-Item \"$dir\\conf_examples\\freshclam.conf.sample\" \"$dir\\freshclam.conf\"",
        "Copy-Item \"$dir\\conf_examples\\clamd.conf.sample\" \"$dir\\clamd.conf\""
    ],
    "bin": [
        "clambc.exe",
        "clamconf.exe",
        "clamd.exe",
        "clamdscan.exe",
        "clamdtop.exe",
        "clamscan.exe",
        "clamsubmit.exe",
        "freshclam.exe",
        "sigtool.exe"
    ],
    "checkver": {
        "github": "https://github.com/Cisco-Talos/clamav",
        "regex": "/releases/tag/clamav-(?:v|V)?([\\d\\.]+)"
    },
    "autoupdate": {
        "architecture": {
            "64bit": {
                "url": "https://github.com/Cisco-Talos/clamav/releases/download/clamav-$version/clamav-$version.win.x64.zip",
                "extract_dir": "clamav-$version.win.x64"
            },
            "32bit": {
                "url": "https://github.com/Cisco-Talos/clamav/releases/download/clamav-$version/clamav-$version.win.win32.zip",
                "extract_dir": "clamav-$version.win.win32"
            }
        }
    }
}
