{
    "version": "2.4",
    "description": "In Windows 11 the old volume mixer was \"removed\" and instead a new mixer was added to the settings app.",
    "homepage": "https://github.com/popeen/Classic-Volume-Mixer",
    "license": "MIT",
    "url": "https://github.com/popeen/Classic-Volume-Mixer/releases/download/v2.4/ClassicVolumeMixer.exe",
    "hash": "a2b2c8bbd8e28556b64a627b5732fc191439229b079737d7e841d13f93f5c7f6",
    "shortcuts": [
        [
            "ClassicVolumeMixer.exe",
            "ClassicVolumeMixer"
        ]
    ],
    "checkver": "github",
    "autoupdate": {
        "url": "https://github.com/popeen/Classic-Volume-Mixer/releases/download/v$version/ClassicVolumeMixer.exe"
    }
}
