{
    "version": "4.3.0-1",
    "description": "The user-friendly, lightweight, and fast email client",
    "homepage": "https://www.claws-mail.org",
    "license": "GPL-3.0-or-later",
    "architecture": {
        "64bit": {
            "url": "https://www.claws-mail.org/win32/claws-mail-4.3.0-1-64bit.exe#/dl.7z",
            "hash": "cf7f6aa14c9b2747aaca4c5c70eafa480f251ab45351793da1cdc08f4fef8caa"
        },
        "32bit": {
            "url": "https://www.claws-mail.org/win32/claws-mail-4.3.0-1-32bit.exe#/dl.7z",
            "hash": "4ded4a60a551245651448ea5d67eea2040d31d61d1901b7ed864440ff6e1d543"
        }
    },
    "pre_install": "Remove-Item \"$dir\\`$*\", \"$dir\\claws-mail-uninstall.exe\" -Force -Recurse",
    "bin": "claws-mail.exe",
    "shortcuts": [
        [
            "claws-mail.exe",
            "Claws Mail"
        ]
    ],
    "checkver": {
        "url": "https://www.claws-mail.org/win32/",
        "regex": "claws-mail-(4[\\d.-]+)-32bit\\.exe"
    },
    "autoupdate": {
        "architecture": {
            "64bit": {
                "url": "https://www.claws-mail.org/win32/claws-mail-$version-64bit.exe#/dl.7z"
            },
            "32bit": {
                "url": "https://www.claws-mail.org/win32/claws-mail-$version-32bit.exe#/dl.7z"
            }
        }
    }
}
