{
    "version": "3.3.0",
    "description": "A small, but powerful GUI for FFmpeg that processes audio and video streams separately.",
    "homepage": "https://www.videohelp.com/software/clever-FFmpeg-GUI",
    "license": "Freeware",
    "suggest": {
        "FFmpeg": "main/ffmpeg"
    },
    "url": "https://www.videohelp.com/download/clever_ffmpeg_gui_330.zip",
    "hash": "f45daf97402d1e8a1d50fa3e17d5309de89232273f553867d1e011fb4f6321ad",
    "shortcuts": [
        [
            "clever FFmpeg GUI.exe",
            "Clever FFmpeg"
        ]
    ],
    "checkver": {
        "url": "https://www.videohelp.com/software/clever-FFmpeg-GUI/version-history",
        "regex": "\\s+version\\s+([\\d.]+)\\."
    },
    "autoupdate": {
        "url": "https://www.videohelp.com/download/clever_ffmpeg_gui_$cleanVersion.zip"
    }
}
