{
    "version": "8.8.0",
    "description": "The official command line client for Cloud Foundry",
    "homepage": "https://github.com/cloudfoundry/cli",
    "license": "Apache-2.0",
    "architecture": {
        "64bit": {
            "url": "https://cli.run.pivotal.io/stable?release=windows64-exe&version=8.8.0#/dl.7z",
            "hash": "cdaa41174ff8034b7c16a7de98f4268684b700bbeafe6fc4ce208399a5d73a41"
        },
        "32bit": {
            "url": "https://cli.run.pivotal.io/stable?release=windows32-exe&version=8.8.0#/dl.7z",
            "hash": "106e659b60cac26b809b269f88d9bd48595022c1115ade7bcc561680e7179c25"
        }
    },
    "bin": "cf.exe",
    "checkver": "github",
    "autoupdate": {
        "architecture": {
            "64bit": {
                "url": "https://cli.run.pivotal.io/stable?release=windows64-exe&version=$version#/dl.7z"
            },
            "32bit": {
                "url": "https://cli.run.pivotal.io/stable?release=windows32-exe&version=$version#/dl.7z"
            }
        }
    }
}
