{
    "version": "2.13.2",
    "description": "3D point cloud and mesh processing software",
    "homepage": "https://cloudcompare.org/",
    "license": "GPL-2.0-or-later,LGPL-2.0-only",
    "architecture": {
        "64bit": {
            "url": "https://cloudcompare.org/release/CloudCompare_v2.13.2_bin_x64.7z",
            "hash": "b5c534443eb58a80b54cef23c525d1c92534400e76fe068bb45ad13cb0a1ff29"
        }
    },
    "extract_dir": "CloudCompare_v2.13.2_bin_x64",
    "bin": "CloudCompare.exe",
    "shortcuts": [
        [
            "CloudCompare.exe",
            "CloudCompare"
        ]
    ],
    "checkver": {
        "url": "https://cloudcompare.org/release/",
        "regex": "Latest stable release.+(\\d+\\.\\d+\\.\\d+) "
    },
    "autoupdate": {
        "url": "https://cloudcompare.org/release/CloudCompare_v$version_bin_x64.7z",
        "extract_dir": "CloudCompare_v$version_bin_x64"
    }
}
