{
    "version": "2.1",
    "description": "Clustal X. Tool for multiple alignment of nucleic acid and protein sequences. Developed by University College Dublin (GUI version)",
    "homepage": "http://www.clustal.org/clustal2",
    "license": "LGPL-2.0-or-later",
    "notes": [
        "You are installing the GUI version. For command-line version, install 'clustalw'.",
        "Clustal X is not being maintained anymore. For latest features and fixes, we recommend installing 'Clustal Omega'",
        "To install it, run: scoop install clustal-omega"
    ],
    "url": "http://www.clustal.org/download/current/clustalx-2.1-win.msi",
    "hash": "6fcedb5370786314c20cc101c190449bb0c8281b9cccdb45c3d66ff393db6675",
    "shortcuts": [
        [
            "clustalx.exe",
            "Clustal X"
        ]
    ],
    "persist": [
        "coldna.xml",
        "colprint.xml",
        "colprot.xml"
    ]
}
