{
    "version": "2.1",
    "description": "Clustal W. Tool for multiple alignment of nucleic acid and protein sequences. Developed by University College Dublin (command-line version)",
    "homepage": "http://www.clustal.org/clustal2",
    "license": "LGPL-2.0-or-later",
    "notes": [
        "You are installing the command-line version. For command-line version, install 'clustalx'.",
        "Clustal W is not being maintained anymore. For latest features and fixes, we recommend installing 'Clustal Omega'",
        "To install it, run: scoop install clustal-omega"
    ],
    "url": "http://www.clustal.org/download/current/clustalw-2.1-win.msi",
    "hash": "16237e44b520a52c7a1c39f1c839821366ec6d69b0e339d78cc51a3d1f6b8a74",
    "bin": [
        "clustalw2.exe",
        [
            "clustalw2.exe",
            "clustalw"
        ]
    ]
}
