{
    "version": "0.6.7",
    "description": "A high performance code minimap render",
    "homepage": "https://github.com/wfxr/code-minimap",
    "license": "Apache-2.0|MIT",
    "architecture": {
        "64bit": {
            "url": "https://github.com/wfxr/code-minimap/releases/download/v0.6.7/code-minimap-v0.6.7-x86_64-pc-windows-msvc.zip",
            "hash": "1a46bdfd8454015b9f43cf2a4f2fabb4a72c28d22db6b4c86416f441d1d6bd30",
            "extract_dir": "code-minimap-v0.6.7-x86_64-pc-windows-msvc"
        }
    },
    "bin": "code-minimap.exe",
    "checkver": "github",
    "autoupdate": {
        "architecture": {
            "64bit": {
                "url": "https://github.com/wfxr/code-minimap/releases/download/v$version/code-minimap-v$version-x86_64-pc-windows-msvc.zip",
                "extract_dir": "code-minimap-v$version-x86_64-pc-windows-msvc"
            }
        }
    }
}
