{
    "version": "10.0.1.0",
    "description": "Easily change NVIDIA display settings and/or control LG TV's",
    "homepage": "https://github.com/Maassoft/ColorControl",
    "license": "Freeware",
    "extract_dir": "ColorControl",
    "architecture": {
        "64bit": {
            "url": "https://github.com/Maassoft/ColorControl/releases/download/v10.0.1.0/ColorControl.zip",
            "hash": "f570bc21aafa6580882996b54645b995596d1bb92bf7eca3997850ae2bd747a5"
        }
    },
    "shortcuts": [
        [
            "ColorControl.exe",
            "ColorControl"
        ]
    ],
    "checkver": "github",
    "autoupdate": {
        "architecture": {
            "64bit": {
                "url": "https://github.com/Maassoft/ColorControl/releases/download/v$version/ColorControl.zip"
            }
        }
    }
}
