{
    "version": "1.05",
    "description": "An ICC profile enforcer.",
    "homepage": "https://www.guru3d.com/files-details/color-sustainer-download.html",
    "license": "Unknown",
    "url": "https://ftp.nluug.nl/pub/games/PC/guru3d/colorsustainer/Color%20Sustainerv105-%5BGuru3D.com%5D.zip",
    "hash": "b9b850b38185d6b336306b870da396902293d5b15bf4863a0cf6e599ba18b162",
    "bin": "Color_Sustainer.exe",
    "shortcuts": [
        [
            "Color_Sustainer.exe",
            "Color Sustainer"
        ]
    ],
    "checkver": {
        "regex": "Download Color Sustainer ([\\d.]+)",
        "reverse": true
    },
    "autoupdate": {
        "url": "https://ftp.nluug.nl/pub/games/PC/guru3d/colorsustainer/Color%20Sustainerv$cleanVersion-%5BGuru3D.com%5D.zip"
    }
}
