{
    "version": "6.0.0",
    "description": "A standalone, native tool for Windows, Mac, and Linux that will provide you with a Command Line Interface (CLI) for developer productivity, tool interaction, package management, embedded CFML server, application scaffolding, and some sweet ASCII art",
    "homepage": "https://www.ortussolutions.com/products/commandbox",
    "license": "LGPL-3.0-or-later",
    "architecture": {
        "64bit": {
            "url": "https://downloads.ortussolutions.com/ortussolutions/commandbox/6.0.0/commandbox-jre-win64-6.0.0.zip",
            "hash": "54132b288266b9a496e7138787c7c8aae2cf2ff09600d4e065874242d5e72b71"
        },
        "32bit": {
            "url": "https://downloads.ortussolutions.com/ortussolutions/commandbox/6.0.0/commandbox-jre-win32-6.0.0.zip",
            "hash": "2215c88533c4d618e59abbe0ae53a12a76c46d1917b2b65e50014a828fa6bad2"
        }
    },
    "bin": "box.exe",
    "checkver": {
        "github": "https://github.com/Ortus-Solutions/commandbox"
    },
    "autoupdate": {
        "architecture": {
            "64bit": {
                "url": "https://downloads.ortussolutions.com/ortussolutions/commandbox/$version/commandbox-jre-win64-$version.zip"
            },
            "32bit": {
                "url": "https://downloads.ortussolutions.com/ortussolutions/commandbox/$version/commandbox-jre-win32-$version.zip"
            }
        },
        "hash": {
            "url": "$url.sha256"
        }
    }
}
