{
    "version": "3.5.1",
    "description": "CompactGUI is a standalone user interface that makes the Windows 10 compact.exe function easier to use.",
    "homepage": "https://github.com/ImminentFate/CompactGUI",
    "license": "GPL-3.0-only",
    "url": "https://github.com/ImminentFate/CompactGUI/releases/download/v3.5.1/CompactGUI.exe",
    "hash": "77c023870286dd06aa30b1c40903702f377bf7264559564329c8c456de0120af",
    "bin": "CompactGUI.exe",
    "shortcuts": [
        [
            "CompactGUI.exe",
            "CompactGUI"
        ]
    ],
    "checkver": "github",
    "autoupdate": {
        "url": "https://github.com/ImminentFate/CompactGUI/releases/download/v$version/CompactGUI.exe",
        "hash": {
            "url": "https://github.com/ImminentFate/CompactGUI/releases/tag/v$version/",
            "regex": "SHA-256.*?$sha256"
        }
    }
}
