{
    "version": "0.4.3.6442",
    "description": "Modern C++ Terminal Emulator",
    "homepage": "https://github.com/contour-terminal/contour",
    "license": "Apache-2.0",
    "architecture": {
        "64bit": {
            "url": "https://github.com/contour-terminal/contour/releases/download/v0.4.3.6442/contour-0.4.3.6442-win64.zip",
            "hash": "edf321c3c38f617fb80f4d11de5c3493b8d3c06ee0c8e3190066460c056bc722",
            "extract_dir": "Contour-0.4.3.6442-win64/bin"
        }
    },
    "bin": "contour.exe",
    "shortcuts": [
        [
            "contour.exe",
            "contour"
        ]
    ],
    "checkver": "github",
    "autoupdate": {
        "architecture": {
            "64bit": {
                "url": "https://github.com/contour-terminal/contour/releases/download/v$version/contour-$version-win64.zip",
                "extract_dir": "Contour-$version-win64/bin"
            }
        }
    }
}
