{
    "version": "0.12.2.3",
    "description": "Converseen is a batch image converter and resizer",
    "homepage": "https://github.com/Faster3ck/Converseen",
    "license": "GPL-3.0-or-later",
    "url": "https://github.com/Faster3ck/Converseen/releases/download/v0.12.2.3/converseen-0.12.2.3-1-win32-portable.zip",
    "hash": "bea62203e3ff33cd5354f780c548dc214a53b25fe6cd104fa60ca0a6682dcbf5",
    "extract_dir": "converseen-0.12.2.3-1-win32-portable",
    "shortcuts": [
        [
            "converseen.exe",
            "Converseen"
        ]
    ],
    "persist": "settings",
    "checkver": {
        "url": "https://api.github.com/repositories/9392534/releases/latest",
        "jsonpath": "$..browser_download_url",
        "regex": "converseen-(?<version>[\\d\\.+]+)-(?<build>\\d+)-win32-portable.zip"
    },
    "autoupdate": {
        "url": "https://github.com/Faster3ck/Converseen/releases/download/v$version/converseen-$version-$matchBuild-win32-portable.zip",
        "extract_dir": "converseen-$version-$matchBuild-win32-portable"
    }
}
