{
    "version": "4.7.0_rev4",
    "description": "Create, compose and simulate any robot.",
    "homepage": "https://www.coppeliarobotics.com",
    "license": {
        "identifier": "CoppeliaSim Educational License",
        "url": "https://manual.coppeliarobotics.com/en/licensing.htm"
    },
    "suggest": {
        "vcredist": "extras/vcredist2022"
    },
    "architecture": {
        "64bit": {
            "url": "https://downloads.coppeliarobotics.com/V4_7_0_rev4/CoppeliaSim_Edu_V4_7_0_rev4_Win.zip",
            "hash": "48f2f5ec34d8f7db6cfe08c5103304d90892121b98b3bd90ce2ff0bd4d473569"
        }
    },
    "bin": "coppeliaSim.exe",
    "shortcuts": [
        [
            "coppeliaSim.exe",
            "CoppeliaSim Edu"
        ]
    ],
    "checkver": {
        "url": "https://www.coppeliarobotics.com/downloads?flavor=edu&platform=win-x86_64-zip",
        "regex": "CoppeliaSim_Edu_V(\\d+)_(\\d+)_(\\d+)?(_rev[\\d]+)?_?Win\\.zip",
        "replace": "${1}.${2}.${3}${4}"
    },
    "autoupdate": {
        "architecture": {
            "64bit": {
                "url": "https://downloads.coppeliarobotics.com/V$underscoreVersion/CoppeliaSim_Edu_V$underscoreVersion_Win.zip"
            }
        }
    }
}
