{
    "version": "9.0.0",
    "description": "Clipboard manager",
    "homepage": "https://hluk.github.io/CopyQ/",
    "license": "GPL-3.0-or-later",
    "architecture": {
        "64bit": {
            "url": "https://github.com/hluk/CopyQ/releases/download/v9.0.0/copyq-9.0.0.zip",
            "hash": "52dc2b020478c7ffb82a9861f87ec3381591f2f3e940ec80f36367e570b3cf75"
        }
    },
    "extract_dir": "copyq-9.0.0",
    "bin": "copyq.exe",
    "shortcuts": [
        [
            "copyq.exe",
            "CopyQ"
        ]
    ],
    "persist": "config",
    "checkver": {
        "github": "https://github.com/hluk/CopyQ"
    },
    "autoupdate": {
        "architecture": {
            "64bit": {
                "url": "https://github.com/hluk/CopyQ/releases/download/v$version/copyq-$version.zip"
            }
        },
        "extract_dir": "copyq-$version"
    }
}
