{
    "version": "11.0.2",
    "description": "Foreign language reading and translation assistant based on copy and translate",
    "homepage": "https://copytranslator.github.io/",
    "license": "GPL-2.0-only",
    "url": "https://github.com/CopyTranslator/CopyTranslator/releases/download/v11.0.2/copytranslator-11.0.2-win.zip",
    "hash": "4326752acc666a340ba6d6c4278f991b86049fe00fe991716f755591a3d39848",
    "shortcuts": [
        [
            "copytranslator.exe",
            "CopyTranslator"
        ]
    ],
    "checkver": {
        "github": "https://github.com/CopyTranslator/CopyTranslator"
    },
    "autoupdate": {
        "url": "https://github.com/CopyTranslator/CopyTranslator/releases/download/v$version/copytranslator-$version-win.zip"
    }
}
