{
    "version": "1.18.1",
    "description": "Monitor processor temperature and other vital information.",
    "homepage": "https://www.alcpu.com/CoreTemp/",
    "license": {
        "identifier": "Freeware",
        "url": "https://www.alcpu.com/CoreTemp/terms.html"
    },
    "notes": "Download language packs by running: \"$dir\\download-language-packs.ps1\" (\"powershell \"$dir\\download-language-packs.ps1\"\" under cmd)",
    "architecture": {
        "64bit": {
            "url": "https://www.alcpu.com/CoreTemp/CoreTemp64.zip",
            "hash": "81619eea539b6dc715a8a3b3e48df9d9a98983401d39e693b5c88282a214476f"
        },
        "32bit": {
            "url": "https://www.alcpu.com/CoreTemp/CoreTemp32.zip",
            "hash": "8b6ab70806749abfd2ede38f0065aa96c9e02bac3976c04ec7813d777969b2ba"
        }
    },
    "pre_install": [
        "Copy-Item \"$bucketsdir\\extras\\scripts\\coretemp\\download-language-packs.ps1\" \"$dir\\\" | Out-Null",
        "if (Test-Path \"$persist_dir\\CoreTemp.ini\") { Copy-Item \"$persist_dir\\CoreTemp.ini\" \"$dir\\\" | Out-Null }"
    ],
    "pre_uninstall": "Stop-Process -Name 'Core Temp' -ErrorAction SilentlyContinue",
    "uninstaller": {
        "script": [
            "if (Test-Path \"$dir\\CoreTemp.ini\") {",
            "    ensure \"$persist_dir\" | Out-Null",
            "    Copy-Item \"$dir\\CoreTemp.ini\" \"$persist_dir\\\" | Out-Null",
            "}"
        ]
    },
    "shortcuts": [
        [
            "Core Temp.exe",
            "Core Temp"
        ]
    ],
    "persist": [
        "languages",
        "plugins"
    ],
    "checkver": {
        "url": "https://www.alcpu.com/CoreTemp/history.html",
        "regex": "Version ([\\d.]+)"
    },
    "autoupdate": {
        "architecture": {
            "64bit": {
                "url": "https://www.alcpu.com/CoreTemp/CoreTemp64.zip"
            },
            "32bit": {
                "url": "https://www.alcpu.com/CoreTemp/CoreTemp32.zip"
            }
        }
    }
}
