{
    "version": "10",
    "description": "Detect CPU Hardware Virtualization support / state.",
    "homepage": "https://leomoon.com/downloads/desktop-apps/leomoon-cpu-v/",
    "license": "Unknown",
    "url": "https://leomoon.com/static/?file=leomoon-cpu-v_win.zip#/dl.zip",
    "hash": "f899c78c1600beb6df038d9506cba2f8275e7621ca16ff53d74acfa99f6e46bd",
    "shortcuts": [
        [
            "LeoMoon CPU-V.exe",
            "CPU-V"
        ]
    ],
    "checkver": "([\\d.]+):",
    "autoupdate": {
        "url": "https://leomoon.com/static/?file=leomoon-cpu-v_win.zip#/dl.zip"
    }
}
