{
    "version": "2.10",
    "description": "System information software",
    "homepage": "https://www.cpuid.com/softwares/cpu-z.html",
    "license": "Freeware",
    "url": "https://download.cpuid.com/cpu-z/cpu-z_2.10-en.zip",
    "hash": "c1c12e9e977e306be47e8fc6d8eab67ad7d0eea5d0dc5a79dec1e42ee45e1660",
    "architecture": {
        "64bit": {
            "bin": [
                [
                    "cpuz_x64.exe",
                    "cpuz"
                ]
            ],
            "shortcuts": [
                [
                    "cpuz_x64.exe",
                    "CPU-Z"
                ]
            ]
        },
        "32bit": {
            "bin": [
                [
                    "cpuz_x32.exe",
                    "cpuz"
                ]
            ],
            "shortcuts": [
                [
                    "cpuz_x32.exe",
                    "CPU-Z"
                ]
            ]
        }
    },
    "persist": "cpuz.ini",
    "checkver": "Version ([\\d.]+) for windows",
    "autoupdate": {
        "url": "https://download.cpuid.com/cpu-z/cpu-z_$version-en.zip"
    }
}
