{
    "version": "1.5.2",
    "description": "Custom Resolution Utility (CRU) allows custom resolutions to be defined by creating EDID overrides directly in the registry without dealing with .inf files.",
    "homepage": "https://www.monitortests.com/forum/Thread-Custom-Resolution-Utility-CRU",
    "license": "Unknown",
    "url": "https://www.monitortests.com/download/cru/cru-1.5.2.zip",
    "hash": "c92e4255a897d6d97295724e5934a5315238a63bb8e0b8b320c5f9b21eb0f531",
    "shortcuts": [
        [
            "CRU.exe",
            "Custom Resolution Utility"
        ]
    ],
    "checkver": "cru-([\\d.]+)\\.zip",
    "autoupdate": {
        "url": "https://www.monitortests.com/download/cru/cru-$version.zip"
    }
}
