{
    "version": "3.6.7",
    "description": "Command-line downloader for Crunchyroll",
    "homepage": "https://github.com/crunchy-labs/crunchy-cli",
    "license": "MIT",
    "suggest": {
        "ffmpeg": "ffmpeg"
    },
    "notes": "You need a Crunchyroll Premium subscription to access premium content",
    "architecture": {
        "64bit": {
            "url": "https://github.com/crunchy-labs/crunchy-cli/releases/download/v3.6.7/crunchy-cli-v3.6.7-windows-x86_64.exe#/crunchy-cli.exe",
            "hash": "dae88da2bad173e5895fc9fab8a59bde9f6fc448704717ab91fbba026249475c"
        }
    },
    "bin": "crunchy-cli.exe",
    "checkver": "github",
    "autoupdate": {
        "architecture": {
            "64bit": {
                "url": "https://github.com/crunchy-labs/crunchy-cli/releases/download/v$version/crunchy-cli-v$version-windows-x86_64.exe#/crunchy-cli.exe"
            }
        }
    }
}
