{
    "version": "9.4.4",
    "description": "A HDD/SSD utility software which supports a part of USB, RAID and NVMe",
    "homepage": "https://crystalmark.info/en/software/crystaldiskinfo/",
    "license": "MIT",
    "url": "https://sourceforge.net/projects/crystaldiskinfo/files/9.4.4/CrystalDiskInfo9_4_4.zip",
    "hash": "sha1:f46feddaf94658acb006d4fa34c08a51d3e18bef",
    "pre_install": [
        "if (!(Test-Path \"$persist_dir\\DiskInfo.ini\")) { New-Item \"$dir\\DiskInfo.ini\" | Out-Null }",
        "# Manually persist AMD RAID plugins (AMD_RC2t7x64.dll, AMD_RC2t7x86.dll)",
        "if (Test-Path \"$persist_dir\\AMD_RC2t7*.dll\") { Copy-Item \"$persist_dir\\AMD_RC2t7*.dll\" \"$dir\\\" }"
    ],
    "architecture": {
        "64bit": {
            "bin": [
                [
                    "DiskInfo64.exe",
                    "DiskInfo"
                ]
            ],
            "shortcuts": [
                [
                    "DiskInfo64.exe",
                    "CrystalDiskInfo"
                ]
            ]
        },
        "32bit": {
            "bin": [
                [
                    "DiskInfo32.exe",
                    "DiskInfo"
                ]
            ],
            "shortcuts": [
                [
                    "DiskInfo32.exe",
                    "CrystalDiskInfo"
                ]
            ]
        }
    },
    "persist": [
        "Smart",
        "DiskInfo.ini"
    ],
    "pre_uninstall": "if (Test-Path \"$dir\\AMD_RC2t7*.dll\") { Copy-Item \"$dir\\AMD_RC2t7*.dll\" \"$persist_dir\\\" }",
    "checkver": {
        "sourceforge": "crystaldiskinfo",
        "regex": "([\\d.a-zA-Z]+)/CrystalDiskInfo.*.zip"
    },
    "autoupdate": {
        "url": "https://sourceforge.net/projects/crystaldiskinfo/files/$version/CrystalDiskInfo$underscoreVersion.zip"
    }
}
