{
    "version": "8.0.5",
    "description": "A simple disk benchmark software",
    "homepage": "https://crystalmark.info/en/software/crystaldiskmark/",
    "license": "BSD-3-Clause",
    "url": "https://sourceforge.net/projects/crystaldiskmark/files/8.0.5/CrystalDiskMark8_0_5.zip",
    "hash": "sha1:21572da82face2f0f720d2a9d68c47d6c57fad67",
    "pre_install": [
        "'64', '32' | ForEach-Object {",
        "    if (!(Test-Path \"$persist_dir\\DiskMark$_.ini\")) { New-Item \"$dir\\DiskMark$_.ini\" | Out-Null }",
        "}"
    ],
    "architecture": {
        "64bit": {
            "bin": [
                [
                    "DiskMark64.exe",
                    "DiskMark"
                ]
            ],
            "shortcuts": [
                [
                    "DiskMark64.exe",
                    "CrystalDiskMark"
                ]
            ]
        },
        "32bit": {
            "bin": [
                [
                    "DiskMark32.exe",
                    "DiskMark"
                ]
            ],
            "shortcuts": [
                [
                    "DiskMark32.exe",
                    "CrystalDiskMark"
                ]
            ]
        }
    },
    "persist": [
        "DiskMark32.ini",
        "DiskMark64.ini"
    ],
    "checkver": {
        "sourceforge": "crystaldiskmark",
        "regex": "([\\d.a-zA-Z]+)/CrystalDiskMark.*.zip"
    },
    "autoupdate": {
        "url": "https://sourceforge.net/projects/crystaldiskmark/files/$version/CrystalDiskMark$underscoreVersion.zip"
    }
}
