{
    "version": "2.6.5",
    "homepage": "https://ystr.github.io/types/",
    "description": "A file type manager for Windows that allows you to edit program associations, icons, context menus and a few other things.",
    "license": "GPL-3.0",
    "url": "https://ystr.github.io/types/CTypes.zip",
    "hash": "64a79982140364da2411d2d03513411cfd1a717a686a62f8de807e9bdb9db4a2",
    "env_add_path": ".",
    "checkver": ">Download\\s([\\d.]+)<",
    "autoupdate": {
        "url": "https://ystr.github.io/types/CTypes.zip"
    }
}
