{
    "version": "4.0.1",
    "description": "An efficient graphical Minecraft seed finder and map viewer.",
    "homepage": "https://github.com/Cubitect/cubiomes-viewer",
    "license": "GPL-3.0-or-later",
    "architecture": {
        "64bit": {
            "url": "https://github.com/Cubitect/cubiomes-viewer/releases/download/4.0.1/cubiomes-viewer-static-win.exe#/cubiomes-viewer.exe",
            "hash": "b331180923b3ed4c9b65c1e8cedc8803c440a1d70472f008f622deb239921ead"
        }
    },
    "shortcuts": [
        [
            "cubiomes-viewer.exe",
            "Cubiomes Viewer"
        ]
    ],
    "checkver": "github",
    "autoupdate": {
        "architecture": {
            "64bit": {
                "url": "https://github.com/Cubitect/cubiomes-viewer/releases/download/$version/cubiomes-viewer-static-win.exe#/cubiomes-viewer.exe"
            }
        }
    }
}
