{
    "version": "1.217.5.1",
    "description": "Text editor",
    "homepage": "http://uvviewsoft.com/cudatext/",
    "license": "MPL-2.0",
    "architecture": {
        "64bit": {
            "url": "https://sourceforge.net/projects/cudatext/files/release/1.217.5.1/cudatext-windows-amd64-1.217.5.1.zip",
            "hash": "sha1:b99af35a1e53c100e8cab905e2a3e637127b1b75"
        },
        "32bit": {
            "url": "https://sourceforge.net/projects/cudatext/files/release/1.217.5.1/cudatext-windows-i386-1.217.5.1.zip",
            "hash": "sha1:02a3da0be1bcc9892d513156506249dff9c2e45b"
        }
    },
    "extract_dir": "cudatext",
    "bin": "cudatext.exe",
    "shortcuts": [
        [
            "cudatext.exe",
            "CudaText"
        ]
    ],
    "persist": "settings",
    "checkver": {
        "sourceforge": "cudatext/release"
    },
    "autoupdate": {
        "architecture": {
            "64bit": {
                "url": "https://sourceforge.net/projects/cudatext/files/release/$version/cudatext-windows-amd64-$version.zip"
            },
            "32bit": {
                "url": "https://sourceforge.net/projects/cudatext/files/release/$version/cudatext-windows-i386-$version.zip"
            }
        }
    }
}
