{
    "version": "5.8.1",
    "description": "Model editing tools for 3D printing",
    "homepage": "https://ultimaker.com/software/ultimaker-cura",
    "license": "LGPL-3.0-only",
    "architecture": {
        "64bit": {
            "url": "https://github.com/Ultimaker/Cura/releases/download/5.8.1/Ultimaker-Cura-5.8.1-win64-X64.exe#/dl.7z",
            "hash": "c6c549960e449d1e2adc4f8d8e3fffd3232d5cb293ac75bc8f0bcce258124bdb"
        }
    },
    "pre_install": "Remove-Item \"$dir\\Uninstall*\", \"$dir\\`$*\", \"$dir\\vcredist_*.exe\" -Recurse",
    "bin": "CuraEngine.exe",
    "shortcuts": [
        [
            "Ultimaker-Cura.exe",
            "Ultimaker Cura"
        ]
    ],
    "checkver": {
        "github": "https://github.com/Ultimaker/Cura"
    },
    "autoupdate": {
        "architecture": {
            "64bit": {
                "url": "https://github.com/Ultimaker/Cura/releases/download/$version/Ultimaker-Cura-$version-win64-X64.exe#/dl.7z"
            }
        }
    }
}
