{
    "version": "1.7.2",
    "description": "Launching SPICE remote-viewer to access VM running on Proxmox VE.",
    "homepage": "https://www.cv4pve-tools.com/",
    "license": "GPL-3.0-only",
    "depends": "extras/virt-viewer",
    "architecture": {
        "64bit": {
            "url": "https://github.com/Corsinvest/cv4pve-pepper/releases/download/v1.7.2/cv4pve-pepper.exe-win-x64.zip",
            "hash": "b0e0f86390b6299a755f5c4dd6de8176b49a2237f13a7a4a6de4031c4fb50993"
        },
        "32bit": {
            "url": "https://github.com/Corsinvest/cv4pve-pepper/releases/download/v1.7.2/cv4pve-pepper.exe-win-x86.zip",
            "hash": "5f687a3017cd0df25166341a84a81d808a6d4479ad8d114683d75aa9d992a696"
        }
    },
    "bin": "cv4pve-pepper.exe",
    "checkver": {
        "github": "https://github.com/Corsinvest/cv4pve-pepper"
    },
    "autoupdate": {
        "architecture": {
            "64bit": {
                "url": "https://github.com/Corsinvest/cv4pve-pepper/releases/download/v$version/cv4pve-pepper.exe-win-x64.zip"
            },
            "32bit": {
                "url": "https://github.com/Corsinvest/cv4pve-pepper/releases/download/v$version/cv4pve-pepper.exe-win-x86.zip"
            }
        }
    }
}
