{
    "version": "10.19.2",
    "description": "A web app for encryption, encoding, compression and data analysis",
    "homepage": "https://gchq.github.io/CyberChef/",
    "license": "Apache-2.0",
    "url": "https://github.com/gchq/CyberChef/releases/download/v10.19.2/CyberChef_v10.19.2.zip",
    "hash": "7838f713f69335fbdfd402764daf6c05f7848cf651f4b9e1a208c7993da1ec9e",
    "pre_install": "Rename-Item \"$dir\\CyberChef_v$version.html\" \"$dir\\CyberChef.html\"",
    "shortcuts": [
        [
            "CyberChef.html",
            "CyberChef"
        ]
    ],
    "checkver": {
        "github": "https://github.com/gchq/CyberChef"
    },
    "autoupdate": {
        "url": "https://github.com/gchq/CyberChef/releases/download/v$version/CyberChef_v$version.zip"
    }
}
