{
    "version": "9.0.1.41941",
    "description": "Libre file transfer client supporting multiple protocols.",
    "homepage": "https://cyberduck.io",
    "license": "Freeware",
    "notes": "Additional third party connection profiles can be installed to and found in '%APPDATA%\\Cyberduck\\Profiles'.",
    "architecture": {
        "64bit": {
            "url": "https://update.cyberduck.io/windows/Cyberduck-Installer-9.0.1.41941.msi",
            "hash": "b27e752f3d7d45573e1761b061c66bca59b5fe54308f305249b063b9b4537ff6"
        }
    },
    "extract_dir": "Cyberduck",
    "shortcuts": [
        [
            "Cyberduck.exe",
            "Cyberduck"
        ]
    ],
    "checkver": {
        "url": "https://cyberduck.io/download/",
        "regex": "Cyberduck-Installer-([\\d.]+)\\.exe"
    },
    "autoupdate": {
        "architecture": {
            "64bit": {
                "url": "https://update.cyberduck.io/windows/Cyberduck-Installer-$version.msi"
            }
        }
    }
}
