{
    "version": "7.0.0",
    "description": "Find duplicates, empty folders, similar images, unnecessary files, etc.",
    "homepage": "https://github.com/qarmin/czkawka",
    "license": {
        "identifier": "MIT, CC-BY-4.0, Unknown",
        "url": "https://www.reshot.com/license/"
    },
    "architecture": {
        "64bit": {
            "url": "https://github.com/qarmin/czkawka/releases/download/7.0.0/windows_czkawka_gui_gtk_46.zip",
            "hash": "63ce24d594659c48c540df3c8c0bab7b5a80d65cbda1e465cc9cdf157b22bd13"
        }
    },
    "shortcuts": [
        [
            "czkawka_gui.exe",
            "Czkawka"
        ]
    ],
    "checkver": "github",
    "autoupdate": {
        "architecture": {
            "64bit": {
                "url": "https://github.com/qarmin/czkawka/releases/download/$version/windows_czkawka_gui_gtk_46.zip"
            }
        }
    }
}

