{
    "version": "3.0.0.961",
    "description": "A JSON viewer that gives a new approach to process JSON Data files.",
    "homepage": "https://dadroit.com/",
    "license": {
        "identifier": "Proprietary",
        "url": "https://dadroit.com/legal"
    },
    "architecture": {
        "64bit": {
            "url": "https://dadroit.com/releases/win/DadroitJSONViewerSetup.exe",
            "hash": "2e0eb3cd334b5c3febe77195c12302f9bd96dcd9c9a20abc6776a8525f368609"
        }
    },
    "innosetup": true,
    "shortcuts": [
        [
            "DadroitViewer.exe",
            "Dadroit JSON Viewer"
        ]
    ],
    "checkver": {
        "url": "https://dadroit.com/release-notes",
        "regex": "Dadroit JSON Viewer — ([\\d.]+)"
    },
    "autoupdate": {
        "architecture": {
            "64bit": {
                "url": "https://dadroit.com/releases/win/DadroitJSONViewerSetup.exe"
            }
        }
    }
}
