{
    "version": "0.7.0",
    "description": "Take potentially dangerous PDFs, office documents, or images and convert them to a safe PDF.",
    "homepage": "https://dangerzone.rocks/",
    "license": "MIT",
    "notes": [
        "DangerZone requires Docker Desktop to run.",
        "You can download it from: https://www.docker.com/products/docker-desktop/"
    ],
    "url": "https://github.com/firstlookmedia/dangerzone/releases/download/v0.7.0/Dangerzone-0.7.0.msi",
    "hash": "7732486ff3d3333faa99bf3f13e9f7a959e068b201a84d556bf79ad366716faf",
    "extract_dir": "Dangerzone",
    "bin": "dangerzone-cli.exe",
    "shortcuts": [
        [
            "dangerzone.exe",
            "DangerZone"
        ]
    ],
    "checkver": {
        "github": "https://github.com/firstlookmedia/dangerzone"
    },
    "autoupdate": {
        "url": "https://github.com/firstlookmedia/dangerzone/releases/download/v$version/Dangerzone-$version.msi"
    }
}
