{
    "version": "4.8.1",
    "description": "Photography workflow application and raw developer. A virtual lighttable and darkroom for photographers.",
    "homepage": "https://www.darktable.org",
    "license": "GPL-3.0-only",
    "architecture": {
        "64bit": {
            "url": "https://github.com/darktable-org/darktable/releases/download/release-4.8.1/darktable-4.8.1-win64.exe#/dl.7z",
            "hash": "a7255eaad0cd36ad4771441ef5ad052d3069a90991de50f9b394a7c235de61e3"
        }
    },
    "post_install": "Remove-Item \"$dir\\`$PLUGINSDIR\", \"$dir\\uninst*\" -Force -Recurse",
    "bin": "bin\\darktable.exe",
    "shortcuts": [
        [
            "bin\\darktable.exe",
            "darktable"
        ]
    ],
    "checkver": {
        "github": "https://github.com/darktable-org/darktable",
        "regex": "/darktable-([\\d.]+)-win64"
    },
    "autoupdate": {
        "architecture": {
            "64bit": {
                "url": "https://github.com/darktable-org/darktable/releases/download/release-$matchHead/darktable-$version-win64.exe#/dl.7z",
                "hash": {
                    "url": "https://github.com/darktable-org/darktable/releases/tag/release-$matchHead"
                }
            }
        }
    }
}
