{
    "version": "1.24.2",
    "description": "A special build of Chromium that includes the Dart VM",
    "homepage": "https://dart.dev",
    "license": "BSD-3-Clause",
    "url": "https://storage.googleapis.com/dart-archive/channels/stable/release/1.24.2/dartium/dartium-windows-ia32-release.zip",
    "hash": "0c08f8e8e2b0a2414c6d49fb65eabf48274c03e01d3fd526ee0e3edfe0daf062",
    "extract_dir": "dartium-win-ia32-stable-1.24.2.0",
    "bin": [
        [
            "chrome.exe",
            "dartium"
        ]
    ]
}
