{
    "version": "2.8.1",
    "description": "DAta-SELector. Command line utility for querying and modifying data structures inside JSON, TOML, YAML, ...",
    "homepage": "https://github.com/TomWright/dasel",
    "license": "MIT",
    "architecture": {
        "64bit": {
            "url": "https://github.com/TomWright/dasel/releases/download/v2.8.1/dasel_windows_amd64.exe#/dasel.exe",
            "hash": "9cb4cf2a7bbb8ef31118f551def3b5cefacb0a7d5f316c273d7d7b07d4d377ae"
        },
        "32bit": {
            "url": "https://github.com/TomWright/dasel/releases/download/v2.8.1/dasel_windows_386.exe#/dasel.exe",
            "hash": "e20cc41e56e824f52d4bb70eca062ab01d4a25a2966779ab6f0f36aeaaa838c6"
        }
    },
    "bin": "dasel.exe",
    "checkver": "github",
    "autoupdate": {
        "architecture": {
            "64bit": {
                "url": "https://github.com/TomWright/dasel/releases/download/v$version/dasel_windows_amd64.exe#/dasel.exe"
            },
            "32bit": {
                "url": "https://github.com/TomWright/dasel/releases/download/v$version/dasel_windows_386.exe#/dasel.exe"
            }
        }
    }
}
