{
    "version": "2024.2.2-242.21829.162",
    "description": "Cross-Platform IDE for Databases & SQL by JetBrains.",
    "homepage": "https://www.jetbrains.com/datagrip/",
    "license": {
        "identifier": "Proprietary",
        "url": "https://www.jetbrains.com/store/license.html"
    },
    "url": "https://download.jetbrains.com/datagrip/datagrip-2024.2.2.win.zip",
    "hash": "be799bb01be205d1587b57af03266582af3fb060e9f69235f785380410fde63a",
    "extract_to": "IDE",
    "installer": {
        "script": [
            "& \"$bucketsdir\\extras\\scripts\\jetbrains\\portable.ps1\" $dir $persist_dir",
            "Remove-Item \"$dir\\IDE\\`$*\" -Force -Recurse"
        ]
    },
    "architecture": {
        "64bit": {
            "bin": [
                [
                    "IDE\\bin\\datagrip64.exe",
                    "datagrip"
                ]
            ],
            "shortcuts": [
                [
                    "IDE\\bin\\datagrip64.exe",
                    "JetBrains\\DataGrip"
                ]
            ]
        },
        "32bit": {
            "bin": "IDE\\bin\\datagrip.exe",
            "shortcuts": [
                [
                    "IDE\\bin\\datagrip.exe",
                    "JetBrains\\DataGrip"
                ]
            ]
        }
    },
    "persist": [
        "IDE\\bin\\idea.properties",
        "IDE\\bin\\datagrip.exe.vmoptions",
        "IDE\\bin\\datagrip64.exe.vmoptions",
        "profile"
    ],
    "checkver": {
        "url": "https://data.services.jetbrains.com/products/releases?code=DG&latest=true&platform=zip&type=release",
        "regex": "version\":\"(?<ver>[\\d.]+)\".*\"build\":\"(?<build>[\\d.]+)\"",
        "replace": "${ver}-${build}"
    },
    "autoupdate": {
        "url": "https://download.jetbrains.com/datagrip/datagrip-$matchVer.win.zip",
        "hash": {
            "url": "$url.sha256"
        }
    }
}
