{
    "version": "36.3.9006.1",
    "description": "Innovative, powerful and intuitive multiple database management tool",
    "homepage": "https://fishcodelib.com/Database.htm",
    "license": {
        "identifier": "Freeware",
        "url": "https://fishcodelib.com/EULA.htm"
    },
    "url": "https://fishcodelib.com/files/DatabaseNet4.zip",
    "hash": "b67e1a6e32ca5440cdbd7ed4a885c0a8267b1d571fd8bfe04876ddcaf63e7c9d",
    "bin": [
        "Database4.exe",
        [
            "Database4.exe",
            "database.net"
        ]
    ],
    "shortcuts": [
        [
            "Database4.exe",
            "Database .NET"
        ]
    ],
    "persist": "Database_Files",
    "checkver": {
        "url": "https://fishcodelib.com/version.xml",
        "regex": "database4.*?ver=\"([\\d.]+)\""
    },
    "autoupdate": {
        "url": "https://fishcodelib.com/files/DatabaseNet4.zip"
    }
}
