{
    "version": "2024.2.1-242.21829.112",
    "description": "Cross-Platform IDE for Data Scientists by JetBrains.",
    "homepage": "https://www.jetbrains.com/dataspell/",
    "license": {
        "identifier": "Proprietary",
        "url": "https://www.jetbrains.com/store/license.html"
    },
    "architecture": {
        "64bit": {
            "url": "https://download.jetbrains.com/python/dataspell-2024.2.1.exe#/dl.7z",
            "hash": "3afea5489ec75a5f0bf7bed47ecce0b99d373cd22d1ed780064a610896b0e558"
        },
        "arm64": {
            "url": "https://download.jetbrains.com/python/dataspell-2024.2.1-aarch64.exe#/dl.7z",
            "hash": "04cfc6db40eaaafe36c199f4ec380e21b076e56d2b6538e424fd3f02283cc537"
        }
    },
    "extract_to": "IDE",
    "installer": {
        "script": [
            "& \"$bucketsdir\\extras\\scripts\\jetbrains\\portable.ps1\" $dir $persist_dir",
            "Remove-Item \"$dir\\IDE\\`$*\" -Force -Recurse"
        ]
    },
    "shortcuts": [
        [
            "IDE\\bin\\dataspell64.exe",
            "JetBrains\\DataSpell"
        ]
    ],
    "persist": [
        "IDE\\bin\\idea.properties",
        "IDE\\bin\\dataspell.exe.vmoptions",
        "IDE\\bin\\dataspell64.exe.vmoptions",
        "profile"
    ],
    "checkver": {
        "url": "https://data.services.jetbrains.com/products/releases?code=DS&latest=true&platform=zip&type=release",
        "regex": "version\":\"(?<ver>[\\d.]+)\".*\"build\":\"(?<build>[\\d.]+)\"",
        "replace": "${ver}-${build}"
    },
    "autoupdate": {
        "architecture": {
            "64bit": {
                "url": "https://download.jetbrains.com/python/dataspell-$matchVer.exe#/dl.7z"
            },
            "arm64": {
                "url": "https://download.jetbrains.com/python/dataspell-$matchVer-aarch64.exe#/dl.7z"
            }
        },
        "hash": {
            "url": "$url.sha256"
        }
    }
}
