{
    "version": "4.24.2",
    "description": "Datovka is a multiplatform desktop application for accessing Datová schránka. The application's user interface is inspired by mail clients. Datovka is free software protected by the GNU GPL version 3 license.",
    "license": "GPL-3",
    "homepage": "https://www.datovka.cz/",
    "architecture": {
        "64bit": {
            "url": "https://datovka.nic.cz/4.24.2/datovka-portable-4.24.2-windows-x64.zip",
            "hash": "d8b65ab17cefb6b41c7c6741f528e6272958f81f6bedfb19f4c2e7c9c35ee9bc"
        },
        "32bit": {
            "url": "https://datovka.nic.cz/4.24.2/datovka-portable-4.24.2-windows-x86.zip",
            "hash": "b878c5b04431e28c6a7b0a8533462e99f87dd3a7424fdbecb45953b12b8a0e6f"
        }
    },
    "extract_dir": "datovka-4.24.2-portable",
    "shortcuts": [
        [
            "datovka-portable.exe",
            "Datovka"
        ]
    ],
    "persist": ".dsgui",
    "checkver": {
        "url": "https://www.datovka.cz/cs/pages/instalace.html",
        "regex": "Instalační balíčky verze\\s(\\d+\\.\\d+\\.\\d+)"
    },
    "autoupdate": {
        "extract_dir": "datovka-$version-portable",
        "architecture": {
            "64bit": {
                "url": "https://datovka.nic.cz/$version/datovka-portable-$version-windows-x64.zip"
            },
            "32bit": {
                "url": "https://datovka.nic.cz/$version/datovka-portable-$version-windows-x86.zip"
            }
        }
    },
    "post_install": "echo 'Disabling in-app updates'; Set-ItemProperty -Path \"HKCU:\\Software\\CZ.NIC\\Datovka\" -Name \"DisableVersionNotification\" -Value 1",
    "post_uninstall": "Remove-ItemProperty -Path \"HKCU:\\Software\\CZ.NIC\\Datovka\" -Name \"DisableVersionNotification\""
}
