{
    "version": "24.2.0",
    "description": "Database tool for developers, SQL programmers, database administrators and analysts",
    "homepage": "https://dbeaver.io",
    "license": "Apache-2.0",
    "suggest": {
        "java": [
            "java/oraclejdk",
            "java/oraclejre8",
            "java/openjdk11"
        ]
    },
    "architecture": {
        "64bit": {
            "url": "https://dbeaver.io/files/24.2.0/dbeaver-ce-24.2.0-win32.win32.x86_64.zip",
            "hash": "1292c3afff196f4a249b20cae25a579cfb835450cc1a91ff9e50259ce2d448cf"
        }
    },
    "extract_dir": "dbeaver",
    "bin": [
        "dbeaver.exe",
        "dbeaver-cli.exe"
    ],
    "shortcuts": [
        [
            "dbeaver.exe",
            "DBeaver"
        ]
    ],
    "checkver": {
        "github": "https://github.com/dbeaver/dbeaver"
    },
    "autoupdate": {
        "architecture": {
            "64bit": {
                "url": "https://dbeaver.io/files/$version/dbeaver-ce-$version-win32.win32.x86_64.zip"
            }
        },
        "hash": {
            "url": "$baseurl/checksum/$basename.sha256"
        }
    }
}
