{
    "version": "0.98",
    "description": "Open-source, free, multi-platform frontend for DOSBox",
    "homepage": "https://dbgl.org/",
    "license": "GPL-2.0-or-later",
    "suggest": {
        "Java Runtime Environment": "java/openjdk"
    },
    "url": "https://dbgl.org/download/dbgl098.zip",
    "hash": "ef0ffcaade3db4ac6ace8ce2aa2f39579def949b0bf31cbdd0cfbe68bd680fae",
    "bin": [
        [
            "launch.exe",
            "dbgl"
        ]
    ],
    "shortcuts": [
        [
            "launch.exe",
            "DOSBox Game Launcher"
        ]
    ],
    "checkver": "<p>v([\\d.]+)",
    "autoupdate": {
        "url": "https://dbgl.org/download/dbgl$cleanVersion.zip"
    }
}
