{
    "version": "24.2.2",
    "description": "A universal database tool for developers, DBAs and analysts.",
    "homepage": "https://www.dbvis.com/",
    "license": {
        "identifier": "Freeware",
        "url": "https://www.dbvis.com/eula/"
    },
    "suggest": {
        "JDK": "java/openjdk",
        "JRE": "java/temurin-jre"
    },
    "architecture": {
        "64bit": {
            "url": "https://dbvis.com/product_download/dbvis-24.2.2/media/dbvis_windows-x64_24_2_2.zip",
            "hash": "f46db4b183a71dc3a0cdb8487f89c9807310f3c28ba43ae7656bf92a207ad510"
        }
    },
    "extract_dir": "DbVisualizer",
    "bin": [
        "dbviscmd.bat",
        [
            "dbviscmd.bat",
            "dbvis"
        ]
    ],
    "shortcuts": [
        [
            "dbvisgui.bat",
            "DbVisualizer",
            "",
            "dbvis.exe"
        ]
    ],
    "checkver": {
        "url": "https://www.dbvis.com/download/",
        "regex": "Latest version ([\\d.]+)"
    },
    "autoupdate": {
        "architecture": {
            "64bit": {
                "url": "https://dbvis.com/product_download/dbvis-$version/media/dbvis_windows-x64_$underscoreVersion.zip"
            }
        }
    }
}
