{
    "version": "18.0.8.0",
    "description": "Driver removal utility that can help you completely uninstall AMD/NVIDIA graphics card drivers and packages from your system, without leaving leftovers behind (including registry keys, folders and files, driver store)",
    "homepage": "https://github.com/Wagnard/display-drivers-uninstaller",
    "license": {
        "identifier": "Freeware",
        "url": "https://github.com/Wagnard/display-drivers-uninstaller/blob/WPF/LICENSE.md"
    },
    "url": "https://ftp.nluug.nl/pub/games/PC/guru3d/ddu/%5BGuru3D.com%5D-DDU.zip",
    "hash": "bcb05518abd93eccc9d52bc6aec26211ad1e36f0b36fb0b1f09edc84d1b19225",
    "pre_install": [
        "$ddu = \"DDU v$version\"",
        "Expand-7zipArchive \"$dir/$ddu.exe\" \"$dir\" -ExtractDir $ddu -Removal",
        "Remove-Item \"$dir/*Guru3D*\" -Recurse",
        "if (!(Test-Path \"$persist_dir/Settings/Settings.xml\")) { New-Item \"$dir/Settings/Settings.xml\" | Out-Null }"
    ],
    "persist": "Settings\\Settings.xml",
    "shortcuts": [
        [
            "Display Driver Uninstaller.exe",
            "DDU - Display Driver Uninstaller"
        ]
    ],
    "checkver": {
        "url": "https://www.guru3d.com/download/display-driver-uninstaller-download/",
        "regex": "<title>Display Driver Uninstaller \\(DDU\\) download version ([\\d.]+)</title>"
    },
    "autoupdate": {
        "url": "https://ftp.nluug.nl/pub/games/PC/guru3d/ddu/%5BGuru3D.com%5D-DDU.zip"
    }
}
