{
    "version": "0.5.0",
    "homepage": "https://github.com/pd4d10/debugtron",
    "description": "An app to debug in-production Electron-based apps.",
    "license": "MIT",
    "architecture": {
        "64bit": {
            "url": "https://github.com/pd4d10/debugtron/releases/download/v0.5.0/Debugtron-win32-x64-0.5.0.zip",
            "hash": "9145a1e443f5ff368b2e08ffca6c2f1bdac0e84b80ed2c23255492bae47472f7"
        }
    },
    "shortcuts": [
        [
            "Debugtron.exe",
            "Debugtron"
        ]
    ],
    "checkver": "github",
    "autoupdate": {
        "architecture": {
            "64bit": {
                "url": "https://github.com/pd4d10/debugtron/releases/download/v$version/Debugtron-win32-x64-$version.zip"
            }
        }
    }
}
