{
    "version": "0.9.5",
    "description": "Permanently free DeepL API written in Golang.",
    "homepage": "https://github.com/OwO-Network/DeepLX",
    "license": "MIT",
    "architecture": {
        "64bit": {
            "url": "https://github.com/OwO-Network/DeepLX/releases/download/v0.9.5/deeplx_windows_amd64.exe#/deeplx.exe",
            "hash": "69013bd2a42c347d01599b53d05ef4cf2d6b0dfeb077f0a97a389ff10c49b7d1"
        },
        "32bit": {
            "url": "https://github.com/OwO-Network/DeepLX/releases/download/v0.9.5/deeplx_windows_386.exe#/deeplx.exe",
            "hash": "2e0c120ad368a835c425f72c8fedd17a5321844a2c22262ce5b80c1d59388b48"
        }
    },
    "bin": "deeplx.exe",
    "checkver": {
        "url": "https://api.github.com/repositories/552635490/releases",
        "regex": "tag/v([\\d.]+)"
    },
    "autoupdate": {
        "architecture": {
            "64bit": {
                "url": "https://github.com/OwO-Network/DeepLX/releases/download/v$version/deeplx_windows_amd64.exe#/deeplx.exe"
            },
            "32bit": {
                "url": "https://github.com/OwO-Network/DeepLX/releases/download/v$version/deeplx_windows_386.exe#/deeplx.exe"
            }
        }
    }
}
