{
    "version": "4.0.6052",
    "description": "An online translator",
    "homepage": "https://www.deepl.com/",
    "license": {
        "identifier": "Proprietary",
        "url": "https://www.deepl.com/pro-license.html#free"
    },
    "architecture": {
        "64bit": {
            "url": "https://www.deepl.com/windows/download/x64/4_0_6052/DeepL-4.0.6052-full.nupkg",
            "hash": "sha1:f0c3229b22633e62b10b6e928746baf08edd02e0"
        }
    },
    "pre_install": [
        "$null = New-Item \"$dir\\DeepL\" -Type Directory -Force",
        "$null = New-Item \"$dir\\DeepL\\packages\" -Type Directory -Force",
        "Move-Item \"$dir\\net45\" \"$dir\\DeepL\\app-$version\"",
        "Move-Item \"$dir\\DeepL\\app-$version\\DeepL_ExecutionStub.exe\" \"$dir\\DeepL\\DeepL.exe\"",
        "\"0000000000000000000000000000000000000000 DeepL-$version-full.nupkg 1\" | Set-Content \"$dir\\DeepL\\packages\\RELEASES\""
    ],
    "extract_dir": "lib",
    "bin": "DeepL\\DeepL.exe",
    "shortcuts": [
        [
            "DeepL\\DeepL.exe",
            "DeepL"
        ]
    ],
    "checkver": {
        "url": "https://appdownload.deepl.com/windows/x64/RELEASES",
        "regex": "DeepL-([\\d.]+)-full.nupkg"
    },
    "autoupdate": {
        "architecture": {
            "64bit": {
                "url": "https://www.deepl.com/windows/download/x64/$underscoreVersion/DeepL-$version-full.nupkg",
                "hash": {
                    "url": "https://appdownload.deepl.com/windows/x64/RELEASES",
                    "regex": "^$sha1 https.*?$basename"
                }
            }
        }
    }
}
