{
    "version": "4.4",
    "description": "Git Archaeology Tool.",
    "homepage": "https://www.syntevo.com/deepgit/",
    "license": {
        "identifier": "Proprietary",
        "url": "https://www.syntevo.com/documents/deepgit-license.html"
    },
    "architecture": {
        "64bit": {
            "url": "https://www.syntevo.com/downloads/deepgit/deepgit-portable-4_4.7z",
            "hash": "sha1:90aa41f31b2fea8e0c6cc2ce6dca6bcd0d3647a0",
            "extract_dir": "DeepGit",
            "bin": [
                [
                    "bin\\deepgitc.exe",
                    "deepgit"
                ]
            ],
            "shortcuts": [
                [
                    "bin\\deepgit.exe",
                    "DeepGit"
                ]
            ]
        }
    },
    "persist": ".settings",
    "checkver": {
        "url": "https://www.syntevo.com/deepgit/changelog.txt",
        "regex": "([\\d.]+)"
    },
    "autoupdate": {
        "architecture": {
            "64bit": {
                "url": "https://www.syntevo.com/downloads/deepgit/deepgit-portable-$underscoreVersion.7z",
                "hash": {
                    "url": "https://www.syntevo.com/deepgit/download/",
                    "regex": "$basename[\\S\\s]+?$sha1"
                }
            }
        }
    }
}
