{
    "version": "1.0.2",
    "description": "A simple tool to delete files or folders in Windows",
    "homepage": "https://github.com/differentrain/Delapp",
    "license": "MIT",
    "suggest": {
        ".NET Desktop Runtime": "extras/windowsdesktop-runtime"
    },
    "url": "https://github.com/differentrain/Delapp/releases/download/1.0.2/Delapp.zip",
    "hash": "e1613df86a3a4928b36100de1412af694cf84476e655b12c8f50ef9560c17227",
    "shortcuts": [
        [
            "Delapp.exe",
            "Delapp"
        ]
    ],
    "checkver": "github",
    "autoupdate": {
        "url": "https://github.com/differentrain/Delapp/releases/download/$version/Delapp.zip"
    }
}
