{
    "version": "2.2",
    "description": "A free utility that scans any 32-bit or 64-bit Windows module (exe, dll, ocx, sys, etc.) and builds a hierarchical tree diagram of all dependent modules.",
    "homepage": "http://www.dependencywalker.com/",
    "license": "Unknown",
    "architecture": {
        "64bit": {
            "url": "http://www.dependencywalker.com/depends22_x64.zip",
            "hash": "35db68a613874a2e8c1422eb0ea7861f825fc71717d46dabf1f249ce9634b4f1"
        },
        "32bit": {
            "url": "http://www.dependencywalker.com/depends22_x86.zip",
            "hash": "03d73abba0e856c81ba994505373fdb94a13b84eb29e6c268be1bf21b7417ca3"
        }
    },
    "bin": "depends.exe",
    "shortcuts": [
        [
            "depends.exe",
            "Dependency Walker"
        ]
    ],
    "checkver": "Version ([\\d.]+).*for x86",
    "autoupdate": {
        "architecture": {
            "64bit": {
                "url": "http://www.dependencywalker.com/depends$majorVersion$minorVersion_x64.zip"
            },
            "32bit": {
                "url": "http://www.dependencywalker.com/depends$majorVersion$minorVersion_x86.zip"
            }
        }
    }
}
