{
    "version": "1.1",
    "homepage": "https://www.sordum.org/desktop-ini-editor",
    "description": "A simple app that allows users to edit the desktop.ini file in thier folders.",
    "license": {
        "identifier": "Freeware",
        "url": "https://www.sordum.org/eula/"
    },
    "url": "https://www.sordum.org/files/download/desktop-ini-editor/DeskEdit.zip",
    "hash": "1423bc2d35594cb5f4cfdeca84531fe892565761b824e7ec7de27a46812435b2",
    "extract_dir": "DeskEdit",
    "bin": "DeskEdit.exe",
    "shortcuts": [
        [
            "DeskEdit.exe",
            "Desktop.ini Editor"
        ]
    ],
    "persist": "DeskEdit.ini",
    "checkver": "Desktop.ini\\sEditor\\sv([\\d.]+)",
    "autoupdate": {
        "url": "https://www.sordum.org/files/download/desktop-ini-editor/DeskEdit.zip"
    }
}
