{
    "version": "0.36.0",
    "description": "The Determined CLI is a command line tool that lets you launch new experiments and interact with a Determined cluster.",
    "homepage": "https://github.com/sirredbeard/determined-windows-cli",
    "license": "Apache-2.0",
    "architecture": {
        "64bit": {
            "url": "https://github.com/sirredbeard/determined-windows-cli/releases/download/0.36.0/determined-cli.zip",
            "hash": "c90bfd2ba17efa9040acffac127af634fbd03643cc41904bce286fee022bccae"
        }
    },
    "bin": "det.exe",
    "checkver": "github",
    "autoupdate": {
        "url": "https://github.com/sirredbeard/determined-windows-cli/releases/download/$version/determined-cli.zip"
    }
}
