{
    "version": "0.7.2",
    "description": "A full-featured desktop app for DevDocs.io",
    "homepage": "https://github.com/egoist/devdocs-desktop",
    "license": "MIT",
    "url": "https://github.com/egoist/devdocs-app/releases/download/v0.7.2/DevDocs-0.7.2.exe#/DevDocs.exe",
    "hash": "280ae3f9af2a86fc6fc66330213ca404d43557fe7500d61402b057afbb2a5573",
    "bin": "DevDocs.exe",
    "shortcuts": [
        [
            "DevDocs.exe",
            "DevDocs"
        ]
    ],
    "checkver": "github",
    "autoupdate": {
        "url": "https://github.com/egoist/devdocs-app/releases/download/v$version/DevDocs-$version.exe#/DevDocs.exe"
    }
}
