{
    "version": "2.1.3",
    "description": "A tool to compare two PDF files—textually or visually.",
    "homepage": "http://soft.rubypdf.com/software/diffpdf",
    "license": "GPL-2.0-only",
    "url": "http://soft.rubypdf.com/wp-content/uploads/2010/08/diffpdf-2.1.3-win32-static.zip",
    "hash": "b698b9c3c3c0582c2b5ea474d4df0c5f864b649774e857fdc423b4949ef79b6d",
    "bin": "diffpdf.exe",
    "shortcuts": [
        [
            "diffpdf.exe",
            "DiffPDF"
        ]
    ]
}
