{
    "version": "0.5.2",
    "description": "A simple tool for visually comparing two PDF files.",
    "homepage": "http://vslavik.github.io/diff-pdf/",
    "license": "GPL-2.0-only",
    "url": "https://github.com/vslavik/diff-pdf/releases/download/v0.5.2/diff-pdf-win-0.5.2.zip",
    "hash": "f72848b23f87ce9d9517e20ddbe30985a31caca1c725d38918df990c0acf48f9",
    "bin": "diff-pdf.exe",
    "checkver": {
        "github": "https://github.com/vslavik/diff-pdf/"
    },
    "autoupdate": {
        "url": "https://github.com/vslavik/diff-pdf/releases/download/v$version/diff-pdf-win-$version.zip"
    }
}
