{
    "version": "4.2.0",
    "description": "Visually compares and merges files",
    "homepage": "http://www.sourcegear.com/diffmerge/",
    "license": {
        "identifier": "Freeware",
        "url": "http://www.sourcegear.com/diffmerge/webhelp/chapter_sourcegearlicenseagreement.html"
    },
    "architecture": {
        "64bit": {
            "url": "http://download.sourcegear.com/DiffMerge/4.2.0/DiffMerge_4_2_0_697_stable_x64.zip",
            "hash": "b25b3705bc048503b643c0cd7edd62638354756e18b2881f1774e78f82547aed",
            "extract_dir": "DiffMerge_4_2_0_697_stable_x64"
        },
        "32bit": {
            "url": "http://download.sourcegear.com/DiffMerge/4.2.0/DiffMerge_4_2_0_697_stable_x86.zip",
            "hash": "44a8fb273b0b7b372f8408e0e37f3d2ccce840376c02f445cbae80f53a91b850",
            "extract_dir": "DiffMerge_4_2_0_697_stable_x86"
        }
    },
    "bin": "sgdm.exe",
    "shortcuts": [
        [
            "sgdm.exe",
            "DiffMerge"
        ]
    ]
}
