{
    "version": "8.4.0",
    "description": "Professional Photo Management",
    "homepage": "https://www.digikam.org",
    "license": "GPL-3.0-or-later",
    "architecture": {
        "64bit": {
            "url": "https://download.kde.org/stable/digikam/8.4.0/digiKam-8.4.0-Qt6-Win64.exe#/dl.7z",
            "hash": "5a84d705e7725c25820927ed98d4bb32b838b0a4f1c112c69ec24a562a00056f"
        }
    },
    "pre_install": "Remove-Item \"$dir\\`$*\", \"$dir\\Uninstall*\" -Recurse",
    "bin": [
        "digikam.exe",
        "showfoto.exe"
    ],
    "shortcuts": [
        [
            "digikam.exe",
            "digiKam"
        ],
        [
            "showfoto.exe",
            "Showfoto"
        ]
    ],
    "checkver": {
        "url": "https://www.digikam.org/download/",
        "regex": "digiKam-([\\d.]+)(-Qt6)?-Win64"
    },
    "autoupdate": {
        "architecture": {
            "64bit": {
                "url": "https://download.kde.org/stable/digikam/$version/digiKam-$version-Qt6-Win64.exe#/dl.7z"
            }
        },
        "hash": {
            "url": "$url.mirrorlist",
            "regex": "$sha256"
        }
    }
}
