{
    "version": "1.0.9156-20",
    "description": "Free Voice and Text Chat",
    "homepage": "https://discord.com/",
    "license": {
        "identifier": "Freeware",
        "url": "https://discord.com/terms"
    },
    "architecture": {
        "64bit": {
            "url": "https://github.com/portapps/discord-portable/releases/download/1.0.9156-20/discord-portable-win64-1.0.9156-20.7z",
            "hash": "8c3afdff25e3f0954a1e681c40573e59a51403c57fcf1fdd8d57eb38595a0d35"
        }
    },
    "shortcuts": [
        [
            "discord-portable.exe",
            "Discord"
        ]
    ],
    "persist": [
        "data",
        "log"
    ],
    "checkver": {
        "url": "https://github.com/portapps/discord-portable",
        "regex": "/releases/tag/(?:v|V)?([\\d.-]+)"
    },
    "autoupdate": {
        "architecture": {
            "64bit": {
                "url": "https://github.com/portapps/discord-portable/releases/download/$version/discord-portable-win64-$version.7z"
            }
        },
        "hash": {
            "url": "$baseurl/checksums.txt"
        }
    }
}
