{
    "version": "2.5.0",
    "description": "An easy-to-use Trakt/Plex Discord Rich Presence",
    "homepage": "https://github.com/afonsojramos/discrakt",
    "license": "MIT",
    "notes": [
        "Configure \"$dir\\credentials.ini\" with the required client IDs.",
        "See https://github.com/afonsojramos/discrakt#setup"
    ],
    "architecture": {
        "64bit": {
            "url": [
                "https://github.com/afonsojramos/discrakt/releases/download/v2.5.0/discrakt_win64.exe#/discrakt.exe",
                "https://github.com/afonsojramos/discrakt/releases/download/v2.5.0/credentials.ini"
            ],
            "hash": [
                "713e7c1bfdc74384b1f27e688ebb9a120e46cbae9c62b63d505c8bd932593d36",
                "419b245ee6bdfb873364e1a580078c1c10a5bf0180c935ac8399b50b70f57bb3"
            ]
        }
    },
    "bin": "discrakt.exe",
    "persist": "credentials.ini",
    "checkver": "github",
    "autoupdate": {
        "architecture": {
            "64bit": {
                "url": [
                    "https://github.com/afonsojramos/discrakt/releases/download/v$version/discrakt_win64.exe#/discrakt.exe",
                    "https://github.com/afonsojramos/discrakt/releases/download/v$version/credentials.ini"
                ]
            }
        }
    }
}
