{
    "version": "5.6.1.1580",
    "description": "Utility for data recovery, disk partition management, backup & restore",
    "homepage": "https://www.diskgenius.com",
    "license": "Unknown",
    "architecture": {
        "64bit": {
            "url": "https://download2.eassos.com/DGEng5611580_x64.zip",
            "hash": "4fef569e461bc81746da5569771f78d08acfcfedc37f984729c34129c52370da"
        },
        "32bit": {
            "url": "https://download2.eassos.com/DGEng5611580_x86.zip",
            "hash": "fb49191c1a4e2df1a676288e483b767d8766cddf34a17beb255d0bb8239c2c86"
        }
    },
    "extract_dir": "DiskGenius",
    "pre_install": "if (!(Test-Path \"$persist_dir\\Options.ini\")) { New-Item \"$dir\\Options.ini\" | Out-Null }",
    "bin": "DiskGenius.exe",
    "shortcuts": [
        [
            "DiskGenius.exe",
            "DiskGenius"
        ]
    ],
    "persist": "Options.ini",
    "checkver": {
        "url": "https://www.diskgenius.com/download.php",
        "regex": "Version: ([\\d.]+)"
    },
    "autoupdate": {
        "architecture": {
            "64bit": {
                "url": "https://download2.eassos.com/DGEng$cleanVersion_x64.zip"
            },
            "32bit": {
                "url": "https://download2.eassos.com/DGEng$cleanVersion_x86.zip"
            }
        }
    }
}
