{
    "version": "10.1.1002.1B",
    "description": "A gatis Windows utility similar to DISM, but with a GUI and based on CBS",
    "homepage": "https://github.com/Chuyu-Team/Dism-Multi-language/",
    "license": "MIT",
    "url": "https://github.com/Chuyu-Team/Dism-Multi-language/releases/download/v10.1.1002.2/Dism++10.1.1002.1B.zip",
    "hash": "5bbab96d60704854efd8246a7d9371688b9102261544827fc8884126d70bcb3b",
    "pre_install": [
        "if (!(Test-Path \"$persist_dir\\Config\\Config.ini\")) {",
        "    ensure \"$dir\\Config\" | Out-Null",
        "    New-Item \"$dir\\Config\\Config.ini\" | Out-Null",
        "}"
    ],
    "architecture": {
        "64bit": {
            "bin": [
                "DISM++x64.exe",
                [
                    "DISM++x64.exe",
                    "DISM++"
                ]
            ],
            "shortcuts": [
                [
                    "DISM++x64.exe",
                    "DISM++"
                ]
            ]
        },
        "32bit": {
            "bin": [
                "DISM++x86.exe",
                [
                    "DISM++x86.exe",
                    "DISM++"
                ]
            ],
            "shortcuts": [
                [
                    "DISM++x86.exe",
                    "DISM++"
                ]
            ]
        },
        "arm64": {
            "bin": [
                "DISM++ARM64.exe",
                [
                    "DISM++ARM64.exe",
                    "DISM++"
                ]
            ],
            "shortcuts": [
                [
                    "DISM++ARM64.exe",
                    "DISM++"
                ]
            ]
        }
    },
    "persist": "Config\\Config.ini",
    "checkver": {
        "url": "https://api.github.com/repositories/74809720/releases/latest",
        "jsonpath": "$.assets[0].browser_download_url",
        "regex": "v(?<tag>[\\d.]+)/Dism%2B%2B(?<version>[\\d.]+[\\w]?)\\.zip"
    },
    "autoupdate": {
        "url": "https://github.com/Chuyu-Team/Dism-Multi-language/releases/download/v$matchTag/Dism++$version.zip"
    }
}
