{
    "version": "0.5.0.2",
    "description": "A fork of 0CC-FamiTracker that incorporates numerous fixes and features",
    "homepage": "https://github.com/Dn-Programming-Core-Management/Dn-FamiTracker",
    "license": "GPL-3.0-only",
    "architecture": {
        "64bit": {
            "url": "https://github.com/Dn-Programming-Core-Management/Dn-FamiTracker/releases/download/Dn0.5.0.2/Dn-FamiTracker_v0502_x64_Release.7z",
            "hash": "46be1634a1ae570123f567ffc830640ae6e1bd10389b9593b0c64666769a7d4d"
        },
        "32bit": {
            "url": "https://github.com/Dn-Programming-Core-Management/Dn-FamiTracker/releases/download/Dn0.5.0.2/Dn-FamiTracker_v0502_Win32_Release.7z",
            "hash": "9e26a058a750feeb329a7bc29b497caf2620c82a8c6a22e63d33334f5935b35a"
        }
    },
    "bin": "Dn-FamiTracker.exe",
    "shortcuts": [
        [
            "Dn-FamiTracker.exe",
            "Dn-FamiTracker"
        ]
    ],
    "checkver": {
        "github": "https://github.com/Dn-Programming-Core-Management/Dn-FamiTracker",
        "regex": "Dn([\\d.]+)"
    },
    "autoupdate": {
        "architecture": {
            "64bit": {
                "url": "https://github.com/Dn-Programming-Core-Management/Dn-FamiTracker/releases/download/Dn$version/Dn-FamiTracker_v$cleanVersion_x64_Release.7z"
            },
            "32bit": {
                "url": "https://github.com/Dn-Programming-Core-Management/Dn-FamiTracker/releases/download/Dn$version/Dn-FamiTracker_v$cleanVersion_Win32_Release.7z"
            }
        }
    }
}
