{
    "version": "4.2.84.0",
    "description": "Graphical GREP tool to search across text files, Word and Excel documents, PDFs and archives",
    "homepage": "http://dngrep.github.io/",
    "license": "GPL-3.0-only",
    "architecture": {
        "64bit": {
            "url": "https://github.com/dnGrep/dnGrep/releases/download/v4.2.84.0/dnGREP.4.2.84.x64.msi",
            "hash": "a079dbdd547e5ff344d88576ecfbf2b4370634619d3b8c5cfb7774bea8c0cadb"
        },
        "32bit": {
            "url": "https://github.com/dnGrep/dnGrep/releases/download/v4.2.84.0/dnGREP.4.2.84.x86.msi",
            "hash": "8d9f713a02125d93afaed2cd7ebbf38463b78a00966b8de6deda4f37159e13c1"
        }
    },
    "pre_install": [
        "$cont = '<?xml version=\"1.0\" encoding=\"utf-8\"?><dictionary version=\"2\"></dictionary>'",
        "if (!(Test-Path \"$persist_dir\\dnGREP.Settings.dat\")) { Set-Content \"$dir\\dnGREP.Settings.dat\" $cont -Encoding 'ascii' }",
        "Copy-Item \"$persist_dir\\Themes\\*\" \"$dir\\Themes\" -ErrorAction 'SilentlyContinue' -Recurse"
    ],
    "extract_dir": "dnGREP",
    "bin": "dnGREP.exe",
    "shortcuts": [
        [
            "dnGREP.exe",
            "dnGREP"
        ]
    ],
    "persist": "dnGREP.Settings.dat",
    "pre_uninstall": "Copy-Item \"$dir\\Themes\\*\" \"$persist_dir\\Themes\" -ErrorAction 'SilentlyContinue' -Recurse",
    "checkver": {
        "github": "https://github.com/dnGrep/dnGrep"
    },
    "autoupdate": {
        "architecture": {
            "64bit": {
                "url": "https://github.com/dnGrep/dnGrep/releases/download/v$version/dnGREP.$matchHead.x64.msi",
                "hash": {
                    "url": "https://github.com/dnGrep/dnGrep/releases/v$version",
                    "regex": "x64.msi[<>/\\w\\n: \\(\\)]+SHA256: ($sha256)"
                }
            },
            "32bit": {
                "url": "https://github.com/dnGrep/dnGrep/releases/download/v$version/dnGREP.$matchHead.x86.msi",
                "hash": {
                    "url": "https://github.com/dnGrep/dnGrep/releases/v$version",
                    "find": "x86.msi[<>/\\w\\n: \\(\\)]+SHA256: ($sha256)"
                }
            }
        }
    }
}
