{
    "version": "2.3",
    "description": "Quickly and easily change IPv4 and IPv6 DNS settings.",
    "homepage": "https://www.sordum.org/dns-jumper/",
    "license": {
        "identifier": "Freeware",
        "url": "https://www.sordum.org/eula/"
    },
    "url": "https://www.sordum.org/files/dns-jumper/DnsJumper.zip",
    "hash": "420440dafccced5bc2b30d859471d3a605e1613f1a2c3af2c9e3e9ad1f275314",
    "extract_dir": "DnsJumper",
    "bin": "dnsjumper.exe",
    "shortcuts": [
        [
            "dnsjumper.exe",
            "DNS Jumper"
        ]
    ],
    "persist": "DnsJumper.ini",
    "checkver": {
        "url": "http://www.sordum.org/updates/dnsjumper.upt",
        "regex": ";DnsJumper\\|([\\d.]+)\\|\\d"
    },
    "autoupdate": {
        "url": "https://www.sordum.org/files/dns-jumper/DnsJumper.zip"
    }
}
