{
    "version": "6.5.1",
    "description": "Continuation of the dnSpy project, a .NET debugger and assembly editor.",
    "homepage": "https://github.com/dnSpyEx/dnSpy",
    "license": "GPL-3.0-or-later",
    "architecture": {
        "64bit": {
            "url": "https://github.com/dnSpyEx/dnSpy/releases/download/v6.5.1/dnSpy-net-win64.zip",
            "hash": "7b4e16ffdeded7e27785377f110388e4afb52250d4606246d52154e935be0ee8"
        },
        "32bit": {
            "url": "https://github.com/dnSpyEx/dnSpy/releases/download/v6.5.1/dnSpy-net-win32.zip",
            "hash": "90f31f7af3250c19e28641f37ed627e9aeb67b27332dd8e125084d605035c668"
        }
    },
    "bin": "dnSpy.Console.exe",
    "shortcuts": [
        [
            "dnSpy.exe",
            "dnSpy"
        ]
    ],
    "checkver": "github",
    "autoupdate": {
        "architecture": {
            "64bit": {
                "url": "https://github.com/dnSpyEx/dnSpy/releases/download/v$version/dnSpy-net-win64.zip"
            },
            "32bit": {
                "url": "https://github.com/dnSpyEx/dnSpy/releases/download/v$version/dnSpy-net-win32.zip"
            }
        }
    }
}
