{
    "version": "1.2",
    "description": "Academic literature suite",
    "homepage": "http://www.docear.org",
    "license": {
        "identifier": "Freeware",
        "url": "http://www.docear.org/software/download/"
    },
    "url": "http://docear.org/downloads/docear_windows.zip",
    "hash": "3c26e43f1c60b0a983cd3c9ba621d1c8d9fa7fdc59203978a086465cfff6f613",
    "pre_install": [
        "Move-Item \"$dir\\docear-*\\*\" \"$dir\"",
        "Remove-Item \"$dir\\docear-*\""
    ],
    "bin": "docear.exe",
    "shortcuts": [
        [
            "docear.exe",
            "Docear"
        ]
    ]
}
