{
    "version": "1.2600.0.240409",
    "description": "Docker command completion for PowerShell",
    "homepage": "https://github.com/matt9ucci/DockerCompletion",
    "license": "MIT",
    "url": "https://psg-prod-eastus.azureedge.net/packages/dockercompletion.1.2600.0.240409.nupkg",
    "hash": "82a7f8bf46c53cbbafd7f6bf2dcbfe64757a2d2e4ff25edb6cefa8242400f48d",
    "pre_install": "Remove-Item \"$dir\\_rels\", \"$dir\\package\", \"$dir\\*Content*.xml\" -Recurse",
    "psmodule": {
        "name": "DockerCompletion"
    },
    "checkver": {
        "url": "https://www.powershellgallery.com/packages/DockerCompletion",
        "regex": "<h2>([\\d.]+)</h2>"
    },
    "autoupdate": {
        "url": "https://psg-prod-eastus.azureedge.net/packages/dockercompletion.$version.nupkg"
    }
}
