{
    "version": "24.08-4594",
    "description": "A file manager developed by KDE that lets you navigate and browse the contents of your hard drives, USB sticks, SD cards, and more.",
    "homepage": "https://apps.kde.org/dolphin/",
    "license": "GPL-2.0-or-later",
    "notes": [
        "- 'Move to trash' is not working in the KDE Dolphin for Windows as reported in 'https://www.mail-archive.com/kde-bugs-dist@kde.org/msg677905.html'.",
        "- If you click the storage info widget on the right-bottom of the KDE Dolphin for Windows, you don't need to download the software that it will show because it doesn't change something even if you put the software under the system PATH.",
        "- If you want a somehow smooth experience of the KDE Dolphin for Windows, you can enable 'Delete' in 'Context Menu' under 'Configure Dolphin...'. But YOU SHOULD KNOW the 'Delete' can PERMANENTLY delete files.",
        "- If you want to get the latest development branch-based installer, please install `dolphin-nightly` from Versions bucket."
    ],
    "architecture": {
        "64bit": {
            "url": "https://cdn.kde.org/ci-builds/system/dolphin/release-24.08/windows/dolphin-release_24.08-4594-windows-cl-msvc2022-x86_64.7z",
            "hash": "da5fc7568d5280089e4935ee7befc246d68f877dad7d9fd8f26b1f460cafc271"
        }
    },
    "bin": "bin\\dolphin.exe",
    "shortcuts": [
        [
            "bin\\dolphin.exe",
            "Dolphin"
        ]
    ],
    "checkver": {
        "url": "https://cdn.kde.org/ci-builds/system/dolphin/release-24.08/windows/",
        "regex": "dolphin-release_([\\d.-]+)-windows-cl-(?<lib>\\w+)-x86_64\\.7z"
    },
    "autoupdate": {
        "architecture": {
            "64bit": {
                "url": "https://cdn.kde.org/ci-builds/system/dolphin/release-$matchHead/windows/dolphin-release_$version-windows-cl-$matchLib-x86_64.7z",
                "hash": {
                    "url": "$url.sha256"
                }
            }
        }
    }
}
