{
    "version": "2.0.10.4000",
    "description": "Audio player which tries to make organizing and listening to music as simple and pretty as possible.",
    "homepage": "https://www.digimezzo.com/software/dopamine/",
    "license": "GPL-3.0",
    "url": "https://github.com/digimezzo/dopamine-windows/releases/download/v2.0.10.4000/Dopamine.2.0.10.Release.-.Portable.zip",
    "hash": "6a4d52567e27484483df3b6fd7d3538cb56373817bf1caa74997b6cd0b2b5d67",
    "pre_install": [
        "if (!(Test-Path \"$persist_dir\\Dopamine\\Settings.xml\")) {",
        "    New-Item \"$dir\\Dopamine\" -ItemType Directory | Out-Null",
        "    Copy-Item \"$dir\\BaseSettings.xml\" \"$dir\\Dopamine\\Settings.xml\"",
        "}"
    ],
    "shortcuts": [
        [
            "Dopamine.exe",
            "Dopamine"
        ]
    ],
    "persist": [
        "Dopamine\\ColorSchemes",
        "Dopamine\\Equalizer",
        "Dopamine\\log",
        "Dopamine\\Settings.xml"
    ],
    "checkver": {
        "github": "https://github.com/digimezzo/dopamine-windows"
    },
    "autoupdate": {
        "url": "https://github.com/digimezzo/dopamine-windows/releases/download/v$version/Dopamine.$matchHead.Release.-.Portable.zip"
    }
}
