{
    "version": "2024.07.01",
    "description": "Fork of DOSBox, an Intel x86-based PC emulator, complete with sound, graphics, mouse, joystick, modem, etc.",
    "homepage": "https://dosbox-x.com",
    "license": "GPL-2.0-or-later",
    "architecture": {
        "64bit": {
            "url": "https://github.com/joncampbell123/dosbox-x/releases/download/dosbox-x-v2024.07.01/dosbox-x-vsbuild-win64-20240702034526.zip",
            "hash": "fb9c16cf38ab4b76b4c2e159f54c3203e41931164f48cde5c0637a40db5814a1",
            "extract_dir": "bin\\x64\\Release SDL2"
        },
        "32bit": {
            "url": "https://github.com/joncampbell123/dosbox-x/releases/download/dosbox-x-v2024.07.01/dosbox-x-vsbuild-win32-20240702034526.zip",
            "hash": "6066d6086f6974bd9e2151a31f27dba112c3408743dd9a3aa9b309197d42c591",
            "extract_dir": "bin\\Win32\\Release SDL2"
        },
        "arm64": {
            "url": "https://github.com/joncampbell123/dosbox-x/releases/download/dosbox-x-v2024.07.01/dosbox-x-vsbuild-arm64-20240702034526.zip",
            "hash": "944b53eeb134b8e96b860006f0de67e3871dea8485b5a7e2c9d8818b6d506c75",
            "extract_dir": "bin\\ARM64\\Release SDL2"
        }
    },
    "pre_install": "if (!(Test-Path \"$persist_dir\\dosbox.conf\")) { Copy-Item \"$dir\\dosbox-x.reference.conf\" \"$dir\\dosbox.conf\" }",
    "bin": "dosbox-x.exe",
    "shortcuts": [
        [
            "dosbox-x.exe",
            "DOSBox-X"
        ]
    ],
    "persist": "dosbox.conf",
    "checkver": {
        "url": "https://api.github.com/repositories/19881421/releases/latest",
        "jsonpath": "$.assets..browser_download_url",
        "regex": "dosbox-x-v([\\d.]+).*vsbuild-arm64-(?<releasearm64>\\d+).*vsbuild-win32-(?<releasewin32>\\d+).*vsbuild-win64-(?<releasewin64>\\d+)"
    },
    "autoupdate": {
        "architecture": {
            "64bit": {
                "url": "https://github.com/joncampbell123/dosbox-x/releases/download/dosbox-x-v$version/dosbox-x-vsbuild-win64-$matchReleasewin64.zip"
            },
            "32bit": {
                "url": "https://github.com/joncampbell123/dosbox-x/releases/download/dosbox-x-v$version/dosbox-x-vsbuild-win32-$matchReleasewin32.zip"
            },
            "arm64": {
                "url": "https://github.com/joncampbell123/dosbox-x/releases/download/dosbox-x-v$version/dosbox-x-vsbuild-arm64-$matchReleasearm64.zip"
            }
        }
    }
}
