{
    "version": "0.81.2",
    "description": "A DOS/x86 emulator based on DOSBox which focuses on ease of use.",
    "homepage": "https://dosbox-staging.github.io/",
    "license": "GPL-2.0-or-later",
    "architecture": {
        "64bit": {
            "url": "https://github.com/dosbox-staging/dosbox-staging/releases/download/v0.81.2/dosbox-staging-windows-v0.81.2.zip",
            "hash": "d7ec6054ae58d287c3ad5fbf4c3df732ea3fd75ae828c8f4481fcf7c6203d168",
            "extract_dir": "dosbox-staging-v0.81.2"
        }
    },
    "pre_install": "if (!(Test-Path \"$persist_dir\\dosbox-staging.conf\")) { New-Item -ItemType File \"$dir\\dosbox-staging.conf\" | Out-Null }",
    "bin": [
        "dosbox.exe",
        "dosbox_with_debugger.exe"
    ],
    "shortcuts": [
        [
            "dosbox.exe",
            "DOSBox Staging"
        ]
    ],
    "persist": [
        "dosbox-staging.conf",
        "glshaders",
        "mt32-roms",
        "soundfonts"
    ],
    "checkver": {
        "github": "https://github.com/dosbox-staging/dosbox-staging"
    },
    "autoupdate": {
        "architecture": {
            "64bit": {
                "url": "https://github.com/dosbox-staging/dosbox-staging/releases/download/v$version/dosbox-staging-windows-v$version.zip",
                "extract_dir": "dosbox-staging-v$version"
            }
        }
    },
    "notes": "For config file examples, see: https://github.com/dosbox-staging/dosbox-staging/wiki/Config-file-examples"
}
