{
    "version": "2024.2.4",
    "description": "DotMemory. Memory Profile & Unit testing framework for .NET by JetBrains.",
    "homepage": "https://www.jetbrains.com/dotmemory/",
    "license": {
        "identifier": "Proprietary",
        "url": "https://www.jetbrains.com/store/license.html"
    },
    "architecture": {
        "64bit": {
            "url": "https://download.jetbrains.com/resharper/dotUltimate.2024.2.4/dotMemory.UI.64.2024.2.4.exe#/dotMemory.exe",
            "hash": "7d10be8e509fa614dc2aa2e84434da4bd97bfbcf0a4dda822aca44ff33c4378b"
        }
    },
    "shortcuts": [
        [
            "dotMemory.exe",
            "dotMemory"
        ]
    ],
    "checkver": {
        "url": "https://data.services.jetbrains.com/products/releases?code=DM&latest=true&platform=zip&type=release",
        "jsonpath": "$..version"
    },
    "autoupdate": {
        "architecture": {
            "64bit": {
                "url": "https://download.jetbrains.com/resharper/dotUltimate.$version/dotMemory.UI.64.$version.exe#/dotMemory.exe"
            }
        },
        "hash": {
            "url": "$url.sha256"
        }
    }
}
