{
    "version": "2024.2.4",
    "description": "Free .NET Decompiler and Assembly Browser",
    "homepage": "https://www.jetbrains.com/decompiler/",
    "license": {
        "identifier": "Proprietary",
        "url": "https://www.jetbrains.com/decompiler/download/license.html"
    },
    "architecture": {
        "64bit": {
            "url": "https://download.jetbrains.com/resharper/dotUltimate.2024.2.4/dotPeek64.2024.2.4.exe#/dotpeek.exe",
            "hash": "141a6295c284368b52aef345ef1c03eb6692450707e7d9cbd4ae146c0d02a6f0"
        },
        "32bit": {
            "url": "https://download.jetbrains.com/resharper/dotUltimate.2024.2.4/dotPeek32.2024.2.4.exe#/dotpeek.exe",
            "hash": "967347bcf98eb867df42a63b0336970ecd38504e174bedb7765f31ef440b5537"
        }
    },
    "shortcuts": [
        [
            "dotpeek.exe",
            "dotPeek"
        ]
    ],
    "checkver": {
        "url": "https://data.services.jetbrains.com/products/releases?code=DPK&latest=true&platform=zip&type=release",
        "jsonpath": "$..version"
    },
    "autoupdate": {
        "architecture": {
            "64bit": {
                "url": "https://download.jetbrains.com/resharper/dotUltimate.$version/dotPeek64.$version.exe#/dotpeek.exe"
            },
            "32bit": {
                "url": "https://download.jetbrains.com/resharper/dotUltimate.$version/dotPeek32.$version.exe#/dotpeek.exe"
            }
        },
        "hash": {
            "url": "$url.sha256"
        }
    }
}
