{
    "version": "2024.2.4",
    "description": "DotTrace. .NET Performace Profiler by JetBrains.",
    "homepage": "https://www.jetbrains.com/profiler/",
    "license": {
        "identifier": "Proprietary",
        "url": "https://www.jetbrains.com/store/license.html"
    },
    "architecture": {
        "64bit": {
            "url": "https://download.jetbrains.com/resharper/dotUltimate.2024.2.4/dotTrace64.2024.2.4.exe#/dotTrace.exe",
            "hash": "fce28ca2a009bc9ca24f0d95e42221e153360a6fa2c055fc09cc5911044b773d"
        },
        "32bit": {
            "url": "https://download.jetbrains.com/resharper/dotUltimate.2024.2.4/dotTrace32.2024.2.4.exe#/dotTrace.exe",
            "hash": "888b6590ef5cfa248e18ae09135e44609556c4311ae07d1392985b761b5a2a5d"
        }
    },
    "shortcuts": [
        [
            "dotTrace.exe",
            "dotTrace"
        ]
    ],
    "checkver": {
        "url": "https://data.services.jetbrains.com/products/releases?code=DP&latest=true&platform=zip&type=release",
        "jsonpath": "$..version"
    },
    "autoupdate": {
        "architecture": {
            "64bit": {
                "url": "https://download.jetbrains.com/resharper/dotUltimate.$version/dotTrace64.$version.exe#/dotTrace.exe"
            },
            "32bit": {
                "url": "https://download.jetbrains.com/resharper/dotUltimate.$version/dotTrace32.$version.exe#/dotTrace.exe"
            }
        },
        "hash": {
            "url": "$url.sha256"
        }
    }
}
