{
    "version": "1.1.17",
    "description": "Two pane file manager inspired by Total Commander",
    "homepage": "https://doublecmd.sourceforge.io/",
    "license": "GPL-2.0-only",
    "architecture": {
        "64bit": {
            "url": "https://downloads.sourceforge.net/project/doublecmd/DC%20for%20Windows%2064%20bit/Double%20Commander%201.1.17/doublecmd-1.1.17.x86_64-win64.zip",
            "hash": "sha1:1ec444ffc004158656279b666eb3299b54ca623c"
        },
        "32bit": {
            "url": "https://downloads.sourceforge.net/project/doublecmd/DC%20for%20Windows%2032%20bit/Double%20Commander%201.1.17/doublecmd-1.1.17.i386-win32.zip",
            "hash": "sha1:27b0cac13ca0eba13d398f2a61442d1accf2295d"
        }
    },
    "extract_dir": "doublecmd",
    "bin": "doublecmd.exe",
    "shortcuts": [
        [
            "doublecmd.exe",
            "Double Commander"
        ]
    ],
    "persist": "settings",
    "checkver": {
        "url": "https://sourceforge.net/p/doublecmd/wiki/Download/",
        "regex": "doublecmd-([\\d.]+)\\.i386-win32\\.zip"
    },
    "autoupdate": {
        "architecture": {
            "64bit": {
                "url": "https://downloads.sourceforge.net/project/doublecmd/DC%20for%20Windows%2064%20bit/Double%20Commander%20$version/doublecmd-$version.x86_64-win64.zip"
            },
            "32bit": {
                "url": "https://downloads.sourceforge.net/project/doublecmd/DC%20for%20Windows%2032%20bit/Double%20Commander%20$version/doublecmd-$version.i386-win32.zip"
            }
        }
    }
}
