{
    "version": "2.1.2",
    "description": "A CLI tool combining multiple utilities for working with Dolby Vision.",
    "homepage": "https://github.com/quietvoid/dovi_tool",
    "license": "MIT",
    "architecture": {
        "64bit": {
            "url": "https://github.com/quietvoid/dovi_tool/releases/download/2.1.2/dovi_tool-2.1.2-x86_64-pc-windows-msvc.zip",
            "hash": "0b83ab75654bdb454ef6c1ef99e162356c2e827dc433314320c760cdd9e5a998"
        },
        "arm64": {
            "url": "https://github.com/quietvoid/dovi_tool/releases/download/2.1.2/dovi_tool-2.1.2-aarch64-pc-windows-msvc.zip",
            "hash": "57b43db91cd977e9a453431c03f399408c81cd5862d2b93f579dee23bf342cf9"
        }
    },
    "bin": "dovi_tool.exe",
    "checkver": "github",
    "autoupdate": {
        "architecture": {
            "64bit": {
                "url": "https://github.com/quietvoid/dovi_tool/releases/download/$version/dovi_tool-$version-x86_64-pc-windows-msvc.zip"
            },
            "arm64": {
                "url": "https://github.com/quietvoid/dovi_tool/releases/download/$version/dovi_tool-$version-aarch64-pc-windows-msvc.zip"
            }
        },
        "hash": {
            "url": "$url.sha256"
        }
    }
}
