{
    "version": "24.7.8",
    "description": "Professional diagramming",
    "homepage": "https://www.diagrams.net",
    "license": "Apache-2.0",
    "architecture": {
        "64bit": {
            "url": "https://github.com/jgraph/drawio-desktop/releases/download/v24.7.8/draw.io-24.7.8-windows-installer.exe#/dl.7z",
            "hash": "7c85943e8392f8c277857a345bcd39898907d49f6f8b7c073df39c9dedeb2691",
            "pre_install": [
                "Expand-7zipArchive \"$dir\\`$PLUGINSDIR\\app-64.7z\" \"$dir\"",
                "Remove-Item \"$dir\\`$*\", \"$dir\\Uninstall*\" -Recurse"
            ]
        },
        "32bit": {
            "url": "https://github.com/jgraph/drawio-desktop/releases/download/v24.7.8/draw.io-ia32-24.7.8-windows-32bit-installer.exe#/dl.7z",
            "hash": "d38cc577c12a4625bdfdf4f83c4a87a64581d9ec410de8f79a44b62f0bbf4363",
            "pre_install": [
                "Expand-7zipArchive \"$dir\\`$PLUGINSDIR\\app-32.7z\" \"$dir\"",
                "Remove-Item \"$dir\\`$*\", \"$dir\\Uninstall*\" -Recurse"
            ]
        }
    },
    "bin": "draw.io.exe",
    "shortcuts": [
        [
            "draw.io.exe",
            "draw.io"
        ]
    ],
    "checkver": {
        "github": "https://github.com/jgraph/drawio-desktop"
    },
    "autoupdate": {
        "architecture": {
            "64bit": {
                "url": "https://github.com/jgraph/drawio-desktop/releases/download/v$version/draw.io-$version-windows-installer.exe#/dl.7z"
            },
            "32bit": {
                "url": "https://github.com/jgraph/drawio-desktop/releases/download/v$version/draw.io-ia32-$version-windows-32bit-installer.exe#/dl.7z"
            }
        },
        "hash": {
            "url": "$baseurl/Files-SHA256-Hashes.txt",
            "regex": "$basename\\s*?$sha256"
        }
    }
}
