{
    "version": "2.2.1",
    "description": "A drawing program that lets you draw, paint and animate together with others on the same canvas",
    "homepage": "https://drawpile.net/",
    "license": "GPL-3.0-or-later",
    "architecture": {
        "64bit": {
            "url": "https://github.com/drawpile/Drawpile/releases/download/2.2.1/Drawpile-2.2.1-64bit.zip",
            "hash": "26fe00dcf4bc358b1c23e509747c420df4e146eaf79c87d83e16c09166ff187e",
            "extract_dir": "Drawpile-2.2.1-64bit"
        },
        "32bit": {
            "url": "https://github.com/drawpile/Drawpile/releases/download/2.2.1/Drawpile-2.2.1-32bit.zip",
            "hash": "deeb4e043f9286f7800698896fadb054925e2aa349e60e44bdea7ee8f785e628",
            "extract_dir": "Drawpile-2.2.1-32bit"
        }
    },
    "shortcuts": [
        [
            "drawpile.exe",
            "Drawpile"
        ]
    ],
    "checkver": {
        "github": "https://github.com/drawpile/Drawpile"
    },
    "autoupdate": {
        "architecture": {
            "64bit": {
                "url": "https://github.com/drawpile/Drawpile/releases/download/$version/Drawpile-$version-64bit.zip",
                "extract_dir": "Drawpile-$version-64bit"
            },
            "32bit": {
                "url": "https://github.com/drawpile/Drawpile/releases/download/$version/Drawpile-$version-32bit.zip",
                "extract_dir": "Drawpile-$version-32bit"
            }
        }
    }
}
