{
    "version": "2.4.13",
    "description": "Satellite receivers settings editor",
    "homepage": "https://www.dreamset-editor.com/index.php",
    "license": "Freeware",
    "architecture": {
        "64bit": {
            "url": "https://www.dreamset-editor.com/files/dreamset2413x64.zip",
            "hash": "e61dc8125941076eb56c0db452be1b750f9fa20b78ccd3f62f35d05c6b980e82"
        },
        "32bit": {
            "url": "https://www.dreamset-editor.com/files/dreamset2413.zip",
            "hash": "a9230ca2ed706aa63fff8bd1baf782dd2b5107d900c5245f3385d4f9e3ed4f6a"
        }
    },
    "shortcuts": [
        [
            "dreamset.exe",
            "Dreamset"
        ]
    ],
    "checkver": {
        "url": "https://www.dreamset-editor.com/dreamset-history",
        "regex": "-\\s+ver\\s+([\\d.]+)"
    },
    "autoupdate": {
        "architecture": {
            "64bit": {
                "url": "https://www.dreamset-editor.com/files/dreamset$cleanVersionx64.zip"
            },
            "32bit": {
                "url": "https://www.dreamset-editor.com/files/dreamset$cleanVersion.zip"
            }
        }
    }
}
