{
    "version": "0.11.92",
    "description": "A GUI tool to manage Windows driver store",
    "homepage": "https://github.com/lostindark/DriverStoreExplorer",
    "license": "GPL-2.0-or-later",
    "url": "https://github.com/lostindark/DriverStoreExplorer/releases/download/v0.11.92/DriverStoreExplorer.v0.11.92.zip",
    "hash": "b80405b180fa879ceccbc87c27febe815605bf5ff7c25f25347fc85d6eda4b5f",
    "bin": "Rapr.exe",
    "shortcuts": [
        [
            "Rapr.exe",
            "DriverStore Explorer"
        ]
    ],
    "checkver": "github",
    "autoupdate": {
        "url": "https://github.com/lostindark/DriverStoreExplorer/releases/download/v$version/DriverStoreExplorer.v$version.zip"
    }
}
