{
    "version": "1.22.021813",
    "description": "A taskbar for the second monitor",
    "homepage": "https://sourceforge.net/projects/dualmonitortb/",
    "license": "GPL-3.0-or-later",
    "url": "https://download.sourceforge.net/project/dualmonitortb/Releases/v01.22.021813/DualMonitor%201.22%20Setup.exe",
    "hash": "sha1:9203c5bc898d6d9c2e4febd40bc995811733bed6",
    "innosetup": true,
    "bin": "DualMonitor.exe",
    "shortcuts": [
        [
            "DualMonitor.exe",
            "DualMonitor"
        ]
    ],
    "checkver": {
        "url": "https://sourceforge.net/projects/dualmonitortb/files/",
        "regex": "\\*{3}\\s+Version\\s+([\\d.]+)"
    },
    "autoupdate": {
        "url": "https://download.sourceforge.net/project/dualmonitortb/Releases/v0$version/DualMonitor%20$majorVersion.$minorVersion%20Setup.exe"
    }
}
