{
    "version": "2.10",
    "description": "Set of utilities for managing multiple monitor setups.",
    "homepage": "http://dualmonitortool.sourceforge.net/",
    "license": "GPL-3.0-only",
    "url": "https://downloads.sourceforge.net/project/dualmonitortool/dualmonitortool/2.10/DualMonitorTools-2.10.zip",
    "hash": "sha1:4efdfa7ccad0602ad2190eac0cb1c28a9d1b0063",
    "pre_install": [
        "if (-not (Test-Path \"$persist_dir\\DmtMagicWords.xml\")) { New-Item \"$dir\\DmtMagicWords.xml\" -ItemType File | Out-Null }",
        "if (-not (Test-Path \"$persist_dir\\DmtSettings.xml\")) { New-Item \"$dir\\DmtSettings.xml\" -ItemType File | Out-Null }"
    ],
    "bin": "DMT.exe",
    "shortcuts": [
        [
            "DMT.exe",
            "Dual Monitor Tools"
        ]
    ],
    "persist": [
        "DmtMagicWords.xml",
        "DmtSettings.xml"
    ],
    "checkver": "Dual Monitor Tools is ([\\d.]+)",
    "autoupdate": {
        "url": "https://downloads.sourceforge.net/project/dualmonitortool/dualmonitortool/$version/DualMonitorTools-$version.zip"
    }
}
