{
    "version": "2.2b",
    "description": "A simple C# DuckDNS updater.",
    "homepage": "https://github.com/XWolfOverride/DuckDNS",
    "license": "MIT",
    "architecture": {
        "64bit": {
            "url": "https://github.com/XWolfOverride/DuckDNS/releases/download/2.2b/DuckDNS.7z",
            "hash": "DD961749A5EB6F9D1B94707969B409B3DB199608E1B7A843D73FFD44195836C6"
        }
    },
    "shortcuts": [
        [
            "DuckDNS.exe",
            "DuckDNS"
        ]
    ],
    "checkver": {
        "url": "https://api.github.com/repositories/33678417/releases/latest",
        "regex": "/releases/tag/([\\w.]+)"
    },
    "autoupdate": {
        "architecture": {
            "64bit": {
                "url": "https://github.com/XWolfOverride/DuckDNS/releases/download/$version/DuckDNS.7z"
            }
        }
    }
}
