{
    "version": "1.40.1",
    "description": "Simple yet capable cross-platform IRC client",
    "homepage": "https://dxirc.org",
    "license": "GPL-3.0-or-later",
    "url": "https://downloads.sourceforge.net/project/dxirc/1.40.1/dxirc-1.40.1-bin.zip",
    "hash": "sha1:90b5b29ec6a833c28d3005ddb581f49c599bef08",
    "extract_dir": "dxirc",
    "shortcuts": [
        [
            "bin\\dxirc-fox.exe",
            "dxirc (FOX tookit)"
        ],
        [
            "bin\\dxirc-qt.exe",
            "dxirc (Qt toolkit)"
        ]
    ],
    "checkver": {
        "url": "https://dxsolutions.org/dxirc-version",
        "regex": "([\\d.]+)"
    },
    "autoupdate": {
        "url": "https://downloads.sourceforge.net/project/dxirc/$version/dxirc-$version-bin.zip"
    }
}
