{
    "version": "1.8",
    "description": "Exact Audio Copy using standard drives",
    "homepage": "http://www.exactaudiocopy.de",
    "license": "Freeware",
    "url": "http://www.exactaudiocopy.de/eac-1.8.exe#/dl.7z",
    "hash": "sha1:cadb6987808dfa4f54ccd41205d7ef5236f29362",
    "pre_install": "Remove-Item \"$dir\\`$PLUGINSDIR\", \"$dir\\Empty*\", \"$dir\\uninst*\" -Recurse",
    "shortcuts": [
        [
            "EAC.exe",
            "Exact Audio Copy"
        ]
    ],
    "checkver": {
        "url": "http://www.exactaudiocopy.de/en/index.php/resources/download/",
        "regex": "Exact Audio Copy\\s+V([\\d.]+)"
    },
    "autoupdate": {
        "url": "http://www.exactaudiocopy.de/eac-$version.exe#/dl.7z",
        "hash": {
            "url": "http://www.exactaudiocopy.de/en/index.php/resources/download/",
            "regex": "$sha1"
        }
    }
}
