{
    "version": "3.2.0",
    "description": "A CLI utility to build and manage a PKI CA",
    "homepage": "https://openvpn.net/easyrsa.html",
    "license": "GPL-2.0-only",
    "architecture": {
        "64bit": {
            "url": "https://github.com/OpenVPN/easy-rsa/releases/download/v3.2.0/EasyRSA-3.2.0-win64.zip",
            "hash": "d4601c531bf5ee93ff9ee2666c002880d174a7d844a6ffd9ff0f1f445d8adee6"
        },
        "32bit": {
            "url": "https://github.com/OpenVPN/easy-rsa/releases/download/v3.2.0/EasyRSA-3.2.0-win32.zip",
            "hash": "8e82beb9f8c0e530f25337cd90a9a156549b93d336c9c4b3f3fa121d07509df7"
        }
    },
    "extract_dir": "EasyRSA-3.2.0",
    "post_install": [
        "@\"",
        "setup_path=\"$($dir -replace '\\\\', '/')\"",
        "export EASYRSA=\"`${setup_path}\"",
        "export EASYRSA_PKI=\"`${setup_path}/keys/pki\"",
        "export PATH=\"`${setup_path};`${setup_path}/bin;`${PATH}\"",
        "export HOME=\"`${setup_path}\"",
        "export ENV=\"/disable-env\"",
        "`${setup_path}/easyrsa $*",
        "\"@ | Out-File \"$dir\\easyrsa-wrapper.sh\" -Encoding Ascii",
        "if (!(Test-Path \"$dir\\keys\\pki\")) { easyrsa init-pki }"
    ],
    "bin": [
        [
            "bin\\sh.exe",
            "easyrsa",
            "$dir\\easyrsa-wrapper.sh"
        ]
    ],
    "persist": "keys",
    "checkver": {
        "github": "https://github.com/OpenVPN/easy-rsa"
    },
    "autoupdate": {
        "architecture": {
            "64bit": {
                "url": "https://github.com/OpenVPN/easy-rsa/releases/download/v$version/EasyRSA-$version-win64.zip"
            },
            "32bit": {
                "url": "https://github.com/OpenVPN/easy-rsa/releases/download/v$version/EasyRSA-$version-win32.zip"
            }
        },
        "extract_dir": "EasyRSA-$version"
    }
}
