{
    "version": "1.2",
    "description": "A portable freeware to optimize services for almost all Windows versions (except for Win 98 and before).",
    "homepage": "https://www.sordum.org/easy-service-optimizer",
    "license": {
        "identifier": "Freeware",
        "url": "https://www.sordum.org/eula/"
    },
    "url": "https://www.sordum.org/files/easy-service-optimizer/eso.zip",
    "hash": "5fbf33aed96a1f86243b8e7e0f6d2f8e6a0c035bc139ca1b7c7cbebe4aae74c8",
    "extract_dir": "eso",
    "bin": "eso.exe",
    "shortcuts": [
        [
            "eso.exe",
            "Easy Service Optimizer"
        ]
    ],
    "persist": "eso.ini",
    "checkver": "Easy Service Optimizer v([\\d.]+)",
    "autoupdate": {
        "url": "https://www.sordum.org/files/easy-service-optimizer/eso.zip"
    }
}
