{
    "version": "3.2.0",
    "description": "Very simple little console class that you can use to see how PowerShell is passing parameters to legacy console apps.",
    "homepage": "https://github.com/Pscx/Pscx/",
    "license": "MIT",
    "url": "https://raw.githubusercontent.com/AnthonyMastrean/chocolateypackages/a7b3cf30a90aec53fdd7b00c2cc078502a2567a5/packages/echoargs/tools/EchoArgs.exe",
    "hash": "ad25d39c93c05f6327c565d3c0fef35c12f173a7342d2f573bb09c9146caac1d",
    "bin": "echoargs.exe"
}
