{
    "version": "1.20.0",
    "description": "Microscopic and continuous traffic simulation package designed to handle large networks",
    "homepage": "https://www.eclipse.org/sumo/",
    "license": "EPL-2.0",
    "architecture": {
        "64bit": {
            "url": "https://sumo.dlr.de/releases/1.20.0/sumo-win64-1.20.0.zip",
            "hash": "adb43702a011050c62794ea4f4520ba02134ebf328357b938513f32592882621"
        }
    },
    "extract_dir": "sumo-1.20.0",
    "bin": [
        "bin\\activitygen.exe",
        "bin\\dfrouter.exe",
        "bin\\duarouter.exe",
        "bin\\emissionsDrivingCycle.exe",
        "bin\\emissionsMap.exe",
        "bin\\jtrrouter.exe",
        "bin\\marouter.exe",
        "bin\\netconvert.exe",
        "bin\\netedit.exe",
        "bin\\netgenerate.exe",
        "bin\\od2trips.exe",
        "bin\\polyconvert.exe",
        "bin\\sumo.exe",
        "bin\\sumo-gui.exe",
        "bin\\TraCITestClient.exe"
    ],
    "shortcuts": [
        [
            "bin\\sumo-gui.exe",
            "SUMO"
        ],
        [
            "bin\\netedit.exe",
            "NETEDIT"
        ]
    ],
    "env_set": {
        "SUMO_HOME": "$dir"
    },
    "checkver": "releases/([\\d.]+)/sumo-win\\d+",
    "autoupdate": {
        "architecture": {
            "64bit": {
                "url": "https://sumo.dlr.de/releases/$version/sumo-win64-$version.zip"
            }
        },
        "extract_dir": "sumo-$version"
    }
}
