{
    "version": "4.5.2",
    "description": "Eclipse IDE for Automotive Software Developers",
    "homepage": "https://projects.eclipse.org/projects/automotive",
    "license": "EPL-1.0",
    "architecture": {
        "64bit": {
            "url": "https://archive.eclipse.org/technology/epp/downloads/release/mars/2/eclipse-automotive-mars-2-incubation-win32-x86_64.zip",
            "hash": "sha512:902cbb27824f644d422978f7beab95c9ef3d1067470099b106d3fa7848073f2ba86831bd18f872c462e0cbd2b211015d17d1ba58f69c076ced8157202f7653cb"
        },
        "32bit": {
            "url": "https://archive.eclipse.org/technology/epp/downloads/release/mars/2/eclipse-automotive-mars-2-incubation-win32.zip",
            "hash": "sha512:722782f943fff7088b3473cba2776b5d016bf8cb4c71e5f373ea8f182cde58be0c38a0bcffed0c61bc374161cb3675866bc5e86134aad3c79741d69f3befee54"
        }
    },
    "extract_dir": "eclipse",
    "shortcuts": [
        [
            "eclipse.exe",
            "Eclipse IDE for Automotive Software Developers"
        ]
    ]
}
