{
    "version": "2024-09",
    "description": "Eclipse IDE for PHP Developers",
    "homepage": "https://www.eclipse.org",
    "license": "EPL-1.0",
    "architecture": {
        "64bit": {
            "url": "http://download.eclipse.org/technology/epp/downloads/release/2024-09/R/eclipse-php-2024-09-R-win32-x86_64.zip",
            "hash": "sha512:a9f3b64be85e600d2587b4ddd406313468ceddad952470a94be2859e60ad417d6646c17513b07342b727c4e8742344a66a8258f39f691df1c529fdb774883720"
        }
    },
    "extract_dir": "eclipse",
    "shortcuts": [
        [
            "eclipse.exe",
            "Eclipse for PHP Developers"
        ]
    ],
    "checkver": {
        "url": "https://download.eclipse.org/technology/epp/downloads/release/release.xml",
        "xpath": "/packages/present",
        "regex": "([\\d-]+)"
    },
    "autoupdate": {
        "architecture": {
            "64bit": {
                "url": "http://download.eclipse.org/technology/epp/downloads/release/$version/R/eclipse-php-$version-R-win32-x86_64.zip",
                "hash": {
                    "url": "$url.sha512"
                }
            }
        }
    }
}
