{
    "version": "2024-09",
    "description": "Eclipse IDE for C and C++ Developers",
    "homepage": "https://www.eclipse.org",
    "license": "EPL-1.0",
    "architecture": {
        "64bit": {
            "url": "http://download.eclipse.org/technology/epp/downloads/release/2024-09/R/eclipse-cpp-2024-09-R-win32-x86_64.zip",
            "hash": "sha512:5fa2b632dae655cd363add5637049f73e1591f6d2ccd18b81a1119c63e991bf9a80783f0b4dbc02770e857a7f5112c0b40fcf3cfb0b2cce6300c13bbea09984f"
        }
    },
    "extract_dir": "eclipse",
    "shortcuts": [
        [
            "eclipse.exe",
            "Eclipse IDE for C and C++ Developers"
        ]
    ],
    "checkver": {
        "url": "https://download.eclipse.org/technology/epp/downloads/release/release.xml",
        "xpath": "/packages/present",
        "regex": "([\\d-]+)"
    },
    "autoupdate": {
        "architecture": {
            "64bit": {
                "url": "http://download.eclipse.org/technology/epp/downloads/release/$version/R/eclipse-cpp-$version-R-win32-x86_64.zip"
            }
        },
        "hash": {
            "url": "$url.sha512"
        }
    }
}
