{
    "version": "4.33-202409030240",
    "description": "Eclipse Platform",
    "homepage": "https://www.eclipse.org",
    "license": "EPL-1.0",
    "architecture": {
        "64bit": {
            "url": "http://download.eclipse.org/eclipse/downloads/drops4/R-4.33-202409030240/eclipse-platform-4.33-win32-x86_64.zip",
            "hash": "sha512:4a94b7ed04c42b6e557b6f0a701de86e359ca84ee47b815dc8c599f5efd36063c9eec2b9760babb15596a67b0be44baa9a15f2b1c229fcb12b71ea38548801f5"
        }
    },
    "extract_dir": "eclipse",
    "bin": "eclipsec.exe",
    "shortcuts": [
        [
            "eclipse.exe",
            "Eclipse Platform"
        ]
    ],
    "checkver": {
        "url": "https://download.eclipse.org/eclipse/downloads/",
        "regex": "/R-([\\d.-]+)/\" title=\"Latest Release"
    },
    "autoupdate": {
        "architecture": {
            "64bit": {
                "url": "http://download.eclipse.org/eclipse/downloads/drops$majorVersion/R-$version/eclipse-platform-$matchHead-win32-x86_64.zip",
                "hash": {
                    "url": "$baseurl/checksum/$basename.sha512"
                }
            }
        }
    }
}
