{
    "version": "2024-09",
    "description": "Eclipse IDE for Java Developers",
    "homepage": "https://www.eclipse.org",
    "license": "EPL-1.0",
    "architecture": {
        "64bit": {
            "url": "http://download.eclipse.org/technology/epp/downloads/release/2024-09/R/eclipse-java-2024-09-R-win32-x86_64.zip",
            "hash": "sha512:f2db8fdaf6992005ddf3a3f4d7aceda42dcc8b95858adb1c019d50e23b97f9c16e5e085b584ace47322fbfb73d2d4d114a9bb2185030be1ebf482bf34f5e7d21"
        }
    },
    "extract_dir": "eclipse",
    "shortcuts": [
        [
            "eclipse.exe",
            "Eclipse IDE for Java Developers"
        ]
    ],
    "checkver": {
        "url": "https://www.eclipse.org/downloads/packages/",
        "regex": "([\\d-]+)/R/eclipse-inst-jre-win64"
    },
    "autoupdate": {
        "architecture": {
            "64bit": {
                "url": "http://download.eclipse.org/technology/epp/downloads/release/$version/R/eclipse-java-$version-R-win32-x86_64.zip",
                "hash": {
                    "url": "$url.sha512"
                }
            }
        }
    }
}
