{
    "version": "2024-09",
    "description": "Eclipse IDE for Java and DSL Developers",
    "homepage": "https://www.eclipse.org",
    "license": "EPL-1.0",
    "architecture": {
        "64bit": {
            "url": "http://download.eclipse.org/technology/epp/downloads/release/2024-09/R/eclipse-dsl-2024-09-R-win32-x86_64.zip",
            "hash": "sha512:fd7e9b84a7f45d2f6d52e9e09cfb280cc60e5b34d3bab9998356da679fe05f865bc6d7b4c902c2a52ed21d6fd57fe4647ab2c1992ed3a1122df42e50bdb69989"
        }
    },
    "extract_dir": "eclipse",
    "shortcuts": [
        [
            "eclipse.exe",
            "Eclipse IDE for Java and DSL Developers"
        ]
    ],
    "checkver": {
        "url": "https://download.eclipse.org/technology/epp/downloads/release/release.xml",
        "xpath": "/packages/present",
        "regex": "([\\d-]+)"
    },
    "autoupdate": {
        "architecture": {
            "64bit": {
                "url": "http://download.eclipse.org/technology/epp/downloads/release/$version/R/eclipse-dsl-$version-R-win32-x86_64.zip",
                "hash": {
                    "url": "$url.sha512"
                }
            }
        }
    }
}
