{
    "version": "2020-12",
    "description": "Eclipse IDE for JavaScript and Web Developers",
    "homepage": "https://www.eclipse.org",
    "license": "EPL-1.0",
    "architecture": {
        "64bit": {
            "url": "http://download.eclipse.org/technology/epp/downloads/release/2020-12/R/eclipse-javascript-2020-12-R-win32-x86_64.zip",
            "hash": "sha512:93d75a49efde5af999f72b085f26cd66b2735655e8a1fbb3b1f5fbae1084de9efb7d39b098e3c8bb76c89ea08c73bef356992da5b66853ab93f857a1c93d6cc5"
        }
    },
    "extract_dir": "eclipse",
    "shortcuts": [
        [
            "eclipse.exe",
            "Eclipse IDE for JavaScript and Web Developers"
        ]
    ]
}
