{
    "version": "2024-09",
    "description": "Eclipse Modeling Tools",
    "homepage": "https://www.eclipse.org",
    "license": "EPL-1.0",
    "architecture": {
        "64bit": {
            "url": "http://download.eclipse.org/technology/epp/downloads/release/2024-09/R/eclipse-modeling-2024-09-R-win32-x86_64.zip",
            "hash": "sha512:9ece67234a4197923faa43b72dc63db6c65917d9bae898a7d926b9dbe4255db181c6d2c47f96c2c0c93904c87faa031f0ec445b1d85f8abf495e76699b1a5291"
        }
    },
    "extract_dir": "eclipse",
    "shortcuts": [
        [
            "eclipse.exe",
            "Eclipse Modeling Tools"
        ]
    ],
    "checkver": {
        "url": "https://download.eclipse.org/technology/epp/downloads/release/release.xml",
        "xpath": "/packages/present",
        "regex": "([\\d-]+)"
    },
    "autoupdate": {
        "architecture": {
            "64bit": {
                "url": "http://download.eclipse.org/technology/epp/downloads/release/$version/R/eclipse-modeling-$version-R-win32-x86_64.zip",
                "hash": {
                    "url": "$url.sha512"
                }
            }
        }
    }
}
