{
    "version": "2024-09",
    "description": "Eclipse IDE for Eclipse Committers",
    "homepage": "https://www.eclipse.org",
    "license": "EPL-1.0",
    "architecture": {
        "64bit": {
            "url": "http://download.eclipse.org/technology/epp/downloads/release/2024-09/R/eclipse-committers-2024-09-R-win32-x86_64.zip",
            "hash": "sha512:c70107049c36ed3497f2c471a5770324ccbdb6da11ba0577f3cb4c079e878483b50e303c07cb0641ab3b42c749710a660114ef6b4e0523287026416d5262c01e"
        }
    },
    "extract_dir": "eclipse",
    "shortcuts": [
        [
            "eclipse.exe",
            "Eclipse IDE for Eclipse Committers"
        ]
    ],
    "checkver": {
        "url": "https://download.eclipse.org/technology/epp/downloads/release/release.xml",
        "xpath": "/packages/present",
        "regex": "([\\d-]+)"
    },
    "autoupdate": {
        "architecture": {
            "64bit": {
                "url": "http://download.eclipse.org/technology/epp/downloads/release/$version/R/eclipse-committers-$version-R-win32-x86_64.zip",
                "hash": {
                    "url": "$url.sha512"
                }
            }
        }
    }
}
