{
    "version": "8.15.1",
    "description": "Distributed, RESTful Search Engine",
    "homepage": "https://www.elastic.co/products/elasticsearch",
    "license": {
        "identifier": "Freeware|Apache-2.0",
        "url": "https://github.com/elastic/elasticsearch/blob/master/LICENSE.txt"
    },
    "architecture": {
        "64bit": {
            "url": "https://artifacts.elastic.co/downloads/elasticsearch/elasticsearch-8.15.1-windows-x86_64.zip",
            "hash": "sha512:2760bdafc454249eb51c3f67c76ff19a9a65f4f6c7fba9c62c85e8903f3c2775945742b411de9bf412879d67f24c353584d1293f11b9590158430cf00836f76b"
        }
    },
    "extract_dir": "elasticsearch-8.15.1",
    "pre_install": [
        "    # Overwrite SCRIPT because elasticsearch-env.bat doesn't care if SCRIPT or ES_HOME are already set ...",
        "$file = \"$dir\\bin\\elasticsearch-env.bat\"",
        "$cont = (Get-Content \"$file\") -replace 'set SCRIPT=%0', \"set SCRIPT=$file\"",
        "Set-Content \"$file\" ($cont -join \"`r`n\") -Encoding ASCII",
        "    # use persistent data/logs directory",
        "$file = \"$dir\\config\\elasticsearch.yml\"",
        "$cont = (Get-Content \"$file\") -replace '#path.data:.*$', \"path.data: $persist_dir\\data\"",
        "$cont = $cont -replace '#path.logs:.*$', \"path.logs: $persist_dir\\logs\"",
        "Set-Content \"$file\" ($cont -join \"`r`n\") -Encoding ASCII"
    ],
    "env_add_path": "bin",
    "persist": [
        "config",
        "plugins"
    ],
    "checkver": {
        "url": "https://www.elastic.co/downloads/elasticsearch",
        "regex": "elasticsearch-([\\d.]+)-windows"
    },
    "autoupdate": {
        "architecture": {
            "64bit": {
                "url": "https://artifacts.elastic.co/downloads/elasticsearch/elasticsearch-$version-windows-x86_64.zip"
            }
        },
        "hash": {
            "url": "$url.sha512"
        },
        "extract_dir": "elasticsearch-$version"
    }
}
