{
    "version": "0.36.4",
    "description": "Create and play with small Electron experiments",
    "homepage": "https://www.electronjs.org/fiddle",
    "license": "MIT",
    "suggest": {
        "yarn": "yarn"
    },
    "architecture": {
        "64bit": {
            "url": "https://github.com/electron/fiddle/releases/download/v0.36.4/electron-fiddle-0.36.4-win32-x64-setup.exe#/dl.7z",
            "hash": "7689208621784190fc1c935033e8a2a4c3acf4c8b867527fea7fb949ab005884"
        },
        "32bit": {
            "url": "https://github.com/electron/fiddle/releases/download/v0.36.4/electron-fiddle-0.36.4-win32-ia32-setup.exe#/dl.7z",
            "hash": "a9a1ba9662e816753759b572db02b03b06b16585b9356362fad49e52aa56d1e7"
        }
    },
    "pre_install": [
        "Get-ChildItem \"$dir\\*\" -Exclude 'electron-fiddle-*nupkg' | Remove-Item",
        "Expand-7zipArchive \"$dir\\electron-fiddle-*-full.nupkg\" -ExtractDir 'lib\\net45' -Removal"
    ],
    "shortcuts": [
        [
            "electron-fiddle.exe",
            "Electron Fiddle"
        ]
    ],
    "checkver": {
        "github": "https://github.com/electron/fiddle"
    },
    "autoupdate": {
        "architecture": {
            "64bit": {
                "url": "https://github.com/electron/fiddle/releases/download/v$version/electron-fiddle-$version-win32-x64-setup.exe#/dl.7z"
            },
            "32bit": {
                "url": "https://github.com/electron/fiddle/releases/download/v$version/electron-fiddle-$version-win32-ia32-setup.exe#/dl.7z"
            }
        }
    }
}
