{
    "version": "4.32",
    "description": "An electronics helper that offers resistor colour codes, capacitance and power calculations.",
    "homepage": "https://www.electronics2000.co.uk/",
    "license": "Freeware",
    "url": "https://www.electronics2000.co.uk/assist/assist.exe",
    "hash": "b3578b90a73596a5d62cff02d88ee44996c5c35e63dddb4a7b10cde87c04534f",
    "innosetup": true,
    "shortcuts": [
        [
            "Electronics_Assistant.exe",
            "Electronics Assistant"
        ]
    ],
    "checkver": {
        "url": "https://www.electronics2000.co.uk/assist/assistupd.xml",
        "xpath": "/EAUpdate/version",
        "regex": "([\\d.]+)"
    },
    "autoupdate": {
        "url": "https://www.electronics2000.co.uk/assist/assist.exe"
    }
}
