{
    "version": "1.39.119",
    "description": "Terminal/ssh/serial port/sftp client",
    "homepage": "https://electerm.github.io/electerm/",
    "license": "MIT",
    "architecture": {
        "64bit": {
            "url": "https://github.com/electerm/electerm/releases/download/v1.39.119/electerm-1.39.119-win-x64.tar.gz",
            "hash": "89caa47bd3cb7661474a1d7f13ece500b5480394c7f8675ed3beec934a48af5a",
            "extract_dir": "electerm-1.39.119-win-x64"
        }
    },
    "bin": "electerm.exe",
    "shortcuts": [
        [
            "electerm.exe",
            "electerm"
        ]
    ],
    "checkver": {
        "github": "https://github.com/electerm/electerm"
    },
    "autoupdate": {
        "architecture": {
            "64bit": {
                "url": "https://github.com/electerm/electerm/releases/download/v$version/electerm-$version-win-x64.tar.gz",
                "extract_dir": "electerm-$version-win-x64"
            }
        }
    }
}
