{
    "version": "5.2.3",
    "homepage": "https://github.com/vladimiry/ElectronMail",
    "description": "An Electron-based unofficial desktop client for ProtonMail.",
    "license": "GPL-3.0-only",
    "architecture": {
        "64bit": {
            "url": "https://github.com/vladimiry/ElectronMail/releases/download/v5.2.3/electron-mail-5.2.3-windows-x64-nsis-installer.exe#/dl.7z",
            "hash": "0492249aa329e4f37c3ed8347c707c269ce3ce0658aa9f4c198865bf22bddf4c"
        }
    },
    "extract_dir": "$PLUGINSDIR",
    "pre_install": "Expand-7zipArchive \"$dir\\app-64.7z\" $dir -Removal",
    "shortcuts": [
        [
            "ElectronMail.exe",
            "ElectronMail"
        ]
    ],
    "checkver": "github",
    "autoupdate": {
        "architecture": {
            "64bit": {
                "url": "https://github.com/vladimiry/ElectronMail/releases/download/v$version/electron-mail-$version-windows-x64-nsis-installer.exe#/dl.7z"
            }
        }
    }
}
