{
    "version": "4.5.5",
    "description": "A Bitcoin SPV Wallet",
    "homepage": "https://electrum.org",
    "license": "MIT",
    "url": "https://download.electrum.org/4.5.5/electrum-4.5.5-portable.exe#/electrum.exe",
    "hash": "044eb7a78d4561eea1883ec8266b69c26f38b15e5bdd2ae6da22d670c0da619b",
    "pre_install": [
        "if (!(Test-Path \"$persist_dir\\electrum_data\\config\")) {",
        "   ensure \"$dir\\electrum_data\" | Out-Null",
        "   Set-Content \"$dir\\electrum_data\\config\" '{ \"check_updates\": false }' -Encoding Ascii",
        "}"
    ],
    "bin": "electrum.exe",
    "shortcuts": [
        [
            "electrum.exe",
            "Electrum"
        ]
    ],
    "persist": "electrum_data",
    "checkver": {
        "url": "https://raw.githubusercontent.com/spesmilo/electrum-web/master/index.html",
        "regex": "Latest release: Electrum-([\\d.]+)"
    },
    "autoupdate": {
        "url": "https://download.electrum.org/$version/electrum-$version-portable.exe#/electrum.exe"
    }
}
