{
    "version": "4.4.1",
    "description": "A Bitcoin Cash SPV Wallet",
    "homepage": "https://electroncash.org",
    "license": "MIT",
    "url": "https://github.com/Electron-Cash/Electron-Cash/releases/download/4.4.1/Electron-Cash-4.4.1-portable.exe#/Electron-Cash.exe",
    "hash": "f38dc7be4842b2473f65ec9b822c7b39f347ca0b1e05b26af59f2d2e8a2e6ce4",
    "shortcuts": [
        [
            "Electron-Cash.exe",
            "Electron Cash"
        ]
    ],
    "persist": "electron_cash_data",
    "checkver": {
        "github": "https://github.com/Electron-Cash/Electron-Cash"
    },
    "autoupdate": {
        "url": "https://github.com/Electron-Cash/Electron-Cash/releases/download/$version/Electron-Cash-$version-portable.exe#/Electron-Cash.exe",
        "hash": {
            "url": "https://raw.githubusercontent.com/Electron-Cash/keys-n-hashes/master/sigs-and-sums/$version/win-linux/SHA256.$basename.txt"
        }
    }
}
