{
    "version": "23.08.4-1777",
    "description": "Simple and easy-to-use music player",
    "homepage": "https://apps.kde.org/elisa",
    "license": "LGPL-3.0-only",
    "architecture": {
        "64bit": {
            "url": "https://binary-factory.kde.org/job/Elisa_Release_win64/1777/artifact/elisa-23.08.4-1777-windows-cl-msvc2019-x86_64.7z",
            "hash": "360cbefe2c30479b1cfe390ca50a20a56e8f8c7aa279fff383ca8cb5922b745f"
        }
    },
    "bin": "bin\\elisa.exe",
    "shortcuts": [
        [
            "bin\\elisa.exe",
            "Elisa"
        ]
    ],
    "checkver": {
        "url": "https://binary-factory.kde.org/job/Elisa_Release_win64/",
        "regex": "elisa-([\\d.-]+)-windows-cl-(?<lib>\\w+)-x86_64\\.7z"
    },
    "autoupdate": {
        "architecture": {
            "64bit": {
                "url": "https://binary-factory.kde.org/job/Elisa_Release_win64/$preReleaseVersion/artifact/elisa-$version-windows-cl-$matchLib-x86_64.7z",
                "hash": {
                    "url": "$url.sha256"
                }
            }
        }
    }
}
