{
    "version": "29.4",
    "description": "An extensible, customizable, free/libre text editor.",
    "homepage": "https://www.gnu.org/software/emacs/",
    "license": "GPL-3.0-or-later",
    "notes": "For 32-bit version, install 'versions/emacs27.2'",
    "architecture": {
        "64bit": {
            "url": "https://ftpmirror.gnu.org/gnu/emacs/windows/emacs-29/emacs-29.4.zip",
            "hash": "a4573b62c2b7089d319c0c461d0ed61a597b81ead972c97033ffc0936137e0e0"
        }
    },
    "bin": [
        "bin\\runemacs.exe",
        "bin\\emacs.exe",
        "bin\\emacsclientw.exe",
        "bin\\etags.exe",
        "bin\\ctags.exe"
    ],
    "shortcuts": [
        [
            "bin\\runemacs.exe",
            "Emacs"
        ],
        [
            "bin\\emacsclientw.exe",
            "Emacs Client",
            "-c -n -a \"\""
        ]
    ],
    "checkver": "Emacs ([\\d.]+)",
    "autoupdate": {
        "architecture": {
            "64bit": {
                "url": "https://ftpmirror.gnu.org/gnu/emacs/windows/emacs-$majorVersion/emacs-$version.zip"
            }
        },
        "hash": {
            "url": "$baseurl/emacs-$version-sha256sum.txt"
        }
    }
}
