{
    "version": "24.3.2",
    "description": "A fast, lightweight and extensible text editor for Windows. Useful for opening very large files.",
    "homepage": "https://www.emeditor.com/",
    "license": "Shareware",
    "architecture": {
        "64bit": {
            "url": "https://emeditor.blob.core.windows.net/emed64_24.3.2_portable.zip",
            "hash": "bc71249bde4477c6b93da1b68426f670fa267d96474852d0490b6b5ff9bd6044"
        },
        "32bit": {
            "url": "https://emeditor.blob.core.windows.net/emed32_24.3.2_portable.zip",
            "hash": "f7154936b1633e6c8d17314212165b828f382d301cf5220fa3295d890ab7fb7c"
        }
    },
    "pre_install": [
        "$manifest.persist | ForEach-Object {",
        "    if ([io.path]::GetExtension($_)) {",
        "        if (!(Test-Path \"$persist_dir\\$_\")) { New-Item \"$dir\\$_\" | Out-Null }",
        "    }",
        "}"
    ],
    "bin": "EmEditor.exe",
    "shortcuts": [
        [
            "EmEditor.exe",
            "EmEditor"
        ]
    ],
    "persist": [
        "eeCommon.ini",
        "eeConfig.ini",
        "eeLM.ini",
        "eePlugins.ini"
    ],
    "checkver": {
        "url": "https://www.emeditor.com/",
        "regex": "EmEditor v([\\d.]+) released"
    },
    "autoupdate": {
        "architecture": {
            "64bit": {
                "url": "https://emeditor.blob.core.windows.net/emed64_$version_portable.zip"
            },
            "32bit": {
                "url": "https://emeditor.blob.core.windows.net/emed32_$version_portable.zip"
            }
        }
    }
}
