{
    "version": "12.1",
    "description": "Extracts data points from images of graphs.",
    "homepage": "https://markummitchell.github.io/engauge-digitizer/",
    "license": "GPL-2.0-or-later",
    "architecture": {
        "64bit": {
            "url": "https://github.com/markummitchell/engauge-digitizer/releases/download/v12.1/digit-exe-windows10-64-bit-without-installer-file-12.1.zip",
            "hash": "4265618c3979a239032be4c2e60555677e5039ef0fb80e03397c1bc8963a8218"
        },
        "32bit": {
            "url": "https://github.com/markummitchell/engauge-digitizer/releases/download/v12.1/digit-exe-windows10-32-bit-without-installer-file-12.1.zip",
            "hash": "309015c943dded56744695f829bb8422bd0c02e4b32d9143129b96e870710b8f"
        }
    },
    "extract_dir": "Engauge Digitizer",
    "shortcuts": [
        [
            "engauge.exe",
            "Engauge Digitizer"
        ]
    ],
    "checkver": {
        "github": "https://github.com/markummitchell/engauge-digitizer"
    },
    "autoupdate": {
        "architecture": {
            "64bit": {
                "url": "https://github.com/markummitchell/engauge-digitizer/releases/download/v$version/digit-exe-windows10-64-bit-without-installer-file-$version.zip"
            },
            "32bit": {
                "url": "https://github.com/markummitchell/engauge-digitizer/releases/download/v$version/digit-exe-windows10-32-bit-without-installer-file-$version.zip"
            }
        }
    }
}
