{
    "version": "1.1.2",
    "description": "A feature-rich descendant of Enso Community Edition",
    "homepage": "https://github.com/GChristensen/enso-portable",
    "license": "Unknown",
    "architecture": {
        "64bit": {
            "url": "https://github.com/GChristensen/enso-portable/releases/download/v1.1.2a/enso-open-source-1.1.2-x86_64.exe#/dl.7z",
            "hash": "ef18562cac5a9b0f2eb5492ec34afd363256ff8f61b8c996d90882703cf8a266"
        }
    },
    "pre_install": "Remove-Item \"$dir\\`$*\" -Recurse",
    "bin": [
        [
            "run-enso.exe",
            "enso"
        ]
    ],
    "checkver": "github",
    "autoupdate": {
        "architecture": {
            "64bit": {
                "url": "https://github.com/GChristensen/enso-portable/releases/download/v$version/enso-open-source-$version-x86_64.exe#/dl.7z"
            }
        }
    }
}
