{
    "version": "13.1.2",
    "description": "Screenshot OCR search translate search for picture paste the picture on the screen screen recorder.",
    "homepage": "https://github.com/xushengfeng/eSearch",
    "license": {
        "identifier": "GPL-3.0-or-later",
        "url": "https://github.com/xushengfeng/eSearch/blob/master/LICENSE"
    },
    "architecture": {
        "64bit": {
            "url": "https://github.com/xushengfeng/eSearch/releases/download/13.1.2/eSearch-13.1.2-win32-x64.zip",
            "hash": "e755bdfdd8024b417eb438bd5c3c88859df3f12d602448b7aded868ec6541bdf"
        },
        "arm64": {
            "url": "https://github.com/xushengfeng/eSearch/releases/download/13.1.2/eSearch-13.1.2-win32-arm64.zip",
            "hash": "fb9e91b9cb11a33d10a114b93d102bd0faa699696925ac5eeda17701c533af76"
        }
    },
    "bin": "eSearch.exe",
    "shortcuts": [
        [
            "eSearch.exe",
            "eSearch"
        ]
    ],
    "checkver": "github",
    "autoupdate": {
        "architecture": {
            "64bit": {
                "url": "https://github.com/xushengfeng/eSearch/releases/download/$version/eSearch-$version-win32-x64.zip"
            },
            "arm64": {
                "url": "https://github.com/xushengfeng/eSearch/releases/download/$version/eSearch-$version-win32-arm64.zip"
            }
        }
    }
}
