{
    "version": "1.19.21",
    "description": "balenaEtcher lets you flash OS images to SD cards & USB drives, safely and easily.",
    "homepage": "https://etcher.balena.io/",
    "license": "Apache-2.0",
    "url": "https://github.com/balena-io/etcher/releases/download/v1.19.21/balenaEtcher-win32-x64-1.19.21.zip",
    "hash": "341fa5a6d50cc631768a901155a3f654a486692c550eb97bc7475339c4d2e147",
    "shortcuts": [
        [
            "balenaEtcher.exe",
            "Etcher"
        ]
    ],
    "checkver": {
        "github": "https://github.com/balena-io/etcher"
    },
    "autoupdate": {
        "url": "https://github.com/balena-io/etcher/releases/download/v$version/balenaEtcher-win32-x64-$version.zip",
        "hash": {
            "url": "$baseurl/SHA256SUMS.Windows.x64.txt"
        }
    }
}
