{
    "version": "1.5.0.0",
    "description": "Build tool and package manager for the Eta programming language",
    "homepage": "https://github.com/typelead/etlas",
    "license": "Apache-2.0",
    "suggest": {
        "wget": "wget",
        "JDK": [
            "java/oraclejdk",
            "javan/openjdk"
        ]
    },
    "architecture": {
        "64bit": {
            "url": "https://cdnverify.eta-lang.org/eta-binaries/etlas-1.5.0.0/binaries/x86_64-windows/etlas.exe",
            "hash": "424b894e740228ec34476278e891775afeae0b4108125c6fb7063d66c600a0d2"
        }
    },
    "bin": "etlas.exe"
}
