{
    "version": "2024-01-12",
    "description": "A powerful math program combining numerical and symbolic tools (using the computer algebra system Maxima).",
    "homepage": "http://euler-math-toolbox.de",
    "license": "GPL-3.0-or-later",
    "suggest": {
        "JDK": [
            "java/oraclejdk",
            "java/openjdk"
        ],
        "POV-Ray": "extras/pov-ray"
    },
    "architecture": {
        "64bit": {
            "url": "https://downloads.sourceforge.net/project/eumat/Installer/EulerSetup-64_2024-01-12.exe",
            "hash": "sha1:701b50334c2523bce822d98c7cdfedf92fff033d",
            "bin": [
                "euler64.exe",
                [
                    "euler64.exe",
                    "euler"
                ]
            ],
            "shortcuts": [
                [
                    "euler64.exe",
                    "Euler Math Toolbox"
                ]
            ]
        }
    },
    "installer": {
        "script": [
            "Expand-InnoArchive -Path \"$dir\\$fname\"",
            "Expand-InnoArchive -Path \"$dir\\$fname\" -ExtractDir '{sys}' -Removal",
            "if (!(Test-Path \"$persist_dir\\.euler.profile\")) {",
            "   New-Item -Path \"$dir\\.euler.profile\" -ItemType 'File' | Out-Null",
            "}"
        ]
    },
    "persist": [
        "Euler Files",
        ".euler.profile"
    ],
    "checkver": {
        "url": "https://sourceforge.net/projects/eumat/rss?path=/Installer",
        "regex": "EulerSetup-64_([\\d-]+)\\.exe"
    },
    "autoupdate": {
        "architecture": {
            "64bit": {
                "url": "https://downloads.sourceforge.net/project/eumat/Installer/EulerSetup-64_$version.exe"
            }
        }
    }
}
