{
    "version": "1.4.1.1026",
    "description": "Locate files and folders by name instantly.",
    "homepage": "https://www.voidtools.com",
    "license": "MIT",
    "notes": [
        "To add Everything to right-click context menu, run:",
        "reg import \"$dir\\install-context.reg\""
    ],
    "architecture": {
        "64bit": {
            "url": "https://www.voidtools.com/Everything-1.4.1.1026.x64.zip",
            "hash": "8efd75d62eaf73d616ffc1de7ba1e88abe1742dce800aa6b4ddb81e11e5fed79"
        },
        "32bit": {
            "url": "https://www.voidtools.com/Everything-1.4.1.1026.x86.zip",
            "hash": "297196b7a8eff8c31e2644e258d7f62bdc33c0270c214dd7f6635df9c84f9dbe"
        },
        "arm64": {
            "url": "https://www.voidtools.com/Everything-1.4.1.1026.ARM64.zip",
            "hash": "3c4d26339da186ecd71d9a9775211fed24cb726e960838fe486191bf39ff28ea"
        }
    },
    "pre_install": [
        "# for arm64",
        "if ($architecture -eq 'arm64') { Rename-Item \"$dir\\EverythingARM64.exe\" -NewName 'Everything.exe' }",
        "# END",
        "ensure \"$persist_dir\" | Out-Null",
        "if (!(Test-Path \"$persist_dir\\Everything.ini\")) { Start-Process -Wait \"$dir\\Everything.exe\" -Args @('-install-config null') }",
        "Get-ChildItem \"$persist_dir\\*\" -Include 'Bookmarks.csv', 'Everything.db', 'Everything.ini', 'Filters.csv', 'Search History.csv' | Copy-Item -Destination \"$dir\" -ErrorAction SilentlyContinue"
    ],
    "post_install": [
        "$app_path = \"$dir\\Everything.exe\".Replace('\\', '\\\\')",
        "'install-context.reg', 'uninstall-context.reg' | ForEach-Object {",
        "    if (Test-Path \"$bucketsdir\\extras\\scripts\\everything\\$_\") {",
        "        $content = Get-Content \"$bucketsdir\\extras\\scripts\\everything\\$_\"",
        "        $content = $content.Replace('$app_path', $app_path)",
        "        if ($global) {",
        "            $content = $content.Replace('HKEY_CURRENT_USER', 'HKEY_LOCAL_MACHINE')",
        "        }",
        "    }",
        "    $content | Set-Content -Path \"$dir\\$_\" -Encoding ascii",
        "}"
    ],
    "bin": "Everything.exe",
    "shortcuts": [
        [
            "Everything.exe",
            "Everything"
        ]
    ],
    "pre_uninstall": [
        "Stop-Process -Name 'Everything' -Force -ErrorAction SilentlyContinue",
        "$service_installed_in_current_dir_via_scoop = (sc.exe qc Everything) -match $dir.Replace('\\', '\\\\')",
        "if ($service_installed_in_current_dir_via_scoop) {",
        "    if ($(Get-Service -Name Everything -ErrorAction SilentlyContinue).Status -ne 'Stopped') {",
        "        if (!(is_admin) -and $(Get-Service -Name Everything -ErrorAction SilentlyContinue)) { error 'Admin rights are required to stop Everything service'; break }",
        "        Stop-Service -Name 'Everything' -Force -ErrorAction SilentlyContinue | Out-Null",
        "    }",
        "    if ((Get-Service -Name Everything -ErrorAction SilentlyContinue) -and ($cmd -eq 'uninstall')) {",
        "        if (!(is_admin) -and $(Get-Service -Name Everything -ErrorAction SilentlyContinue)) { error 'Admin rights are required to remove Everything service'; break }",
        "        sc.exe delete 'Everything'",
        "    }",
        "}",
        "if ($cmd -eq 'uninstall') { reg import \"$dir\\uninstall-context.reg\" }",
        "Get-ChildItem \"$dir\\*\" -Include 'Bookmarks.csv', 'Everything.db', 'Everything.ini', 'Filters.csv', 'Search History.csv' | Copy-Item -Destination \"$persist_dir\" -ErrorAction SilentlyContinue -Force"
    ],
    "checkver": "Download Everything ([\\d.]+)",
    "autoupdate": {
        "architecture": {
            "64bit": {
                "url": "https://www.voidtools.com/Everything-$version.x64.zip"
            },
            "32bit": {
                "url": "https://www.voidtools.com/Everything-$version.x86.zip"
            },
            "arm64": {
                "url": "https://www.voidtools.com/Everything-$version.ARM64.zip"
            }
        },
        "hash": {
            "url": "$baseurl/Everything-$version.sha256"
        }
    }
}
