{
    "version": "3.7.1",
    "description": "Executable File Explorer for OS/2, NE, PE32, PE32+ and VxD file types",
    "homepage": "https://www.mitec.cz/exe.html",
    "license": {
        "identifier": "Proprietary",
        "url": "https://www.mitec.cz/exe.html"
    },
    "notes": [
        "Free to use for private, educational and non-commercial purposes.",
        "For other usage, you should buy commercial license."
    ],
    "architecture": {
        "64bit": {
            "shortcuts": [
                [
                    "EXE64.exe",
                    "EXE Explorer"
                ]
            ]
        },
        "32bit": {
            "shortcuts": [
                [
                    "EXE.exe",
                    "EXE Explorer"
                ]
            ]
        }
    },
    "url": "https://www.mitec.cz/Downloads/EXE.zip",
    "hash": "b82ef588e3fd2c83fde19d8ce75fdaf474b935d3fc19ad549a2782875d036c58",
    "checkver": {
        "url": "https://www.mitec.cz/Data/XML/data_downloads.xml",
        "regex": "EXE Explorer 32/64 ([\\d.]+)"
    },
    "autoupdate": {
        "url": "https://www.mitec.cz/Downloads/EXE.zip"
    }
}
