{
    "##": "The homepage requires JS to load (not suitable for checkver)",
    "version": "0.0.8.4",
    "description": "EXE analyzer inspired by PEiD. Designed to detect exe signatures, compressor format and dump internal information.",
    "homepage": "http://exeinfo.booomhost.com/",
    "license": {
        "identifier": "Freeware",
        "url": "http://exeinfo.booomhost.com/"
    },
    "url": "https://raw.githubusercontent.com/ExeinfoASL/ASL/master/exeinfope.zip",
    "hash": "922783f90108b45c20673c231d70f04a7b42c8d07dce4d728cbd4f8e3320e3a0",
    "extract_dir": "ExeinfoPe",
    "bin": "exeinfope.exe",
    "shortcuts": [
        [
            "exeinfope.exe",
            "Exeinfo PE"
        ]
    ],
    "persist": [
        "plugins",
        "exeinfopeRUN.cfg",
        "userdb.txt"
    ],
    "checkver": {
        "url": "https://raw.githubusercontent.com/ExeinfoASL/ASL/master/README.md",
        "regex": "Version\\s+\\: ([\\d.]+)"
    },
    "autoupdate": {
        "url": "https://raw.githubusercontent.com/ExeinfoASL/ASL/master/exeinfope.zip"
    }
}
