{
    "version": "3.6.0",
    "description": "Image metadata cleaner",
    "homepage": "https://exifcleaner.com",
    "license": "MIT",
    "architecture": {
        "64bit": {
            "url": "https://github.com/szTheory/exifcleaner/releases/download/v3.6.0/ExifCleaner-Setup-3.6.0.exe#/dl.7z",
            "hash": "sha512:4f0f6c77fefc89b05118e0b28fc4cde4ea5848b19dca381764576496e6fbcde87a88ef40b49d7ea413db2db3d751112f6eb2dd76fbf4cfc7c869be6f1e5ce93f",
            "pre_install": [
                "Expand-7zipArchive \"$dir\\`$PLUGINSDIR\\app-64.7z\" \"$dir\"",
                "Remove-Item \"$dir\\`$*\", \"$dir\\Uninst*\" -Recurse"
            ]
        }
    },
    "shortcuts": [
        [
            "ExifCleaner.exe",
            "ExifCleaner"
        ]
    ],
    "checkver": {
        "github": "https://github.com/szTheory/exifcleaner"
    },
    "autoupdate": {
        "architecture": {
            "64bit": {
                "url": "https://github.com/szTheory/exifcleaner/releases/download/v$version/ExifCleaner-Setup-$version.exe#/dl.7z",
                "hash": {
                    "url": "$baseurl/latest.yml",
                    "regex": "(?smi)$basename.*?sha512:\\s+$base64"
                }
            }
        }
    }
}
