{
    "version": "1.6.0.0",
    "description": "EXIF metadata viewing tool",
    "homepage": "https://github.com/d2phap/ExifGlass",
    "license": "GPL-3.0-or-later",
    "depends": "main/exiftool",
    "architecture": {
        "64bit": {
            "url": "https://github.com/d2phap/ExifGlass/releases/download/1.6.0.0/ExifGlass_1.6.0.0_net8_x64.zip",
            "hash": "f1084d9ecf604f67e02c5ee07eb957cc36108e56e7ba54a8e344f096aede6cd6",
            "extract_dir": "ExifGlass_1.6.0.0_net8_x64"
        }
    },
    "shortcuts": [
        [
            "ExifGlass.exe",
            "ExifGlass"
        ]
    ],
    "checkver": {
        "url": "https://api.github.com/repositories/610811824/releases/latest",
        "jsonpath": "$.assets..browser_download_url",
        "regex": "ExifGlass_([\\d.]+)_net(?<dotnetver>\\d+)_x64\\.zip"
    },
    "autoupdate": {
        "architecture": {
            "64bit": {
                "url": "https://github.com/d2phap/ExifGlass/releases/download/$version/ExifGlass_$version_net$matchDotnetver_x64.zip",
                "extract_dir": "ExifGlass_$version_net$matchDotnetver_x64"
            }
        }
    }
}
