{
    "version": "24.08",
    "description": "Multi-format compression/decompression tool (beta version)",
    "homepage": "https://www.7-zip.org/",
    "license": "LGPL-2.1-or-later,BSD-3-Clause",
    "architecture": {
        "64bit": {
            "url": "https://www.7-zip.org/a/7z2408-x64.msi",
            "hash": "98330e7e6db3507b444d576dc437a9ac4d82333a88a6bb6ef36a91fe3d85fa92"
        },
        "32bit": {
            "url": "https://www.7-zip.org/a/7z2408.msi",
            "hash": "66c495f8ab1316c8bcf4196b7942b4a65afe0af97d958b4999358684b02411a0"
        }
    },
    "extract_dir": "Files/7-Zip",
    "bin": [
        "7z.exe",
        "7zG.exe"
    ],
    "shortcuts": [
        [
            "7zFM.exe",
            "7-Zip Beta"
        ]
    ],
    "persist": [
        "Codecs",
        "Formats"
    ],
    "checkver": {
        "url": "https://www.7-zip.org/history.txt",
        "regex": "\\n([\\d.]+)( beta)?"
    },
    "autoupdate": {
        "architecture": {
            "64bit": {
                "url": "https://www.7-zip.org/a/7z$cleanVersion-x64.msi"
            },
            "32bit": {
                "url": "https://www.7-zip.org/a/7z$cleanVersion.msi"
            }
        }
    }
}
