{
    "version": "2024.2.1.6",
    "description": "The official IDE for Android development, which includes everything you need to build Android apps.",
    "homepage": "https://developer.android.com/studio/preview",
    "license": {
        "identifier": "Freeware",
        "url": "https://developer.android.com/studio/terms.html"
    },
    "suggest": {
        "Android SDK": "android-clt"
    },
    "architecture": {
        "64bit": {
            "url": "https://redirector.gvt1.com/edgedl/android/studio/ide-zips/2024.2.1.6/android-studio-2024.2.1.6-windows.zip",
            "hash": "44e265c2a897b34ec82fb98f01ae6eff31271bb7554853c03271ea97d9890477",
            "shortcuts": [
                [
                    "bin\\studio64.exe",
                    "Android Studio Beta"
                ]
            ]
        }
    },
    "pre_install": "'uninstall.exe' | ForEach-Object { Remove-Item \"$dir/$_\" -Recurse }",
    "extract_dir": "android-studio",
    "checkver": {
        "regex": "agree_beta_win_bundle_download[\\s\\S]+?android-studio-([\\d.]+)-windows\\.exe"
    },
    "autoupdate": {
        "architecture": {
            "64bit": {
                "url": "https://redirector.gvt1.com/edgedl/android/studio/ide-zips/$version/android-studio-$version-windows.zip"
            }
        }
    }
}
