{
    "version": "1.9.16",
    "description": "Apache Ant, a Java library and command-line tool for compiling, assembling, testing and running Java and non-Java applications. (version 1.9)",
    "homepage": "https://ant.apache.org/",
    "license": "Apache 2.0",
    "suggest": {
        "JDK": [
            "java/oraclejdk",
            "java/openjdk"
        ]
    },
    "url": "https://www.apache.org/dist/ant/binaries/apache-ant-1.9.16-bin.zip",
    "hash": "sha512:b9324cffeb5b113fa289126db1408b9a0125757b598d763f076fc5deec97fb43f27979974cadcac79b6573d84dcb2d1d5bf59b7972fb2abe5ed3d9fed445b04e",
    "extract_dir": "apache-ant-1.9.16",
    "env_add_path": "bin",
    "env_set": {
        "ANT_HOME": "$dir"
    },
    "checkver": {
        "url": "https://ant.apache.org/bindownload.cgi",
        "regex": "apache-ant-(1.9.\\d+)-bin.zip"
    },
    "autoupdate": {
        "url": "https://www.apache.org/dist/ant/binaries/apache-ant-$version-bin.zip",
        "hash": {
            "url": "$url.sha512"
        },
        "extract_dir": "apache-ant-$version"
    }
}
