{
    "##": "Last 32bit version. Latest version is at https://github.com/lukesampson/scoop-extras/blob/master/bucket/archi.json",
    "homepage": "https://www.archimatetool.com/",
    "license": "MIT",
    "description": "Archi® is a free, open source, cross-platform tool and editor to create ArchiMate models.",
    "version": "4.4.0",
    "architecture": {
        "64bit": {
            "url": "https://www.archimatetool.com/downloads/4.4.0/Archi-Win64-4.4.0.zip",
            "hash": "md5:7abae71a730b2dadfa5df560180bb340"
        },
        "32bit": {
            "url": "https://www.archimatetool.com/downloads/4.4.0/Archi-Win32-4.4.0.zip",
            "hash": "md5:3a60951584467e16c547218f85920f32"
        }
    },
    "extract_dir": "Archi",
    "bin": "archi.exe",
    "shortcuts": [
        [
            "archi.exe",
            "Archi"
        ]
    ]
}
