{
    "version": "2.3.2",
    "description": "Official Arduino IDE (Release Candidate)",
    "homepage": "https://www.arduino.cc/en/software",
    "license": "AGPL-3.0-or-later",
    "architecture": {
        "64bit": {
            "url": "https://github.com/arduino/arduino-ide/releases/download/2.3.2/arduino-ide_2.3.2_Windows_64bit.zip",
            "hash": "d773ed191e8d9382da24008bea35814b33213c8faddb9d7f95b9ad91590594a0"
        }
    },
    "shortcuts": [
        [
            "Arduino IDE.exe",
            "Arduino IDE"
        ]
    ],
    "checkver": {
        "url": "https://api.github.com/repositories/337042139/releases",
        "regex": "tag/([\\d.]+(-rc\\d+)?)"
    },
    "autoupdate": {
        "architecture": {
            "64bit": {
                "url": "https://github.com/arduino/arduino-ide/releases/download/$version/arduino-ide_$version_Windows_64bit.zip"
            }
        }
    }
}
