{
    "version": "1.8.19",
    "description": "Arduino is an open-source physical computing platform based on a simple I/O board and a development environment that implements the Processing/Wiring language.",
    "homepage": "https://www.arduino.cc/en/Main/Software",
    "license": "GPL-2.0-only",
    "url": "https://downloads.arduino.cc/arduino-1.8.19-windows.zip",
    "hash": "c704a821089eab2588f1deae775916219b1517febd1dd574ff29958dca873945",
    "extract_dir": "arduino-1.8.19",
    "bin": [
        "arduino.exe",
        "arduino_debug.exe",
        "arduino-builder.exe"
    ],
    "shortcuts": [
        [
            "arduino.exe",
            "Arduino 1.8"
        ],
        [
            "arduino_debug.exe",
            "Arduino Debug 1.8"
        ]
    ],
    "checkver": {
        "url": "https://www.arduino.cc/wiki/page-data/en/software/page-data.json",
        "regex": "arduino-(1.8.\\d+)"
    },
    "autoupdate": {
        "url": "https://downloads.arduino.cc/arduino-$version-windows.zip",
        "extract_dir": "arduino-$version"
    }
}
