{
    "homepage": "https://aria2.github.io/",
    "description": "Lightweight multi-protocol & multi-source command-line download utility, LAST version with SSLv3.0 and TLSv1.0 support",
    "license": "GPL-2.0-or-later",
    "version": "1.34.0-1",
    "architecture": {
        "32bit": {
            "url": "https://github.com/aria2/aria2/releases/download/release-1.34.0/aria2-1.34.0-win-32bit-build1.zip",
            "hash": "736e8e54ec21bdf5d4806378107c8b515cd37509bc9dfc1e697fb900ddbe7fad",
            "extract_dir": "aria2-1.34.0-win-32bit-build1"
        },
        "64bit": {
            "url": "https://github.com/aria2/aria2/releases/download/release-1.34.0/aria2-1.34.0-win-64bit-build1.zip",
            "hash": "2452e15b638be11c2919a5d1c15c0405a83eb8260c0f3853e8d195774dbdde61",
            "extract_dir": "aria2-1.34.0-win-64bit-build1"
        }
    },
    "bin": "aria2c.exe"
}
