{
    "##": "The last version of Audacity that does not collect user data.",
    "version": "2.4.2",
    "description": "Audacity is an easy-to-use, multi-track audio editor and recorder for Windows, macOS, GNU/Linux and other operating systems. (version 2.4.2)",
    "homepage": "https://www.audacityteam.org",
    "license": "GPL-2.0-or-later",
    "url": "https://raw.githubusercontent.com/ScoopInstaller/Binary/master/audacity/audacity-2.4.2.zip",
    "hash": "0c14f7c6850c93b9dacc14fe66876b8dc3397d92dbd849898783a21bad1fff55",
    "bin": "audacity.exe",
    "shortcuts": [
        [
            "audacity.exe",
            "Audacity"
        ]
    ]
}
