{
    "version": "240908",
    "description": "Video editor designed for simple cutting, filtering and encoding tasks",
    "homepage": "http://fixounet.free.fr/avidemux/",
    "license": "GPL-2.0-only",
    "architecture": {
        "64bit": {
            "url": "https://www.avidemux.org/nightly/win64/avidemux_2.8.2%20r240908_win64.exe#/dl.7z",
            "hash": "1e954366a6d12b1f6f69cd557296cc6fe225860b0567c3d63858da6aaa4de2dc"
        }
    },
    "bin": [
        [
            "avidemux_cli.exe",
            "avidemux"
        ]
    ],
    "post_install": "'$PLUGINSDIR', 'uninstall.exe' | ForEach-Object { Remove-Item \"$dir\\$_\" -Recurse -Force }",
    "shortcuts": [
        [
            "avidemux.exe",
            "Avidemux Nightly"
        ],
        [
            "avidemux_jobs.exe",
            "Avidemux Nightly Jobs"
        ]
    ],
    "checkver": {
        "url": "https://www.avidemux.org/nightly/win64/",
        "regex": "(?<win64bit>avidemux_[\\d.]+) r(?<version>\\d+)_win64.exe",
        "reverse": true
    },
    "autoupdate": {
        "architecture": {
            "64bit": {
                "url": "https://www.avidemux.org/nightly/win64/$matchWin64bit%20r$version_win64.exe#/dl.7z"
            }
        }
    }
}
