{
    "version": "nightly",
    "description": "A cross-platform database tool for data professionals using the Microsoft family of on-premises and cloud data platforms.",
    "homepage": "https://docs.microsoft.com/en-us/sql/azure-data-studio",
    "license": "MIT",
    "architecture": {
        "64bit": {
            "url": "https://azuredatastudio-update.azurewebsites.net/latest/win32-x64-archive/insider#/dl.7z"
        }
    },
    "bin": "bin\\azuredatastudio-insiders.cmd",
    "shortcuts": [
        [
            "azuredatastudio-insiders.exe",
            "Azure Data Studio - Insiders"
        ]
    ]
}
