{
    "homepage": "https://www.beeflang.org/",
    "description": "Beef programming language compiler. (nightly version)",
    "version": "0.43.5.09112024",
    "license": "MIT",
    "architecture": {
        "64bit": {
            "url": "http://nightly.beeflang.org/BeefSetup_0_43_5__09_11_2024.exe#/dl.7z",
            "hash": "891ff658be1ba3e117e5339c129dd0ff1ca5b84217c19d3888f22f6eaaee4ed6"
        }
    },
    "bin": [
        [
            "bin\\BeefIDE.exe",
            "beefn"
        ],
        [
            "bin\\BeefBuild.exe",
            "BeefBuildN"
        ]
    ],
    "checkver": {
        "url": "http://nightly.beeflang.org/index.html",
        "regex": "(?s)BeefSetup_(\\d+)_(\\d+)_(\\d+)__(\\d{2})_(\\d{2})_(\\d{4})",
        "replace": "${1}.${2}.${3}.${4}${5}${6}"
    },
    "autoupdate": {
        "architecture": {
            "64bit": {
                "url": "http://nightly.beeflang.org/BeefSetup_$match1_$match2_$match3__$match4_$match5_$match6.exe#/dl.7z"
            }
        }
    }
}
