{
    "version": "1.86.0",
    "description": "Boost C++ Libraries",
    "homepage": "https://www.boost.org/",
    "license": "BSL-1.0",
    "architecture": {
        "64bit": {
            "url": "https://downloads.sourceforge.net/project/boost/boost-binaries/1.86.0/boost_1_86_0-msvc-14.2-64.exe",
            "hash": "sha1:a50ab97d0ea6b6d75e0f6f8c23469793ffc9b783"
        },
        "32bit": {
            "url": "https://downloads.sourceforge.net/project/boost/boost-binaries/1.86.0/boost_1_86_0-msvc-14.2-32.exe",
            "hash": "sha1:38adff4b45826983450ea9f82cc0084fb1b96cd8"
        }
    },
    "innosetup": true,
    "pre_install": "Get-ChildItem \"$dir/lib$($architecture.Substring(0, 2))-msvc-*.*\" | Rename-Item -NewName lib",
    "env_set": {
        "BOOST_ROOT": "$dir",
        "Boost_INCLUDE_DIR": "$dir\\boost"
    },
    "checkver": {
        "sourceforge": "boost/boost-binaries",
        "regex": "([\\d.]+)+/boost_(?:[\\d_]+)-msvc-14.2-64\\.exe"
    },
    "autoupdate": {
        "architecture": {
            "64bit": {
                "url": "https://downloads.sourceforge.net/project/boost/boost-binaries/$version/boost_$underscoreVersion-msvc-14.2-64.exe"
            },
            "32bit": {
                "url": "https://downloads.sourceforge.net/project/boost/boost-binaries/$version/boost_$underscoreVersion-msvc-14.2-32.exe"
            }
        }
    }
}
