{
    "version": "10821798556",
    "description": "Graphical process/system monitor",
    "homepage": "https://github.com/ClementTsang/bottom",
    "license": "MIT",
    "architecture": {
        "64bit": {
            "url": "https://github.com/ClementTsang/bottom/releases/download/nightly/bottom_x86_64-pc-windows-msvc.zip",
            "hash": "70121f59295189358c247fe3e17dbf328d6d1875287015f1c4dbe3a6311204b0"
        },
        "32bit": {
            "url": "https://github.com/ClementTsang/bottom/releases/download/nightly/bottom_i686-pc-windows-msvc.zip",
            "hash": "79c128e8ced72bd2fb887dfa428c70ef9fb6ad380ce643f7b07d972e3142b5bf"
        }
    },
    "bin": "btm.exe",
    "checkver": {
        "url": "https://api.github.com/repositories/205042455/actions/workflows/nightly.yml/runs?branch=main&status=success",
        "jsonpath": "$.workflow_runs[0].id"
    },
    "autoupdate": {
        "architecture": {
            "64bit": {
                "url": "https://github.com/ClementTsang/bottom/releases/download/nightly/bottom_x86_64-pc-windows-msvc.zip"
            },
            "32bit": {
                "url": "https://github.com/ClementTsang/bottom/releases/download/nightly/bottom_i686-pc-windows-msvc.zip"
            }
        }
    }
}
