{
    "homepage": "https://brave.com",
    "version": "1.70.108",
    "description": "Secure, Fast & Private Web Browser with Adblocker (beta release)",
    "license": {
        "identifier": "Freeware,BSD-3-Clause,GPL-3.0-only,...",
        "url": "https://github.com/brave/brave-browser/blob/master/LICENSE"
    },
    "architecture": {
        "64bit": {
            "url": "https://github.com/brave/brave-browser/releases/download/v1.70.108/brave-v1.70.108-win32-x64.zip",
            "hash": "70b11550cf55a47c355d83dca83caf7f1f5135151f812e3d643c5d1e5489d80c"
        }
    },
    "bin": [
        [
            "brave.exe",
            "brave-beta"
        ]
    ],
    "shortcuts": [
        [
            "brave.exe",
            "Brave Beta"
        ]
    ],
    "checkver": {
        "url": "https://github.com/brave/brave-browser/releases",
        "regex": "Beta v([\\d.]+)"
    },
    "autoupdate": {
        "architecture": {
            "64bit": {
                "url": "https://github.com/brave/brave-browser/releases/download/v$version/brave-v$version-win32-x64.zip"
            }
        }
    }
}
