{
    "homepage": "https://brave.com",
    "version": "1.72.2",
    "description": "Secure, Fast & Private Web Browser with Adblocker (nightly release)",
    "license": {
        "identifier": "Freeware,BSD-3-Clause,GPL-3.0-only,...",
        "url": "https://github.com/brave/brave-browser/blob/master/LICENSE"
    },
    "architecture": {
        "64bit": {
            "url": "https://github.com/brave/brave-browser/releases/download/v1.72.2/brave-v1.72.2-win32-x64.zip",
            "hash": "61816f958577d9374527f4244910556f3db44bbedb1b2c04ef0b7892ad92bfc2"
        }
    },
    "bin": [
        [
            "brave.exe",
            "brave-nightly"
        ]
    ],
    "shortcuts": [
        [
            "brave.exe",
            "Brave Nightly"
        ]
    ],
    "checkver": {
        "url": "https://github.com/brave/brave-browser/releases",
        "regex": "Nightly v([\\d.]+)"
    },
    "autoupdate": {
        "architecture": {
            "64bit": {
                "url": "https://github.com/brave/brave-browser/releases/download/v$version/brave-v$version-win32-x64.zip"
            }
        }
    }
}
