{
    "version": "1.3.7",
    "description": "Camunda workflow instance monitor/manager (version 1.3)",
    "homepage": "https://docs.camunda.io/docs/product-manuals/zeebe/zeebe-overview/",
    "license": {
        "identifier": "Zeebe Community License v1.0",
        "url": "https://camunda.com/legal/terms/cloud-terms-and-conditions/zeebe-community-license-v1-0/"
    },
    "suggest": {
        "JDK": "java/openjdk",
        "Zeebe": "versions/zeebe1.3",
        "ElasticSearch": "extras/elasticsearch"
    },
    "architecture": {
        "64bit": {
            "url": "https://github.com/camunda-cloud/zeebe/releases/download/1.3.7/camunda-cloud-operate-1.3.7.zip",
            "hash": "sha1:579246f9ca77a72ce484415997c4024d502347f9"
        }
    },
    "extract_dir": "camunda-cloud-operate-1.3.7",
    "bin": [
        [
            "bin\\operate.bat",
            "camunda-operate"
        ]
    ],
    "persist": "config"
}
