{
    "version": "130.0.6710.0",
    "description": "An open source tool for automated testing of webapps across many browsers",
    "homepage": "https://chromedriver.chromium.org/",
    "license": "BSD-3-Clause",
    "architecture": {
        "64bit": {
            "url": "https://edgedl.me.gvt1.com/edgedl/chrome/chrome-for-testing/130.0.6710.0/win64/chromedriver-win64.zip",
            "hash": "9e608047f9857c2f4ade79e244d1bdd22f035856ab79abe3485cb5f89cc3ac0f",
            "extract_dir": "chromedriver-win64"
        },
        "32bit": {
            "url": "https://edgedl.me.gvt1.com/edgedl/chrome/chrome-for-testing/130.0.6710.0/win32/chromedriver-win32.zip",
            "hash": "8ca05b5693e45001d2edc5735c7e22bca45c5cb75b023f1935bad1d68b1ff3f7",
            "extract_dir": "chromedriver-win32"
        }
    },
    "bin": "chromedriver.exe",
    "checkver": {
        "url": "https://googlechromelabs.github.io/chrome-for-testing/last-known-good-versions-with-downloads.json",
        "jsonpath": "$.channels.Canary.version",
        "regex": "([\\d.]+)"
    },
    "autoupdate": {
        "architecture": {
            "64bit": {
                "url": "https://edgedl.me.gvt1.com/edgedl/chrome/chrome-for-testing/$version/win64/chromedriver-win64.zip"
            },
            "32bit": {
                "url": "https://edgedl.me.gvt1.com/edgedl/chrome/chrome-for-testing/$version/win32/chromedriver-win32.zip"
            }
        }
    }
}
