{
    "version": "129.0.6668.42",
    "description": "An open source tool for automated testing of webapps across many browsers",
    "homepage": "https://chromedriver.chromium.org/",
    "license": "BSD-3-Clause",
    "architecture": {
        "64bit": {
            "url": "https://edgedl.me.gvt1.com/edgedl/chrome/chrome-for-testing/129.0.6668.42/win64/chromedriver-win64.zip",
            "hash": "0cb72c750c61adcc1ca8c9e7e977fc770f049592032770ec876bdac2219be40c",
            "extract_dir": "chromedriver-win64"
        },
        "32bit": {
            "url": "https://edgedl.me.gvt1.com/edgedl/chrome/chrome-for-testing/129.0.6668.42/win32/chromedriver-win32.zip",
            "hash": "390914a5a9933cef68f07bbabb75ff1fabc1740c2fe5a110aaf408bf96d0e534",
            "extract_dir": "chromedriver-win32"
        }
    },
    "bin": "chromedriver.exe",
    "checkver": {
        "url": "https://googlechromelabs.github.io/chrome-for-testing/last-known-good-versions-with-downloads.json",
        "jsonpath": "$.channels.Beta.version",
        "regex": "([\\d.]+)"
    },
    "autoupdate": {
        "architecture": {
            "64bit": {
                "url": "https://edgedl.me.gvt1.com/edgedl/chrome/chrome-for-testing/$version/win64/chromedriver-win64.zip"
            },
            "32bit": {
                "url": "https://edgedl.me.gvt1.com/edgedl/chrome/chrome-for-testing/$version/win32/chromedriver-win32.zip"
            }
        }
    }
}
