{
    "##": "Check chromium.woolyss.com for different versions of Chromium releases.",
    "version": "128.0.6613.138-r1331488",
    "description": "Browser aiming for safer, faster, and more stable way for all users to experience the web.",
    "homepage": "https://www.chromium.org",
    "license": "BSD-3-Clause",
    "architecture": {
        "64bit": {
            "url": "https://github.com/Hibbiki/chromium-win64/releases/download/v128.0.6613.138-r1331488/chrome.nosync.7z",
            "hash": "sha1:b80bdd58c7f8e603c685d8e8816eba923e4bf515"
        }
    },
    "extract_dir": "Chrome-bin",
    "bin": [
        [
            "chrome.exe",
            "chromium",
            "--user-data-dir=\"$dir\\User Data\""
        ]
    ],
    "shortcuts": [
        [
            "chrome.exe",
            "Chromium",
            "--user-data-dir=\"$dir\\User Data\""
        ]
    ],
    "post_install": [
        "if (!(Test-Path \"$dir\\User Data\\*\") -and (Test-Path \"$env:LocalAppData\\Chromium\\User Data\")) {",
        "    info '[Portable Mode]: Copying user data...'",
        "    Copy-Item \"$env:LocalAppData\\Chromium\\User Data\\*\" \"$dir\\User Data\" -Recurse",
        "}"
    ],
    "persist": "User Data",
    "checkver": {
        "url": "https://github.com/Hibbiki/chromium-win64/releases/latest",
        "regex": ">v([\\d.]+-r\\d+)</h1>"
    },
    "autoupdate": {
        "architecture": {
            "64bit": {
                "url": "https://github.com/Hibbiki/chromium-win64/releases/download/v$version/chrome.nosync.7z",
                "hash": {
                    "url": "https://github.com/Hibbiki/chromium-win64/releases/latest",
                    "regex": "$sha1  ../out/x64/chrome.nosync.7z"
                }
            }
        }
    }
}
