{
    "version": "2024.2-242.20224.66",
    "description": "Cross-Platform IDE for C and C++ by JetBrains. (Early Access Program)",
    "homepage": "https://www.jetbrains.com/cpp/",
    "license": {
        "identifier": "Proprietary",
        "url": "https://www.jetbrains.com/store/license.html"
    },
    "architecture": {
        "64bit": {
            "url": "https://download.jetbrains.com/cpp/CLion-242.20224.66.win.zip",
            "hash": "e45acebfcd0833ec1c59fc55814af07be7540397dc9931ee915d643d0ac860da",
            "bin": [
                [
                    "IDE\\bin\\clion64.exe",
                    "clion"
                ]
            ],
            "shortcuts": [
                [
                    "IDE\\bin\\clion64.exe",
                    "JetBrains\\CLion (Early Access Program)"
                ]
            ]
        }
    },
    "extract_to": "IDE",
    "installer": {
        "script": "& \"$bucketsdir\\versions\\scripts\\jetbrains\\portable.ps1\" $dir $persist_dir"
    },
    "persist": [
        "IDE\\bin\\idea.properties",
        "profile"
    ],
    "checkver": {
        "url": "https://data.services.jetbrains.com/products/releases?code=CL&latest=true&platform=zip&type=eap",
        "regex": "version\":\"(?<ver>[\\d.]+)\".*\"build\":\"(?<build>[\\d.]+)\"",
        "replace": "${ver}-${build}"
    },
    "autoupdate": {
        "architecture": {
            "64bit": {
                "url": "https://download.jetbrains.com/cpp/CLion-$preReleaseVersion.win.zip"
            }
        },
        "hash": {
            "url": "$url.sha256"
        }
    }
}
