{
    "version": "2024.2-242.20224.214",
    "description": "Cross-Platform IDE for C and C++ by JetBrains. (Release Candidate)",
    "homepage": "https://www.jetbrains.com/cpp/",
    "license": {
        "identifier": "Proprietary",
        "url": "https://www.jetbrains.com/store/license.html"
    },
    "architecture": {
        "64bit": {
            "url": "https://download.jetbrains.com/cpp/CLion-242.20224.214.win.zip",
            "hash": "1c648356e00ff5accfee782d3e86c7a65e1ec6d72143f085c4d8c5815a9a9ada",
            "bin": [
                [
                    "IDE\\bin\\clion64.exe",
                    "clion"
                ]
            ],
            "shortcuts": [
                [
                    "IDE\\bin\\clion64.exe",
                    "JetBrains\\CLion (Release Candidate)"
                ]
            ]
        }
    },
    "extract_to": "IDE",
    "installer": {
        "script": "& \"$bucketsdir\\versions\\scripts\\jetbrains\\portable.ps1\" $dir $persist_dir"
    },
    "persist": [
        "IDE\\bin\\idea.properties",
        "profile"
    ],
    "checkver": {
        "url": "https://data.services.jetbrains.com/products/releases?code=CL&latest=true&platform=zip&type=rc",
        "regex": "version\":\"(?<ver>[\\d.]+)\".*\"build\":\"(?<build>[\\d.]+)\"",
        "replace": "${ver}-${build}"
    },
    "autoupdate": {
        "architecture": {
            "64bit": {
                "url": "https://download.jetbrains.com/cpp/CLion-$matchBuild.win.zip"
            }
        },
        "hash": {
            "url": "$url.sha256"
        }
    }
}
