{
    "version": "2.14.alpha",
    "description": "3D point cloud and mesh processing software",
    "homepage": "https://cloudcompare.org/",
    "license": "GPL-2.0-or-later,LGPL-2.0-only",
    "architecture": {
        "64bit": {
            "url": "https://cloudcompare.org/release/CloudCompare_v2.14.alpha_bin_x64.7z",
            "hash": "d573e33ef11bc37d07c77a4122d43ff18e2d0a010a4e269847bbdd885c365a48"
        }
    },
    "extract_dir": "CloudCompare_v2.13.alpha_bin_x64",
    "shortcuts": [
        [
            "CloudCompare.exe",
            "CloudCompare"
        ]
    ],
    "##": "Latest <span class=\"highlight\">beta</span> release: 2.13.alpha (01/09/2023)",
    "checkver": {
        "url": "https://cloudcompare.org/release/",
        "regex": "Latest\\s+.*(?<ignore>alpha|beta).*\\s*release:\\s*([\\d.]+[a-z]+)"
    },
    "autoupdate": {
        "architecture": {
            "64bit": {
                "url": "https://cloudcompare.org/release/CloudCompare_v$version_bin_x64.7z",
                "extract_dir": "CloudCompare_v$version_bin_x64"
            }
        }
    }
}
