{
    "version": "3.30.20240911",
    "description": "Family of tools designed to build, test and package software",
    "homepage": "https://cmake.org",
    "license": "BSD-3-Clause",
    "architecture": {
        "64bit": {
            "url": "https://cmake.org/files/dev/cmake-3.30.20240911-g079786c-windows-x86_64.zip",
            "hash": "768f9efce471aa4df5562f933a85871732a6e4eabdf889ac4849a504d5399b41",
            "extract_dir": "cmake-3.30.20240911-g079786c-windows-x86_64"
        },
        "32bit": {
            "url": "https://cmake.org/files/dev/cmake-3.30.20240911-g079786c-windows-i386.zip",
            "hash": "27a530c318055a69bdc7567e0ce4ff3a2a4696376e38db50e83c426468a865d2",
            "extract_dir": "cmake-3.30.20240911-g079786c-windows-i386"
        }
    },
    "bin": [
        "bin\\cmake.exe",
        "bin\\cmcldeps.exe",
        "bin\\cpack.exe",
        "bin\\ctest.exe",
        "bin\\cmake-gui.exe"
    ],
    "shortcuts": [
        [
            "bin\\cmake-gui.exe",
            "cmake-gui"
        ]
    ],
    "checkver": {
        "url": "https://cmake.org/files/dev/?C=M;O=D",
        "regex": "cmake-([\\d.]+)-g(?<tag>[a-f0-9]+)-windows-x86_64.zip"
    },
    "autoupdate": {
        "architecture": {
            "64bit": {
                "url": "https://cmake.org/files/dev/cmake-$version-g$matchTag-windows-x86_64.zip",
                "extract_dir": "cmake-$version-g$matchTag-windows-x86_64"
            },
            "32bit": {
                "url": "https://cmake.org/files/dev/cmake-$version-g$matchTag-windows-i386.zip",
                "extract_dir": "cmake-$version-g$matchTag-windows-i386"
            }
        }
    }
}
