{
    "version": "1.10.27",
    "description": "Dependency Manager for PHP (version 1)",
    "homepage": "https://getcomposer.org/",
    "license": "MIT",
    "notes": "'composer selfupdate --1' is aliased to 'scoop update composer'",
    "url": "https://getcomposer.org/download/1.10.27/composer.phar",
    "hash": "230d28fb29f3c6c07ab2382390bef313e36de17868b2bd23b2e070554cae23d2",
    "pre_install": [
        "@(",
        "    'if ($args.length -eq 1 -and ($args -eq \"selfupdate\" -or $args -eq \"self-update\")) { & scoop update composer1 }'",
        "    'else { & php (Join-Path $PSScriptRoot \"composer.phar\") @args --1}'",
        ") | Add-Content -Path \"$dir\\composer.ps1\"",
        "if (!(Test-Path \"$persist_dir\\home\") -and (Test-Path \"$env:Appdata\\Composer\")) {",
        "    Write-Host -F yellow \"Moving old 'COMPOSER_HOME' to '$persist_dir\\home'\"",
        "    Move-Item \"$env:Appdata\\Composer\" \"$persist_dir\\home\" -Force",
        "}"
    ],
    "bin": [
        "composer.ps1",
        [
            "composer.ps1",
            "composer1"
        ]
    ],
    "env_set": {
        "COMPOSER_HOME": "$persist_dir\\home"
    },
    "env_add_path": "home\\vendor\\bin",
    "persist": "home",
    "suggest": {
        "PHP": [
            "php",
            "php-nts"
        ]
    },
    "checkver": {
        "url": "https://github.com/composer/composer/releases",
        "regex": "tag/(1\\.[\\d.]+)[^-]"
    },
    "autoupdate": {
        "url": "https://getcomposer.org/download/$version/composer.phar",
        "hash": {
            "url": "$url.sha256sum"
        }
    }
}
