{
    "version": "11.7.1",
    "description": "A parallel computing platform and programming model invented by NVIDIA (version 11.7)",
    "homepage": "https://developer.nvidia.com/cuda-toolkit",
    "license": {
        "identifier": "Freeware",
        "url": "https://docs.nvidia.com/cuda/eula/index.html"
    },
    "architecture": {
        "64bit": {
            "url": "http://developer.download.nvidia.com/compute/cuda/11.7.1/local_installers/cuda_11.7.1_516.94_windows.exe#/dl.7z",
            "hash": "22d6899b2d8851e7db54bdea201b280c544d0c1867da0128a659e2a223bc36c2"
        }
    },
    "installer": {
        "script": [
            "$names = @('bin', 'extras', 'include', 'lib', 'libnvvp', 'nvml', 'nvvm', 'compute-sanitizer')",
            "foreach ($name in $names) {",
            "    Copy-Item \"$dir\\cuda_*\\*\\$name\" \"$dir\" -Recurse -Force",
            "    Copy-Item \"$dir\\lib*\\*\\$name\" \"$dir\" -Recurse -Force",
            "}",
            "Get-ChildItem \"$dir\" -Exclude $names | Remove-Item -Recurse -Force"
        ]
    },
    "env_add_path": "bin",
    "env_set": {
        "CUDA_PATH": "$dir",
        "CUDA_PATH_V11_7": "$dir"
    }
}
