{
    "version": "9.2.148",
    "description": "A parallel computing platform and programming model invented by NVIDIA",
    "homepage": "https://developer.nvidia.com/cuda-toolkit",
    "license": {
        "identifier": "Freeware",
        "url": "https://docs.nvidia.com/cuda/eula/index.html"
    },
    "architecture": {
        "64bit": {
            "url": "https://developer.nvidia.com/compute/cuda/9.2/Prod2/local_installers2/cuda_9.2.148_win10#/dl.7z",
            "hash": "md5:f6c170a7452098461070dbba3e6e58f1"
        }
    },
    "installer": {
        "script": [
            "$names = @('bin', 'extras', 'include', 'jre', 'lib', 'libnvvp', 'nvml', 'nvvm')",
            "foreach ($name in $names) {",
            "    Copy-Item \"$dir\\*\\$name\" \"$dir\" -Recurse -Force",
            "}",
            "Get-ChildItem \"$dir\" -Exclude $names | Remove-Item -Recurse -Force"
        ]
    },
    "env_add_path": [
        "bin",
        "libnvvp"
    ],
    "env_set": {
        "CUDA_PATH": "$dir",
        "CUDA_PATH_V9_2": "$dir"
    }
}
