{
    "version": "9.1.85",
    "description": "A parallel computing platform and programming model invented by NVIDIA",
    "homepage": "https://developer.nvidia.com/cuda-toolkit",
    "license": {
        "identifier": "Freeware",
        "url": "https://docs.nvidia.com/cuda/eula/index.html"
    },
    "architecture": {
        "64bit": {
            "url": "https://developer.nvidia.com/compute/cuda/9.1/Prod/local_installers/cuda_9.1.85_win10#/dl.7z",
            "hash": "md5:2665de6228cfe76e421fe8ff6db8313f"
        }
    },
    "installer": {
        "script": [
            "$names = @('bin', 'extras', 'include', 'jre', 'lib', 'libnvvp', 'nvml', 'nvvm')",
            "foreach ($name in $names) {",
            "    Copy-Item \"$dir\\*\\$name\" \"$dir\" -Recurse -Force",
            "}",
            "Get-ChildItem \"$dir\" -Exclude $names | Remove-Item -Recurse -Force"
        ]
    },
    "env_add_path": [
        "bin",
        "libnvvp"
    ],
    "env_set": {
        "CUDA_PATH": "$dir",
        "CUDA_PATH_V9_1": "$dir"
    }
}
