{
    "version": "10.0.130",
    "description": "A parallel computing platform and programming model invented by NVIDIA",
    "homepage": "https://developer.nvidia.com/cuda-toolkit",
    "license": {
        "identifier": "Freeware",
        "url": "https://docs.nvidia.com/cuda/eula/index.html"
    },
    "architecture": {
        "64bit": {
            "url": "https://developer.nvidia.com/compute/cuda/10.0/Prod/local_installers/cuda_10.0.130_411.31_win10#/dl.7z",
            "hash": "9dae54904570272c1fcdb10f5f19c71196b4fdf3ad722afa0862a238d7c75e6f"
        }
    },
    "installer": {
        "script": [
            "$names = @('bin', 'extras', 'include', 'jre', 'lib', 'libnvvp', 'nvml', 'nvvm')",
            "foreach ($name in $names) {",
            "    Copy-Item \"$dir\\*\\$name\" \"$dir\" -Recurse -Force",
            "}",
            "Get-ChildItem \"$dir\" -Exclude $names | Remove-Item -Recurse -Force"
        ]
    },
    "env_add_path": [
        "bin",
        "libnvvp"
    ],
    "env_set": {
        "CUDA_PATH": "$dir",
        "CUDA_PATH_V10_0": "$dir"
    }
}
