{
    "version": "11.5.2",
    "description": "A parallel computing platform and programming model invented by NVIDIA",
    "homepage": "https://developer.nvidia.com/cuda-toolkit",
    "license": {
        "identifier": "Freeware",
        "url": "https://docs.nvidia.com/cuda/eula/index.html"
    },
    "architecture": {
        "64bit": {
            "url": "https://developer.download.nvidia.com/compute/cuda/11.5.2/local_installers/cuda_11.5.2_496.13_windows.exe#/dl.7z",
            "hash": "56df108c56efed72241777b34aba8f6dcea540fb56a9d8545679225dd3c1950d"
        }
    },
    "installer": {
        "script": [
            "$names = @('bin', 'extras', 'include', 'lib', 'libnvvp', 'nvml', 'nvvm', 'compute-sanitizer')",
            "foreach ($name in $names) {",
            "    Copy-Item \"$dir\\cuda_*\\*\\$name\" \"$dir\" -Recurse -Force",
            "    Copy-Item \"$dir\\lib*\\*\\$name\" \"$dir\" -Recurse -Force",
            "}",
            "Get-ChildItem \"$dir\" -Exclude $names | Remove-Item -Recurse -Force"
        ]
    },
    "env_add_path": [
        "bin",
        "libnvvp"
    ],
    "env_set": {
        "CUDA_PATH": "$dir",
        "CUDA_PATH_V11_5": "$dir"
    }
}
