{
    "version": "11.6.2",
    "description": "A parallel computing platform and programming model invented by NVIDIA (version 11.6)",
    "homepage": "https://developer.nvidia.com/cuda-toolkit",
    "license": {
        "identifier": "Freeware",
        "url": "https://docs.nvidia.com/cuda/eula/index.html"
    },
    "architecture": {
        "64bit": {
            "url": "http://developer.download.nvidia.com/compute/cuda/11.6.2/local_installers/cuda_11.6.2_511.65_windows.exe#/dl.7z",
            "hash": "07209206d11cd5a2ad9227fe0be0f145113416db619fbddee1e76d2a388a56e9"
        }
    },
    "installer": {
        "script": [
            "$names = @('bin', 'extras', 'include', 'lib', 'libnvvp', 'nvml', 'nvvm', 'compute-sanitizer')",
            "foreach ($name in $names) {",
            "    Copy-Item \"$dir\\cuda_*\\*\\$name\" \"$dir\" -Recurse -Force",
            "    Copy-Item \"$dir\\lib*\\*\\$name\" \"$dir\" -Recurse -Force",
            "}",
            "Get-ChildItem \"$dir\" -Exclude $names | Remove-Item -Recurse -Force"
        ]
    },
    "env_add_path": "bin",
    "env_set": {
        "CUDA_PATH": "$dir",
        "CUDA_PATH_V11_6": "$dir"
    }
}
