{
    "version": "11.1.1",
    "description": "A parallel computing platform and programming model invented by NVIDIA",
    "homepage": "https://developer.nvidia.com/cuda-toolkit",
    "license": {
        "identifier": "Freeware",
        "url": "https://docs.nvidia.com/cuda/eula/index.html"
    },
    "architecture": {
        "64bit": {
            "url": "https://developer.download.nvidia.com/compute/cuda/11.1.1/local_installers/cuda_11.1.1_456.81_win10.exe#/dl.7z",
            "hash": "c05b81319a272a8edd7a5e26bddcb4719071837c438be76e586da289b50ef853"
        }
    },
    "installer": {
        "script": [
            "$names = @('bin', 'extras', 'include', 'lib', 'libnvvp', 'nvml', 'nvvm', 'compute-sanitizer')",
            "foreach ($name in $names) {",
            "    Copy-Item \"$dir\\cuda_*\\*\\$name\" \"$dir\" -Recurse -Force",
            "    Copy-Item \"$dir\\lib*\\*\\$name\" \"$dir\" -Recurse -Force",
            "}",
            "Get-ChildItem \"$dir\" -Exclude $names | Remove-Item -Recurse -Force"
        ]
    },
    "env_add_path": [
        "bin",
        "libnvvp"
    ],
    "env_set": {
        "CUDA_PATH": "$dir",
        "CUDA_PATH_V11_1": "$dir"
    }
}
