{
    "version": "11.8.0",
    "description": "A parallel computing platform and programming model invented by NVIDIA (version 11.8)",
    "homepage": "https://developer.nvidia.com/cuda-toolkit",
    "license": {
        "identifier": "Freeware",
        "url": "https://docs.nvidia.com/cuda/eula/index.html"
    },
    "architecture": {
        "64bit": {
            "url": "http://developer.download.nvidia.com/compute/cuda/11.8.0/local_installers/cuda_11.8.0_522.06_windows.exe#/dl.7z",
            "hash": "b70f38f27321c0a53993438a91970a2e3c426f46da4c42eceff1eeea031a6555"
        }
    },
    "installer": {
        "script": [
            "$names = @('bin', 'extras', 'include', 'lib', 'libnvvp', 'nvml', 'nvvm', 'compute-sanitizer')",
            "foreach ($name in $names) {",
            "    Copy-Item \"$dir\\cuda_*\\*\\$name\" \"$dir\" -Recurse -Force",
            "    Copy-Item \"$dir\\lib*\\*\\$name\" \"$dir\" -Recurse -Force",
            "}",
            "Get-ChildItem \"$dir\" -Exclude $names | Remove-Item -Recurse -Force"
        ]
    },
    "env_add_path": "bin",
    "env_set": {
        "CUDA_PATH": "$dir",
        "CUDA_PATH_V11_8": "$dir"
    }
}
