{
    "version": "2024.2-242.20224.267",
    "description": "Cross-Platform IDE for Data Scientists by JetBrains. (Release Candidate)",
    "homepage": "https://www.jetbrains.com/dataspell/",
    "license": {
        "identifier": "Proprietary",
        "url": "https://www.jetbrains.com/store/license.html"
    },
    "architecture": {
        "64bit": {
            "url": "https://download.jetbrains.com/python/dataspell-242.20224.267.exe#/dl.7z",
            "hash": "b6d2ad4ac443623eac47c3f6cd40b099e3e0f46d484b2b31c55372afdcfc4202",
            "shortcuts": [
                [
                    "IDE\\bin\\dataspell64.exe",
                    "JetBrains\\DataSpell (Release Candidate)"
                ]
            ]
        }
    },
    "extract_to": "IDE",
    "installer": {
        "script": [
            "& \"$bucketsdir\\versions\\scripts\\jetbrains\\portable.ps1\" $dir $persist_dir",
            "Remove-Item \"$dir\\IDE\\`$*\" -Force -Recurse"
        ]
    },
    "persist": [
        "IDE\\bin\\idea.properties",
        "profile"
    ],
    "checkver": {
        "url": "https://data.services.jetbrains.com/products/releases?code=DS&latest=true&platform=zip&type=rc",
        "regex": "version\":\"(?<ver>[\\d.]+)\".*\"build\":\"(?<build>[\\d.]+)\"",
        "replace": "${ver}-${build}"
    },
    "autoupdate": {
        "architecture": {
            "64bit": {
                "url": "https://download.jetbrains.com/python/dataspell-$preReleaseVersion.exe#/dl.7z"
            }
        },
        "hash": {
            "url": "$url.sha256"
        }
    }
}
