{
    "version": "2024.2-242.20224.237",
    "description": "Cross-Platform IDE for Databases & SQL by JetBrains. (Release Candidate)",
    "homepage": "https://www.jetbrains.com/datagrip/",
    "license": {
        "identifier": "Proprietary",
        "url": "https://www.jetbrains.com/store/license.html"
    },
    "url": "https://download.jetbrains.com/datagrip/datagrip-242.20224.237.exe#/dl.7z",
    "hash": "80d36cc7bc8767407e2d28517fa140d2eb61f01f0423ffd28eb6f079a68892e4",
    "extract_to": "IDE",
    "installer": {
        "script": [
            "& \"$bucketsdir\\versions\\scripts\\jetbrains\\portable.ps1\" $dir $persist_dir",
            "Remove-Item \"$dir\\IDE\\`$*\" -Force -Recurse"
        ]
    },
    "architecture": {
        "64bit": {
            "bin": [
                [
                    "IDE\\bin\\datagrip64.exe",
                    "datagrip"
                ]
            ],
            "shortcuts": [
                [
                    "IDE\\bin\\datagrip64.exe",
                    "JetBrains\\DataGrip (Release Candidate)"
                ]
            ]
        },
        "32bit": {
            "bin": "IDE\\bin\\datagrip.exe",
            "shortcuts": [
                [
                    "IDE\\bin\\datagrip.exe",
                    "JetBrains\\DataGrip (Release Candidate)"
                ]
            ]
        }
    },
    "persist": [
        "IDE\\bin\\idea.properties",
        "profile"
    ],
    "checkver": {
        "url": "https://data.services.jetbrains.com/products/releases?code=DG&latest=true&platform=zip&type=rc",
        "regex": "version\":\"(?<ver>[\\d.]+)\".*\"build\":\"(?<build>[\\d.]+)\"",
        "replace": "${ver}-${build}"
    },
    "autoupdate": {
        "url": "https://download.jetbrains.com/datagrip/datagrip-$preReleaseVersion.exe#/dl.7z",
        "hash": {
            "url": "$url.sha256"
        }
    }
}
