{
    "version": "3.1.41592.3405",
    "description": ".NET deobfuscator and unpacker. (for .NET 3.5 applications)",
    "homepage": "https://github.com/de4dot/de4dot",
    "license": "GPL-3.0-or-later",
    "url": "https://raw.githubusercontent.com/ScoopInstaller/Binary/master/de4dot/de4dot-net35.zip",
    "hash": "edfa47b3c2d6367a7aca5ac51d0fa12a9a7d809f689acdf7a6466895e2bce9e6",
    "architecture": {
        "64bit": {
            "bin": [
                [
                    "de4dot-x64.exe",
                    "de4dot"
                ]
            ]
        },
        "32bit": {
            "bin": "de4dot.exe"
        }
    }
}
