{
    "version": "3.1.41592.3405",
    "description": ".NET deobfuscator and unpacker. (for .NET 4.5 applications)",
    "homepage": "https://github.com/de4dot/de4dot",
    "license": "GPL-3.0-or-later",
    "url": "https://raw.githubusercontent.com/ScoopInstaller/Binary/master/de4dot/de4dot-net45.zip",
    "hash": "2d8942d0a63fab2d8e78827488c5cb7e2b6a8108ab2e5c3194359779a611f5ba",
    "architecture": {
        "64bit": {
            "bin": [
                [
                    "de4dot-x64.exe",
                    "de4dot"
                ]
            ]
        },
        "32bit": {
            "bin": "de4dot.exe"
        }
    }
}
