{
    "version": "3.1.41592.3405",
    "description": ".NET deobfuscator and unpacker. (for .NET Core 3.1 applications)",
    "homepage": "https://github.com/de4dot/de4dot",
    "license": "GPL-3.0-or-later",
    "architecture": {
        "64bit": {
            "url": "https://raw.githubusercontent.com/ScoopInstaller/Binary/master/de4dot/de4dot-netcoreapp3.1.zip",
            "hash": "a74ad2e188fcf0d32fda33011a3d812eaca27649c9c3e87d80ef0fdaac8193b1"
        }
    },
    "bin": "de4dot.exe"
}
