{
    "version": "4.0.2",
    "description": "Git Archaeology Tool.",
    "homepage": "https://www.syntevo.com/deepgit/",
    "license": {
        "identifier": "Proprietary",
        "url": "https://www.syntevo.com/documents/deepgit-license.html"
    },
    "url": "https://www.syntevo.com/downloads/deepgit/deepgit-portable-4_0_2.7z",
    "hash": "sha1:9c8999ac4e51bf2f42fe017006cb99b255b60c10",
    "extract_dir": "DeepGit",
    "architecture": {
        "64bit": {
            "bin": [
                [
                    "bin\\deepgitc.exe",
                    "deepgit"
                ]
            ],
            "shortcuts": [
                [
                    "bin\\deepgit.exe",
                    "DeepGit"
                ]
            ]
        },
        "32bit": {
            "bin": [
                [
                    "bin\\deepgitc32.exe",
                    "deepgit"
                ]
            ],
            "shortcuts": [
                [
                    "bin\\deepgit32.exe",
                    "DeepGit"
                ]
            ]
        }
    },
    "persist": ".settings"
}
