{
    "version": "0.0.316",
    "description": "Free Voice and Text Chat",
    "homepage": "https://discordapp.com/",
    "license": {
        "identifier": "Freeware",
        "url": "https://discordapp.com/terms"
    },
    "url": "http://dl-canary.discordapp.net/apps/win/DiscordCanary-0.0.316-full.nupkg#/dl.7z",
    "hash": "sha1:e56b6ce33dffde16fbc63c2da986d5bac4716651",
    "extract_dir": "lib\\net45",
    "bin": "DiscordCanary.exe",
    "shortcuts": [
        [
            "DiscordCanary.exe",
            "Discord Canary"
        ]
    ],
    "checkver": {
        "url": "https://discordapp.com/api/updates/canary/RELEASES",
        "regex": "DiscordCanary-([\\d.]+)"
    },
    "autoupdate": {
        "url": "http://dl-canary.discordapp.net/apps/win/DiscordCanary-$version-full.nupkg#/dl.7z",
        "hash": {
            "url": "https://discordapp.com/api/updates/canary/RELEASES"
        }
    }
}
