{
    "version": "nightly",
    "description": "Run the latest master build of docker client and engine",
    "homepage": "https://master.dockerproject.org",
    "license": "Apache-2.0",
    "notes": [
        "Make sure to have container features enabled (will need a restart afterwards):",
        "sudo Enable-WindowsOptionalFeature -Online -FeatureName containers -All -NoRestart",
        "sudo Enable-WindowsOptionalFeature -Online -FeatureName Microsoft-Hyper-V -All -NoRestart",
        "",
        "To test run you can use:",
        "sudo dockerd -D --experimental -H \"npipe:////./pipe//docker_lcow\"",
        "",
        "To install and run as a service (with linux containers support - lcow):",
        "You do not have to create a docker group you can replace it with (whoami)",
        "",
        "sudo net localgroup docker /add",
        "sudo net localgroup docker (whoami) /add",
        "sudo dockerd.exe `",
        "  --register-service `",
        "  --experimental `",
        "  --storage-opt lcow.kirdpath=\"$(scoop prefix lcow)\" `",
        "  -G docker",
        "sudo Start-Service docker",
        "",
        "To remove the service you can use:",
        "sudo Stop-Service docker",
        "sudo powershell",
        "(gwmi win32_service -filter \"name='docker'\").delete()",
        "",
        "For help, see https://docs.microsoft.com/en-us/virtualization/windowscontainers/manage-docker/configure-docker-daemon"
    ],
    "suggest": {
        "compose.yml to kubernetes.yml": "kompose",
        "Docker Compose": "docker-compose",
        "Docker Machine": "docker-machine",
        "Kubernetes Client": "kubectl",
        "Kubernetes Standalone": "minikube",
        "Linux container support on Windows": "lcow",
        "Linux container support on Windows": "versions/lcow",
        "sudo": [
            "sudo",
            "gsudo"
        ]
    },
    "url": "https://master.dockerproject.org/windows/x86_64/docker.zip",
    "extract_dir": "docker",
    "bin": [
        "dockerd.exe",
        "docker.exe"
    ]
}
