{
    "version": "4131",
    "homepage": "https://apps.kde.org/dolphin/",
    "description": "A file manager developed by KDE that lets you navigate and browse the contents of your hard drives, USB sticks, SD cards, and more.",
    "license": "GPL-2.0-or-later",
    "architecture": {
        "64bit": {
            "url": "https://cdn.kde.org/ci-builds/system/dolphin/master/windows/dolphin-master-4131-windows-cl-msvc2022-x86_64.7z",
            "hash": "e55ac8468020080023dc2d1627fae702ba5b7f1792335bc7b87945d88d63fa1f"
        }
    },
    "bin": "bin\\dolphin.exe",
    "shortcuts": [
        [
            "bin\\dolphin.exe",
            "KDE Dolphin Nightly"
        ]
    ],
    "pre_install": "Stop-Process -Name 'dbus-daemon' -Force -ErrorAction 'SilentlyContinue'",
    "checkver": {
        "url": "https://cdn.kde.org/ci-builds/system/dolphin/master/windows/",
        "regex": "dolphin-master-([\\d]+)-windows-cl-msvc(?<Year>[\\d]+)-x86_64"
    },
    "autoupdate": {
        "architecture": {
            "64bit": {
                "url": "https://cdn.kde.org/ci-builds/system/dolphin/master/windows/dolphin-master-$version-windows-cl-msvc$matchYear-x86_64.7z",
                "hash": {
                    "url": "$url.sha256"
                }
            }
        }
    }
}
