{
    "version": "2.1.818",
    "description": ".NET is a free, cross-platform, open source developer platform for building many different types of applications.",
    "homepage": "https://www.microsoft.com/net/",
    "license": "MIT",
    "suggest": {
        "vcredist": "extras/vcredist2022"
    },
    "architecture": {
        "64bit": {
            "url": "https://dotnetcli.azureedge.net/dotnet/Sdk/2.1.818/dotnet-sdk-2.1.818-win-x64.zip",
            "hash": "sha512:ee0c000eb6b22e72cd6a49db0b139f2f49b2f74ce7e44f6308182a9e9f3ecadfa96b08084347c209997e4bf410c0d8beafbbaa600276118d9b23b43c0f09ec46"
        },
        "32bit": {
            "url": "https://dotnetcli.azureedge.net/dotnet/Sdk/2.1.818/dotnet-sdk-2.1.818-win-x86.zip",
            "hash": "sha512:23432b04c348af12e65ce2bd2abf4b2312a361279acb9fde9a21cc74a13f53bc71716ad940ef0a4c84ec68f72c78ed441e55ad8390b660b3efcbd8eb65446369"
        }
    },
    "env_add_path": ".",
    "env_set": {
        "DOTNET_ROOT": "$dir",
        "MSBuildSDKsPath": "$dir\\sdk\\$version\\Sdks"
    },
    "pre_uninstall": "info 'If the uninstall fails with a message saying that access is denied, you may need to log out of your current account, log back in and try again.'"
}
