{
    "version": "6.0.425",
    "description": ".NET is a free, cross-platform, open source developer platform for building many different types of applications.",
    "homepage": "https://www.microsoft.com/net/",
    "license": "MIT",
    "suggest": {
        "vcredist": "extras/vcredist2022"
    },
    "architecture": {
        "64bit": {
            "url": "https://dotnetcli.azureedge.net/dotnet/Sdk/6.0.425/dotnet-sdk-6.0.425-win-x64.zip",
            "hash": "sha512:8bd8e396bf451e90114fc8c039eae21b96ffbe5a2d04238d58712c754f4fce42039140680dfaa121b2c12174ecf192309c6eecb4525f3282ad18b756e30157a1"
        },
        "32bit": {
            "url": "https://dotnetcli.azureedge.net/dotnet/Sdk/6.0.425/dotnet-sdk-6.0.425-win-x86.zip",
            "hash": "sha512:a9cc5e30e6b75ca9ee6f283e996fb58b7ed11ef072aad62c341ab9e32f29ed1c0f518f8cfc1be69fde815ce1f51998c1d0c2e8be3c549392a54ca940a4e33929"
        },
        "arm64": {
            "url": "https://dotnetcli.azureedge.net/dotnet/Sdk/6.0.425/dotnet-sdk-6.0.425-win-arm64.zip",
            "hash": "sha512:7b82c2f8d8b25ea02672bfc86178198798203d81176fcbadf655dd213d1e4c2f07b63756e50592b759bef637871edf842122170630d7b6eb80d1e62d1d7f090b"
        }
    },
    "env_add_path": ".",
    "env_set": {
        "DOTNET_ROOT": "$dir",
        "MSBuildSDKsPath": "$dir\\sdk\\$version\\Sdks"
    },
    "pre_uninstall": "info 'If the uninstall fails with a message saying that access is denied, you may need to log out of your current account, log back in and try again.'",
    "checkver": {
        "url": "https://dotnetcli.blob.core.windows.net/dotnet/release-metadata/releases-index.json",
        "jsonpath": "$..releases-index[?(@.channel-version =~ /^6/)].latest-sdk"
    },
    "autoupdate": {
        "architecture": {
            "64bit": {
                "url": "https://dotnetcli.azureedge.net/dotnet/Sdk/$version/dotnet-sdk-$version-win-x64.zip"
            },
            "32bit": {
                "url": "https://dotnetcli.azureedge.net/dotnet/Sdk/$version/dotnet-sdk-$version-win-x86.zip"
            },
            "arm64": {
                "url": "https://dotnetcli.azureedge.net/dotnet/Sdk/$version/dotnet-sdk-$version-win-arm64.zip"
            }
        },
        "hash": {
            "url": "https://dotnetcli.blob.core.windows.net/dotnet/release-metadata/$majorVersion.$minorVersion/releases.json",
            "regex": "(?s)$basename.*?$sha512"
        }
    }
}
