{
    "version": "9.0.100-preview.7.24407.12",
    "description": ".NET is a free, cross-platform, open source developer platform for building many different types of applications.",
    "homepage": "https://www.microsoft.com/net/",
    "license": "MIT",
    "suggest": {
        "vcredist": "extras/vcredist2022"
    },
    "architecture": {
        "64bit": {
            "url": "https://dotnetcli.azureedge.net/dotnet/Sdk/9.0.100-preview.7.24407.12/dotnet-sdk-9.0.100-preview.7.24407.12-win-x64.zip",
            "hash": "sha512:99ed1ff4207b8e465b0a483649be860164fb9d4003ee08b1758d0db0df194dda523be4896572c21bfc6ca333f3408b48c14872cf5748a5af7c4d2682f29d8d3b"
        },
        "32bit": {
            "url": "https://dotnetcli.azureedge.net/dotnet/Sdk/9.0.100-preview.7.24407.12/dotnet-sdk-9.0.100-preview.7.24407.12-win-x86.zip",
            "hash": "sha512:ba3b33dc34e811e9d740e9af00844a5cc67372718e45226b859812b917ac50b9249397752c8b0b63ce87339df5530f1e27d8863bfd2690834e51c38cb3bf4be7"
        },
        "arm64": {
            "url": "https://dotnetcli.azureedge.net/dotnet/Sdk/9.0.100-preview.7.24407.12/dotnet-sdk-9.0.100-preview.7.24407.12-win-arm64.zip",
            "hash": "sha512:69c9b7fd4772509a343907a3cc386660caff5295fda42e64ae62c52147ba2adbd9511fa976dd9738df0643a3596a5c7eaa3e51a0f8bc8ffd4101eea706a5dd2b"
        }
    },
    "env_add_path": ".",
    "env_set": {
        "DOTNET_ROOT": "$dir",
        "MSBuildSDKsPath": "$dir\\sdk\\$version\\Sdks"
    },
    "pre_uninstall": "info 'If the uninstall fails with a message saying that access is denied, you may need to log out of your current account, log back in and try again.'",
    "checkver": {
        "url": "https://dotnetcli.blob.core.windows.net/dotnet/release-metadata/releases-index.json",
        "jsonpath": "$..releases-index[?(@.support-phase == 'preview' || @.support-phase == 'rc')].latest-sdk"
    },
    "autoupdate": {
        "architecture": {
            "64bit": {
                "url": "https://dotnetcli.azureedge.net/dotnet/Sdk/$version/dotnet-sdk-$version-win-x64.zip"
            },
            "32bit": {
                "url": "https://dotnetcli.azureedge.net/dotnet/Sdk/$version/dotnet-sdk-$version-win-x86.zip"
            },
            "arm64": {
                "url": "https://dotnetcli.azureedge.net/dotnet/Sdk/$version/dotnet-sdk-$version-win-arm64.zip"
            }
        },
        "hash": {
            "url": "https://dotnetcli.blob.core.windows.net/dotnet/release-metadata/$majorVersion.$minorVersion/releases.json",
            "regex": "(?s)$basename.*?$sha512"
        }
    }
}
