{
    "version": "130.0.2831.0",
    "description": "Close the loop on your developer cycle by automating testing of your website in Microsoft Edge (Chromium).",
    "homepage": "https://developer.microsoft.com/en-us/microsoft-edge/tools/webdriver",
    "license": {
        "identifier": "Freeware",
        "url": "https://msedgedriver.azureedge.net/EULA"
    },
    "notes": "For legacy (EdgeHTML) version, see 'versions/edgedriver-legacy'.",
    "architecture": {
        "64bit": {
            "url": "https://msedgedriver.azureedge.net/130.0.2831.0/edgedriver_win64.zip",
            "hash": "85dd934e8ad498bb7ad64e3423549eebc8f89cc2c1f0365976f6720f424eef56"
        },
        "32bit": {
            "url": "https://msedgedriver.azureedge.net/130.0.2831.0/edgedriver_win32.zip",
            "hash": "3e9cff0e44ad160a8f1a5131ca082ae984df3f72ae3892c7f5fdc8d09d02ece9"
        },
        "arm64": {
            "url": "https://msedgedriver.azureedge.net/130.0.2831.0/edgedriver_arm64.zip",
            "hash": "a724761640c4e4fd53715d35f0116301729109c95fef83eb6df384d740df121b"
        }
    },
    "bin": "msedgedriver.exe",
    "checkver": {
        "script": "Write-Output $([System.Text.Encoding]::Unicode.GetString((Invoke-WebRequest -URI https://msedgedriver.azureedge.net/LATEST_CANARY).Content))",
        "regex": "([\\d.]+)"
    },
    "autoupdate": {
        "architecture": {
            "64bit": {
                "url": "https://msedgedriver.azureedge.net/$version/edgedriver_win64.zip"
            },
            "32bit": {
                "url": "https://msedgedriver.azureedge.net/$version/edgedriver_win32.zip"
            },
            "arm64": {
                "url": "https://msedgedriver.azureedge.net/$version/edgedriver_arm64.zip"
            }
        }
    }
}
