{
    "homepage": "https://developer.microsoft.com/en-us/microsoft-edge/tools/webdriver",
    "version": "6.17134",
    "license": {
        "identifier": "Freeware",
        "url": "https://az813057.vo.msecnd.net/eulas/webdriver-eula.pdf"
    },
    "description": "Close the loop on your developer cycle by automating testing of your website in Microsoft Edge (EdgeHTML).",
    "url": "https://download.microsoft.com/download/F/8/A/F8AF50AB-3C3A-4BC4-8773-DC27B32988DD/MicrosoftWebDriver.exe",
    "hash": "6E8182697EA5189491B5519D8496A3392E43741B7C0515130F2F8205881D208E",
    "bin": "MicrosoftWebDriver.exe"
}
