{
    "version": "27.2",
    "description": "An extensible, customizable, free/libre text editor.",
    "homepage": "https://www.gnu.org/software/emacs/",
    "license": "GPL-3.0-or-later",
    "architecture": {
        "64bit": {
            "url": "https://ftpmirror.gnu.org/gnu/emacs/windows/emacs-27/emacs-27.2-x86_64.zip",
            "hash": "5396aa4239c9ac2f65a6b084ccf588d01bdd6ddb701419b7fda5b97b45846093"
        },
        "32bit": {
            "url": "https://ftpmirror.gnu.org/gnu/emacs/windows/emacs-27/emacs-27.2-i686.zip",
            "hash": "626792ea6c4c5347e1f17960072440af1cb05cb6767389fc8195a744a0b428ca"
        }
    },
    "bin": [
        "bin\\runemacs.exe",
        "bin\\emacs.exe",
        "bin\\emacsclientw.exe",
        "bin\\etags.exe",
        "bin\\ctags.exe"
    ],
    "shortcuts": [
        [
            "bin\\runemacs.exe",
            "Emacs"
        ],
        [
            "bin\\emacsclientw.exe",
            "Emacs Client",
            "-c -n -a \"\""
        ]
    ]
}
