{
    "version": "1.4.1.1025",
    "description": "Locate files and folders by name instantly.",
    "homepage": "https://www.voidtools.com",
    "license": "MIT",
    "notes": "Run '$dir\\install-context.reg' to add Everything to right-click context menu.",
    "architecture": {
        "64bit": {
            "url": "https://www.voidtools.com/Everything-1.4.1.1025.x64.zip",
            "hash": "b7e9856a09295008c1a47d5d95d9517b56ae76bf89d8a7b8a9eba2eb5f611153"
        },
        "32bit": {
            "url": "https://www.voidtools.com/Everything-1.4.1.1025.x86.zip",
            "hash": "a772fd66049bebccde610693d6cfa31b656143be02167711a5a64f55dfa70cff"
        }
    },
    "pre_install": [
        "ensure \"$persist_dir\" | Out-Null",
        "if (!(Test-Path \"$persist_dir\\Everything.ini\")) { Invoke-ExternalCommand \"$dir\\Everything.exe\" -Args @('-install-config null') | Out-Null }",
        "Get-ChildItem \"$persist_dir\\*\" -Include 'Bookmarks.csv', 'Everything.db', 'Everything.ini', 'Filters.csv', 'Search History.csv' | Copy-Item -Destination \"$dir\" -ErrorAction SilentlyContinue",
        "Copy-Item \"$bucketsdir\\versions\\scripts\\everything\\uninstall-context.reg\" \"$dir\\\""
    ],
    "post_install": [
        "$app_path = \"$dir\\Everything.exe\".Replace('\\', '\\\\')",
        "$reg_content = Get-Content \"$bucketsdir\\versions\\scripts\\everything\\install-context.reg\"",
        "$reg_content = $reg_content.replace('$app_path', $app_path)",
        "Set-Content \"$dir\\install-context.reg\" $reg_content -Encoding ASCII"
    ],
    "pre_uninstall": [
        "Stop-Process -Name 'everything' -Force -ErrorAction SilentlyContinue",
        "if ($(Get-Service -Name Everything -ErrorAction SilentlyContinue).Status -ne 'Stopped') {",
        "    if (!(is_admin)) { error 'Admin rights are required to stop Everything service'; break }",
        "    Stop-Service -Name 'Everything' -Force -ErrorAction SilentlyContinue | Out-Null",
        "}",
        "if ((Get-Service -Name Everything -ErrorAction SilentlyContinue) -and ($cmd -eq 'uninstall')) {",
        "    if (!(is_admin)) { error 'Admin rights are required to remove Everything service'; break }",
        "    sc.exe delete 'Everything'",
        "}",
        "if ($cmd -eq 'uninstall') { reg import \"$dir\\uninstall-context.reg\" }",
        "Get-ChildItem \"$dir\\*\" -Include 'Bookmarks.csv', 'Everything.db', 'Everything.ini', 'Filters.csv', 'Search History.csv' | Copy-Item -Destination \"$persist_dir\" -ErrorAction SilentlyContinue -Force"
    ],
    "bin": "Everything.exe",
    "shortcuts": [
        [
            "Everything.exe",
            "Everything"
        ]
    ],
    "checkver": {
        "url": "https://www.voidtools.com/forum/viewtopic.php?f=2&t=5718",
        "regex": "Everything-([\\d.]+)\\.x86"
    },
    "autoupdate": {
        "architecture": {
            "64bit": {
                "url": "https://www.voidtools.com/Everything-$version.x64.zip"
            },
            "32bit": {
                "url": "https://www.voidtools.com/Everything-$version.x86.zip"
            }
        },
        "hash": {
            "url": "$baseurl/Everything-$version.sha256"
        }
    }
}
