{
    "version": "6.7.7-nightly.6",
    "description": "All-in-one messaging apps for various services",
    "homepage": "https://github.com/ferdium/ferdium-app",
    "license": "Apache-2.0",
    "url": "https://github.com/ferdium/ferdium-app/releases/download/v6.7.7-nightly.6/Ferdium-win-AutoSetup-6.7.7-nightly.6.exe#/dl.7z",
    "hash": "sha512:27165ab8b5aa8323504f937542e2d056df2202862c4d2f87c382c5d513c359b2159ca6c2f65ff0efb2e9d5ceb201fe7342d6e7dab7f1ec4b7c2ee7ed8959a51e",
    "architecture": {
        "64bit": {
            "installer": {
                "script": "Expand-7zipArchive -Path \"$dir\\`$PLUGINSDIR\\app-64.7z\" \"$dir\""
            }
        },
        "32bit": {
            "installer": {
                "script": "Expand-7zipArchive -Path \"$dir\\`$PLUGINSDIR\\app-32.7z\" \"$dir\""
            }
        }
    },
    "post_install": "Remove-Item \"$dir\\`$PLUGINSDIR\", \"$dir\\Uninstall*.exe\" -Recurse -Force",
    "shortcuts": [
        [
            "Ferdium.exe",
            "Ferdium"
        ]
    ],
    "checkver": {
        "url": "https://github.com/ferdium/ferdium-app/releases",
        "regex": "/releases/tag/(?:v|V)?([\\d\\-nightly.]+)"
    },
    "autoupdate": {
        "url": "https://github.com/ferdium/ferdium-app/releases/download/v$version/Ferdium-win-AutoSetup-$version.exe#/dl.7z",
        "hash": {
            "url": "$baseurl/latest.yml",
            "regex": "sha512:\\s+$base64"
        }
    }
}
