{
    "version": "1726063328",
    "description": "A complete, cross-platform solution to record, convert and stream audio and video.",
    "homepage": "https://ffmpeg.org",
    "license": "GPL-3.0-or-later",
    "architecture": {
        "64bit": {
            "url": "https://github.com/BtbN/FFmpeg-Builds/releases/download/latest/ffmpeg-master-latest-win64-gpl.zip",
            "hash": "0559856657a41afb0cd6e97796513961727046df59748d83bc27f092e888e0bc",
            "extract_dir": "ffmpeg-master-latest-win64-gpl"
        }
    },
    "bin": [
        "bin\\ffmpeg.exe",
        "bin\\ffplay.exe",
        "bin\\ffprobe.exe"
    ],
    "checkver": {
        "script": "try { Get-Date (Invoke-RestMethod https://api.github.com/repositories/292087234/releases/latest).published_at -UFormat %s } catch { '' }",
        "regex": "\\A(\\d+)\\Z"
    },
    "autoupdate": {
        "architecture": {
            "64bit": {
                "url": "https://github.com/BtbN/FFmpeg-Builds/releases/download/latest/ffmpeg-master-latest-win64-gpl.zip"
            }
        }
    }
}
