{
    "version": "116990",
    "description": "A complete, cross-platform solution to record, convert and stream audio and video.",
    "homepage": "https://ffmpeg.org",
    "license": "GPL-3.0-or-later",
    "architecture": {
        "64bit": {
            "url": "https://github.com/BtbN/FFmpeg-Builds/releases/download/autobuild-2024-09-10-12-55/ffmpeg-N-116990-g4646a74d1e-win64-gpl-shared.zip",
            "hash": "0da4005c193848e82c0509d9e2f95f34176a8b8ba170b62b7919fb3c7dc68eb8",
            "extract_dir": "ffmpeg-N-116990-g4646a74d1e-win64-gpl-shared"
        }
    },
    "bin": [
        "bin\\ffmpeg.exe",
        "bin\\ffplay.exe",
        "bin\\ffprobe.exe"
    ],
    "checkver": {
        "url": "https://api.github.com/repositories/292087234/releases",
        "jsonpath": "$..browser_download_url",
        "regex": "autobuild-(?<time>[\\d-]+)/ffmpeg-N-(\\d+)-g(?<hash>[a-z\\d]+)-win64-gpl-shared\\.zip"
    },
    "autoupdate": {
        "architecture": {
            "64bit": {
                "url": "https://github.com/BtbN/FFmpeg-Builds/releases/download/autobuild-$matchTime/ffmpeg-N-$version-g$matchHash-win64-gpl-shared.zip",
                "extract_dir": "ffmpeg-N-$version-g$matchHash-win64-gpl-shared"
            }
        }
    }
}
