{
    "version": "7.0.2-15-20240911",
    "description": "FFMpeg builds of latest release branch with patches necessary for smooth integration with yt-dlp",
    "homepage": "https://github.com/yt-dlp/FFmpeg-Builds",
    "license": "MIT",
    "suggest": {
        "yt-dlp": "yt-dlp"
    },
    "architecture": {
        "64bit": {
            "url": "https://github.com/yt-dlp/FFmpeg-Builds/releases/download/autobuild-2024-09-11-14-14/ffmpeg-n7.0.2-15-g0458a86656-win64-gpl-7.0.zip",
            "hash": "9aec3c44eaa7abc37c4e151dca146ecba73b4fd6a5795aaa25b70c9fb35ed094",
            "extract_dir": "ffmpeg-n7.0.2-15-g0458a86656-win64-gpl-7.0"
        },
        "32bit": {
            "url": "https://github.com/yt-dlp/FFmpeg-Builds/releases/download/autobuild-2024-09-11-14-14/ffmpeg-n7.0.2-15-g0458a86656-win32-gpl-7.0.zip",
            "hash": "72be22715d400c3592ae4e07e7273f893e28fd760c319e589f39d5d7d74e9c95",
            "extract_dir": "ffmpeg-n7.0.2-15-g0458a86656-win32-gpl-7.0"
        }
    },
    "bin": [
        "bin\\ffmpeg.exe",
        "bin\\ffplay.exe",
        "bin\\ffprobe.exe"
    ],
    "checkver": {
        "script": [
            "# 32-bit file is either listed above or below the 64-bit one. Therefore we need a checkver script to match it.",
            "$url = 'https://api.github.com/repositories/377430603/releases'",
            "$regex_64bit = 'autobuild-(?<buildtime>(?<builddate>\\d{4}-\\d{2}-\\d{2})-\\d{2}-\\d{2})/(?<filename>ffmpeg-n(?<ffmpegver>[\\d.-]+)-\\w+-win64-gpl-[\\d.]+)\\.zip'",
            "$regex_32bit = $regex_64bit.replace('win64', 'win32')",
            "$cont = $(Invoke-WebRequest($url)).Content | ConvertFrom-Json",
            "$file_urls = @()",
            "$cont[1].assets | ForEach-Object { $file_urls += $_.browser_download_url }",
            "$file_urls | ForEach-Object {",
            "    if ($_ -match $regex_64bit) {",
            "        $ffmpegver = $matches.ffmpegver",
            "        $buildtime = $matches.buildtime",
            "        $builddate = $matches.builddate.Replace('-', '')",
            "        $filename64bit = $matches.filename",
            "    } elseif ($_ -match $regex_32bit) { $filename32bit = $matches.filename }",
            "}",
            "Write-Output $ffmpegver-$builddate $buildtime $filename64bit $filename32bit"
        ],
        "regex": "([\\w.-]+) (?<buildtime>[\\w.-]+) (?<filename64bit>[\\w.-]+) (?<filename32bit>[\\w.-]+)"
    },
    "autoupdate": {
        "architecture": {
            "64bit": {
                "url": "https://github.com/yt-dlp/FFmpeg-Builds/releases/download/autobuild-$matchBuildtime/$matchFilename64bit.zip",
                "extract_dir": "$matchFilename64bit"
            },
            "32bit": {
                "url": "https://github.com/yt-dlp/FFmpeg-Builds/releases/download/autobuild-$matchBuildtime/$matchFilename32bit.zip",
                "extract_dir": "$matchFilename32bit"
            }
        }
    }
}
