{
    "version": "2024-09-09",
    "description": "A complete, cross-platform solution to record, convert and stream audio and video.",
    "homepage": "https://ffmpeg.org",
    "license": "GPL-3.0-or-later",
    "architecture": {
        "64bit": {
            "url": "https://www.gyan.dev/ffmpeg/builds/packages/ffmpeg-2024-09-09-git-9556379943-full_build.7z",
            "hash": "5d032f7d50cd8eb37318fc9ffc5e806f4cbfc0340d630fc341dffc15c79a12db",
            "extract_dir": "ffmpeg-2024-09-09-git-9556379943-full_build"
        }
    },
    "post_install": [
        "# Workaround for https://github.com/ScoopInstaller/Main/issues/2611",
        "Remove-Item \"$scoopdir\\shims\\ffmpeg.ps1\", \"$scoopdir\\shims\\ffplay.ps1\", \"$scoopdir\\shims\\ffprobe.ps1\" -ErrorAction SilentlyContinue"
    ],
    "bin": [
        "bin\\ffmpeg.exe",
        "bin\\ffplay.exe",
        "bin\\ffprobe.exe"
    ],
    "checkver": {
        "url": "https://www.gyan.dev/ffmpeg/builds/ffmpeg-git-full.7z.ver",
        "regex": "([\\d-]+)-git-(?<commit>[a-z\\d]+)"
    },
    "autoupdate": {
        "architecture": {
            "64bit": {
                "url": "https://www.gyan.dev/ffmpeg/builds/packages/ffmpeg-$version-git-$matchCommit-full_build.7z",
                "hash": {
                    "url": "https://www.gyan.dev/ffmpeg/builds/packages/ffmpeg-$version-git-$matchCommit-full_build.7z.sha256"
                },
                "extract_dir": "ffmpeg-$version-git-$matchCommit-full_build"
            }
        }
    }
}
