{
    "version": "1515",
    "description": "Disk usage visualizer",
    "homepage": "https://apps.kde.org/filelight",
    "license": "LGPL-2.0-only",
    "architecture": {
        "64bit": {
            "url": "https://cdn.kde.org/ci-builds/utilities/filelight/master/windows/filelight-master-1515-windows-cl-msvc2022-x86_64.7z",
            "hash": "753fe75c242f865a7ae3db0386fee3d448dc19e7cf3385c3fbee379535f48379"
        }
    },
    "bin": [
        [
            "bin\\filelight.exe",
            "filelight"
        ]
    ],
    "shortcuts": [
        [
            "bin\\filelight.exe",
            "Filelight Nightly"
        ]
    ],
    "checkver": {
        "url": "https://cdn.kde.org/ci-builds/utilities/filelight/master/windows/",
        "regex": "filelight-master-(\\d+)-windows-cl-(?<lib>\\w+)-x86_64\\.7z"
    },
    "autoupdate": {
        "architecture": {
            "64bit": {
                "url": "https://cdn.kde.org/ci-builds/utilities/filelight/master/windows/filelight-master-$version-windows-cl-$matchLib-x86_64.7z"
            }
        },
        "hash": {
            "url": "$url.sha256"
        }
    }
}
