{
    "version": "131.0b5",
    "description": "Beta builds of Firefox: the popular open source web browser.",
    "homepage": "https://www.mozilla.org/en-US/firefox/beta/",
    "license": "MPL-2.0",
    "notes": [
        "To set profile 'Scoop-Beta' as *DEFAULT*, or profiles/settings was lost after update:",
        "  - Run 'Firefox Beta Profile Manager', choose 'Scoop-Beta' then click 'Start Firefox'.",
        "  - Visit 'about:profiles' page in Firefox Beta to check *DEFAULT* profile.",
        "For details: https://support.mozilla.org/en-US/kb/profile-manager-create-remove-switch-firefox-profiles"
    ],
    "architecture": {
        "64bit": {
            "url": "https://archive.mozilla.org/pub/firefox/releases/131.0b5/win64/en-US/Firefox%20Setup%20131.0b5.exe#/dl.7z",
            "hash": "sha512:2fb7007cfbb506dfa730e6b6b2186e7830a0baf075469ea6b87b4ac038d868be8dfefa9a3b9229788c5998f406b60e35630d5c85d6ddee487dc987874ff98c44"
        },
        "32bit": {
            "url": "https://archive.mozilla.org/pub/firefox/releases/131.0b5/win32/en-US/Firefox%20Setup%20131.0b5.exe#/dl.7z",
            "hash": "sha512:189f437353940e367ffcf6894c22a434768293b8b697189d1ac7c6195bcb7c5e13934037420510dc994b4c3710ed28c3e00f9a2c72fc5ad8b1e26cffbc891f69"
        }
    },
    "extract_dir": "core",
    "post_install": [
        "firefox-beta -CreateProfile \"Scoop-Beta $persist_dir\\profile\"",
        "$Addition = \"$persist_dir\\addition\"",
        "if (Test-Path $Addition) {",
        "  info 'Copying additional items...'",
        "  Copy-Item -Path $Addition\\* -Destination $dir -Force -Recurse -ErrorAction SilentlyContinue",
        "}"
    ],
    "bin": [
        [
            "firefox.exe",
            "firefox-beta"
        ]
    ],
    "shortcuts": [
        [
            "firefox.exe",
            "Firefox Beta"
        ],
        [
            "firefox.exe",
            "Firefox Beta Profile Manager",
            "-P"
        ]
    ],
    "persist": [
        "distribution",
        "profile"
    ],
    "checkver": {
        "url": "https://aus5.mozilla.org/update/6/Firefox/93.0/_/WINNT_x86_64-msvc-x64/en-US/beta/_/_/_/_/update.xml",
        "xpath": "/updates/update/patch/@URL",
        "regex": "firefox-([\\db.]+)-"
    },
    "autoupdate": {
        "architecture": {
            "64bit": {
                "url": "https://archive.mozilla.org/pub/firefox/releases/$version/win64/en-US/Firefox%20Setup%20$version.exe#/dl.7z",
                "hash": {
                    "url": "https://archive.mozilla.org/pub/firefox/releases/$version/SHA512SUMS",
                    "regex": "$sha512\\s+win64/en-US/$basename"
                }
            },
            "32bit": {
                "url": "https://archive.mozilla.org/pub/firefox/releases/$version/win32/en-US/Firefox%20Setup%20$version.exe#/dl.7z",
                "hash": {
                    "url": "https://archive.mozilla.org/pub/firefox/releases/$version/SHA512SUMS",
                    "regex": "$sha512\\s+win32/en-US/$basename"
                }
            }
        }
    }
}
