{
    "version": "131.0b5",
    "description": "Developer builds of Firefox: the popular open source web browser",
    "homepage": "https://www.mozilla.org/en-US/firefox/developer/",
    "license": "MPL-2.0",
    "notes": [
        "To set profile 'Scoop-Dev' as *DEFAULT*, or profiles/settings was lost after update:",
        "  - Run 'Firefox Dev Profile Manager', choose 'Scoop-Dev' then click 'Start Firefox Developer Edition'.",
        "  - Visit 'about:profiles' page in Firefox Dev to check *DEFAULT* profile.",
        "For details: https://support.mozilla.org/en-US/kb/profile-manager-create-remove-switch-firefox-profiles"
    ],
    "architecture": {
        "64bit": {
            "url": "https://archive.mozilla.org/pub/devedition/releases/131.0b5/win64/en-US/Firefox%20Setup%20131.0b5.exe#/dl.7z",
            "hash": "sha512:7f5428afadcb665c145b76b6af771f36197b111b25f99ef1cb3415479cf3872bf06b045bdeb872ce927aeda632b19a7c00a959d81d765ce40988b9e05fe26836"
        },
        "32bit": {
            "url": "https://archive.mozilla.org/pub/devedition/releases/131.0b5/win32/en-US/Firefox%20Setup%20131.0b5.exe#/dl.7z",
            "hash": "sha512:f16047159d3a01ac323ad6b43e6a5a4975fa28b65ddac9192144f3cee1cc31d3b3bf190a403bd242f864547ccceb528139f7bae8267bfb8ec54b835914de808e"
        }
    },
    "extract_dir": "core",
    "post_install": [
        "firefox-dev -CreateProfile \"Scoop-Dev $persist_dir\\profile\"",
        "$Addition = \"$persist_dir\\addition\"",
        "if (Test-Path $Addition) {",
        "  info 'Copying additional items...'",
        "  Copy-Item -Path $Addition\\* -Destination $dir -Force -Recurse -ErrorAction SilentlyContinue",
        "}"
    ],
    "bin": [
        [
            "firefox.exe",
            "firefox-dev"
        ],
        [
            "firefox.exe",
            "firefox-developer"
        ]
    ],
    "shortcuts": [
        [
            "firefox.exe",
            "Firefox Dev"
        ],
        [
            "firefox.exe",
            "Firefox Dev Profile Manager",
            "-P"
        ]
    ],
    "persist": [
        "distribution",
        "profile"
    ],
    "checkver": {
        "url": "https://aus5.mozilla.org/update/6/Firefox/93.0/_/WINNT_x86_64-msvc-x64/en-US/aurora/_/_/_/_/update.xml",
        "xpath": "/updates/update/patch/@URL",
        "regex": "devedition-([\\db.]+)-"
    },
    "autoupdate": {
        "architecture": {
            "64bit": {
                "url": "https://archive.mozilla.org/pub/devedition/releases/$version/win64/en-US/Firefox%20Setup%20$version.exe#/dl.7z",
                "hash": {
                    "url": "https://archive.mozilla.org/pub/devedition/releases/$version/SHA512SUMS",
                    "regex": "$sha512\\s+win64/en-US/$basename"
                }
            },
            "32bit": {
                "url": "https://archive.mozilla.org/pub/devedition/releases/$version/win32/en-US/Firefox%20Setup%20$version.exe#/dl.7z",
                "hash": {
                    "url": "https://archive.mozilla.org/pub/devedition/releases/$version/SHA512SUMS",
                    "regex": "$sha512\\s+win32/en-US/$basename"
                }
            }
        }
    }
}
