{
    "version": "132.0a1.20240911214006",
    "description": "Nightly builds of Firefox: the popular open source web browser.",
    "homepage": "https://www.mozilla.org/en-US/firefox/nightly/",
    "license": "MPL-2.0",
    "notes": [
        "To set profile 'Scoop-Nightly' as *DEFAULT*, or profiles/settings was lost after update:",
        "  - Run 'Firefox Nightly Profile Manager', choose 'Scoop-Nightly' then click 'Start Nightly'.",
        "  - Visit 'about:profiles' page in Firefox Nightly to check *DEFAULT* profile.",
        "For details: https://support.mozilla.org/en-US/kb/profile-manager-create-remove-switch-firefox-profiles"
    ],
    "architecture": {
        "64bit": {
            "url": "https://archive.mozilla.org/pub/firefox/nightly/2024/09/2024-09-11-21-40-06-mozilla-central/firefox-132.0a1.en-US.win64.installer.exe#/dl.7z",
            "hash": "sha512:00263bb6302af722082b7ee95fd53388034d4e388983b085a13a58ab5abb271d2cadbe7096d5fe60692c449ba43cd582ccc6112c8b4c4b8775b41d49db07972d"
        },
        "32bit": {
            "url": "https://archive.mozilla.org/pub/firefox/nightly/2024/09/2024-09-11-21-40-06-mozilla-central/firefox-132.0a1.en-US.win32.installer.exe#/dl.7z",
            "hash": "sha512:c146e21391a4a094b53c258735f4806b0cdca19363e521802a945c50a2373e321c6fa56e1bfbf71167e9a80a095f72ae4389d672be9e89295da8e11b2009a645"
        }
    },
    "extract_dir": "core",
    "post_install": [
        "firefox-nightly -CreateProfile \"Scoop-Nightly $persist_dir\\profile\"",
        "$Addition = \"$persist_dir\\addition\"",
        "if (Test-Path $Addition) {",
        "  info 'Copying additional items...'",
        "  Copy-Item -Path $Addition\\* -Destination $dir -Force -Recurse -ErrorAction SilentlyContinue",
        "}"
    ],
    "bin": [
        [
            "firefox.exe",
            "firefox-nightly"
        ]
    ],
    "shortcuts": [
        [
            "firefox.exe",
            "Firefox Nightly"
        ],
        [
            "firefox.exe",
            "Firefox Nightly Profile Manager",
            "-P"
        ]
    ],
    "persist": [
        "distribution",
        "profile"
    ],
    "checkver": {
        "url": "https://aus5.mozilla.org/update/6/Firefox/60.0/_/WINNT_x86_64-msvc-x64/en-US/nightly/_/_/_/_/update.xml",
        "regex": "appVersion=\"([\\w.]+)\".*?buildID=\"((?<yyyy>\\d{4})(?<mm>\\d{2})(?<dd>\\d{2})(?<hr>\\d{2})(?<mi>\\d{2})(?<se>\\d{2}))",
        "replace": "${1}.${2}"
    },
    "autoupdate": {
        "architecture": {
            "64bit": {
                "url": "https://archive.mozilla.org/pub/firefox/nightly/$matchYyyy/$matchMm/$matchYyyy-$matchMm-$matchDd-$matchHr-$matchMi-$matchSe-mozilla-central/firefox-$majorVersion.$minorVersion.en-US.win64.installer.exe#/dl.7z",
                "hash": {
                    "url": "$baseurl/firefox-$majorVersion.$minorVersion.en-US.win64.checksums"
                }
            },
            "32bit": {
                "url": "https://archive.mozilla.org/pub/firefox/nightly/$matchYyyy/$matchMm/$matchYyyy-$matchMm-$matchDd-$matchHr-$matchMi-$matchSe-mozilla-central/firefox-$majorVersion.$minorVersion.en-US.win32.installer.exe#/dl.7z",
                "hash": {
                    "url": "$baseurl/firefox-$majorVersion.$minorVersion.en-US.win32.checksums"
                }
            }
        }
    }
}
