{
    "version": "5.2.853.0",
    "description": "A dynamic mathematics software for education that brings together geometry, algebra, spreadsheets, graphing, statistics and calculus.",
    "homepage": "https://www.geogebra.org/",
    "license": {
        "identifier": "Freeware",
        "url": "https://www.geogebra.org/license"
    },
    "url": "https://download.geogebra.org/installers/5.2/GeoGebra-Windows-Portable-5-2-853-0.zip",
    "hash": "86787f98058df44e5a51211b13cea97e6e1dce26aed0c00bbb61841b80c4c8c1",
    "extract_dir": "GeoGebra 5.2.853.0",
    "bin": [
        [
            "GeoGebra.exe",
            "geogebra5"
        ]
    ],
    "shortcuts": [
        [
            "GeoGebra.exe",
            "GeoGebra 5"
        ]
    ],
    "checkver": {
        "url": "https://download.geogebra.org/installers/5.2/version.txt",
        "regex": "(\\d+)-(\\d+)-(\\d+)-(\\d+)",
        "replace": "${1}.${2}.${3}.${4}"
    },
    "autoupdate": {
        "url": "https://download.geogebra.org/installers/5.2/GeoGebra-Windows-Portable-$dashVersion.zip",
        "extract_dir": "GeoGebra $version"
    }
}
