{
    "version": "2.46.0.windows.1",
    "description": "Distributed version control system",
    "homepage": "https://gitforwindows.org",
    "license": "GPL-2.0-only",
    "notes": "Set Git Credential Manager Core by running: \"git config --global credential.helper manager-core\"",
    "architecture": {
        "64bit": {
            "url": "https://github.com/git-for-windows/git/releases/download/v2.46.0.windows.1/PortableGit-2.46.0-64-bit.7z.exe#/dl.7z",
            "hash": "dedae83f4d0851bcbf473c516701e2da6a5d7c574d694d5eceec46d1307132ea"
        },
        "32bit": {
            "url": "https://github.com/git-for-windows/git/releases/download/v2.46.0.windows.1/PortableGit-2.46.0-32-bit.7z.exe#/dl.7z",
            "hash": "5a5b07eabc2737f1fa2e00cdf19559f385859d42b717afbf5d19bad371182d86"
        }
    },
    "post_install": "'scp', 'sftp', 'ssh*' | ForEach-Object { Remove-Item $original_dir\\usr\\bin\\$_.exe }",
    "env_set": {
        "GIT_INSTALL_ROOT": "$dir"
    },
    "bin": [
        "cmd\\git.exe",
        "cmd\\gitk.exe",
        "cmd\\git-gui.exe",
        "usr\\bin\\tig.exe",
        "git-bash.exe"
    ],
    "shortcuts": [
        [
            "git-bash.exe",
            "Git Bash",
            "--cd-to-home"
        ],
        [
            "cmd\\git-gui.exe",
            "Git GUI"
        ]
    ],
    "checkver": {
        "github": "https://github.com/git-for-windows/git",
        "regex": "v([\\w.]+)/PortableGit-(?<full>[\\w.]+)-64-bit"
    },
    "autoupdate": {
        "architecture": {
            "64bit": {
                "url": "https://github.com/git-for-windows/git/releases/download/v$version/PortableGit-$matchFull-64-bit.7z.exe#/dl.7z"
            },
            "32bit": {
                "url": "https://github.com/git-for-windows/git/releases/download/v$version/PortableGit-$matchFull-32-bit.7z.exe#/dl.7z"
            }
        },
        "hash": {
            "url": "https://github.com/git-for-windows/git/releases/tag/v$version",
            "regex": "<td>$basename</td>\\s*<td>$sha256</td>"
        }
    }
}
