{
    "version": "0.5.738",
    "description": "A Git client for simultaneous branches on top of your existing workflow.",
    "homepage": "https://gitbutler.com/",
    "license": "FSL-1.1-MIT",
    "architecture": {
        "64bit": {
            "url": "https://releases.gitbutler.com/releases/nightly/0.5.738-1265/windows/x86_64/GitButler_Nightly_0.5.738_x64_en-US.msi",
            "hash": "42fed8b6c743c5624d0cc1abd5dc6d64584328a6dcf1efd324685dbe3641dde3",
            "extract_dir": "PFiles/GitButler Nightly"
        }
    },
    "shortcuts": [
        [
            "GitButler Nightly.exe",
            "GitButler Nightly"
        ]
    ],
    "checkver": {
        "url": "https://app.gitbutler.com/downloads",
        "regex": "releases/nightly/([\\d.-]+)-(?<Build>[\\d]+)"
    },
    "autoupdate": {
        "architecture": {
            "64bit": {
                "url": "https://releases.gitbutler.com/releases/nightly/$version-$matchBuild/windows/x86_64/GitButler_Nightly_$version_x64_en-US.msi"
            }
        }
    }
}
