{
    "version": "1.22.2",
    "description": "Git with a cup of tea, painless self-hosted git service. (beta channel)",
    "homepage": "https://gitea.io/",
    "license": "MIT",
    "notes": "Run 'gitea web -c \"$persist_dir\\custom\\conf\\app.ini\"' to start the webserver",
    "architecture": {
        "64bit": {
            "url": "https://github.com/go-gitea/gitea/releases/download/v1.22.2/gitea-1.22.2-windows-4.0-amd64.exe#/gitea.exe",
            "hash": "5c2f3d499432f8504da9b04612e3103b3ab676db17c6e8844b230c9dedd329e3"
        },
        "32bit": {
            "url": "https://github.com/go-gitea/gitea/releases/download/v1.22.2/gitea-1.22.2-windows-4.0-386.exe#/gitea.exe",
            "hash": "e55db76db1c7f448a53ea0d909512fba3e5dec61b86a1010cdf718f737e358f1"
        }
    },
    "post_install": [
        "echo 'Creating $persist_dir\\custom\\conf.app.ini'",
        "if(!(test-path \"$persist_dir\\custom\\conf\")) { mkdir \"$persist_dir\\custom\\conf\" > $null }",
        "if(!(test-path \"$persist_dir\\custom\\conf\\app.ini\")) {",
        "    $gitea = \"[database]`nPATH = $persist_dir/data/gitea.db\"",
        "    $gitea += \"`n[repository]`nROOT = $persist_dir/repositories\"",
        "    $gitea += \"`n[log]`nROOT_PATH = $persist_dir/log\"",
        "    echo $gitea | % {$_.replace(\"\\\",\"/\") } | out-file -encoding oem \"$persist_dir\\custom\\conf\\app.ini\"",
        "}"
    ],
    "bin": "gitea.exe",
    "checkver": {
        "url": "https://github.com/go-gitea/gitea/releases",
        "regex": ">v([\\d.]+(-\\w+)?)<"
    },
    "autoupdate": {
        "architecture": {
            "64bit": {
                "url": "https://github.com/go-gitea/gitea/releases/download/v$version/gitea-$version-windows-4.0-amd64.exe#/gitea.exe"
            },
            "32bit": {
                "url": "https://github.com/go-gitea/gitea/releases/download/v$version/gitea-$version-windows-4.0-386.exe#/gitea.exe"
            }
        },
        "hash": {
            "url": "$url.sha256"
        }
    }
}
