{
    "version": "PYmXAP",
    "description": "GN is a meta-build system that generates build files for Ninja.",
    "homepage": "https://gn.googlesource.com/gn",
    "license": "BSD-3-Clause",
    "suggest": {
        "ninja": "ninja",
        "Python3": "python"
    },
    "architecture": {
        "64bit": {
            "url": "https://chrome-infra-packages.appspot.com/dl/gn/gn/windows-amd64/+/PYmXAP4dM-e_b8uApP5jTDGCFG4PaDzsNxiuGC5DJrgC#/gn-windows-amd64.zip",
            "hash": "3d899700fe1d33e7bf6fcb80a4fe634c3182146e0f683cec3718ae182e4326b8"
        }
    },
    "bin": "gn.exe",
    "checkver": {
        "url": "https://chrome-infra-packages.appspot.com/p/gn/gn/windows-amd64/+/latest",
        "regex": "Instance ID\\S+\\s+<td class=\"user-select-all\">(?<instanceId>(?<short>[\\w-]{6})[\\w-]+)",
        "replace": "${short}"
    },
    "autoupdate": {
        "architecture": {
            "64bit": {
                "url": "https://chrome-infra-packages.appspot.com/dl/gn/gn/windows-amd64/+/$matchInstanceid#/gn-windows-amd64.zip",
                "hash": {
                    "url": "https://chrome-infra-packages.appspot.com/p/gn/gn/windows-amd64/+/latest",
                    "regex": "<b>SHA256</b>\\S+\\s+<td class=\"user-select-all\">$sha256"
                }
            }
        }
    }
}
