{
    "version": "4.3-rc3",
    "description": "A feature-packed, cross-platform game engine to create 2D and 3D games from a unified interface.",
    "homepage": "https://godotengine.org/",
    "license": "MIT",
    "architecture": {
        "64bit": {
            "url": "https://downloads.tuxfamily.org/godotengine/4.3/rc3/Godot_v4.3-rc3_win64.exe.zip",
            "hash": "sha512:bfd90728d9730273c3b236a92901ceb413bfb790342cace9892e75a3fc1fe93ec6b3a6eea6e02500af4f1177ec6d6bf0a9512213e3db72eb93c04ec6e6387bf6"
        },
        "32bit": {
            "url": "https://downloads.tuxfamily.org/godotengine/4.3/rc3/Godot_v4.3-rc3_win32.exe.zip",
            "hash": "sha512:1b5c3b68adfbe37e24e1696b6de14c983454a3efef11f44082ccad7d0f5c8d2817f41ba1d55f7cb3dd5bfc15809f7705b493f4a84c3c6385afed2a3c545af2e0"
        }
    },
    "pre_install": [
        "Remove-Item \"$dir\\Godot_*_console.*\"",
        "Get-Item \"$dir\\Godot_*.exe\" | Rename-Item -NewName 'godot.exe'"
    ],
    "bin": "godot.exe",
    "shortcuts": [
        [
            "godot.exe",
            "Godot Engine"
        ]
    ],
    "checkver": {
        "url": "https://godotengine.org/blog/pre-release/",
        "regex": "Release candidate: Godot (?<ver>[\\d.]+) RC (?<rc>[\\d.]+)",
        "replace": "${1}-rc${2}"
    },
    "autoupdate": {
        "architecture": {
            "64bit": {
                "url": "https://downloads.tuxfamily.org/godotengine/$matchVer/rc$matchRc/Godot_v$version_win64.exe.zip"
            },
            "32bit": {
                "url": "https://downloads.tuxfamily.org/godotengine/$matchVer/rc$matchRc/Godot_v$version_win32.exe.zip"
            }
        },
        "hash": {
            "url": "$baseurl/SHA512-SUMS.txt"
        }
    }
}
