{
    "version": "3.6",
    "description": "Feature-packed, cross-platform game engine to create 2D and 3D games from a unified interface (with C#/Mono support)",
    "homepage": "https://godotengine.org/",
    "license": "MIT",
    "architecture": {
        "64bit": {
            "url": "https://github.com/godotengine/godot/releases/download/3.6-stable/Godot_v3.6-stable_mono_win64.zip",
            "hash": "sha512:703fd038e88b59c0fe1e3ba73416ba4a3cc14e4e46eb2380f7febfb8b5e544b0e21416cccd3ba6c0334deb9449b446922aaf923419d6fadf7f59e753a022ee56",
            "extract_dir": "Godot_v3.6-stable_mono_win64"
        },
        "32bit": {
            "url": "https://github.com/godotengine/godot/releases/download/3.6-stable/Godot_v3.6-stable_mono_win32.zip",
            "hash": "sha512:60963d77af9ecfddef9fcff76e605e93b3ab4942276a1f6f25199f8561d8d886e038066072fde6f62a224dc17291e2674b12273cc0ed85e3aa47d6ded5b507be",
            "extract_dir": "Godot_v3.6-stable_mono_win32"
        }
    },
    "pre_install": [
        "Remove-Item \"$dir\\Godot_*_console.*\"",
        "Get-Item \"$dir\\Godot_*.exe\" | Rename-Item -NewName 'godot-mono.exe'"
    ],
    "bin": "godot-mono.exe",
    "shortcuts": [
        [
            "godot-mono.exe",
            "Godot Engine (Mono)"
        ]
    ],
    "checkver": {
        "url": "https://github.com/godotengine/godot/releases/",
        "regex": "(3[\\d\\w.]+)-stable"
    },
    "autoupdate": {
        "architecture": {
            "64bit": {
                "url": "https://github.com/godotengine/godot/releases/download/$version-stable/Godot_v$version-stable_mono_win64.zip",
                "extract_dir": "Godot_v$version-stable_mono_win64"
            },
            "32bit": {
                "url": "https://github.com/godotengine/godot/releases/download/$version-stable/Godot_v$version-stable_mono_win32.zip",
                "extract_dir": "Godot_v$version-stable_mono_win32"
            }
        },
        "hash": {
            "url": "$baseurl/SHA512-SUMS.txt"
        }
    }
}
