{
    "version": "4.3-beta3",
    "description": "A feature-packed, cross-platform game engine to create 2D and 3D games from a unified interface.",
    "homepage": "https://godotengine.org/",
    "license": "MIT",
    "architecture": {
        "64bit": {
            "url": "https://downloads.tuxfamily.org/godotengine/4.3/beta3/mono/Godot_v4.3-beta3_mono_win64.zip",
            "hash": "sha512:dc5ee769741f296f71fdaa81141a44af823ee5347981abdce80edeee8c463907f58443a7fc391cd65489325e1bafd5a3f13733b24dc86fac1bf26be756f8695e",
            "extract_dir": "Godot_v4.3-beta3_mono_win64"
        },
        "32bit": {
            "url": "https://downloads.tuxfamily.org/godotengine/4.3/beta3/mono/Godot_v4.3-beta3_mono_win32.zip",
            "hash": "sha512:1efa6993b5711e8dd0753b927e47474448b59ead3deae846a2ac7824f99477a5611da994768160052a9679357657b62c3af62e6633af366bb58456b1278d32c4",
            "extract_dir": "Godot_v4.3-beta3_mono_win32"
        }
    },
    "pre_install": [
        "Remove-Item \"$dir\\Godot_*_console.*\"",
        "Get-Item \"$dir\\Godot_*.exe\" | Rename-Item -NewName 'godot-mono.exe'"
    ],
    "bin": "godot-mono.exe",
    "shortcuts": [
        [
            "godot-mono.exe",
            "Godot Engine (Mono)"
        ]
    ],
    "checkver": {
        "url": "https://godotengine.org/blog/pre-release/",
        "regex": "Dev snapshot: Godot (?<ver>[\\d.]+) beta (?<beta>[\\d.]+)",
        "replace": "${1}-beta${2}"
    },
    "autoupdate": {
        "architecture": {
            "64bit": {
                "url": "https://downloads.tuxfamily.org/godotengine/$matchVer/$preReleaseVersion/mono/Godot_v$version_mono_win64.zip",
                "extract_dir": "Godot_v$version_mono_win64"
            },
            "32bit": {
                "url": "https://downloads.tuxfamily.org/godotengine/$matchVer/$preReleaseVersion/mono/Godot_v$version_mono_win32.zip",
                "extract_dir": "Godot_v$version_mono_win32"
            }
        },
        "hash": {
            "url": "$baseurl/SHA512-SUMS.txt"
        }
    }
}
