{
    "version": "4.3-beta3",
    "description": "A feature-packed, cross-platform game engine to create 2D and 3D games from a unified interface.",
    "homepage": "https://godotengine.org/",
    "license": "MIT",
    "architecture": {
        "64bit": {
            "url": "https://downloads.tuxfamily.org/godotengine/4.3/beta3/Godot_v4.3-beta3_win64.exe.zip",
            "hash": "sha512:c444dd26d158406e353403b96b4706c764ff730c452adead6dcf2a321498e0e75661d18a6691c95f180037b86be5d7dcc0c172e61a3e9c5ae890c95fe9232a8e"
        },
        "32bit": {
            "url": "https://downloads.tuxfamily.org/godotengine/4.3/beta3/Godot_v4.3-beta3_win32.exe.zip",
            "hash": "sha512:8b92be368e60188a08fb8cb49352a318b8b21e8f46d4e2003c8756afad2175f170af24cfe2b62f0fc0c590e129513528bf42e09651f8fc219b81acb30d35736a"
        }
    },
    "pre_install": [
        "Remove-Item \"$dir\\Godot_*_console.*\"",
        "Get-Item \"$dir\\Godot_*.exe\" | Rename-Item -NewName 'godot.exe'"
    ],
    "bin": "godot.exe",
    "shortcuts": [
        [
            "godot.exe",
            "Godot Engine"
        ]
    ],
    "checkver": {
        "url": "https://godotengine.org/blog/pre-release/",
        "regex": "Dev snapshot: Godot (?<ver>[\\d.]+) beta (?<beta>[\\d.]+)",
        "replace": "${1}-beta${2}"
    },
    "autoupdate": {
        "architecture": {
            "64bit": {
                "url": "https://downloads.tuxfamily.org/godotengine/$matchVer/beta$matchBeta/Godot_v$version_win64.exe.zip"
            },
            "32bit": {
                "url": "https://downloads.tuxfamily.org/godotengine/$matchVer/beta$matchBeta/Godot_v$version_win32.exe.zip"
            }
        },
        "hash": {
            "url": "$baseurl/SHA512-SUMS.txt"
        }
    }
}
