{
    "version": "4.3-rc3",
    "description": "A feature-packed, cross-platform game engine to create 2D and 3D games from a unified interface.",
    "homepage": "https://godotengine.org/",
    "license": "MIT",
    "architecture": {
        "64bit": {
            "url": "https://downloads.tuxfamily.org/godotengine/4.3/rc3/mono/Godot_v4.3-rc3_mono_win64.zip",
            "hash": "sha512:6ed9bee95ceec869a80812b403bdd60a63780ae94148bbbd25dcb62747c02a7fa929d60f0d77d2dad72177d2ca87e83681f3d26c536fa57511350faad22e37c2",
            "extract_dir": "Godot_v4.3-rc3_mono_win64"
        },
        "32bit": {
            "url": "https://downloads.tuxfamily.org/godotengine/4.3/rc3/mono/Godot_v4.3-rc3_mono_win32.zip",
            "hash": "sha512:a140bf72d70778dc929b1677315a678271e1b4c26eb5f422ccdb99008773c5b3ecc460e2058bd3f256040e8b704575ac2a5ea15203d177e482b9de8556fd3f17",
            "extract_dir": "Godot_v4.3-rc3_mono_win32"
        }
    },
    "pre_install": [
        "Remove-Item \"$dir\\Godot_*_console.*\"",
        "Get-Item \"$dir\\Godot_*.exe\" | Rename-Item -NewName 'godot-mono.exe'"
    ],
    "bin": "godot-mono.exe",
    "shortcuts": [
        [
            "godot-mono.exe",
            "Godot Engine (Mono)"
        ]
    ],
    "checkver": {
        "url": "https://godotengine.org/blog/pre-release/",
        "regex": "Release candidate: Godot (?<ver>[\\d.]+) RC (?<rc>[\\d.]+)",
        "replace": "${1}-rc${2}"
    },
    "autoupdate": {
        "architecture": {
            "64bit": {
                "url": "https://downloads.tuxfamily.org/godotengine/$matchVer/$preReleaseVersion/mono/Godot_v$version_mono_win64.zip",
                "extract_dir": "Godot_v$version_mono_win64"
            },
            "32bit": {
                "url": "https://downloads.tuxfamily.org/godotengine/$matchVer/$preReleaseVersion/mono/Godot_v$version_mono_win32.zip",
                "extract_dir": "Godot_v$version_mono_win32"
            }
        },
        "hash": {
            "url": "$baseurl/SHA512-SUMS.txt"
        }
    }
}
