{
    "version": "2024.2-242.20224.204",
    "description": "Cross-Platform IDE for Go by JetBrains. (Release Candidate)",
    "homepage": "https://www.jetbrains.com/goland/",
    "license": {
        "identifier": "Proprietary",
        "url": "https://www.jetbrains.com/store/license.html"
    },
    "url": "https://download.jetbrains.com/go/goland-242.20224.204.exe#/dl.7z",
    "hash": "8983a86532f19ca673fc374f1275c7232db10ec2dcddb01d044039197a6d0928",
    "extract_to": "IDE",
    "installer": {
        "script": [
            "& \"$bucketsdir\\versions\\scripts\\jetbrains\\portable.ps1\" $dir $persist_dir",
            "Remove-Item \"$dir\\IDE\\`$*\" -Force -Recurse"
        ]
    },
    "architecture": {
        "64bit": {
            "bin": [
                [
                    "IDE\\bin\\goland64.exe",
                    "goland"
                ]
            ],
            "shortcuts": [
                [
                    "IDE\\bin\\goland64.exe",
                    "JetBrains\\GoLand (Release Candidate)"
                ]
            ]
        },
        "32bit": {
            "bin": "IDE\\bin\\goland.exe",
            "shortcuts": [
                [
                    "IDE\\bin\\goland.exe",
                    "JetBrains\\GoLand (Release Candidate)"
                ]
            ]
        }
    },
    "persist": [
        "IDE\\bin\\idea.properties",
        "profile"
    ],
    "checkver": {
        "url": "https://data.services.jetbrains.com/products/releases?code=GO&latest=true&platform=zip&type=rc",
        "regex": "version\":\"(?<ver>[\\d.]+)\".*\"build\":\"(?<build>[\\d.]+)\"",
        "replace": "${ver}-${build}"
    },
    "autoupdate": {
        "url": "https://download.jetbrains.com/go/goland-$preReleaseVersion.exe#/dl.7z",
        "hash": {
            "url": "$url.sha256"
        }
    }
}
