{
    "version": "2024.2-242.20224.106",
    "description": "Cross-Platform IDE for Go by JetBrains. (Early Access Program)",
    "homepage": "https://www.jetbrains.com/goland/",
    "license": {
        "identifier": "Proprietary",
        "url": "https://www.jetbrains.com/store/license.html"
    },
    "url": "https://download.jetbrains.com/go/goland-242.20224.106.exe#/dl.7z",
    "hash": "a60a404a6a866d5b20a1ed7a5e10a0dbf74ffd6a2082722299841c88eec7add0",
    "extract_to": "IDE",
    "installer": {
        "script": [
            "& \"$bucketsdir\\versions\\scripts\\jetbrains\\portable.ps1\" $dir $persist_dir",
            "Remove-Item \"$dir\\IDE\\`$*\" -Force -Recurse"
        ]
    },
    "architecture": {
        "64bit": {
            "bin": [
                [
                    "IDE\\bin\\goland64.exe",
                    "goland"
                ]
            ],
            "shortcuts": [
                [
                    "IDE\\bin\\goland64.exe",
                    "JetBrains\\GoLand (Early Access Program)"
                ]
            ]
        },
        "32bit": {
            "bin": "IDE\\bin\\goland.exe",
            "shortcuts": [
                [
                    "IDE\\bin\\goland.exe",
                    "JetBrains\\GoLand (Early Access Program)"
                ]
            ]
        }
    },
    "persist": [
        "IDE\\bin\\idea.properties",
        "profile"
    ],
    "checkver": {
        "url": "https://data.services.jetbrains.com/products/releases?code=GO&latest=true&platform=zip&type=eap",
        "regex": "version\":\"(?<ver>[\\d.]+)\".*\"build\":\"(?<build>[\\d.]+)\"",
        "replace": "${ver}-${build}"
    },
    "autoupdate": {
        "url": "https://download.jetbrains.com/go/goland-$preReleaseVersion.exe#/dl.7z",
        "hash": {
            "url": "$url.sha256"
        }
    }
}
