{
    "version": "20240908",
    "description": "Neovim GUI which uses a Golang Qt backend",
    "homepage": "https://github.com/akiyosi/goneovim",
    "license": "MIT",
    "suggest": {
        "neovim": "neovim"
    },
    "architecture": {
        "64bit": {
            "url": "https://github.com/akiyosi/goneovim/releases/download/nightly/goneovim-windows.zip",
            "hash": "cba9451aa8bcae34dd21d9a5a6aad37f99bb414ae7f36ad441856e1da00fcdd8"
        }
    },
    "extract_dir": "goneovim-windows",
    "bin": "goneovim.exe",
    "shortcuts": [
        [
            "goneovim.exe",
            "Goneovim-nightly"
        ]
    ],
    "checkver": {
        "url": "https://api.github.com/repositories/107124394/releases/tags/nightly",
        "jsonpath": "$.assets[?(@.name=='goneovim-windows.zip')].updated_at",
        "regex": ".*(?<year>\\d{4})\\D(?<month>\\d{2})\\D(?<day>\\d{2}).*",
        "replace": "${year}${month}${day}"
    },
    "autoupdate": {
        "architecture": {
            "64bit": {
                "url": "https://github.com/akiyosi/goneovim/releases/download/nightly/goneovim-windows.zip"
            }
        }
    }
}
