{
    "version": "129.0.6668.29",
    "description": "Fast, secure, and free web browser, built for the modern web.",
    "homepage": "https://www.google.com/chrome/beta",
    "license": {
        "identifier": "Freeware",
        "url": "https://www.google.com/chrome/privacy/eula_text.html"
    },
    "architecture": {
        "64bit": {
            "url": "https://dl.google.com/release2/chrome/lkqbf27seo25zyppq4gcm2lfca_129.0.6668.29/129.0.6668.29_chrome_installer.exe#/dl.7z",
            "hash": "f8e642fe4995bc986c5fe0df80236bdc0f6561ec823f42af4b4210363fdbb1ad"
        },
        "32bit": {
            "url": "https://dl.google.com/release2/chrome/adiy4xpe3gauemrbcuda557j2pkq_129.0.6668.29/129.0.6668.29_chrome_installer.exe#/dl.7z",
            "hash": "3ecd3e649e83fd1cb925e4430be64546eed8e106976f5ff0928dc3406decb72a"
        }
    },
    "installer": {
        "script": "Expand-7zipArchive \"$dir\\chrome.7z\" -ExtractDir 'Chrome-bin' -Removal"
    },
    "bin": [
        [
            "chrome.exe",
            "chrome-beta"
        ]
    ],
    "shortcuts": [
        [
            "chrome.exe",
            "Google Chrome (Beta)"
        ]
    ],
    "checkver": {
        "url": "https://scoopinstaller.github.io/UpdateTracker/googlechrome/chrome.min.xml",
        "regex": "(?sm)<beta32><version>(?<version>[\\d.]+)</version>.+release2/chrome/(?<32>[\\w-]+)_.+<beta64>.+release2/chrome/(?<64>[\\w-]+)_.+</beta64>"
    },
    "autoupdate": {
        "architecture": {
            "64bit": {
                "url": "https://dl.google.com/release2/chrome/$match64_$version/$version_chrome_installer.exe#/dl.7z",
                "hash": {
                    "url": "https://scoopinstaller.github.io/UpdateTracker/googlechrome/chrome.min.xml",
                    "xpath": "/chromechecker/beta64[version='$version']/sha256"
                }
            },
            "32bit": {
                "url": "https://dl.google.com/release2/chrome/$match32_$version/$version_chrome_installer.exe#/dl.7z",
                "hash": {
                    "url": "https://scoopinstaller.github.io/UpdateTracker/googlechrome/chrome.min.xml",
                    "xpath": "/chromechecker/beta32[version='$version']/sha256"
                }
            }
        }
    }
}
