{
    "version": "130.0.6710.0",
    "description": "Fast, secure, and free web browser, built for the modern web.",
    "homepage": "https://www.google.com/chrome/canary",
    "license": {
        "identifier": "Freeware",
        "url": "https://www.google.com/chrome/privacy/eula_text.html"
    },
    "architecture": {
        "64bit": {
            "url": "https://dl.google.com/release2/chrome/adoilosvfq3bykbl2m7pat4c5wwa_130.0.6710.0/130.0.6710.0_chrome_installer.exe#/dl.7z",
            "hash": "0d2afe5cbd612feea8e28fabc52feab4a48f43082435f0ba69a163f9ce000c26"
        },
        "32bit": {
            "url": "https://dl.google.com/release2/chrome/fmonnrpjw5at7vgjptjblq33nm_130.0.6710.0/130.0.6710.0_chrome_installer.exe#/dl.7z",
            "hash": "30443f4259ac51e7f813af39f8f6993f7076c9340fbbde92f8afb19c3bb02a67"
        }
    },
    "installer": {
        "script": "Expand-7zipArchive \"$dir\\chrome.7z\" -ExtractDir 'Chrome-bin' -Removal"
    },
    "bin": [
        [
            "chrome.exe",
            "chrome-canary"
        ]
    ],
    "shortcuts": [
        [
            "chrome.exe",
            "Google Chrome (Canary)"
        ]
    ],
    "checkver": {
        "url": "https://scoopinstaller.github.io/UpdateTracker/googlechrome/chrome.min.xml",
        "regex": "(?sm)<canary32><version>(?<version>[\\d.]+)</version>.+release2/chrome/(?<32>[\\w-]+)_.+<canary64>.+release2/chrome/(?<64>[\\w-]+)_.+</canary64>"
    },
    "autoupdate": {
        "architecture": {
            "64bit": {
                "url": "https://dl.google.com/release2/chrome/$match64_$version/$version_chrome_installer.exe#/dl.7z",
                "hash": {
                    "url": "https://scoopinstaller.github.io/UpdateTracker/googlechrome/chrome.min.xml",
                    "xpath": "/chromechecker/canary64[version='$version']/sha256"
                }
            },
            "32bit": {
                "url": "https://dl.google.com/release2/chrome/$match32_$version/$version_chrome_installer.exe#/dl.7z",
                "hash": {
                    "url": "https://scoopinstaller.github.io/UpdateTracker/googlechrome/chrome.min.xml",
                    "xpath": "/chromechecker/canary32[version='$version']/sha256"
                }
            }
        }
    }
}
