{
    "version": "6.9.2",
    "description": "An open-source build automation tool focused on flexibility and performance. (Source code and documentation boundled)",
    "homepage": "https://gradle.org",
    "license": "Apache-2.0",
    "hash": "8bde5c859a3ddf5d127ac77465fc24fa8a831d3d8d49e8248548f2cb87485ef1",
    "url": "https://services.gradle.org/distributions/gradle-6.9.2-all.zip",
    "extract_dir": "gradle-6.9.2",
    "bin": "bin\\gradle.bat",
    "suggest": {
        "JDK": [
            "java/oraclejdk",
            "java/openjdk"
        ]
    }
}
