{
    "version": "4.10.3",
    "description": "An open-source build automation tool focused on flexibility and performance. (Source code and documentation boundled)",
    "homepage": "https://gradle.org",
    "license": "Apache-2.0",
    "hash": "336b6898b491f6334502d8074a6b8c2d73ed83b92123106bd4bf837f04111043",
    "url": "https://services.gradle.org/distributions/gradle-4.10.3-all.zip",
    "extract_dir": "gradle-4.10.3",
    "bin": "bin\\gradle.bat",
    "suggest": {
        "JDK": [
            "java/oraclejdk",
            "java/openjdk"
        ]
    }
}
