{
    "version": "7.6.1",
    "description": "An open-source build automation tool focused on flexibility and performance. (Source code and documentation boundled)",
    "homepage": "https://gradle.org",
    "license": "Apache-2.0",
    "hash": "518a863631feb7452b8f1b3dc2aaee5f388355cc3421bbd0275fbeadd77e84b2",
    "url": "https://services.gradle.org/distributions/gradle-7.6.1-all.zip",
    "extract_dir": "gradle-7.6.1",
    "bin": "bin\\gradle.bat",
    "suggest": {
        "JDK": [
            "java/oraclejdk",
            "java/openjdk"
        ]
    }
}
