{
    "version": "5.6.4",
    "description": "An open-source build automation tool focused on flexibility and performance. (Source code and documentation boundled)",
    "homepage": "https://gradle.org",
    "license": "Apache-2.0",
    "hash": "abc10bcedb58806e8654210f96031db541bcd2d6fc3161e81cb0572d6a15e821",
    "url": "https://services.gradle.org/distributions/gradle-5.6.4-all.zip",
    "extract_dir": "gradle-5.6.4",
    "bin": "bin\\gradle.bat",
    "suggest": {
        "JDK": [
            "java/oraclejdk",
            "java/openjdk"
        ]
    }
}
