{
    "homepage": "http://www.graphicsmagick.org/",
    "description": "Robust and efficient collection of tools and libraries which support reading, writing, and manipulating an image in over 89 major formats. (48/64 bit pixel support for high-resolution color)",
    "license": "MIT",
    "version": "1.3.45",
    "architecture": {
        "64bit": {
            "url": "https://downloads.sourceforge.net/project/graphicsmagick/graphicsmagick-binaries/1.3.45/GraphicsMagick-1.3.45-Q16-win64-dll.exe",
            "hash": "sha1:8c16cd0f6d00fcfd6269b62c4d474d3f2306cfaa"
        },
        "32bit": {
            "url": "https://downloads.sourceforge.net/project/graphicsmagick/graphicsmagick-binaries/1.3.45/GraphicsMagick-1.3.45-Q16-win32-dll.exe",
            "hash": "sha1:3857e28507a992bc3e110376abf2c10392a71c32"
        }
    },
    "innosetup": true,
    "bin": [
        "gm.exe",
        [
            "gm.exe",
            "gm-q16"
        ]
    ],
    "checkver": {
        "url": "https://sourceforge.net/p/graphicsmagick/news/?source=navbar",
        "regex": "GraphicsMagick ([\\d].[\\d].[\\d]+)"
    },
    "autoupdate": {
        "architecture": {
            "64bit": {
                "url": "https://downloads.sourceforge.net/project/graphicsmagick/graphicsmagick-binaries/$version/GraphicsMagick-$version-Q16-win64-dll.exe"
            },
            "32bit": {
                "url": "https://downloads.sourceforge.net/project/graphicsmagick/graphicsmagick-binaries/$version/GraphicsMagick-$version-Q16-win32-dll.exe"
            }
        }
    }
}
