{
    "version": "1.3.277",
    "description": "Light-weight screenshot software.",
    "homepage": "https://getgreenshot.org",
    "license": "GPL-3.0-only",
    "url": "https://github.com/greenshot/greenshot/releases/download/v1.3.277/Greenshot-INSTALLER-1.3.277-UNSTABLE.exe",
    "hash": "b1a6982940802c911ab2969c41c19808adc1e7a8c0d444507c868d5f55a0adf5",
    "innosetup": true,
    "pre_install": "if (!(Test-Path \"$persist_dir\\greenshot.ini\")) { New-Item -ItemType File \"$dir\\greenshot.ini\" | Out-Null }",
    "bin": "Greenshot.exe",
    "shortcuts": [
        [
            "Greenshot.exe",
            "Greenshot"
        ]
    ],
    "persist": "greenshot.ini",
    "checkver": {
        "url": "https://api.github.com/repositories/36756917/releases",
        "regex": "Greenshot-INSTALLER-([\\d.]+)-UNSTABLE"
    },
    "autoupdate": {
        "url": "https://github.com/greenshot/greenshot/releases/download/v$version/Greenshot-INSTALLER-$version-UNSTABLE.exe"
    }
}
