{
    "version": "3.3.6",
    "description": "Windows binaries for Hadoop versions.",
    "homepage": "https://github.com/cdarlint/winutils/",
    "license": "Apache-2.0",
    "suggest": {
        "JDK": "java/openjdk"
    },
    "url": [
        "https://raw.githubusercontent.com/cdarlint/winutils/master/hadoop-3.3.6/bin/hadoop",
        "https://raw.githubusercontent.com/cdarlint/winutils/master/hadoop-3.3.6/bin/hadoop.cmd",
        "https://raw.githubusercontent.com/cdarlint/winutils/master/hadoop-3.3.6/bin/hadoop.dll",
        "https://raw.githubusercontent.com/cdarlint/winutils/master/hadoop-3.3.6/bin/hadoop.exp",
        "https://raw.githubusercontent.com/cdarlint/winutils/master/hadoop-3.3.6/bin/hadoop.lib",
        "https://raw.githubusercontent.com/cdarlint/winutils/master/hadoop-3.3.6/bin/hadoop.pdb",
        "https://raw.githubusercontent.com/cdarlint/winutils/master/hadoop-3.3.6/bin/hdfs",
        "https://raw.githubusercontent.com/cdarlint/winutils/master/hadoop-3.3.6/bin/hdfs.cmd",
        "https://raw.githubusercontent.com/cdarlint/winutils/master/hadoop-3.3.6/bin/libwinutils.lib",
        "https://raw.githubusercontent.com/cdarlint/winutils/master/hadoop-3.3.6/bin/mapred",
        "https://raw.githubusercontent.com/cdarlint/winutils/master/hadoop-3.3.6/bin/mapred.cmd",
        "https://raw.githubusercontent.com/cdarlint/winutils/master/hadoop-3.3.6/bin/winutils.exe",
        "https://raw.githubusercontent.com/cdarlint/winutils/master/hadoop-3.3.6/bin/winutils.pdb",
        "https://raw.githubusercontent.com/cdarlint/winutils/master/hadoop-3.3.6/bin/yarn",
        "https://raw.githubusercontent.com/cdarlint/winutils/master/hadoop-3.3.6/bin/yarn.cmd"
    ],
    "hash": [
        "e8a1f032a56beceb1989c8467b58109d2bff47f8c7bc5de3dde76cf2c6452abf",
        "2d7f5d9b5ea01189cb0e0dfcea9e06eb58a6427a35e67afe72a80da30f9fd324",
        "d7ab36a68518748cef142be2da5069b4c763c2cd764c1d2e6ac48c7200405be3",
        "486348fad2b834798270460bd0fe1becedd944a01c8a700fa36796ac2b837611",
        "9780a4e9fd6fcf4c93fbdc95fb0ec7b49c8dc3ccac039e82bc02de55ee406e46",
        "49a63c106e0a57b09b618a7e5011bd7eea7ed8937e90acb621c4feb947e84318",
        "db79a2c81efa42a1255232f1239b67da920130f6df04807212ab1ea59edfa0ff",
        "ddc96e03b6ff62bd551ff5b9ec54a8b5d228aaf4836a7a4156f6a2e1b1c23741",
        "751a4e984fc361ac0cba45ecadd0d30e2da6cd43da36df7f5edc7b5bbc52819f",
        "11c9502db17e000b838664ae76ace002f7bd6607a61e73a010022b5ee6bd6566",
        "d743c658af11eebc5350768e9f29d0a1dca42bbfad6b60b1ebf023bbf9de24fc",
        "496a591eb1e67df2a620f710d529ba6ddfe1c19149e6647cc4e320bb0efd8553",
        "ceb7442e8e82f66499020520d5495936622fab6eb64a8485889300cfc9f23c45",
        "56ac42988d7fe5758667c5ca6be0c4455cb0bf073fa14dbdb6a105e3b3d6f234",
        "ad3544310c6687376d8d6b5f796c4b0d9fe64edec3907e63dd517f82a861d0bf"
    ],
    "bin": "winutils.exe",
    "checkver": {
        "url": "https://api.github.com/repos/cdarlint/winutils/contents/",
        "jsonpath": "$..name",
        "reverse": true,
        "regex": "hadoop-(3.3\\.\\d+)"
    },
    "autoupdate": {
        "url": [
            "https://raw.githubusercontent.com/cdarlint/winutils/master/hadoop-$version/bin/hadoop",
            "https://raw.githubusercontent.com/cdarlint/winutils/master/hadoop-$version/bin/hadoop.cmd",
            "https://raw.githubusercontent.com/cdarlint/winutils/master/hadoop-$version/bin/hadoop.dll",
            "https://raw.githubusercontent.com/cdarlint/winutils/master/hadoop-$version/bin/hadoop.exp",
            "https://raw.githubusercontent.com/cdarlint/winutils/master/hadoop-$version/bin/hadoop.lib",
            "https://raw.githubusercontent.com/cdarlint/winutils/master/hadoop-$version/bin/hadoop.pdb",
            "https://raw.githubusercontent.com/cdarlint/winutils/master/hadoop-$version/bin/hdfs",
            "https://raw.githubusercontent.com/cdarlint/winutils/master/hadoop-$version/bin/hdfs.cmd",
            "https://raw.githubusercontent.com/cdarlint/winutils/master/hadoop-$version/bin/libwinutils.lib",
            "https://raw.githubusercontent.com/cdarlint/winutils/master/hadoop-$version/bin/mapred",
            "https://raw.githubusercontent.com/cdarlint/winutils/master/hadoop-$version/bin/mapred.cmd",
            "https://raw.githubusercontent.com/cdarlint/winutils/master/hadoop-$version/bin/winutils.exe",
            "https://raw.githubusercontent.com/cdarlint/winutils/master/hadoop-$version/bin/winutils.pdb",
            "https://raw.githubusercontent.com/cdarlint/winutils/master/hadoop-$version/bin/yarn",
            "https://raw.githubusercontent.com/cdarlint/winutils/master/hadoop-$version/bin/yarn.cmd"
        ]
    }
}
