{
    "version": "20240905181325-281dbc98f",
    "description": "Snapshot releases of the video transcoder with extensive support for multiple formats. (CLI version)",
    "homepage": "https://handbrake.fr",
    "license": "GPL-2.0-only",
    "architecture": {
        "64bit": {
            "url": "https://github.com/HandBrake/HandBrake-snapshots/releases/download/win/HandBrakeCLI-20240905181325-281dbc98f-master-win-x86_64.zip",
            "hash": "7c87406434297fabd5a4f0ee3009004acb3d14e27ec61345ae9c270be9143937"
        }
    },
    "bin": "HandBrakeCLI.exe",
    "checkver": {
        "url": "https://github.com/HandBrake/handbrake-snapshots/releases/tag/win",
        "regex": "<td>HandBrakeCLI-([\\d]+-[\\w]+)-master-win-x86_64.zip</td>"
    },
    "autoupdate": {
        "architecture": {
            "64bit": {
                "url": "https://github.com/HandBrake/HandBrake-snapshots/releases/download/win/HandBrakeCLI-$version-master-win-x86_64.zip",
                "hash": {
                    "url": "https://github.com/HandBrake/handbrake-snapshots/releases/tag/win",
                    "regex": "<td>$sha256</td>\\s+<td>HandBrakeCLI-([\\d]+-[\\w]+)-master-win-x86_64.zip</td>"
                }
            }
        }
    }
}
