{
    "version": "2024.2.1-242.21829.40",
    "description": "Cross-Platform IDE for Java by JetBrains. (Release Candidate)",
    "homepage": "https://www.jetbrains.com/idea/",
    "license": {
        "identifier": "Proprietary",
        "url": "https://www.jetbrains.com/store/license.html"
    },
    "url": "https://download.jetbrains.com/idea/ideaIU-242.21829.40.win.zip",
    "hash": "252d94435f2d4d125c36112bf6afd6c5f239b37a94acad8a1a8270438765d55c",
    "extract_to": "IDE",
    "installer": {
        "script": "& \"$bucketsdir\\versions\\scripts\\jetbrains\\portable.ps1\" $dir $persist_dir"
    },
    "architecture": {
        "64bit": {
            "bin": [
                [
                    "IDE\\bin\\idea64.exe",
                    "idea"
                ]
            ],
            "shortcuts": [
                [
                    "IDE\\bin\\idea64.exe",
                    "JetBrains\\IDEA Ultimate (Release Candidate)"
                ]
            ]
        },
        "32bit": {
            "bin": "IDE\\bin\\idea.exe",
            "shortcuts": [
                [
                    "IDE\\bin\\idea.exe",
                    "JetBrains\\IDEA Ultimate (Release Candidate)"
                ]
            ]
        }
    },
    "persist": [
        "IDE\\bin\\idea.properties",
        "profile"
    ],
    "checkver": {
        "url": "https://data.services.jetbrains.com/products/releases?code=IIU&latest=true&platform=zip&type=rc",
        "regex": "version\":\"(?<ver>[\\d.]+)\".*\"build\":\"(?<build>[\\d.]+)\"",
        "replace": "${ver}-${build}"
    },
    "autoupdate": {
        "url": "https://download.jetbrains.com/idea/ideaIU-$preReleaseVersion.win.zip",
        "hash": {
            "url": "$url.sha256"
        }
    }
}
