{
    "version": "2024.2.1-242.21829.40",
    "description": "Cross-Platform IDE for Java by JetBrains. (Release Candidate)",
    "homepage": "https://www.jetbrains.com/idea/",
    "license": {
        "identifier": "Apache-2.0",
        "url": "https://sales.jetbrains.com/hc/en-gb/articles/115001015290-Where-can-I-find-the-EULA-End-User-License-Agreement-"
    },
    "url": "https://download.jetbrains.com/idea/ideaIC-242.21829.40.win.zip",
    "hash": "21dbfbfd904294485d58b3b780992fbdcbe9b12e84964a2a80939d3d2ad778e1",
    "extract_to": "IDE",
    "installer": {
        "script": "& \"$bucketsdir\\versions\\scripts\\jetbrains\\portable.ps1\" $dir $persist_dir"
    },
    "architecture": {
        "64bit": {
            "bin": [
                [
                    "IDE\\bin\\idea64.exe",
                    "idea"
                ]
            ],
            "shortcuts": [
                [
                    "IDE\\bin\\idea64.exe",
                    "JetBrains\\IDEA (Release Candidate)"
                ]
            ]
        },
        "32bit": {
            "bin": "IDE\\bin\\idea.exe",
            "shortcuts": [
                [
                    "IDE\\bin\\idea.exe",
                    "JetBrains\\IDEA (Release Candidate)"
                ]
            ]
        }
    },
    "persist": [
        "IDE\\bin\\idea.properties",
        "profile"
    ],
    "checkver": {
        "url": "https://data.services.jetbrains.com/products/releases?code=IIC&latest=true&platform=zip&type=rc",
        "regex": "version\":\"(?<ver>[\\d.]+)\".*\"build\":\"(?<build>[\\d.]+)\"",
        "replace": "${ver}-${build}"
    },
    "autoupdate": {
        "url": "https://download.jetbrains.com/idea/ideaIC-$preReleaseVersion.win.zip",
        "hash": {
            "url": "$url.sha256"
        }
    }
}
