{
    "version": "2024.2.1-242.21829.15",
    "description": "Cross-Platform IDE for Java by JetBrains. (Community Edition, Early Access Program)",
    "homepage": "https://www.jetbrains.com/idea/",
    "license": {
        "identifier": "Apache-2.0",
        "url": "https://sales.jetbrains.com/hc/en-gb/articles/115001015290-Where-can-I-find-the-EULA-End-User-License-Agreement-"
    },
    "url": "https://download.jetbrains.com/idea/ideaIC-242.21829.15.win.zip",
    "hash": "84e7deff2338e92ca310e4fe1968f43b8e3a7c2878a391316af98e2122f9772b",
    "extract_to": "IDE",
    "installer": {
        "script": "& \"$bucketsdir\\versions\\scripts\\jetbrains\\portable.ps1\" $dir $persist_dir"
    },
    "architecture": {
        "64bit": {
            "bin": [
                [
                    "IDE\\bin\\idea64.exe",
                    "idea"
                ]
            ],
            "shortcuts": [
                [
                    "IDE\\bin\\idea64.exe",
                    "JetBrains\\IDEA"
                ]
            ]
        },
        "32bit": {
            "bin": "IDE\\bin\\idea.exe",
            "shortcuts": [
                [
                    "IDE\\bin\\idea.exe",
                    "JetBrains\\IDEA"
                ]
            ]
        }
    },
    "persist": [
        "IDE\\bin\\idea.properties",
        "profile"
    ],
    "checkver": {
        "url": "https://data.services.jetbrains.com/products/releases?code=IIC&latest=true&platform=zip&type=eap",
        "regex": "version\":\"(?<ver>[\\d.]+)\".*\"build\":\"(?<build>[\\d.]+)\"",
        "replace": "${ver}-${build}"
    },
    "autoupdate": {
        "url": "https://download.jetbrains.com/idea/ideaIC-$preReleaseVersion.win.zip",
        "hash": {
            "url": "$url.sha256"
        }
    }
}
