{
    "version": "1.72",
    "description": "Inno Setup Unpacker (Unicode)",
    "homepage": "https://www.rathlev-home.de/tools/prog-e.html#unpack",
    "license": "GPL-3.0-only",
    "url": "https://www.rathlev-home.de/tools/download/innounp-1.zip",
    "hash": "c2e7c7d56c157860d520844b9edbb715934f800bb0f51ceaeda09156b9851818",
    "bin": "innounp.exe",
    "checkver": "executable - version ([\\d.]+)",
    "autoupdate": {
        "url": "https://www.rathlev-home.de/tools/download/innounp-1.zip"
    }
}
