{
    "version": "1726031230",
    "description": "Protects privacy and security when using Bit Torrent by blocking a list of potentially malicious peers.",
    "homepage": "https://www.ipfilter.app/",
    "license": "MIT",
    "url": "https://github.com/DavidMoore/ipfilter/releases/download/lists/ipfilter.zip",
    "hash": "d70a37ffe755f28b7c149772e0b2c71f16a43d0b307b16dc2380d7594a416076",
    "checkver": {
        "script": "try { Get-Date (Invoke-RestMethod https://api.github.com/repositories/487352/releases/tags/lists).assets[0].updated_at -UFormat %s } catch { '' }",
        "regex": "\\A(\\d+)\\Z"
    },
    "autoupdate": {
        "url": "https://github.com/DavidMoore/ipfilter/releases/download/lists/ipfilter.zip"
    }
}
