{
    "version": "nightly",
    "description": "Download management tool",
    "homepage": "https://jdownloader.org",
    "license": "Shareware|AGPL-3.0-only",
    "suggest": {
        "JRE": "java/temurin8-jre"
    },
    "url": [
        "http://installer.jdownloader.org/JDownloader.jar",
        "http://jdownloader.org/lib/tpl/arctic/images/favicon.ico#/icon.ico"
    ],
    "pre_install": "Set-Content \"$dir\\JDownloader.bat\" '@start javaw.exe -jar \"%~dp0JDownloader.jar\"' -Encoding Ascii",
    "bin": "JDownloader.jar",
    "shortcuts": [
        [
            "JDownloader.bat",
            "JDownloader",
            "",
            "icon.ico"
        ]
    ],
    "persist": [
        "cfg",
        "logs"
    ]
}
