{
    "version": "3.1.8",
    "description": "A note taking and to-do application with synchronization capabilities",
    "homepage": "https://joplinapp.org",
    "license": "MIT",
    "url": "https://github.com/laurent22/joplin/releases/download/v3.1.8/Joplin-Setup-3.1.8.exe#/dl.7z",
    "hash": "sha512:d911b914de0cfc547476db7767358a6485ac8752b9cf09f01babae6045bec49ff84abe4415d3d8c7aa6b584296aa5cdb741331a14139c79ab7b3010eaaa24b53",
    "architecture": {
        "64bit": {
            "pre_install": "Expand-7zipArchive \"$dir\\`$PLUGINSDIR\\app-64.7z\" \"$dir\""
        },
        "32bit": {
            "pre_install": "Expand-7zipArchive \"$dir\\`$PLUGINSDIR\\app-32.7z\" \"$dir\""
        }
    },
    "post_install": "Remove-Item \"$dir\\`$*\", \"$dir\\Uninstall*\" -Recurse",
    "bin": "Joplin.exe",
    "shortcuts": [
        [
            "Joplin.exe",
            "Joplin-Pre"
        ]
    ],
    "checkver": {
        "url": "https://github.com/laurent22/joplin/tags",
        "regex": "/laurent22/joplin/releases/tag/v([\\d.]+)"
    },
    "autoupdate": {
        "url": "https://github.com/laurent22/joplin/releases/download/v$version/Joplin-Setup-$version.exe#/dl.7z",
        "hash": {
            "url": "$baseurl/latest.yml",
            "regex": "sha512:\\s+$base64"
        }
    }
}
