{
    "version": "1.11.0-rc3",
    "description": "Julia. A programming language that is a fresh approach to technical computing. (Release candidate)",
    "homepage": "https://julialang.org",
    "license": "MIT",
    "architecture": {
        "64bit": {
            "url": "https://julialang-s3.julialang.org/bin/winnt/x64/1.11/julia-1.11.0-rc3-win64.zip",
            "hash": "fbf77336f51a33313894faeb0e7e6e7fc366ee6b9820672c63c2673a36eb845c",
            "extract_dir": "julia-1.11.0-rc3"
        },
        "32bit": {
            "url": "https://julialang-s3.julialang.org/bin/winnt/x86/1.11/julia-1.11.0-rc3-win32.zip",
            "hash": "64b49f081ae5d729ea1d50e030af8f457edbda4a1fafeb2049fa3cb1efca012a",
            "extract_dir": "julia-1.11.0-rc3"
        }
    },
    "bin": "bin\\julia.exe",
    "checkver": {
        "url": "https://julialang.org/downloads/",
        "regex": "Upcoming release: v([\\d.]+(-rc\\d+))"
    },
    "autoupdate": {
        "architecture": {
            "64bit": {
                "url": "https://julialang-s3.julialang.org/bin/winnt/x64/$majorVersion.$minorVersion/julia-$version-win64.zip",
                "extract_dir": "julia-$version"
            },
            "32bit": {
                "url": "https://julialang-s3.julialang.org/bin/winnt/x86/$majorVersion.$minorVersion/julia-$version-win32.zip",
                "extract_dir": "julia-$version"
            }
        },
        "hash": {
            "url": "https://julialang-s3.julialang.org/bin/checksums/julia-$version.sha256"
        }
    },
    "shortcuts": [
        [
            "bin\\julia.exe",
            "Julia"
        ]
    ]
}
