{
    "version": "7890",
    "description": "Multi-document editor",
    "homepage": "https://apps.kde.org/kate",
    "license": "LGPL-2.0-only",
    "architecture": {
        "64bit": {
            "url": "https://cdn.kde.org/ci-builds/utilities/kate/master/windows/kate-master-7890-windows-cl-msvc2022-x86_64.7z",
            "hash": "0063a028d228eaf0573f2aae3eebef03570b11ab978751c91d67bb69d02b7da1"
        }
    },
    "bin": [
        [
            "bin\\kate.exe",
            "kate"
        ]
    ],
    "shortcuts": [
        [
            "bin\\kate.exe",
            "Kate Nightly"
        ]
    ],
    "checkver": {
        "url": "https://cdn.kde.org/ci-builds/utilities/kate/master/windows/",
        "regex": "kate-master-(\\d+)-windows-cl-(?<lib>\\w+)-x86_64\\.7z"
    },
    "autoupdate": {
        "architecture": {
            "64bit": {
                "url": "https://cdn.kde.org/ci-builds/utilities/kate/master/windows/kate-master-$version-windows-cl-$matchLib-x86_64.7z"
            }
        },
        "hash": {
            "url": "$url.sha256"
        }
    }
}
