{
    "version": "4228",
    "description": "Communications and data transfer between devices over local networks",
    "homepage": "https://apps.kde.org/kdeconnect",
    "license": "LGPL-2.0-only",
    "architecture": {
        "64bit": {
            "url": "https://cdn.kde.org/ci-builds/network/kdeconnect-kde/master/windows/kdeconnect-kde-master-4228-windows-cl-msvc2022-x86_64.7z",
            "hash": "470a868c4728a1e2df600132a0b1e55994706e35809c261939b244fad6439fb6"
        }
    },
    "bin": [
        [
            "bin\\kdeconnect-cli.exe",
            "kdeconnect-cli"
        ]
    ],
    "shortcuts": [
        [
            "bin\\kdeconnect-app.exe",
            "KDE Connect Nightly"
        ]
    ],
    "checkver": {
        "url": "https://cdn.kde.org/ci-builds/network/kdeconnect-kde/master/windows/",
        "regex": "kdeconnect-kde-master-(\\d+)-windows-cl-(?<lib>\\w+)-x86_64\\.7z"
    },
    "autoupdate": {
        "architecture": {
            "64bit": {
                "url": "https://cdn.kde.org/ci-builds/network/kdeconnect-kde/master/windows/kdeconnect-kde-master-$version-windows-cl-$matchLib-x86_64.7z"
            }
        },
        "hash": {
            "url": "$url.sha256"
        }
    }
}
