{
    "version": "8813",
    "description": "Video editing software based on the MLT Framework, KDE and Qt",
    "homepage": "https://kdenlive.org",
    "license": "GPL-2.0-only",
    "architecture": {
        "64bit": {
            "url": "https://cdn.kde.org/ci-builds/multimedia/kdenlive/master/windows/kdenlive-master-8813-windows-gcc-x86_64.7z",
            "hash": "525f05ef4ea30486d8c5ece4447373d4a77d3f7642771e77333d54d088cf722b"
        }
    },
    "bin": "bin\\kdenlive.exe",
    "shortcuts": [
        [
            "bin\\kdenlive.exe",
            "Kdenlive Nightly"
        ]
    ],
    "checkver": {
        "url": "https://cdn.kde.org/ci-builds/multimedia/kdenlive/master/windows/",
        "regex": "kdenlive-master-(\\d+)-windows-gcc-x86_64\\.7z"
    },
    "autoupdate": {
        "architecture": {
            "64bit": {
                "url": "https://cdn.kde.org/ci-builds/multimedia/kdenlive/master/windows/kdenlive-master-$version-windows-gcc-x86_64.7z"
            }
        },
        "hash": {
            "url": "$url.sha256"
        }
    }
}
