{
    "version": "8.99.0.2312.ge01246a9d3",
    "description": "Nightly build of KiCAD, an electronics design automation (EDA) suite.",
    "homepage": "https://kicad.org",
    "license": "GPL-3.0-only",
    "architecture": {
        "64bit": {
            "url": "https://downloads.kicad.org/kicad/windows/explore/nightlies/download/kicad-nightly-8.99.0.2312.ge01246a9d3-x86_64.exe#/dl.7z",
            "hash": "ed6f3842af2806677bd3a175167a6ffb973afebeb43ceccc4045d7cfc0c82b6f"
        }
    },
    "pre_install": "Remove-Item \"$dir\\`$*\", \"$dir\\Uninst*\" -Recurse",
    "bin": "bin\\kicad.exe",
    "shortcuts": [
        [
            "bin\\kicad.exe",
            "KiCad nightly"
        ],
        [
            "bin\\eeschema.exe",
            "Eeschema nightly"
        ],
        [
            "bin\\pcbnew.exe",
            "Pcbnew nightly"
        ],
        [
            "bin\\gerbview.exe",
            "Gerbview nightly"
        ]
    ],
    "checkver": {
        "url": "https://downloads.kicad.org/kicad/windows/explore/nightlies",
        "regex": "kicad-nightly-(\\d+(\\.\\d+)*(\\.rc\\d+(\\.\\d+)*)*\\.g[a-f\\d]+)-x86_64\\.exe",
        "reverse": false
    },
    "autoupdate": {
        "architecture": {
            "64bit": {
                "url": "https://downloads.kicad.org/kicad/windows/explore/nightlies/download/kicad-nightly-$version-x86_64.exe#/dl.7z"
            }
        }
    }
}
