{
    "version": "1116",
    "description": "A user-friendly Internet Relay Chat (IRC) client by KDE",
    "homepage": "https://konversation.kde.org",
    "license": "GPL-2.0-or-later",
    "architecture": {
        "64bit": {
            "url": "https://cdn.kde.org/ci-builds/network/konversation/master/windows/konversation-master-1116-windows-cl-msvc2022-x86_64.7z",
            "hash": "d6d82db1214c3a70355ff6f5fafd5d5ed8ef068bdac7a4abce5aada4fef44c75"
        }
    },
    "bin": "bin\\konversation.exe",
    "shortcuts": [
        [
            "bin\\konversation.exe",
            "Konversation"
        ]
    ],
    "checkver": {
        "url": "https://cdn.kde.org/ci-builds/network/konversation/master/windows/",
        "regex": "konversation-master-(\\d+)-windows-cl-(?<lib>\\w+)-x86_64\\.7z"
    },
    "autoupdate": {
        "architecture": {
            "64bit": {
                "url": "https://cdn.kde.org/ci-builds/network/konversation/master/windows/konversation-master-$version-windows-cl-$matchLib-x86_64.7z"
            }
        },
        "hash": {
            "url": "$url.sha256",
            "regex": "$sha256"
        }
    }
}
