{
    "version": "0.17.0",
    "description": "Fast and secure open source backup.",
    "homepage": "https://kopia.io/",
    "license": "Apache-2.0",
    "architecture": {
        "64bit": {
            "url": "https://github.com/kopia/kopia/releases/download/v0.17.0/kopia-0.17.0-windows-x64.zip",
            "hash": "0bcfc616e52fe3847e7d0484fb6612512e926990277a37c8ced446dcce2dc6cb",
            "extract_dir": "kopia-0.17.0-windows-x64"
        }
    },
    "bin": "kopia.exe",
    "checkver": {
        "github": "https://github.com/kopia/kopia",
        "regex": "tag/v([\\w.-]+)"
    },
    "autoupdate": {
        "architecture": {
            "64bit": {
                "url": "https://github.com/kopia/kopia/releases/download/v$version/kopia-$version-windows-x64.zip",
                "extract_dir": "kopia-$version-windows-x64"
            }
        },
        "hash": {
            "url": "$baseurl/checksums.txt",
            "regex": "$sha256\\s+$basename"
        }
    }
}
