{
    "version": "0.17.0",
    "description": "Fast and secure open source backup.",
    "homepage": "https://kopia.io/",
    "license": "Apache-2.0",
    "architecture": {
        "64bit": {
            "url": "https://github.com/kopia/kopia/releases/download/v0.17.0/KopiaUI-0.17.0-win.zip",
            "hash": "e8393ce14b538ffa42e92560cc44d5bc4c85d3b10ae7993eb3b95dea3deb84d6"
        }
    },
    "bin": "resources\\server\\kopia.exe",
    "shortcuts": [
        [
            "KopiaUI.exe",
            "KopiaUI"
        ]
    ],
    "checkver": {
        "github": "https://github.com/kopia/kopia",
        "regex": "tag/v([\\w.-]+)"
    },
    "autoupdate": {
        "architecture": {
            "64bit": {
                "url": "https://github.com/kopia/kopia/releases/download/v$version/KopiaUI-$version-win.zip",
                "hash": {
                    "url": "$baseurl/checksums.txt",
                    "regex": "$sha256\\s+$basename"
                }
            }
        }
    }
}
