{
    "version": "7159",
    "homepage": "https://labplot.kde.org/",
    "description": "A free, open source, and cross-platform Data Visualization and Analysis software accessible to everyone.",
    "license": "Apache-2.0,BSD-3-Clause,CC0-1.0,CC-BY-3.0,GPL-2.0-only,GPL-2.0-or-later,GPL-3.0-only,GPL-3.0-or-later,LGPL-3.0-or-later,MIT",
    "architecture": {
        "64bit": {
            "url": "https://cdn.kde.org/ci-builds/education/labplot/master/windows/labplot-master-7159-windows-cl-msvc2022-x86_64.7z",
            "hash": "be08e7a244649a35dbcff1793755d4f4fe5a7eb3ba1f36159da2fed979ea37ca"
        }
    },
    "shortcuts": [
        [
            "bin\\labplot2.exe",
            "LabPlot2 Nightly"
        ]
    ],
    "checkver": {
        "url": "https://cdn.kde.org/ci-builds/education/labplot/master/windows/",
        "regex": "labplot-master-(\\d+)-windows-cl-(?<lib>\\w+)-x86_64\\.7z"
    },
    "autoupdate": {
        "architecture": {
            "64bit": {
                "url": "https://cdn.kde.org/ci-builds/education/labplot/master/windows/labplot-master-$version-windows-cl-$matchLib-x86_64.7z",
                "hash": {
                    "url": "$url.sha256"
                }
            }
        }
    }
}
