{
    "version": "1726102330",
    "description": "Lightning-fast and Powerful Code Editor written in Rust",
    "homepage": "https://lapce.dev/",
    "license": "Apache-2.0",
    "architecture": {
        "64bit": {
            "url": "https://github.com/lapce/lapce/releases/download/nightly/Lapce-windows-portable.zip",
            "hash": "0538225cc25250930955c038c1932d3e8370ef49f90e8cfdbdb93d49ed2e5cab"
        }
    },
    "bin": [
        [
            "lapce.exe",
            "lapce-nightly"
        ]
    ],
    "shortcuts": [
        [
            "lapce.exe",
            "Lapce Nightly"
        ]
    ],
    "persist": "lapce-data",
    "checkver": {
        "script": "try { Get-Date (Invoke-RestMethod https://api.github.com/repositories/120425779/releases/tags/nightly).published_at -UFormat %s } catch { '' }",
        "regex": "\\A(\\d+)\\Z"
    },
    "autoupdate": {
        "architecture": {
            "64bit": {
                "url": "https://github.com/lapce/lapce/releases/download/nightly/Lapce-windows-portable.zip"
            }
        }
    }
}
