{
    "version": "5.48.0",
    "homepage": "https://www.linqpad.net",
    "description": "LINQPad 5 for .NET Framework 4.6/4.7/4.8",
    "license": {
        "identifier": "Freeware",
        "url": "https://www.linqpad.net/eula.txt"
    },
    "architecture": {
        "64bit": {
            "url": "https://linqpad.azureedge.net/public/LINQPad5-AnyCPU.zip",
            "hash": "a7a1fedfaf913648e4a97af10036f57b1b2158dc731a68be3a4cfe90407fcbf7"
        },
        "32bit": {
            "url": "https://linqpad.azureedge.net/public/LINQPad5.zip",
            "hash": "591a9795af7c5f394bca90618adcbf65a7cfd5faba16a4fe67514c5cd3943368"
        }
    },
    "bin": [
        "lprun.exe",
        "linqpad.exe"
    ],
    "shortcuts": [
        [
            "linqpad.exe",
            "LINQPad 5"
        ]
    ],
    "checkver": {
        "url": "https://www.linqpad.net/Download.aspx",
        "regex": "LINQPad5Version\">([\\d.]+)<"
    },
    "autoupdate": {
        "architecture": {
            "64bit": {
                "url": "https://linqpad.azureedge.net/public/LINQPad5-AnyCPU.zip"
            },
            "32bit": {
                "url": "https://linqpad.azureedge.net/public/LINQPad5.zip"
            }
        }
    }
}
