{
    "version": "2.1.5",
    "description": "A lightweight text editor written in Lua, adapted from lite. (with addons)",
    "homepage": "https://lite-xl.github.io",
    "license": "MIT",
    "architecture": {
        "64bit": {
            "url": "https://github.com/lite-xl/lite-xl/releases/download/v2.1.5/lite-xl-v2.1.5-addons-windows-x86_64.zip",
            "hash": "578176ffeb3ea4ac89b9510cf761c78bbaeb19b1380815d33662873c19a8d648"
        },
        "32bit": {
            "url": "https://github.com/lite-xl/lite-xl/releases/download/v2.1.5/lite-xl-v2.1.5-addons-windows-i686.zip",
            "hash": "b99289fbd15f769f67b3ef32d973d593fdf8b525c9781c6171d89f17aee6a657"
        }
    },
    "extract_dir": "lite-xl",
    "bin": "lite-xl.exe",
    "shortcuts": [
        [
            "lite-xl.exe",
            "Lite XL"
        ]
    ],
    "checkver": {
        "github": "https://github.com/lite-xl/lite-xl"
    },
    "autoupdate": {
        "architecture": {
            "64bit": {
                "url": "https://github.com/lite-xl/lite-xl/releases/download/v$version/lite-xl-v$version-addons-windows-x86_64.zip"
            },
            "32bit": {
                "url": "https://github.com/lite-xl/lite-xl/releases/download/v$version/lite-xl-v$version-addons-windows-i686.zip"
            }
        }
    }
}
