{
    "version": "0.10.10-20240909",
    "description": "A privacy-first platform for knowledge sharing and management",
    "homepage": "https://logseq.com",
    "license": "AGPL-3.0-only",
    "architecture": {
        "64bit": {
            "url": "https://github.com/logseq/logseq/releases/download/nightly/Logseq-win-x64-0.10.10-alpha+nightly.20240909.zip",
            "hash": "648f97c4bc27d74ab2faa54ce4ff3535975dc368180d66fffc4c22bee32cd4cf"
        }
    },
    "shortcuts": [
        [
            "Logseq.exe",
            "Logseq (Nightly)"
        ]
    ],
    "checkver": {
        "url": "https://api.github.com/repos/logseq/logseq/releases/tags/nightly",
        "jsonpath": "$.assets..browser_download_url",
        "regex": "Logseq-darwin-x64-(?<version>[\\d.]+)-alpha%2Bnightly.(?<date>\\d+).zip",
        "replace": "${version}-${date}"
    },
    "autoupdate": {
        "architecture": {
            "64bit": {
                "url": "https://github.com/logseq/logseq/releases/download/nightly/Logseq-win-x64-$matchVersion-alpha+nightly.$matchDate.zip",
                "hash": {
                    "url": "$baseurl/SHA256SUMS.txt",
                    "regex": "$sha256\\s+Logseq-win-x64.*\\.zip"
                }
            }
        }
    }
}
