{
    "homepage": "https://love2d.org/",
    "description": "LÖVE is an open-source 2D game framework for Lua.",
    "version": "0.7.2",
    "license": "Zlib",
    "url": "https://github.com/love2d/love/releases/download/0.7.2/love-0.7.2-win-x86.zip",
    "hash": "2a12fefb0b68823cf039f1532ac51e0f1aee799bd94e8ad81c124d3698029964",
    "extract_dir": "love-0.7.2-win-x86",
    "bin": [
        "love.exe",
        [
            "love.exe",
            "love0.7"
        ]
    ],
    "shortcuts": [
        [
            "love.exe",
            "LÖVE 0.7"
        ]
    ]
}
