{
    "homepage": "https://love2d.org/",
    "description": "LÖVE is an open-source 2D game framework for Lua.",
    "version": "0.10.2",
    "license": "Zlib",
    "architecture": {
        "64bit": {
            "url": "https://github.com/love2d/love/releases/download/0.10.2/love-0.10.2-win64.zip",
            "hash": "a9603b1e1fb353bc0d5608629ea4c0d2e94df3598f3cc4c2e9e84723e6a5a2b9",
            "extract_dir": "love-0.10.2-win64"
        },
        "32bit": {
            "url": "https://github.com/love2d/love/releases/download/0.10.2/love-0.10.2-win32.zip",
            "hash": "31132c176cd03e3eb2952c4b837e1049e907b8542deaa297d8efcd31cfa6a46a",
            "extract_dir": "love-0.10.2-win32"
        }
    },
    "bin": [
        "love.exe",
        [
            "love.exe",
            "love0.10"
        ]
    ],
    "shortcuts": [
        [
            "love.exe",
            "LÖVE 0.10"
        ]
    ]
}
