{
    "homepage": "https://love2d.org/",
    "description": "LÖVE is an open-source 2D game framework for Lua.",
    "version": "0.9.2",
    "license": "Zlib",
    "architecture": {
        "64bit": {
            "url": "https://github.com/love2d/love/releases/download/0.9.2/love-0.9.2-win64.zip",
            "hash": "51e73d8ab2f76b5c8ba4454d4af6a4934efe9437cea0a7cd7cebf5831c787a1c",
            "extract_dir": "love-0.9.2-win64"
        },
        "32bit": {
            "url": "https://github.com/love2d/love/releases/download/0.9.2/love-0.9.2-win32.zip",
            "hash": "f635772f7755ff60b8a7b5af5f94b34a599ae4c772231c8d0fb32f79aabb37de",
            "extract_dir": "love-0.9.2-win32"
        }
    },
    "bin": [
        "love.exe",
        [
            "love.exe",
            "love0.9"
        ]
    ],
    "shortcuts": [
        [
            "love.exe",
            "LÖVE 0.9"
        ]
    ]
}
