{
    "homepage": "https://love2d.org/",
    "description": "LÖVE is an open-source 2D game framework for Lua.",
    "version": "0.6.2",
    "license": "Zlib",
    "url": "https://github.com/love2d/love/releases/download/0.6.2/love-0.6.2-win-x86.zip",
    "hash": "f8725981e5d3437255fb4e4eb0fa308b3097d7689bd4abb699ce3dfba59bed4a",
    "extract_dir": "love",
    "bin": [
        "love.exe",
        [
            "love.exe",
            "love0.6"
        ]
    ],
    "shortcuts": [
        [
            "love.exe",
            "LÖVE 0.6"
        ]
    ]
}
