{
    "homepage": "https://mariadb.org",
    "version": "10.3.39",
    "license": "GPL-2.0-only",
    "description": "Community developed fork of MySQL server.",
    "architecture": {
        "64bit": {
            "url": "https://downloads.mariadb.com/MariaDB/mariadb-10.3.39/winx64-packages/mariadb-10.3.39-winx64.zip",
            "hash": "c8f839ded5041428960c1c247318dab94ede31b7a7c250d060923661a06340fa",
            "extract_dir": "mariadb-10.3.39-winx64"
        }
    },
    "bin": [
        "bin\\aria_chk.exe",
        "bin\\aria_dump_log.exe",
        "bin\\aria_ftdump.exe",
        "bin\\aria_pack.exe",
        "bin\\aria_read_log.exe",
        "bin\\innochecksum.exe",
        "bin\\myisamchk.exe",
        "bin\\myisamlog.exe",
        "bin\\myisampack.exe",
        "bin\\myisam_ftdump.exe",
        "bin\\mysql.exe",
        "bin\\mysqladmin.exe",
        "bin\\mysqlbinlog.exe",
        "bin\\mysqlcheck.exe",
        "bin\\mysqld.exe",
        "bin\\mysqldump.exe",
        "bin\\mysqlimport.exe",
        "bin\\mysqlshow.exe",
        "bin\\mysqlslap.exe",
        "bin\\mysql_install_db.exe",
        "bin\\mysql_plugin.exe",
        "bin\\mysql_tzinfo_to_sql.exe",
        "bin\\mysql_upgrade.exe",
        "bin\\mysql_upgrade_service.exe",
        "bin\\my_print_defaults.exe"
    ],
    "persist": "data",
    "post_install": [
        "# Initialize data directory (without generating root password)",
        "if (!(Test-Path \"$dir\\data\\auto.cnf\")) { mysqld --initialize-insecure }"
    ],
    "notes": [
        "Run following command as administrator to run MariaDB as a service.",
        "mysqld --install \"[Service Name(default:MySQL)]\""
    ],
    "checkver": {
        "url": "https://downloads.mariadb.org/rest-api/mariadb/10.3/latest/",
        "jsonpath": "$.releases..release_id"
    },
    "autoupdate": {
        "architecture": {
            "64bit": {
                "url": "https://downloads.mariadb.com/MariaDB/mariadb-$version/winx64-packages/mariadb-$version-winx64.zip",
                "extract_dir": "mariadb-$version-winx64"
            }
        },
        "hash": {
            "url": "$baseurl/sha256sums.txt"
        }
    }
}
