{
    "version": "715",
    "description": "A simple markdown note-taking app developed by KDE",
    "homepage": "https://apps.kde.org/marknote/",
    "license": "GPL-2.0-or-later",
    "architecture": {
        "64bit": {
            "url": "https://cdn.kde.org/ci-builds/office/marknote/master/windows/marknote-master-715-windows-cl-msvc2022-x86_64.7z",
            "hash": "d839d8e4c234d7ac0317f7d8a5f2e330e28e493dd19df67f77ce53ab6bbf0252"
        }
    },
    "bin": "bin\\marknote.exe",
    "shortcuts": [
        [
            "bin\\marknote.exe",
            "Marknote Nightly"
        ]
    ],
    "checkver": {
        "url": "https://cdn.kde.org/ci-builds/office/marknote/master/windows/",
        "regex": "marknote-master-(\\d+)-windows-cl-(?<lib>\\w+)-x86_64\\.7z"
    },
    "autoupdate": {
        "architecture": {
            "64bit": {
                "url": "https://cdn.kde.org/ci-builds/office/marknote/master/windows/marknote-master-$version-windows-cl-$matchLib-x86_64.7z"
            }
        },
        "hash": {
            "url": "$url.sha256"
        }
    }
}
