{
    "version": "4.0.0-beta-4",
    "description": "Software project management and comprehension tool",
    "homepage": "https://maven.apache.org/",
    "license": "Apache-2.0",
    "suggest": {
        "JDK": "java/openjdk"
    },
    "url": "https://archive.apache.org/dist/maven/maven-4/4.0.0-beta-4/binaries/apache-maven-4.0.0-beta-4-bin.zip",
    "hash": "sha512:109f5e4450b4cc3f9141a7693f48d3e8f6322199db45727745386717eea39cbbc0a78404d53b36bd951a1e3a5923a026a93e8bdb8851d9044f4151568957ec4b",
    "extract_dir": "apache-maven-4.0.0-beta-4",
    "env_add_path": "bin",
    "persist": [
        "conf",
        "lib\\ext"
    ],
    "checkver": {
        "url": "https://maven.apache.org/docs/history.html",
        "regex": "<b>(4[\\w.-]+)</b>"
    },
    "bin": [
        "bin\\mvn.cmd",
        [
            "bin\\mvn.cmd",
            "mvn4"
        ]
    ],
    "autoupdate": {
        "url": "https://archive.apache.org/dist/maven/maven-$majorVersion/$version/binaries/apache-maven-$version-bin.zip",
        "hash": {
            "url": "$url.sha512"
        },
        "extract_dir": "apache-maven-$version"
    }
}
