{
    "version": "nightly-2024-09-12",
    "description": "A terminal-based text editor that aims to be easy to use and intuitive, while also taking advantage of the full capabilities of modern terminals.",
    "homepage": "https://micro-editor.github.io/",
    "license": "MIT",
    "architecture": {
        "64bit": {
            "url": "https://github.com/zyedidia/micro/releases/download/nightly/micro-nightly-win64.zip",
            "hash": "ba61841c63bda486f99889efe6a2f338ce829ad431a7c9f352c4ef61b2802de4"
        },
        "32bit": {
            "url": "https://github.com/zyedidia/micro/releases/download/nightly/micro-nightly-win64.zip",
            "hash": "ba61841c63bda486f99889efe6a2f338ce829ad431a7c9f352c4ef61b2802de4"
        }
    },
    "extract_dir": "micro-nightly",
    "bin": "micro.exe",
    "checkver": {
        "url": "https://api.github.com/repositories/53632140/releases/tags/nightly",
        "regex": "updated_at.+\"([\\d\\-]+)T.*micro-(?<micro>.+)-win",
        "replace": "${2}-${1}"
    },
    "autoupdate": {
        "architecture": {
            "64bit": {
                "url": "https://github.com/zyedidia/micro/releases/download/nightly/micro-$matchMicro-win64.zip"
            },
            "32bit": {
                "url": "https://github.com/zyedidia/micro/releases/download/nightly/micro-$matchMicro-win64.zip"
            }
        },
        "extract_dir": "micro-$matchMicro"
    }
}
