{
    "version": "14.2.0-18.1.8-12.0.0-r1",
    "description": "GNU Compiler Collection with LLVM/Clang/LLD/LLDB (UCRT, WinLibs build)",
    "homepage": "https://winlibs.com",
    "license": "GPL-3.0-or-later,ZPL-2.1,BSD-2-Clause,...",
    "architecture": {
        "64bit": {
            "url": "https://github.com/brechtsanders/winlibs_mingw/releases/download/14.2.0posix-18.1.8-12.0.0-ucrt-r1/winlibs-x86_64-posix-seh-gcc-14.2.0-llvm-18.1.8-mingw-w64ucrt-12.0.0-r1.7z",
            "hash": "2e6ea57bbc08149f5df3d1a804f3f16d17425f40916ad64e488a17d64675484c",
            "extract_dir": "mingw64"
        },
        "32bit": {
            "url": "https://github.com/brechtsanders/winlibs_mingw/releases/download/14.2.0posix-18.1.8-12.0.0-ucrt-r1/winlibs-i686-posix-dwarf-gcc-14.2.0-llvm-18.1.8-mingw-w64ucrt-12.0.0-r1.7z",
            "hash": "e773878a55592469c393ff599173b7f18b300a62838ab5f0ab4656916ac20397",
            "extract_dir": "mingw32"
        }
    },
    "post_install": "Copy-Item \"$dir\\bin\\mingw32-make.exe\" \"$dir\\bin\\make.exe\"",
    "env_add_path": "bin",
    "checkver": {
        "regex": "(?<gcc>[\\d.]+)posix-(?<llvm>[\\d.]+)-(?<mingw>[\\d.]+)-ucrt-r(?<release>\\d+)",
        "replace": "${gcc}-${llvm}-${mingw}-r${release}"
    },
    "autoupdate": {
        "architecture": {
            "64bit": {
                "url": "https://github.com/brechtsanders/winlibs_mingw/releases/download/$matchGccposix-$matchLlvm-$matchMingw-ucrt-r$matchRelease/winlibs-x86_64-posix-seh-gcc-$matchGcc-llvm-$matchLlvm-mingw-w64ucrt-$matchMingw-r$matchRelease.7z"
            },
            "32bit": {
                "url": "https://github.com/brechtsanders/winlibs_mingw/releases/download/$matchGccposix-$matchLlvm-$matchMingw-ucrt-r$matchRelease/winlibs-i686-posix-dwarf-gcc-$matchGcc-llvm-$matchLlvm-mingw-w64ucrt-$matchMingw-r$matchRelease.7z"
            }
        },
        "hash": {
            "url": "$url.sha256"
        }
    }
}
