{
    "version": "14.2.0-rt_v12-rev0",
    "description": "Minimalistic GNU for Windows is a runtime environment for GCC, GDB, make and related binutils (MSVCRT Build Varient).",
    "homepage": "https://www.mingw-w64.org",
    "license": "ZPL-2.1",
    "architecture": {
        "64bit": {
            "url": "https://github.com/niXman/mingw-builds-binaries/releases/download/14.2.0-rt_v12-rev0/x86_64-14.2.0-release-posix-seh-msvcrt-rt_v12-rev0.7z",
            "hash": "8afdb7e16253e3d235ea933cb40b2c14d0c9ba334aa668ab9e2eada472a0caef",
            "extract_dir": "mingw64"
        },
        "32bit": {
            "url": "https://github.com/niXman/mingw-builds-binaries/releases/download/14.2.0-rt_v12-rev0/i686-14.2.0-release-posix-dwarf-msvcrt-rt_v12-rev0.7z",
            "hash": "e5a4e3b11900bdd7bd1c3b6050e7ae0c6c9d5c12b19cd8e1cd444a99eb49359e",
            "extract_dir": "mingw32"
        }
    },
    "post_install": "Copy-Item \"$dir\\bin\\mingw32-make.exe\" \"$dir\\bin\\make.exe\"",
    "env_add_path": "bin",
    "checkver": {
        "github": "https://github.com/niXman/mingw-builds-binaries",
        "regex": "tag/([\\d.]+)-(?<build>[a-z0-9_\\-]+)",
        "replace": "${1}-${build}"
    },
    "autoupdate": {
        "architecture": {
            "64bit": {
                "url": "https://github.com/niXman/mingw-builds-binaries/releases/download/$version/x86_64-$match1-release-posix-seh-msvcrt-$matchBuild.7z"
            },
            "32bit": {
                "url": "https://github.com/niXman/mingw-builds-binaries/releases/download/$version/i686-$match1-release-posix-dwarf-msvcrt-$matchBuild.7z"
            }
        }
    }
}
