{
    "version": "14.2.0-12.0.0-r1",
    "description": "GNU Compiler Collection (UCRT, WinLibs build)",
    "homepage": "https://winlibs.com",
    "license": "GPL-3.0-or-later,ZPL-2.1,BSD-2-Clause,...",
    "architecture": {
        "64bit": {
            "url": "https://github.com/brechtsanders/winlibs_mingw/releases/download/14.2.0posix-18.1.8-12.0.0-ucrt-r1/winlibs-x86_64-posix-seh-gcc-14.2.0-mingw-w64ucrt-12.0.0-r1.7z",
            "hash": "e32e079de3a1c0fd26b844f7350a5f31d7e342e01d01b42df866880b483d3950",
            "extract_dir": "mingw64"
        },
        "32bit": {
            "url": "https://github.com/brechtsanders/winlibs_mingw/releases/download/14.2.0posix-18.1.8-12.0.0-ucrt-r1/winlibs-i686-posix-dwarf-gcc-14.2.0-mingw-w64ucrt-12.0.0-r1.7z",
            "hash": "5b7388a817cec2fb6a7bab93283c8579e483e8c2e950a380c9d08048026694af",
            "extract_dir": "mingw32"
        }
    },
    "post_install": "Copy-Item \"$dir\\bin\\mingw32-make.exe\" \"$dir\\bin\\make.exe\"",
    "env_add_path": "bin",
    "checkver": {
        "regex": "(?<gcc>[\\d.]+)posix-(?<llvm>[\\d.]+)-(?<mingw>[\\d.]+)-ucrt-r(?<release>\\d+)",
        "replace": "${gcc}-${mingw}-r${release}"
    },
    "autoupdate": {
        "architecture": {
            "64bit": {
                "url": "https://github.com/brechtsanders/winlibs_mingw/releases/download/$matchGccposix-$matchLlvm-$matchMingw-ucrt-r$matchRelease/winlibs-x86_64-posix-seh-gcc-$matchGcc-mingw-w64ucrt-$matchMingw-r$matchRelease.7z"
            },
            "32bit": {
                "url": "https://github.com/brechtsanders/winlibs_mingw/releases/download/$matchGccposix-$matchLlvm-$matchMingw-ucrt-r$matchRelease/winlibs-i686-posix-dwarf-gcc-$matchGcc-mingw-w64ucrt-$matchMingw-r$matchRelease.7z"
            }
        },
        "hash": {
            "url": "$url.sha256"
        }
    }
}
