{
    "version": "14.2.0-18.1.8-12.0.0-r1",
    "description": "GNU Compiler Collection with LLVM/Clang/LLD/LLDB (WinLibs build)",
    "homepage": "https://winlibs.com",
    "license": "GPL-3.0-or-later,ZPL-2.1,BSD-2-Clause,...",
    "architecture": {
        "64bit": {
            "url": "https://github.com/brechtsanders/winlibs_mingw/releases/download/14.2.0posix-18.1.8-12.0.0-msvcrt-r1/winlibs-x86_64-posix-seh-gcc-14.2.0-llvm-18.1.8-mingw-w64msvcrt-12.0.0-r1.7z",
            "hash": "585460f25590afea29f3c8fe3d43b6f69126c3ff73ddd917e0d805c2181ec63c",
            "extract_dir": "mingw64"
        },
        "32bit": {
            "url": "https://github.com/brechtsanders/winlibs_mingw/releases/download/14.2.0posix-18.1.8-12.0.0-msvcrt-r1/winlibs-i686-posix-dwarf-gcc-14.2.0-llvm-18.1.8-mingw-w64msvcrt-12.0.0-r1.7z",
            "hash": "373aa82ca6f45efba848371590347ab1495fdc760424b14f8bf06967588648a8",
            "extract_dir": "mingw32"
        }
    },
    "post_install": "Copy-Item \"$dir\\bin\\mingw32-make.exe\" \"$dir\\bin\\make.exe\"",
    "env_add_path": "bin",
    "checkver": {
        "regex": "(?<gcc>[\\d.]+)posix-(?<llvm>[\\d.]+)-(?<mingw>[\\d.]+)-msvcrt-r(?<release>\\d+)",
        "replace": "${gcc}-${llvm}-${mingw}-r${release}"
    },
    "autoupdate": {
        "architecture": {
            "64bit": {
                "url": "https://github.com/brechtsanders/winlibs_mingw/releases/download/$matchGccposix-$matchLlvm-$matchMingw-msvcrt-r$matchRelease/winlibs-x86_64-posix-seh-gcc-$matchGcc-llvm-$matchLlvm-mingw-w64msvcrt-$matchMingw-r$matchRelease.7z"
            },
            "32bit": {
                "url": "https://github.com/brechtsanders/winlibs_mingw/releases/download/$matchGccposix-$matchLlvm-$matchMingw-msvcrt-r$matchRelease/winlibs-i686-posix-dwarf-gcc-$matchGcc-llvm-$matchLlvm-mingw-w64msvcrt-$matchMingw-r$matchRelease.7z"
            }
        },
        "hash": {
            "url": "$url.sha256"
        }
    }
}
