{
    "version": "8.0.0-rc20",
    "description": "A document database with the scalability and flexibility.",
    "homepage": "https://www.mongodb.org",
    "license": {
        "identifier": "SSPL-1.0",
        "url": "https://www.mongodb.com/licensing/server-side-public-license"
    },
    "notes": [
        "Windows server 2012/2008 and Windows 7/8/8.1 need KB2999226 to provide Universal C Runtime support for Windows.",
        "For more infomations, please refer to:",
        "https://support.microsoft.com/en-us/help/2999226/update-for-universal-c-runtime-in-windows",
        "",
        "mongod shim use \"$dir\\bin\\mongod.cfg\" as the default config file.",
        "To use a different config file, please run",
        "\"$dir\\bin\\mongod.exe --config NEW_CONFIG_FILE\""
    ],
    "suggest": {
        "vcredist": "extras/vcredist2022"
    },
    "architecture": {
        "64bit": {
            "url": "https://fastdl.mongodb.org/windows/mongodb-windows-x86_64-8.0.0-rc20-signed.msi",
            "hash": "e249a459aa7fa943c344b2421aac8f2c5bbec397fb708fc3544bcc3902eb4306",
            "extract_dir": "MongoDB\\Server\\8.0"
        }
    },
    "pre_install": [
        "if (!(Test-Path \"$persist_dir\\bin\\mongod.cfg\")) {",
        "    $cfg = Get-Content \"$dir\\bin\\mongod.cfg\"",
        "    $cfg = $cfg -replace '%MONGO_DATA_PATH%', \"$dir\\data\"",
        "    $cfg = $cfg -replace '%MONGO_LOG_PATH%', \"$dir\\log\"",
        "    Set-Content \"$dir\\bin\\mongod.cfg\" $cfg -Encoding Ascii -Force",
        "}"
    ],
    "bin": [
        "bin\\mongo.exe",
        [
            "bin\\mongod.exe",
            "mongod",
            "--config \"$dir\\bin\\mongod.cfg\""
        ],
        "bin\\mongos.exe"
    ],
    "persist": [
        "bin\\mongod.cfg",
        "data",
        "log"
    ],
    "checkver": {
        "url": "http://downloads.mongodb.org/current.json",
        "regex": "\"version\"\\:\\s+\"([\\d.]+(\\-rc\\d+)?)\""
    },
    "autoupdate": {
        "architecture": {
            "64bit": {
                "url": "https://fastdl.mongodb.org/windows/mongodb-windows-x86_64-$version-signed.msi",
                "extract_dir": "MongoDB\\Server\\$majorVersion.$minorVersion"
            }
        },
        "hash": {
            "url": "$url.sha256"
        }
    }
}
