{
    "version": "3.6.13",
    "description": "A document database with the scalability and flexibility.",
    "homepage": "https://www.mongodb.org",
    "license": {
        "identifier": "SSPL-1.0",
        "url": "https://www.mongodb.com/licensing/server-side-public-license"
    },
    "suggest": {
        "vcredist": "extras/vcredist2022"
    },
    "architecture": {
        "64bit": {
            "url": "https://fastdl.mongodb.org/win32/mongodb-win32-x86_64-2008plus-ssl-3.6.13-signed.msi",
            "hash": "b7cf208f31432fa511273a65a4a983866b98be4f7f5e61c5c99279a873f22b71",
            "extract_dir": "MongoDB\\Server\\3.6"
        }
    },
    "bin": [
        "bin\\bsondump.exe",
        "bin\\mongo.exe",
        "bin\\mongod.exe",
        "bin\\mongodump.exe",
        "bin\\mongoexport.exe",
        "bin\\mongofiles.exe",
        "bin\\mongoimport.exe",
        "bin\\mongoperf.exe",
        "bin\\mongorestore.exe",
        "bin\\mongos.exe",
        "bin\\mongostat.exe",
        "bin\\mongotop.exe"
    ],
    "post_install": [
        "# create initial directories",
        "if(!(test-path 'C:\\data')) { mkdir 'C:\\data' > $null }",
        "if(!(test-path 'C:\\data\\db')) { mkdir 'C:\\data\\db' > $null }"
    ],
    "checkver": {
        "url": "https://www.mongodb.com/download-center/community",
        "regex": ">(3\\.6\\.\\d+) \\(previous release\\)"
    },
    "autoupdate": {
        "architecture": {
            "64bit": {
                "url": "https://fastdl.mongodb.org/win32/mongodb-win32-x86_64-2008plus-ssl-$version-signed.msi",
                "hash": {
                    "url": "$url.sha256"
                },
                "extract_dir": "MongoDB\\Server\\$majorVersion.$minorVersion"
            }
        }
    }
}
