{
    "version": "2024.1-241.17011.787-EAP2",
    "description": "Domain-Specific language creator by JetBrains. (Early Access Program)",
    "homepage": "https://www.jetbrains.com/mps/",
    "license": {
        "identifier": "Proprietary",
        "url": "https://www.jetbrains.com/store/license.html"
    },
    "url": "https://download.jetbrains.com/mps/2024.1/MPS-2024.1-EAP2.exe#/dl.7z",
    "hash": "6f0c7433b0b4bab2342a4f1f01686e94913d4105b1e1104a5de750290cb0908d",
    "extract_to": "IDE",
    "installer": {
        "script": [
            "& \"$bucketsdir\\versions\\scripts\\jetbrains\\portable.ps1\" $dir $persist_dir",
            "Remove-Item \"$dir\\IDE\\`$*\" -Force -Recurse"
        ]
    },
    "bin": "IDE\\bin\\mps.bat",
    "shortcuts": [
        [
            "IDE\\bin\\mps.bat",
            "JetBrains\\MPS (Early Access Program)",
            "",
            "IDE\\bin\\mps.ico"
        ]
    ],
    "persist": [
        "IDE\\bin\\idea.properties",
        "profile"
    ],
    "checkver": {
        "url": "https://data.services.jetbrains.com/products/releases?code=MPS&latest=true&platform=zip&type=eap",
        "regex": "EAP(?<eap>\\d+)\\.exe.*majorVersion\":\"(?<ver>[\\d.]+)\".*\"build\":\"(?<build>[\\d.]+)\"",
        "replace": "${ver}-${build}-EAP${eap}"
    },
    "autoupdate": {
        "url": "https://download.jetbrains.com/mps/$matchHead/MPS-$matchHead-EAP$matchEap.exe#/dl.7z",
        "hash": {
            "url": "$url.sha256"
        }
    }
}
