{
    "version": "242560303",
    "description": "Music notation editor with an easy-to-use WYSIWYG interface.",
    "homepage": "https://musescore.org/",
    "license": "GPL-3.0-only",
    "architecture": {
        "64bit": {
            "url": "https://ftp.osuosl.org/pub/musescore-nightlies/windows/4x/nightly/MuseScoreNightly-242560303-master-ac76040-x86_64.7z",
            "hash": "6a7ce8845bc7e83afd338f63c56e00ffbf295eba902654a6607516f912a59793"
        }
    },
    "extract_dir": "MuseScoreNightly-242560303-master-ac76040-x86_64",
    "bin": [
        [
            "bin\\MuseScore4.exe",
            "MuseScore"
        ],
        [
            "bin\\MuseScore4.exe",
            "mscore"
        ]
    ],
    "shortcuts": [
        [
            "bin\\MuseScore4.exe",
            "MuseScore Nightly"
        ]
    ],
    "checkver": {
        "url": "https://ftp.osuosl.org/pub/musescore-nightlies/windows/4x/nightly/",
        "regex": "MuseScoreNightly-(\\d+)-master-(?<tag>[a-f0-9]+)-x86_64\\.7z",
        "reverse": true
    },
    "autoupdate": {
        "architecture": {
            "64bit": {
                "url": "https://ftp.osuosl.org/pub/musescore-nightlies/windows/4x/nightly/MuseScoreNightly-$version-master-$matchTag-x86_64.7z"
            }
        },
        "extract_dir": "MuseScoreNightly-$version-master-$matchTag-x86_64"
    }
}
