{
    "version": "9302",
    "description": "A client for Matrix, the decentralized communication protocol",
    "homepage": "https://apps.kde.org/neochat/",
    "license": "GPL-3.0",
    "architecture": {
        "64bit": {
            "url": "https://cdn.kde.org/ci-builds/network/neochat/master/windows/neochat-master-9302-windows-cl-msvc2022-x86_64.7z",
            "hash": "ccfc5cd2588c28138617f29d245b083f08dde3a9d83bdb0f10b9fe2870dcc311"
        }
    },
    "bin": [
        [
            "bin\\neochat.exe",
            "neochat"
        ]
    ],
    "shortcuts": [
        [
            "bin\\neochat.exe",
            "NeoChat Nightly"
        ]
    ],
    "checkver": {
        "url": "https://cdn.kde.org/ci-builds/network/neochat/master/windows/",
        "regex": "neochat-master-(\\d+)-windows-cl-(?<lib>\\w+)-x86_64\\.7z"
    },
    "autoupdate": {
        "architecture": {
            "64bit": {
                "url": "https://cdn.kde.org/ci-builds/network/neochat/master/windows/neochat-master-$version-windows-cl-$matchLib-x86_64.7z"
            }
        },
        "hash": {
            "url": "$url.sha256"
        }
    }
}
