{
    "version": "0.11.0-743",
    "description": "Vim fork focused on extensibility and usability",
    "homepage": "https://neovim.io",
    "license": {
        "identifier": "Apache-2.0,Vim",
        "url": "https://github.com/neovim/neovim/blob/master/LICENSE.txt"
    },
    "suggest": {
        "vcredist": "extras/vcredist2022"
    },
    "architecture": {
        "64bit": {
            "url": "https://github.com/neovim/neovim/releases/download/nightly/nvim-win64.zip",
            "hash": "dd608486c8e6b835295c11e6d7e893ddba638a0e896795c178479c5914292c1b"
        }
    },
    "extract_dir": "nvim-win64",
    "bin": "bin\\nvim.exe",
    "checkver": {
        "url": "https://api.github.com/repositories/16408992/releases/tags/nightly",
        "jsonpath": "$.body",
        "regex": "NVIM v([\\d.]+)-dev-([a-f\\d]+)",
        "replace": "${1}-${2}"
    },
    "autoupdate": {
        "architecture": {
            "64bit": {
                "url": "https://github.com/neovim/neovim/releases/download/nightly/nvim-win64.zip",
                "hash": {
                    "url": "$url.sha256sum"
                }
            }
        }
    }
}
