{
    "version": "18.20.4",
    "description": "As an asynchronous event driven JavaScript runtime, Node is designed to build scalable network applications.",
    "homepage": "https://nodejs.org",
    "license": "MIT",
    "architecture": {
        "64bit": {
            "url": "https://nodejs.org/dist/v18.20.4/node-v18.20.4-win-x64.7z",
            "hash": "235645185550bf8dade9d747d5bd7aa7c901b12433ac743857738df7e94ecde0",
            "extract_dir": "node-v18.20.4-win-x64"
        },
        "32bit": {
            "url": "https://nodejs.org/dist/v18.20.4/node-v18.20.4-win-x86.7z",
            "hash": "eab07bf4b4f443448205699d7a4b6d2cfa2e847c2f0d041a8117fcdcedf9e350",
            "extract_dir": "node-v18.20.4-win-x86"
        }
    },
    "persist": [
        "bin",
        "cache"
    ],
    "env_add_path": [
        ".",
        "bin"
    ],
    "post_install": [
        "# Set npm prefix to install modules inside bin and npm cache so they persist",
        "Set-Content -Value \"prefix=$persist_dir\\bin`ncache=$persist_dir\\cache\" -Path \"$dir\\node_modules\\npm\\npmrc\""
    ],
    "checkver": {
        "url": "https://nodejs.org/dist/latest-v18.x/",
        "regex": "node-v([\\d.]+)-x64\\.msi"
    },
    "autoupdate": {
        "architecture": {
            "64bit": {
                "url": "https://nodejs.org/dist/v$version/node-v$version-win-x64.7z",
                "extract_dir": "node-v$version-win-x64"
            },
            "32bit": {
                "url": "https://nodejs.org/dist/v$version/node-v$version-win-x86.7z",
                "extract_dir": "node-v$version-win-x86"
            }
        },
        "hash": {
            "url": "$baseurl/SHASUMS256.txt"
        }
    }
}
