{
    "version": "20.17.0",
    "description": "An asynchronous event driven JavaScript runtime designed to build scalable network applications.",
    "homepage": "https://nodejs.org",
    "license": "MIT",
    "architecture": {
        "64bit": {
            "url": "https://nodejs.org/dist/v20.17.0/node-v20.17.0-win-x64.7z",
            "hash": "d0e84c8afb6e57301904339501d62e4d817575367219f71bf34a5069999ae3c8",
            "extract_dir": "node-v20.17.0-win-x64"
        },
        "32bit": {
            "url": "https://nodejs.org/dist/v20.17.0/node-v20.17.0-win-x86.7z",
            "hash": "c363fa469754fcf3f387e483df9292994a2335fb4abf2f933249c22b76037245",
            "extract_dir": "node-v20.17.0-win-x86"
        },
        "arm64": {
            "url": "https://nodejs.org/dist/v20.17.0/node-v20.17.0-win-arm64.7z",
            "hash": "326cb8176f5fd64ce4cf0cd6d96c41ef4bfb2a6599763e5a55e6f61816d40b58",
            "extract_dir": "node-v20.17.0-win-arm64"
        }
    },
    "persist": [
        "bin",
        "cache"
    ],
    "env_add_path": [
        "bin",
        "."
    ],
    "post_install": [
        "# Set npm prefix to install modules inside bin and npm cache so they persist",
        "Set-Content -Value \"prefix=$persist_dir\\bin`ncache=$persist_dir\\cache\" -Path \"$dir\\node_modules\\npm\\npmrc\""
    ],
    "checkver": {
        "url": "https://nodejs.org/dist/latest-v20.x/",
        "regex": "node-v([\\d.]+)-win-x64\\.7z"
    },
    "autoupdate": {
        "architecture": {
            "64bit": {
                "url": "https://nodejs.org/dist/v$version/node-v$version-win-x64.7z",
                "extract_dir": "node-v$version-win-x64"
            },
            "32bit": {
                "url": "https://nodejs.org/dist/v$version/node-v$version-win-x86.7z",
                "extract_dir": "node-v$version-win-x86"
            },
            "arm64": {
                "url": "https://nodejs.org/dist/v$version/node-v$version-win-arm64.7z",
                "extract_dir": "node-v$version-win-arm64"
            }
        },
        "hash": {
            "url": "$baseurl/SHASUMS256.txt.asc"
        }
    }
}
