{
    "homepage": "https://nodejs.org",
    "description": "A JavaScript runtime built on Chrome's V8 JavaScript engine.",
    "version": "12.22.12",
    "license": "MIT",
    "architecture": {
        "64bit": {
            "url": "https://nodejs.org/dist/v12.22.12/node-v12.22.12-win-x64.7z",
            "hash": "95f969cafbe02eb91e9d375899518b8e517f9f16300d040ac89fdaf4b881ba8d",
            "extract_dir": "node-v12.22.12-win-x64"
        },
        "32bit": {
            "url": "https://nodejs.org/dist/v12.22.12/node-v12.22.12-win-x86.7z",
            "hash": "172df18129f96dd44636fc750f538e530f2a2db765a4bea136ee189566a13c33",
            "extract_dir": "node-v12.22.12-win-x86"
        }
    },
    "persist": [
        "bin",
        "cache"
    ],
    "env_add_path": [
        "bin",
        "."
    ],
    "post_install": [
        "# Set npm prefix to install modules inside bin and npm cache so they persist",
        "Set-Content -Value \"prefix=$persist_dir\\bin`ncache=$persist_dir\\cache\" -Path \"$dir\\node_modules\\npm\\npmrc\""
    ],
    "checkver": {
        "url": "https://nodejs.org/dist/latest-v12.x/",
        "regex": "node-v([\\d.]+)-x86.msi"
    },
    "autoupdate": {
        "architecture": {
            "64bit": {
                "url": "https://nodejs.org/dist/v$version/node-v$version-win-x64.7z",
                "extract_dir": "node-v$version-win-x64"
            },
            "32bit": {
                "url": "https://nodejs.org/dist/v$version/node-v$version-win-x86.7z",
                "extract_dir": "node-v$version-win-x86"
            }
        },
        "hash": {
            "url": "$baseurl/SHASUMS256.txt.asc"
        }
    }
}
