{
    "homepage": "https://nodejs.org",
    "description": "A JavaScript runtime built on Chrome's V8 JavaScript engine.",
    "version": "10.24.1",
    "license": "MIT",
    "architecture": {
        "64bit": {
            "url": "https://nodejs.org/dist/v10.24.1/node-v10.24.1-win-x64.7z",
            "hash": "af98dda863785269a2db1bea8c3931e34d53f495f21d27fe8472154ee9a67cc4",
            "extract_dir": "node-v10.24.1-win-x64"
        },
        "32bit": {
            "url": "https://nodejs.org/dist/v10.24.1/node-v10.24.1-win-x86.7z",
            "hash": "746db6e34b0d46695789fed30962f570fb5ee699590627459148d6e639eed55e",
            "extract_dir": "node-v10.24.1-win-x86"
        }
    },
    "persist": [
        "bin",
        "cache"
    ],
    "env_add_path": [
        "bin",
        "."
    ],
    "post_install": [
        "# Set npm prefix to install modules inside bin and npm cache so they persist",
        "Set-Content -Value \"prefix=$persist_dir\\bin`ncache=$persist_dir\\cache\" -Path \"$dir\\node_modules\\npm\\npmrc\""
    ],
    "checkver": {
        "url": "https://nodejs.org/dist/latest-v10.x/",
        "regex": "node-v([\\d.]+)-x86.msi"
    },
    "autoupdate": {
        "architecture": {
            "64bit": {
                "url": "https://nodejs.org/dist/v$version/node-v$version-win-x64.7z",
                "extract_dir": "node-v$version-win-x64"
            },
            "32bit": {
                "url": "https://nodejs.org/dist/v$version/node-v$version-win-x86.7z",
                "extract_dir": "node-v$version-win-x86"
            }
        },
        "hash": {
            "url": "$baseurl/SHASUMS256.txt"
        }
    }
}
