{
    "version": "23.0.0-nightly20240529c0c598d753",
    "description": "An asynchronous event driven JavaScript runtime designed to build scalable network applications. (nightly verison)",
    "homepage": "https://nodejs.org",
    "license": "MIT",
    "architecture": {
        "64bit": {
            "url": "https://nodejs.org/download/nightly/v23.0.0-nightly20240529c0c598d753/node-v23.0.0-nightly20240529c0c598d753-win-x64.7z",
            "hash": "41ff011765e0d20fe70c6240e9715b09d5439954dc19f73ba4fd9cd5924c865f",
            "extract_dir": "node-v23.0.0-nightly20240529c0c598d753-win-x64"
        },
        "32bit": {
            "url": "https://nodejs.org/download/nightly/v23.0.0-nightly20240529c0c598d753/node-v23.0.0-nightly20240529c0c598d753-win-x86.7z",
            "hash": "9b8440d721a98533cbdbbf5fc92c2bc184bbd316ca54076d22834d694734615c",
            "extract_dir": "node-v23.0.0-nightly20240529c0c598d753-win-x86"
        },
        "arm64": {
            "url": "https://nodejs.org/download/nightly/v23.0.0-nightly20240529c0c598d753/node-v23.0.0-nightly20240529c0c598d753-win-arm64.7z",
            "hash": "4758608c52d3a7d93c07913c95109b5e8c657d378f249c59d58d0b5b9b60993d",
            "extract_dir": "node-v23.0.0-nightly20240529c0c598d753-win-arm64"
        }
    },
    "persist": [
        "bin",
        "cache"
    ],
    "env_add_path": [
        "bin",
        "."
    ],
    "post_install": [
        "# Set npm prefix to install modules inside bin and npm cache so they persist",
        "Set-Content -Value \"prefix=$persist_dir\\bin`ncache=$persist_dir\\cache\" -Path \"$dir\\node_modules\\npm\\npmrc\""
    ],
    "checkver": {
        "url": "https://nodejs.org/download/nightly/index.json",
        "jsonpath": "$[0].version",
        "regex": "v([\\d.]+-nightly(?<date>[\\d]{8})(?<commit>[\\w]+))"
    },
    "autoupdate": {
        "architecture": {
            "64bit": {
                "url": "https://nodejs.org/download/nightly/v$version/node-v$version-win-x64.7z",
                "extract_dir": "node-v$version-win-x64"
            },
            "32bit": {
                "url": "https://nodejs.org/download/nightly/v$version/node-v$version-win-x86.7z",
                "extract_dir": "node-v$version-win-x86"
            },
            "arm64": {
                "url": "https://nodejs.org/download/nightly/v$version/node-v$version-win-arm64.7z",
                "extract_dir": "node-v$version-win-arm64"
            }
        },
        "hash": {
            "url": "https://nodejs.org/download/nightly/v$version/SHASUMS256.txt"
        }
    }
}
