{
    "homepage": "https://nodejs.org",
    "description": "A JavaScript runtime built on Chrome's V8 JavaScript engine.",
    "version": "6.17.1",
    "license": "MIT",
    "architecture": {
        "64bit": {
            "url": "https://nodejs.org/dist/v6.17.1/node-v6.17.1-win-x64.7z",
            "hash": "76fd386179ebae42e1f9278c0df332e3fd7e74913154b4b10ff18e4200aea499",
            "extract_dir": "node-v6.17.1-win-x64"
        },
        "32bit": {
            "url": "https://nodejs.org/dist/v6.17.1/node-v6.17.1-win-x86.7z",
            "hash": "dd61684aee2dcc9805454b19e85cec9ef7a7462a53c202bb6c8c7ac08e5bdd59",
            "extract_dir": "node-v6.17.1-win-x86"
        }
    },
    "persist": [
        "bin",
        "cache"
    ],
    "env_add_path": [
        "bin",
        "."
    ],
    "post_install": [
        "# Set npm prefix to install modules inside bin and npm cache so they persist",
        "Set-Content -Value \"prefix=$persist_dir\\bin`ncache=$persist_dir\\cache\" -Path \"$dir\\node_modules\\npm\\npmrc\""
    ],
    "checkver": {
        "url": "https://nodejs.org/dist/latest-v6.x/",
        "regex": "node-v([\\d.]+)-x86.msi"
    },
    "autoupdate": {
        "architecture": {
            "64bit": {
                "url": "https://nodejs.org/dist/v$version/node-v$version-win-x64.7z",
                "extract_dir": "node-v$version-win-x64"
            },
            "32bit": {
                "url": "https://nodejs.org/dist/v$version/node-v$version-win-x86.7z",
                "extract_dir": "node-v$version-win-x86"
            }
        },
        "hash": {
            "url": "$baseurl/SHASUMS256.txt"
        }
    }
}
