{
    "##": "Duplicate (alias) of the odin-dev package",
    "version": "2024-09",
    "description": "General-purpose programming language with distinct typing, built for high performance, modern systems, and built-in data-oriented data types.",
    "homepage": "https://odin-lang.org/",
    "license": "BSD-3-Clause",
    "architecture": {
        "64bit": {
            "url": "https://github.com/odin-lang/Odin/releases/download/dev-2024-09/odin-windows-amd64-dev-2024-09.zip",
            "hash": "f1caafcbc327e50b71f980e74683488c3b99570e40e1642355e2cf7a8fde4781"
        }
    },
    "bin": "odin.exe",
    "checkver": {
        "url": "https://github.com/odin-lang/Odin/releases/latest",
        "regex": "/releases/tag/dev-([\\d-]+)"
    },
    "autoupdate": {
        "architecture": {
            "64bit": {
                "url": "https://github.com/odin-lang/Odin/releases/download/dev-$version/odin-windows-amd64-dev-$version.zip"
            }
        }
    }
}
