{
    "version": "2024-09-11",
    "description": "General-purpose programming language with distinct typing, built for high performance, modern systems, and built-in data-oriented data types.",
    "homepage": "https://odin-lang.org/",
    "license": "BSD-3-Clause",
    "architecture": {
        "64bit": {
            "url": "https://f001.backblazeb2.com/file/odin-binaries/nightly/odin-windows-amd64-nightly%2B2024-09-11.zip",
            "hash": "5e1f7fc793dded6fcb4a943914e1077dabc62d8fc1f511d2ff5df2a5e9b2532f"
        }
    },
    "extract_dir": "windows_artifacts",
    "bin": "odin.exe",
    "checkver": {
        "url": "https://odinbinaries.thisdrunkdane.io/file/odin-binaries/nightly.json",
        "regex": "nightly%2B([\\d\\-]+).zip",
        "reverse": true
    },
    "autoupdate": {
        "architecture": {
            "64bit": {
                "url": "https://f001.backblazeb2.com/file/odin-binaries/nightly/odin-windows-amd64-nightly%2B$version.zip"
            }
        }
    }
}
