{
    "version": "5311",
    "description": "Universal document viewer",
    "homepage": "https://okular.kde.org",
    "license": "LGPL-2.0-only",
    "architecture": {
        "64bit": {
            "url": "https://cdn.kde.org/ci-builds/graphics/okular/master/windows/okular-master-5311-windows-cl-msvc2022-x86_64.7z",
            "hash": "f2e50d35800dbfe2310f44104dbc6689e0e82a0fb591ab63452d1cebbdb64966"
        }
    },
    "bin": [
        [
            "bin\\okular.exe",
            "okular"
        ]
    ],
    "shortcuts": [
        [
            "bin\\okular.exe",
            "Okular Nightly"
        ]
    ],
    "checkver": {
        "url": "https://cdn.kde.org/ci-builds/graphics/okular/master/windows/",
        "regex": "okular-master-(\\d+)-windows-cl-(?<lib>\\w+)-x86_64\\.7z"
    },
    "autoupdate": {
        "architecture": {
            "64bit": {
                "url": "https://cdn.kde.org/ci-builds/graphics/okular/master/windows/okular-master-$version-windows-cl-$matchLib-x86_64.7z"
            }
        },
        "hash": {
            "url": "$url.sha256"
        }
    }
}
