{
    "version": "1.39.12",
    "description": "A .NET development platform based on roslyn workspaces. (.Net 6 based, STDIO server)",
    "homepage": "http://www.omnisharp.net",
    "license": "MIT",
    "suggest": {
        "SDK": [
            "main/dotnet-sdk",
            "versions/dotnet6-sdk"
        ]
    },
    "architecture": {
        "64bit": {
            "url": "https://github.com/OmniSharp/omnisharp-roslyn/releases/download/v1.39.12/omnisharp-win-x64-net6.0.zip",
            "hash": "21bb3f7d990b6d464a748e9c11731582caeeaab87d7f749edeacfe136a09c13e"
        },
        "32bit": {
            "url": "https://github.com/OmniSharp/omnisharp-roslyn/releases/download/v1.39.12/omnisharp-win-x86-net6.0.zip",
            "hash": "b38cfc810bbab7f922130d2c8df266454b7be038ef73d278ae08207358318eec"
        }
    },
    "bin": "omnisharp.exe",
    "checkver": {
        "github": "https://github.com/OmniSharp/omnisharp-roslyn"
    },
    "autoupdate": {
        "architecture": {
            "64bit": {
                "url": "https://github.com/OmniSharp/omnisharp-roslyn/releases/download/v$version/omnisharp-win-x64-net6.0.zip"
            },
            "32bit": {
                "url": "https://github.com/OmniSharp/omnisharp-roslyn/releases/download/v$version/omnisharp-win-x86-net6.0.zip"
            }
        }
    }
}
