{
    "version": "1.39.12",
    "description": "A .NET development platform based on roslyn workspaces. (.Net 6 based, HTTP server)",
    "homepage": "http://www.omnisharp.net",
    "license": "MIT",
    "suggest": {
        "SDK": [
            "main/dotnet-sdk",
            "versions/dotnet6-sdk"
        ]
    },
    "architecture": {
        "64bit": {
            "url": "https://github.com/OmniSharp/omnisharp-roslyn/releases/download/v1.39.12/omnisharp.http-win-x64-net6.0.zip",
            "hash": "ed83fd308ca73dda7cbc6c646f8fe4688a5e61f67f0928abd10432520726cf12"
        },
        "32bit": {
            "url": "https://github.com/OmniSharp/omnisharp-roslyn/releases/download/v1.39.12/omnisharp.http-win-x86-net6.0.zip",
            "hash": "5955ed368a8bbf22be9221bbe1a7c641bdf3e300f12db0e0bdeca0c37233a656"
        }
    },
    "bin": [
        "omnisharp.exe",
        [
            "omnisharp.exe",
            "omnisharp-http"
        ]
    ],
    "checkver": {
        "github": "https://github.com/OmniSharp/omnisharp-roslyn"
    },
    "autoupdate": {
        "architecture": {
            "64bit": {
                "url": "https://github.com/OmniSharp/omnisharp-roslyn/releases/download/v$version/omnisharp.http-win-x64-net6.0.zip"
            },
            "32bit": {
                "url": "https://github.com/OmniSharp/omnisharp-roslyn/releases/download/v$version/omnisharp.http-win-x86-net6.0.zip"
            }
        }
    }
}
