{
    "version": "3.0.15",
    "description": "TLS/SSL toolkit (3.0.X LTS)",
    "homepage": "https://slproweb.com/products/Win32OpenSSL.html",
    "license": "Apache-2.0",
    "architecture": {
        "64bit": {
            "url": "https://slproweb.com/download/Win64OpenSSL-3_0_15.exe",
            "hash": "bbe6c041eff670da6ec7781c205bfa22e56ddea3d810bbe98e6322985883b89a"
        },
        "32bit": {
            "url": "https://slproweb.com/download/Win32OpenSSL-3_0_15.exe",
            "hash": "7d6359ecca5ea600ad741f717315e398d70d0171fe4d5afb7159948adfbf7334"
        },
        "arm64": {
            "url": "https://slproweb.com/download/Win64ARMOpenSSL-3_0_15.exe",
            "hash": "95c106023793db3de6418815b13ebf750e435b117e9819b50c23c35fb567bef4"
        }
    },
    "innosetup": true,
    "env_add_path": "bin",
    "env_set": {
        "OPENSSL_CONF": "$dir\\bin\\cnf\\openssl.cnf",
        "OPENSSL_LIB_DIR": "$dir\\lib",
        "OPENSSL_INCLUDE_DIR": "$dir\\include",
        "OPENSSL_MODULES": "$dir\\bin"
    },
    "checkver": {
        "url": "https://raw.githubusercontent.com/slproweb/opensslhashes/master/win32_openssl_hashes.json",
        "jsonpath": "$.files..basever",
        "regex": "(3\\.0\\.([\\d.]+))",
        "reverse": true
    },
    "autoupdate": {
        "architecture": {
            "64bit": {
                "url": "https://slproweb.com/download/Win64OpenSSL-$underscoreVersion.exe"
            },
            "32bit": {
                "url": "https://slproweb.com/download/Win32OpenSSL-$underscoreVersion.exe"
            },
            "arm64": {
                "url": "https://slproweb.com/download/Win64ARMOpenSSL-$underscoreVersion.exe"
            }
        },
        "hash": {
            "url": "https://raw.githubusercontent.com/slproweb/opensslhashes/master/win32_openssl_hashes.json",
            "jsonpath": "$.files.['$basename'].sha256"
        }
    }
}
