{
    "homepage": "https://slproweb.com/products/Win32OpenSSL.html",
    "version": "3.0.15",
    "license": "Apache-2.0",
    "description": "TLS/SSL toolkit (3.0.X LTS Light)",
    "architecture": {
        "64bit": {
            "url": "https://slproweb.com/download/Win64OpenSSL_Light-3_0_15.exe",
            "hash": "568ddd05351bca992f2598d914e613016d2f910d5cabe5b7d035c865cba3a1cb"
        },
        "32bit": {
            "url": "https://slproweb.com/download/Win32OpenSSL_Light-3_0_15.exe",
            "hash": "8ec1cad86c78e5474b0ac0c41c2231f0e8ffac21ec35c0d1c209337e6983495f"
        },
        "arm64": {
            "url": "https://slproweb.com/download/Win64ARMOpenSSL_Light-3_0_15.exe",
            "hash": "1d492ff1471aeee5ec01218140d07023ba19834cad34b5378639b5adab30e356"
        }
    },
    "depends": "innounp",
    "installer": {
        "script": [
            "Expand-InnoArchive -Path \"$dir\\$fname\"",
            "Expand-InnoArchive -Path \"$dir\\$fname\" -DestinationPath \"$dir\\bin\" -ExtractDir '{cf}' -Removal",
            "Rename-Item \"$dir\\bin\\SSL\" 'cnf' -Force"
        ]
    },
    "bin": "bin\\openssl.exe",
    "env_set": {
        "OPENSSL_CONF": "$dir\\bin\\cnf\\openssl.cnf"
    },
    "checkver": {
        "url": "https://raw.githubusercontent.com/slproweb/opensslhashes/master/win32_openssl_hashes.json",
        "jsonpath": "$.files..basever",
        "regex": "(3\\.0\\.([\\d.]+))",
        "reverse": true
    },
    "autoupdate": {
        "architecture": {
            "64bit": {
                "url": "https://slproweb.com/download/Win64OpenSSL_Light-$underscoreVersion.exe"
            },
            "32bit": {
                "url": "https://slproweb.com/download/Win32OpenSSL_Light-$underscoreVersion.exe"
            },
            "arm64": {
                "url": "https://slproweb.com/download/Win64ARMOpenSSL_Light-$underscoreVersion.exe"
            }
        },
        "hash": {
            "url": "https://raw.githubusercontent.com/slproweb/opensslhashes/master/win32_openssl_hashes.json",
            "jsonpath": "$.files.['$basename'].sha256"
        }
    }
}
