{
    "homepage": "https://slproweb.com/products/Win32OpenSSL.html",
    "version": "3.3.2",
    "license": "Apache-2.0",
    "description": "TLS/SSL toolkit (Light)",
    "architecture": {
        "64bit": {
            "url": "https://slproweb.com/download/Win64OpenSSL_Light-3_3_2.exe",
            "hash": "b2d1f5fb0021b3818ec99dac84d9236a6ddd7e44917061cf8508aec0911a2f65"
        },
        "32bit": {
            "url": "https://slproweb.com/download/Win32OpenSSL_Light-3_3_2.exe",
            "hash": "2268495548aba27dca42f6544c3b6765d1e31bcc759789649034788482b17ce1"
        },
        "arm64": {
            "url": "https://slproweb.com/download/Win64ARMOpenSSL_Light-3_3_2.exe",
            "hash": "f1e0e65bb82ddf467a7df3bc95d79d8d8410c797c4eb7d72d2935c8a75016925"
        }
    },
    "depends": "innounp",
    "installer": {
        "script": [
            "Expand-InnoArchive -Path \"$dir\\$fname\"",
            "Expand-InnoArchive -Path \"$dir\\$fname\" -DestinationPath \"$dir\\bin\" -ExtractDir '{cf}' -Removal",
            "Rename-Item \"$dir\\bin\\SSL\" 'cnf' -Force"
        ]
    },
    "bin": "bin\\openssl.exe",
    "env_set": {
        "OPENSSL_CONF": "$dir\\bin\\cnf\\openssl.cnf"
    },
    "checkver": {
        "url": "https://raw.githubusercontent.com/slproweb/opensslhashes/master/win32_openssl_hashes.json",
        "jsonpath": "$.files..basever",
        "regex": "([\\d.]+)",
        "reverse": true
    },
    "autoupdate": {
        "architecture": {
            "64bit": {
                "url": "https://slproweb.com/download/Win64OpenSSL_Light-$underscoreVersion.exe"
            },
            "32bit": {
                "url": "https://slproweb.com/download/Win32OpenSSL_Light-$underscoreVersion.exe"
            },
            "arm64": {
                "url": "https://slproweb.com/download/Win64ARMOpenSSL_Light-$underscoreVersion.exe"
            }
        },
        "hash": {
            "url": "https://raw.githubusercontent.com/slproweb/opensslhashes/master/win32_openssl_hashes.json",
            "jsonpath": "$.files.['$basename'].sha256"
        }
    }
}
