{
    "version": "19.24.0.0.0",
    "description": "Connect to a local or remote Oracle Database for development and production deployment.",
    "homepage": "https://www.oracle.com/database/technologies/instant-client.html",
    "license": {
        "identifier": "Freeware",
        "url": "https://www.oracle.com/downloads/licenses/instant-client-lic.html"
    },
    "suggest": {
        "vcredist": "extras/vcredist2022"
    },
    "architecture": {
        "64bit": {
            "url": "https://download.oracle.com/otn_software/nt/instantclient/1924000/instantclient-basic-windows.x64-19.24.0.0.0dbru.zip",
            "hash": "8f3409e7172b5db86f4e4cd099ea3913b7647b13195722119a72feb149eaa1a3",
            "env_set": {
                "OCI_LIB64": "$dir",
                "TNS_ADMIN": "$dir\\network\\admin"
            }
        },
        "32bit": {
            "url": "https://download.oracle.com/otn_software/nt/instantclient/1924000/instantclient-basic-nt-19.24.0.0.0dbru.zip",
            "hash": "71985f8e7fb7ac18f507440b134f8f23cb5b71f1d346636ba3c0d8ef1f255030",
            "env_set": {
                "OCI_LIB32": "$dir",
                "TNS_ADMIN": "$dir\\network\\admin"
            }
        }
    },
    "extract_dir": "instantclient_19_24",
    "env_add_path": ".",
    "persist": "network\\admin",
    "checkver": {
        "useragent": "Mozilla/5.0 (Windows NT 10.0; Win64; x64)",
        "url": "https://www.oracle.com/database/technologies/instant-client/microsoft-windows-32-downloads.html",
        "regex": "Version (19[\\d.]+)"
    },
    "autoupdate": {
        "architecture": {
            "64bit": {
                "url": "https://download.oracle.com/otn_software/nt/instantclient/$cleanVersion/instantclient-basic-windows.x64-$versiondbru.zip"
            },
            "32bit": {
                "url": "https://download.oracle.com/otn_software/nt/instantclient/$cleanVersion/instantclient-basic-nt-$versiondbru.zip"
            }
        },
        "extract_dir": "instantclient_$majorVersion_$minorVersion"
    }
}
