{
    "version": "19.24.0.0.0",
    "description": "Additional libraries for enabling ODBC applications with Oracle Instant Client.",
    "homepage": "https://www.oracle.com/database/technologies/instant-client.html",
    "license": {
        "identifier": "Freeware",
        "url": "https://www.oracle.com/downloads/licenses/instant-client-lic.html"
    },
    "depends": "oracle-instant-client19",
    "architecture": {
        "64bit": {
            "url": "https://download.oracle.com/otn_software/nt/instantclient/1924000/instantclient-odbc-windows.x64-19.24.0.0.0dbru.zip",
            "hash": "edd7e520758cb42d64077a76cdea0e2b7f73d0406a397b73ad2a20ebc5745600"
        },
        "32bit": {
            "url": "https://download.oracle.com/otn_software/nt/instantclient/1924000/instantclient-odbc-nt-19.24.0.0.0dbru.zip",
            "hash": "ca98c711862d47734732274f55783f8d76a7449743fa1ea2917c09c0844329a8"
        }
    },
    "extract_dir": "instantclient_19_24",
    "pre_install": [
        "$instantclient = currentdir 'oracle-instant-client19'",
        "Copy-Item -Path \"$dir\\*\" -Destination \"$instantclient\" -Force -Recurse | Out-Null"
    ],
    "uninstaller": {
        "script": [
            "$instantclient = currentdir 'oracle-instant-client19'",
            "Get-ChildItem -Path \"$dir\" -Exclude *.json | ForEach-Object { Remove-Item -LiteralPath \"$instantclient\\$($_.Name)\" -Recurse -Force -ErrorAction SilentlyContinue }"
        ]
    },
    "checkver": {
        "url": "https://www.oracle.com/database/technologies/instant-client/microsoft-windows-32-downloads.html",
        "regex": "Version (19[\\d.]+)",
        "useragent": "Mozilla/5.0 (Windows NT 10.0; Win64; x64)"
    },
    "autoupdate": {
        "architecture": {
            "64bit": {
                "url": "https://download.oracle.com/otn_software/nt/instantclient/$cleanVersion/instantclient-odbc-windows.x64-$versiondbru.zip"
            },
            "32bit": {
                "url": "https://download.oracle.com/otn_software/nt/instantclient/$cleanVersion/instantclient-odbc-nt-$versiondbru.zip"
            }
        },
        "extract_dir": "instantclient_$majorVersion_$minorVersion"
    },
    "notes": [
        "Use 'odbc_install.exe' in Oracle Instant Client's dir to install ODBC.",
        "Use 'odbc_uninstall.exe' in above dir to uninstall it."
    ]
}
