{
    "version": "19.24.0.0.0",
    "description": "Additional header files and an example makefile for developing Oracle applications with Instant Client.",
    "homepage": "https://www.oracle.com/database/technologies/instant-client.html",
    "license": {
        "identifier": "Freeware",
        "url": "https://www.oracle.com/downloads/licenses/instant-client-lic.html"
    },
    "depends": "oracle-instant-client19",
    "architecture": {
        "64bit": {
            "url": "https://download.oracle.com/otn_software/nt/instantclient/1924000/instantclient-sdk-windows.x64-19.24.0.0.0dbru.zip",
            "hash": "032e0a92e2b3173b4b490c303f74ef81f80e55489cf32520cd48fbffeb298902"
        },
        "32bit": {
            "url": "https://download.oracle.com/otn_software/nt/instantclient/1924000/instantclient-sdk-nt-19.24.0.0.0dbru.zip",
            "hash": "7d22143939a312fb1cad21788be079ca5a511e71ea6180d81d1eb9dcb9eebc81"
        }
    },
    "extract_dir": "instantclient_19_24",
    "pre_install": [
        "$instantclient = currentdir 'oracle-instant-client19'",
        "Copy-Item -Path \"$dir\\*\" -Destination \"$instantclient\" -Force -Recurse | Out-Null"
    ],
    "uninstaller": {
        "script": [
            "$instantclient = currentdir 'oracle-instant-client19'",
            "Get-ChildItem -Path \"$dir\" -Exclude *.json | ForEach-Object { Remove-Item -LiteralPath \"$instantclient\\$($_.Name)\" -Recurse -Force -ErrorAction SilentlyContinue }"
        ]
    },
    "checkver": {
        "url": "https://www.oracle.com/database/technologies/instant-client/microsoft-windows-32-downloads.html",
        "regex": "Version (19[\\d.]+)",
        "useragent": "Mozilla/5.0 (Windows NT 10.0; Win64; x64)"
    },
    "autoupdate": {
        "architecture": {
            "64bit": {
                "url": "https://download.oracle.com/otn_software/nt/instantclient/$cleanVersion/instantclient-sdk-windows.x64-$versiondbru.zip"
            },
            "32bit": {
                "url": "https://download.oracle.com/otn_software/nt/instantclient/$cleanVersion/instantclient-sdk-nt-$versiondbru.zip"
            }
        },
        "extract_dir": "instantclient_$majorVersion_$minorVersion"
    }
}
