{
    "version": "19.24.0.0.0",
    "description": "The SQL*Plus command line tool for SQL and PL/SQL queries with Oracle Instant Client.",
    "homepage": "https://www.oracle.com/database/technologies/instant-client.html",
    "license": {
        "identifier": "Freeware",
        "url": "https://www.oracle.com/downloads/licenses/instant-client-lic.html"
    },
    "depends": "oracle-instant-client19",
    "architecture": {
        "64bit": {
            "url": "https://download.oracle.com/otn_software/nt/instantclient/1924000/instantclient-sqlplus-windows.x64-19.24.0.0.0dbru.zip",
            "hash": "ad28793a03be3402763a8151236eb0e84b10beba5571c1ca0cdd28adc98d95ca"
        },
        "32bit": {
            "url": "https://download.oracle.com/otn_software/nt/instantclient/1924000/instantclient-sqlplus-nt-19.24.0.0.0dbru.zip",
            "hash": "36d153f0827369c43e63e11d513ecb16429274d548176ef0b65a5abc681d9f51"
        }
    },
    "extract_dir": "instantclient_19_24",
    "pre_install": [
        "$instantclient = currentdir 'oracle-instant-client19'",
        "Copy-Item -Path \"$dir\\*\" -Destination \"$instantclient\" -Force -Recurse | Out-Null"
    ],
    "uninstaller": {
        "script": [
            "$instantclient = currentdir 'oracle-instant-client19'",
            "Get-ChildItem -Path \"$dir\" -Exclude *.json | ForEach-Object { Remove-Item -LiteralPath \"$instantclient\\$($_.Name)\" -Recurse -Force -ErrorAction SilentlyContinue }"
        ]
    },
    "checkver": {
        "url": "https://www.oracle.com/database/technologies/instant-client/microsoft-windows-32-downloads.html",
        "regex": "Version (19[\\d.]+)",
        "useragent": "Mozilla/5.0 (Windows NT 10.0; Win64; x64)"
    },
    "autoupdate": {
        "architecture": {
            "64bit": {
                "url": "https://download.oracle.com/otn_software/nt/instantclient/$cleanVersion/instantclient-sqlplus-windows.x64-$versiondbru.zip"
            },
            "32bit": {
                "url": "https://download.oracle.com/otn_software/nt/instantclient/$cleanVersion/instantclient-sqlplus-nt-$versiondbru.zip"
            }
        },
        "extract_dir": "instantclient_$majorVersion_$minorVersion"
    }
}
