{
    "version": "2024-09-12",
    "description": "Open source digital design and verification tools. Includes tools for RTL synthesis, formal hardware verification, place & route, FPGA programming, and testing with support for HDLs like Verilog, Migen and Amaranth.",
    "homepage": "https://github.com/YosysHQ/oss-cad-suite-build",
    "license": "ISC",
    "architecture": {
        "64bit": {
            "url": "https://github.com/YosysHQ/oss-cad-suite-build/releases/download/2024-09-12/oss-cad-suite-windows-x64-20240912.exe#/dl.7z",
            "hash": "d7e7c3f368408fe1d907732a2afc1499027e793d54e7d5046cec4c67cdb9d431"
        }
    },
    "extract_dir": "oss-cad-suite",
    "pre_install": "Set-Content -Path \"$dir\\start.bat\" -Value \"@cmd /k $dir\\environment.bat\"",
    "bin": [
        [
            "start.bat",
            "oss-cad"
        ]
    ],
    "checkver": {
        "url": "https://github.com/YosysHQ/oss-cad-suite-build/releases",
        "regex": "tree\\/([\\d-]+)"
    },
    "autoupdate": {
        "architecture": {
            "64bit": {
                "url": "https://github.com/YosysHQ/oss-cad-suite-build/releases/download/$version/oss-cad-suite-windows-x64-$cleanVersion.exe#/dl.7z"
            }
        }
    }
}
