{
    "version": "7.1.33",
    "description": "A popular general-purpose scripting language that is especially suited to web development. (version 7.1)",
    "homepage": "https://windows.php.net",
    "license": {
        "identifier": "PHP-3.01",
        "url": "https://secure.php.net/license/"
    },
    "suggest": {
        "vcredist": "extras/vcredist2022"
    },
    "architecture": {
        "64bit": {
            "url": "https://windows.php.net/downloads/releases/archives/php-7.1.33-Win32-VC14-x64.zip",
            "hash": "2f6b0c6b62de88cf5cc16e68ac6d5e3b73fc01bcb03b51fe8c8534965b8e808c"
        },
        "32bit": {
            "url": "https://windows.php.net/downloads/releases/archives/php-7.1.33-Win32-VC14-x86.zip",
            "hash": "a2d5370b5d6f9125c3fab937f4b85aea8068875af30b8e3b665c633019a2a718"
        }
    },
    "pre_install": [
        "# Create directory for custom PHP configuration",
        "if (!(Test-Path \"$dir\\cli\\conf.d\")) {",
        "    (New-Item -Type directory \"$dir\\cli\\conf.d\") | Out-Null",
        "}"
    ],
    "post_install": [
        "# Enable extensions to be found in installation-relative folder (the default is to search C:/php)",
        "(Get-Content \"$dir\\cli\\php.ini\") | % { $_ -replace ';\\s?(extension_dir = \"ext\")', '$1' } | Set-Content \"$dir\\cli\\php.ini\""
    ],
    "bin": [
        "php.exe",
        "php-cgi.exe",
        "phpdbg.exe"
    ],
    "persist": [
        "cli",
        [
            "php.ini-production",
            "cli\\php.ini"
        ]
    ],
    "env_set": {
        "PHP_INI_SCAN_DIR": "$dir\\cli;$dir\\cli\\conf.d;"
    }
}
