{
    "version": "7.4.33",
    "description": "A popular general-purpose scripting language that is especially suited to web development. (version 7.4)",
    "homepage": "https://windows.php.net/",
    "license": {
        "identifier": "PHP-3.01",
        "url": "https://secure.php.net/license/"
    },
    "suggest": {
        "vcredist": "extras/vcredist2022"
    },
    "architecture": {
        "64bit": {
            "url": "https://windows.php.net/downloads/releases/php-7.4.33-Win32-VC15-x64.zip",
            "hash": "cdbb85b45f38f282f05764ca08648b5f92db99c75b2fb3848eb4a559f6553b48"
        },
        "32bit": {
            "url": "https://windows.php.net/downloads/releases/php-7.4.33-Win32-VC15-x86.zip",
            "hash": "6adcf02c02634f258f6b6b2bb666f22916c9bd986db2ccae05acb9868a35f847"
        }
    },
    "pre_install": [
        "# Create directory for custom PHP configuration",
        "if (!(Test-Path \"$dir\\cli\\conf.d\")) {",
        "    (New-Item -Type directory \"$dir\\cli\\conf.d\") | Out-Null",
        "}"
    ],
    "post_install": [
        "# Enable extensions to be found in installation-relative folder (the default is to search C:/php)",
        "(Get-Content \"$dir\\cli\\php.ini\") | % { $_ -replace ';\\s?(extension_dir = \"ext\")', '$1' } | Set-Content \"$dir\\cli\\php.ini\""
    ],
    "bin": [
        "php.exe",
        "php-cgi.exe",
        "phpdbg.exe"
    ],
    "persist": [
        "cli",
        [
            "php.ini-production",
            "cli\\php.ini"
        ]
    ],
    "env_set": {
        "PHP_INI_SCAN_DIR": "$dir\\cli;$dir\\cli\\conf.d;"
    },
    "checkver": {
        "url": "https://windows.php.net/downloads/releases/releases.json",
        "jsonpath": "$['7.4'].version"
    },
    "autoupdate": {
        "architecture": {
            "64bit": {
                "url": "https://windows.php.net/downloads/releases/php-$version-Win32-VC15-x64.zip"
            },
            "32bit": {
                "url": "https://windows.php.net/downloads/releases/php-$version-Win32-VC15-x86.zip"
            }
        },
        "hash": {
            "url": "$baseurl/sha256sum.txt"
        }
    }
}
