{
    "version": "8.1.29",
    "description": "PHP, a popular general-purpose scripting language that is especially suited to web development. (version 8.1)",
    "homepage": "https://windows.php.net/",
    "license": "PHP-3.01",
    "suggest": {
        "vcredist": "extras/vcredist2022"
    },
    "architecture": {
        "64bit": {
            "url": "https://windows.php.net/downloads/releases/php-8.1.29-Win32-vs16-x64.zip",
            "hash": "5fe3cea08c732ebf67c7f1b3201b29d4ea76601aebc8a8105433a30ef03ac243"
        },
        "32bit": {
            "url": "https://windows.php.net/downloads/releases/php-8.1.29-Win32-vs16-x86.zip",
            "hash": "77a3555962012d7bd1f5665caa13ddbeebc8bd69393a48acc250a489248b1678"
        }
    },
    "pre_install": [
        "# Create directory for custom PHP configuration",
        "if (!(Test-Path \"$dir\\cli\\conf.d\")) {",
        "    (New-Item -Type directory \"$dir\\cli\\conf.d\") | Out-Null",
        "}"
    ],
    "post_install": [
        "# Enable extensions to be found in installation-relative folder (the default is to search C:/php)",
        "(Get-Content \"$dir\\cli\\php.ini\") | % { $_ -replace ';\\s?(extension_dir = \"ext\")', '$1' } | Set-Content \"$dir\\cli\\php.ini\""
    ],
    "bin": [
        "php.exe",
        "php-cgi.exe",
        "phpdbg.exe"
    ],
    "env_set": {
        "PHP_INI_SCAN_DIR": "$dir\\cli;$dir\\cli\\conf.d;"
    },
    "persist": [
        "cli",
        [
            "php.ini-production",
            "cli\\php.ini"
        ]
    ],
    "checkver": {
        "url": "https://windows.php.net/download/",
        "regex": "<h3 id=\"php-8.1\".*?>.*?\\(([\\d.]+)\\)</h3>"
    },
    "autoupdate": {
        "architecture": {
            "64bit": {
                "url": "https://windows.php.net/downloads/releases/php-$version-Win32-vs16-x64.zip"
            },
            "32bit": {
                "url": "https://windows.php.net/downloads/releases/php-$version-Win32-vs16-x86.zip"
            }
        },
        "hash": {
            "url": "$baseurl/sha256sum.txt"
        }
    }
}
