{
    "version": "8.0.30",
    "description": "PHP, a popular general-purpose scripting language that is especially suited to web development. (version 8.0)",
    "homepage": "https://windows.php.net/",
    "license": "PHP-3.01",
    "suggest": {
        "vcredist": "extras/vcredist2022"
    },
    "architecture": {
        "64bit": {
            "url": "https://windows.php.net/downloads/releases/php-8.0.30-Win32-vs16-x64.zip",
            "hash": "8697972b5f704885e3444422ede2b5c25d025f614ea96dc67de74dc582471562"
        },
        "32bit": {
            "url": "https://windows.php.net/downloads/releases/php-8.0.30-Win32-vs16-x86.zip",
            "hash": "8dec05f39e6618ee20e252b180d69f8cd0162a3dd2545321593d8f4f44f4af52"
        }
    },
    "pre_install": [
        "# Create directory for custom PHP configuration",
        "if (!(Test-Path \"$dir\\cli\\conf.d\")) {",
        "    (New-Item -Type directory \"$dir\\cli\\conf.d\") | Out-Null",
        "}"
    ],
    "post_install": [
        "# Enable extensions to be found in installation-relative folder (the default is to search C:/php)",
        "(Get-Content \"$dir\\cli\\php.ini\") | % { $_ -replace ';\\s?(extension_dir = \"ext\")', '$1' } | Set-Content \"$dir\\cli\\php.ini\""
    ],
    "bin": [
        "php.exe",
        "php-cgi.exe",
        "phpdbg.exe"
    ],
    "env_set": {
        "PHP_INI_SCAN_DIR": "$dir\\cli;$dir\\cli\\conf.d;"
    },
    "persist": [
        "cli",
        [
            "php.ini-production",
            "cli\\php.ini"
        ]
    ],
    "checkver": {
        "url": "https://windows.php.net/download/",
        "regex": "<h3 id=\"php-8.0\".*?>.*?\\(([\\d.]+)\\)</h3>"
    },
    "autoupdate": {
        "architecture": {
            "64bit": {
                "url": "https://windows.php.net/downloads/releases/php-$version-Win32-vs16-x64.zip"
            },
            "32bit": {
                "url": "https://windows.php.net/downloads/releases/php-$version-Win32-vs16-x86.zip"
            }
        },
        "hash": {
            "url": "$baseurl/sha256sum.txt"
        }
    }
}
