{
    "version": "8.2.23",
    "description": "PHP, a popular general-purpose scripting language that is especially suited to web development. (version 8.2)",
    "homepage": "https://windows.php.net/",
    "license": "PHP-3.01",
    "suggest": {
        "vcredist": "extras/vcredist2022"
    },
    "architecture": {
        "64bit": {
            "url": "https://windows.php.net/downloads/releases/php-8.2.23-Win32-vs16-x64.zip",
            "hash": "7bd783fe993d9e4076d16d800782562c0be1a62f570ecc70317a829d94ab0806"
        },
        "32bit": {
            "url": "https://windows.php.net/downloads/releases/php-8.2.23-Win32-vs16-x86.zip",
            "hash": "2e2cfc72fa08a76debc549f0edc76e30e3013ce2d07479cd3298328014963b67"
        }
    },
    "pre_install": [
        "# Create directory for custom PHP configuration",
        "if (!(Test-Path \"$dir\\cli\\conf.d\")) {",
        "    (New-Item -Type directory \"$dir\\cli\\conf.d\") | Out-Null",
        "}"
    ],
    "post_install": [
        "# Enable extensions to be found in installation-relative folder (the default is to search C:/php)",
        "(Get-Content \"$dir\\cli\\php.ini\") | % { $_ -replace ';\\s?(extension_dir = \"ext\")', '$1' } | Set-Content \"$dir\\cli\\php.ini\""
    ],
    "bin": [
        "php.exe",
        "php-cgi.exe",
        "phpdbg.exe"
    ],
    "env_set": {
        "PHP_INI_SCAN_DIR": "$dir\\cli;$dir\\cli\\conf.d;"
    },
    "persist": [
        "cli",
        [
            "php.ini-production",
            "cli\\php.ini"
        ]
    ],
    "checkver": {
        "url": "https://windows.php.net/download/",
        "regex": "<h3 id=\"php-8.2\".*?>.*?\\(([\\d.]+)\\)</h3>"
    },
    "autoupdate": {
        "architecture": {
            "64bit": {
                "url": "https://windows.php.net/downloads/releases/php-$version-Win32-vs16-x64.zip"
            },
            "32bit": {
                "url": "https://windows.php.net/downloads/releases/php-$version-Win32-vs16-x86.zip"
            }
        },
        "hash": {
            "url": "$baseurl/sha256sum.txt"
        }
    }
}
