{
    "version": "2024.2.1-242.21829.34",
    "description": "Cross-Platform IDE for PHP by JetBrains. (Release Candidate)",
    "homepage": "https://www.jetbrains.com/phpstorm/",
    "license": {
        "identifier": "Proprietary",
        "url": "https://www.jetbrains.com/store/license.html"
    },
    "url": "https://download.jetbrains.com/webide/PhpStorm-242.21829.34.exe#/dl.7z",
    "hash": "80841f6aab309c1014a7f998d280d749974d7e26007d493f5302d125a315dabf",
    "extract_to": "IDE",
    "installer": {
        "script": [
            "& \"$bucketsdir\\versions\\scripts\\jetbrains\\portable.ps1\" $dir $persist_dir",
            "Remove-Item \"$dir\\IDE\\`$*\" -Force -Recurse"
        ]
    },
    "architecture": {
        "64bit": {
            "bin": [
                [
                    "IDE\\bin\\phpstorm64.exe",
                    "phpstorm"
                ]
            ],
            "shortcuts": [
                [
                    "IDE\\bin\\phpstorm64.exe",
                    "JetBrains\\PhpStorm"
                ]
            ]
        },
        "32bit": {
            "bin": "IDE\\bin\\phpstorm.exe",
            "shortcuts": [
                [
                    "IDE\\bin\\phpstorm.exe",
                    "JetBrains\\PhpStorm"
                ]
            ]
        }
    },
    "persist": [
        "IDE\\bin\\idea.properties",
        "profile"
    ],
    "checkver": {
        "url": "https://data.services.jetbrains.com/products/releases?code=PS&latest=true&platform=zip&type=rc",
        "regex": "version\":\"(?<ver>[\\d.]+)\".*\"build\":\"(?<build>[\\d.]+)\"",
        "replace": "${ver}-${build}"
    },
    "autoupdate": {
        "url": "https://download.jetbrains.com/webide/PhpStorm-$preReleaseVersion.exe#/dl.7z",
        "hash": {
            "url": "$url.sha256"
        }
    }
}
