{
    "version": "1.0.0-beta.9",
    "description": "A fast and scalable distributed version control system, based on a theory of patches.",
    "homepage": "https://pijul.org",
    "license": "GPL-2.0-only",
    "architecture": {
        "64bit": {
            "url": "https://github.com/boringcactus/pijul-windows-builds/releases/download/1.0.0-beta.9/pijul.exe",
            "hash": "1f688e8f4d7f76a50049edd0bddcf0f3c8caabbb54c71f7d913f5f254ac69036"
        }
    },
    "bin": "pijul.exe",
    "checkver": {
        "github": "https://github.com/boringcactus/pijul-windows-builds/",
        "regex": "(?<version>[\\d\\w.-]+)/pijul\\.exe"
    },
    "autoupdate": {
        "architecture": {
            "64bit": {
                "url": "https://github.com/boringcactus/pijul-windows-builds/releases/download/$version/pijul.exe"
            }
        }
    }
}
