{
    "version": "0.68.0",
    "description": "PDF rendering library",
    "homepage": "http://blog.alivate.com.au/poppler-windows/",
    "license": "GPL-2.0-only",
    "extract_dir": "poppler-0.68.0",
    "url": "http://blog.alivate.com.au/wp-content/uploads/2018/10/poppler-0.68.0_x86.7z",
    "hash": "6a8fd0c4e7284dfa208c6f435a0a5cfd6d7445e59f29cae76e79dc079abf74d4",
    "checkver": "Latest.*uploads/(?<date>\\d{4}/\\d{2})/poppler-(?<version>[\\d.]+)_x86.7z",
    "bin": [
        "bin/pdfdetach.exe",
        "bin/pdffonts.exe",
        "bin/pdfimages.exe",
        "bin/pdfinfo.exe",
        "bin/pdfseparate.exe",
        "bin/pdftocairo.exe",
        "bin/pdftohtml.exe",
        "bin/pdftoppm.exe",
        "bin/pdftops.exe",
        "bin/pdftotext.exe",
        "bin/pdfunite.exe"
    ],
    "autoupdate": {
        "url": "http://blog.alivate.com.au/wp-content/uploads/$matchDate/poppler-$version_x86.7z",
        "extract_dir": "poppler-$version"
    }
}
