{
    "version": "15.8",
    "description": "Object-relational database management system based on POSTGRES. (version 15)",
    "homepage": "https://www.postgresql.org",
    "license": "PostgreSQL",
    "notes": [
        "Run run 'pg_ctl start' or 'pg_ctl stop' to start and stop the database or",
        "register it as a service by running 'pg_ctl register -N PostgreSQL' from an elevated shell.",
        "Default superuser login: postgres, password: <blank>"
    ],
    "architecture": {
        "64bit": {
            "url": "https://get.enterprisedb.com/postgresql/postgresql-15.8-1-windows-x64-binaries.zip",
            "hash": "6fa01fbf08aaca7d1b00284ce6534932ee5d7d545678615aff12365efacf935d"
        }
    },
    "extract_dir": "pgsql",
    "post_install": [
        "if (!(Test-Path \"$dir\\data\\pg_hba.conf\")) {",
        "   Invoke-ExternalCommand -FilePath \"$dir\\bin\\initdb.exe\" -ArgumentList @('--username=postgres', '--encoding=UTF8', '--locale=en', '--lc-collate=C') | Out-Null",
        "}"
    ],
    "shortcuts": [
        [
            "pgAdmin 4\\runtime\\pgAdmin4.exe",
            "pgAdmin 4"
        ]
    ],
    "env_add_path": "bin",
    "env_set": {
        "PGDATA": "$dir\\data"
    },
    "persist": "data",
    "checkver": {
        "url": "https://www.postgresql.org/ftp/source/",
        "regex": "v(15\\.[\\d.]+)"
    },
    "autoupdate": {
        "architecture": {
            "64bit": {
                "url": "https://get.enterprisedb.com/postgresql/postgresql-$version-1-windows-x64-binaries.zip"
            }
        }
    }
}
