{
    "##": "The reason for this manifest's existence is because postman v10 is currently unusable.",
    "version": "9.31.0",
    "description": "An early version of the complete API development environment.",
    "homepage": "https://www.getpostman.com/",
    "license": {
        "identifier": "Freeware",
        "url": "https://www.getpostman.com/licenses/postman_eula"
    },
    "architecture": {
        "64bit": {
            "url": "https://dl.pstmn.io/download/9.31.0/Postman-win64-9.31.0-full.nupkg",
            "hash": "29CD778C52D64C4AFAB765ADDA1849308D86F363579C4BE0C15C041447F099AB"
        }
    },
    "extract_dir": "lib\\net45",
    "shortcuts": [
        [
            "Postman.exe",
            "Postman"
        ]
    ]
}
