{
    "version": "5.0.0-alpha15",
    "description": "Automatically generate build configurations for multiple and widely used toolsets using one universal definition. (version 5)",
    "homepage": "https://premake.github.io/",
    "license": "BSD-3-Clause",
    "url": "https://github.com/premake/premake-core/releases/download/v5.0.0-alpha15/premake-5.0.0-alpha15-windows.zip",
    "hash": "a8b9fc87ec06b8fa52587f62be2574bf151c5facadbad99db31b7d4ce6ef1eab",
    "bin": "premake5.exe",
    "checkver": {
        "url": "https://premake.github.io/download.html",
        "regex": "v(5[0-9a-z.-]+)"
    },
    "autoupdate": {
        "url": "https://github.com/premake/premake-core/releases/download/v$version/premake-$version-windows.zip"
    }
}
