{
    "version": "4.4-beta5",
    "description": "Automatically generate build configurations for multiple and widely used toolsets using one universal definition. (version 4)",
    "homepage": "https://premake.github.io/",
    "license": "BSD-3-Clause",
    "url": "https://downloads.sourceforge.net/project/premake/Premake/4.4/premake-4.4-beta5-windows.zip",
    "hash": "sha1:25e4ddb022944ae7064d73467b38f5b75823aaf1",
    "bin": "premake4.exe",
    "checkver": {
        "url": "https://premake.github.io/download.html",
        "regex": "premake-(4[0-9a-z.-]+)-windows"
    },
    "autoupdate": {
        "url": "https://downloads.sourceforge.net/project/premake/Premake/$matchHead/premake-$version-windows.zip"
    }
}
