{
    "version": "7.0-fa68428",
    "description": "An open source Minecraft launcher with the ability to manage multiple instances, accounts and mods. Focused on user freedom and free redistributability.",
    "homepage": "https://prismlauncher.org/",
    "license": "GPL-3.0-only",
    "notes": "To add Prism Launcher file association options for .ZIPs and .MRPACKS, run this: \"$dir\\install-associations.reg\"",
    "architecture": {
        "64bit": {
            "url": "https://nightly.link/PrismLauncher/PrismLauncher/workflows/trigger_builds/develop/PrismLauncher-Windows-MSVC-fa68428-Debug.zip",
            "hash": "1c4f1ca69f238a4df3161d9a6cffbbb38f79ff5bc25d9086d96a82d4a47cd8cf"
        }
    },
    "suggest": {
        "vcredist": "extras/vcredist2022"
    },
    "post_install": [
        "'install-associations', 'uninstall-associations' | ForEach-Object {",
        "    if (Test-Path \"$bucketsdir\\versions\\scripts\\prismlauncher-git\\$_.reg\") {",
        "        $exePath = \"$dir\\prismlauncher.exe\".Replace('\\', '\\\\')",
        "        $content = (Get-Content \"$bucketsdir\\versions\\scripts\\prismlauncher-git\\$_.reg\").Replace('$EXEPATH', $exePath)",
        "        if ($global) { $content = $content.Replace('HKEY_CURRENT_USER', 'HKEY_LOCAL_MACHINE') }",
        "        Set-Content \"$dir\\$_.reg\" $content -Encoding Ascii -Force",
        "    }",
        "}"
    ],
    "bin": "prismlauncher.exe",
    "shortcuts": [
        [
            "prismlauncher.exe",
            "Prism Launcher"
        ]
    ],
    "checkver": {
        "url": "https://api.github.com/repositories/553135896/actions/workflows/trigger_builds.yml/runs?branch=develop&status=success",
        "jsonpath": "$.workflow_runs[0].head_sha",
        "regex": "(?<sha>\\A[a-f\\d]{0,7})",
        "replace": "7.0-${sha}"
    },
    "autoupdate": {
        "architecture": {
            "64bit": {
                "url": "https://nightly.link/PrismLauncher/PrismLauncher/workflows/trigger_builds/develop/PrismLauncher-Windows-MSVC-$matchSha-Debug.zip"
            }
        }
    }
}
