{
    "version": "2.7.2-rc2",
    "description": "G-code generator for 3D printers (RepRap, Makerbot, Ultimaker etc.)",
    "homepage": "https://www.prusa3d.com/prusaslicer/",
    "license": "AGPL-3.0-or-later",
    "architecture": {
        "64bit": {
            "url": "https://github.com/prusa3d/PrusaSlicer/releases/download/version_2.7.2-rc2/PrusaSlicer-2.7.2-rc2+win64-202402261529_signed.zip",
            "hash": "138faf207a615a54356d9f7057d12b6a63acf0a6de140258a8c4bb0836b4c1e7",
            "extract_dir": "PrusaSlicer-2.7.2-rc2+win64-202402261529_signed"
        }
    },
    "bin": "prusa-slicer-console.exe",
    "shortcuts": [
        [
            "prusa-slicer.exe",
            "PrusaSlicer"
        ]
    ],
    "checkver": {
        "url": "https://api.github.com/repositories/52882701/releases",
        "jsonpath": "$[0].assets..name",
        "regex": "PrusaSlicer-([\\d.]+(?:-[a-z]+\\d+)?)\\+win64-(?<timestamp>\\d{12})_signed\\.zip"
    },
    "autoupdate": {
        "architecture": {
            "64bit": {
                "url": "https://github.com/prusa3d/PrusaSlicer/releases/download/version_$version/PrusaSlicer-$version+win64-$matchTimestamp_signed.zip",
                "extract_dir": "PrusaSlicer-$version+win64-$matchTimestamp_signed"
            }
        }
    }
}
