{
    "version": "0.81",
    "description": "PuTTY CAC is a fork of the PuTTY, a popular Secure Shell (SSH) terminal. PuTTY CAC adds the ability to use the Windows Certificate API (CAPI) or a Public Key Cryptography Standards (PKCS) library to perform SSH public key authentication using a private key associated with a certificate that is stored on a hardware token.",
    "homepage": "https://github.com/NoMoreFood/putty-cac",
    "license": "MIT",
    "architecture": {
        "64bit": {
            "url": "https://raw.githubusercontent.com/NoMoreFood/putty-cac/0.81/binaries/puttycac-64bit-0.81.zip",
            "hash": "3cfc405c5899956768c56355637557f5ce19f5ce3524408a796bab62d31db91e"
        },
        "32bit": {
            "url": "https://raw.githubusercontent.com/NoMoreFood/putty-cac/0.81/binaries/puttycac-0.81.zip",
            "hash": "ef5b20567cf2de5dd634aa3451a2748126a83bca5aeed9c94e9c85b09c3df855"
        }
    },
    "bin": [
        "putty.exe",
        "puttygen.exe",
        "pscp.exe",
        "pageant.exe",
        "psftp.exe",
        "plink.exe",
        "puttytel.exe"
    ],
    "shortcuts": [
        [
            "putty.exe",
            "PuTTY"
        ],
        [
            "pageant.exe",
            "Pageant"
        ],
        [
            "psftp.exe",
            "PSFTP"
        ],
        [
            "puttygen.exe",
            "PuTTYgen"
        ],
        [
            "puttytel.exe",
            "PuTTYtel"
        ]
    ],
    "checkver": {
        "github": "https://github.com/NoMoreFood/putty-cac",
        "regex": "/releases/tag/([\\w.]+)"
    },
    "autoupdate": {
        "architecture": {
            "64bit": {
                "url": "https://raw.githubusercontent.com/NoMoreFood/putty-cac/$version/binaries/puttycac-64bit-$version.zip"
            },
            "32bit": {
                "url": "https://raw.githubusercontent.com/NoMoreFood/putty-cac/$version/binaries/puttycac-$version.zip"
            }
        },
        "hash": {
            "url": "$baseurl/puttycac-hash.txt",
            "regex": "$sha256.*?$basename"
        }
    }
}
