{
    "version": "2024.2-242.20224.89",
    "description": "Cross-Platform IDE for Python by JetBrains. (Community Edition, Early Access Program)",
    "homepage": "https://www.jetbrains.com/pycharm/",
    "license": {
        "identifier": "Apache-2.0",
        "url": "https://sales.jetbrains.com/hc/en-gb/articles/115001015290-Where-can-I-find-the-EULA-End-User-License-Agreement-"
    },
    "url": "https://download.jetbrains.com/python/pycharm-community-242.20224.89.exe#/dl.7z",
    "hash": "f43d2698c3aa5d9c24f02551d366b9c06fa7f332cff1e1b08b830576c7692a2b",
    "extract_to": "IDE",
    "installer": {
        "script": [
            "& \"$bucketsdir\\versions\\scripts\\jetbrains\\portable.ps1\" $dir $persist_dir",
            "Remove-Item \"$dir\\IDE\\`$*\" -Force -Recurse"
        ]
    },
    "architecture": {
        "64bit": {
            "bin": [
                [
                    "IDE\\bin\\pycharm64.exe",
                    "pycharm"
                ]
            ],
            "shortcuts": [
                [
                    "IDE\\bin\\pycharm64.exe",
                    "JetBrains\\PyCharm (Early Access Program)"
                ]
            ]
        },
        "32bit": {
            "bin": "IDE\\bin\\pycharm.exe",
            "shortcuts": [
                [
                    "IDE\\bin\\pycharm.exe",
                    "JetBrains\\PyCharm (Early Access Program)"
                ]
            ]
        }
    },
    "persist": [
        "IDE\\bin\\idea.properties",
        "profile"
    ],
    "checkver": {
        "url": "https://data.services.jetbrains.com/products/releases?code=PCC&latest=true&platform=zip&type=eap",
        "regex": "version\":\"(?<ver>[\\d.]+)\".*\"build\":\"(?<build>[\\d.]+)\"",
        "replace": "${ver}-${build}"
    },
    "autoupdate": {
        "url": "https://download.jetbrains.com/python/pycharm-community-$preReleaseVersion.exe#/dl.7z",
        "hash": {
            "url": "$url.sha256"
        }
    }
}
