{
    "version": "2024.2-242.20224.89",
    "description": "Cross-Platform IDE for Python by JetBrains. (Early Access Program)",
    "homepage": "https://www.jetbrains.com/pycharm/",
    "license": {
        "identifier": "Proprietary",
        "url": "https://www.jetbrains.com/store/license.html"
    },
    "url": "https://download.jetbrains.com/python/pycharm-professional-242.20224.89.exe#/dl.7z",
    "hash": "12fb8e70cd7064651e02fd3006f24e11c8c8cdf2b02e544c8127110908daac10",
    "extract_to": "IDE",
    "installer": {
        "script": [
            "& \"$bucketsdir\\versions\\scripts\\jetbrains\\portable.ps1\" $dir $persist_dir",
            "Remove-Item \"$dir\\IDE\\`$*\" -Force -Recurse"
        ]
    },
    "architecture": {
        "64bit": {
            "bin": [
                [
                    "IDE\\bin\\pycharm64.exe",
                    "pycharm"
                ]
            ],
            "shortcuts": [
                [
                    "IDE\\bin\\pycharm64.exe",
                    "JetBrains\\PyCharm Professional (Early Access Program)"
                ]
            ]
        },
        "32bit": {
            "bin": "IDE\\bin\\pycharm.exe",
            "shortcuts": [
                [
                    "IDE\\bin\\pycharm.exe",
                    "JetBrains\\PyCharm Professional (Early Access Program)"
                ]
            ]
        }
    },
    "persist": [
        "IDE\\bin\\idea.properties",
        "profile"
    ],
    "checkver": {
        "url": "https://data.services.jetbrains.com/products/releases?code=PCP&latest=true&platform=zip&type=eap",
        "regex": "version\":\"(?<ver>[\\d.]+)\".*\"build\":\"(?<build>[\\d.]+)\"",
        "replace": "${ver}-${build}"
    },
    "autoupdate": {
        "url": "https://download.jetbrains.com/python/pycharm-professional-$preReleaseVersion.exe#/dl.7z",
        "hash": {
            "url": "$url.sha256"
        }
    }
}
