{
    "version": "2024.2.1-242.21829.44",
    "description": "Cross-Platform IDE for Python by JetBrains. (Release Candidate)",
    "homepage": "https://www.jetbrains.com/pycharm/",
    "license": {
        "identifier": "Proprietary",
        "url": "https://www.jetbrains.com/store/license.html"
    },
    "url": "https://download.jetbrains.com/python/pycharm-professional-242.21829.44.exe#/dl.7z",
    "hash": "b2f55c1d2c3c80f5c62a82951e426e1487bead97285f7adbb1ae822c6a0d41c9",
    "extract_to": "IDE",
    "installer": {
        "script": [
            "& \"$bucketsdir\\versions\\scripts\\jetbrains\\portable.ps1\" $dir $persist_dir",
            "Remove-Item \"$dir\\IDE\\`$*\" -Force -Recurse"
        ]
    },
    "architecture": {
        "64bit": {
            "bin": [
                [
                    "IDE\\bin\\pycharm64.exe",
                    "pycharm"
                ]
            ],
            "shortcuts": [
                [
                    "IDE\\bin\\pycharm64.exe",
                    "JetBrains\\PyCharm Professional (Release Candidate)"
                ]
            ]
        },
        "32bit": {
            "bin": "IDE\\bin\\pycharm.exe",
            "shortcuts": [
                [
                    "IDE\\bin\\pycharm.exe",
                    "JetBrains\\PyCharm Professional (Release Candidate)"
                ]
            ]
        }
    },
    "persist": [
        "IDE\\bin\\idea.properties",
        "profile"
    ],
    "checkver": {
        "url": "https://data.services.jetbrains.com/products/releases?code=PCP&latest=true&platform=zip&type=rc",
        "regex": "version\":\"(?<ver>[\\d.]+)\".*\"build\":\"(?<build>[\\d.]+)\"",
        "replace": "${ver}-${build}"
    },
    "autoupdate": {
        "url": "https://download.jetbrains.com/python/pycharm-professional-$preReleaseVersion.exe#/dl.7z",
        "hash": {
            "url": "$url.sha256"
        }
    }
}
