{
    "version": "2024.2.1-242.21829.44",
    "description": "Cross-Platform IDE for Python by JetBrains. (Community Edition, Release Candidate)",
    "homepage": "https://www.jetbrains.com/pycharm/",
    "license": {
        "identifier": "Apache-2.0",
        "url": "https://sales.jetbrains.com/hc/en-gb/articles/115001015290-Where-can-I-find-the-EULA-End-User-License-Agreement-"
    },
    "url": "https://download.jetbrains.com/python/pycharm-community-242.21829.44.exe#/dl.7z",
    "hash": "a92e5acf22321e7c908646f05e9533afee304d9a6d38578233e3aacb0f77a6a2",
    "extract_to": "IDE",
    "installer": {
        "script": [
            "& \"$bucketsdir\\versions\\scripts\\jetbrains\\portable.ps1\" $dir $persist_dir",
            "Remove-Item \"$dir\\IDE\\`$*\" -Force -Recurse"
        ]
    },
    "architecture": {
        "64bit": {
            "bin": [
                [
                    "IDE\\bin\\pycharm64.exe",
                    "pycharm"
                ]
            ],
            "shortcuts": [
                [
                    "IDE\\bin\\pycharm64.exe",
                    "JetBrains\\PyCharm (Release Candidate)"
                ]
            ]
        },
        "32bit": {
            "bin": "IDE\\bin\\pycharm.exe",
            "shortcuts": [
                [
                    "IDE\\bin\\pycharm.exe",
                    "JetBrains\\PyCharm (Release Candidate)"
                ]
            ]
        }
    },
    "persist": [
        "IDE\\bin\\idea.properties",
        "profile"
    ],
    "checkver": {
        "url": "https://data.services.jetbrains.com/products/releases?code=PCC&latest=true&platform=zip&type=rc",
        "regex": "version\":\"(?<ver>[\\d.]+)\".*\"build\":\"(?<build>[\\d.]+)\"",
        "replace": "${ver}-${build}"
    },
    "autoupdate": {
        "url": "https://download.jetbrains.com/python/pycharm-community-$preReleaseVersion.exe#/dl.7z",
        "hash": {
            "url": "$url.sha256"
        }
    }
}
