{
    "homepage": "https://rclone.org",
    "description": "rsync for cloud storage",
    "version": "1.69.0-beta.8300.1bc9b94cf",
    "license": "MIT",
    "architecture": {
        "64bit": {
            "url": "https://beta.rclone.org/v1.69.0-beta.8300.1bc9b94cf/rclone-v1.69.0-beta.8300.1bc9b94cf-windows-amd64.zip",
            "extract_dir": "rclone-v1.69.0-beta.8300.1bc9b94cf-windows-amd64",
            "hash": "e277a18816e9ec21a2bccdaa1fd8d9b2e292a2cdf0e2c8ad08804a3ce7726bfb"
        },
        "32bit": {
            "url": "https://beta.rclone.org/v1.69.0-beta.8300.1bc9b94cf/rclone-v1.69.0-beta.8300.1bc9b94cf-windows-386.zip",
            "extract_dir": "rclone-v1.69.0-beta.8300.1bc9b94cf-windows-386",
            "hash": "fa6dc8754a8f014149c48b422c6f3882a7094ef4b163ed0e395e5341abc0f12d"
        }
    },
    "bin": [
        "rclone.exe",
        [
            "rclone.exe",
            "rclone-beta"
        ]
    ],
    "checkver": {
        "url": "https://beta.rclone.org/version.txt",
        "regex": "rclone v(.+)"
    },
    "autoupdate": {
        "architecture": {
            "64bit": {
                "url": "https://beta.rclone.org/v$version/rclone-v$version-windows-amd64.zip",
                "extract_dir": "rclone-v$version-windows-amd64"
            },
            "32bit": {
                "url": "https://beta.rclone.org/v$version/rclone-v$version-windows-386.zip",
                "extract_dir": "rclone-v$version-windows-386"
            }
        }
    }
}
