{
    "version": "2024.2-EAP9-242.20224.162",
    "description": "Cross-Platform IDE for .NET by JetBrains. (Early Access Program)",
    "homepage": "https://www.jetbrains.com/rider/",
    "license": {
        "identifier": "Proprietary",
        "url": "https://www.jetbrains.com/store/license.html"
    },
    "architecture": {
        "64bit": {
            "url": "https://download.jetbrains.com/rider/JetBrains.Rider-2024.2-EAP9-242.20224.162.Checked.win.zip",
            "hash": "65509b6c5800e3cd8087338f9b76e8d516a820ea698cb46212f7046025f283ce",
            "bin": [
                [
                    "IDE\\bin\\rider64.exe",
                    "rider"
                ]
            ],
            "shortcuts": [
                [
                    "IDE\\bin\\rider64.exe",
                    "JetBrains\\Rider"
                ]
            ]
        }
    },
    "extract_to": "IDE",
    "installer": {
        "script": "& \"$bucketsdir\\versions\\scripts\\jetbrains\\portable.ps1\" $dir $persist_dir"
    },
    "persist": [
        "IDE\\bin\\idea.properties",
        "profile"
    ],
    "checkver": {
        "url": "https://data.services.jetbrains.com/products/releases?code=RD&latest=true&platform=zip&type=eap",
        "regex": "version\":\"(?<ver>[\\w.-]+)\".*\"build\":\"(?<build>[\\d.]+)\"",
        "replace": "${ver}-${build}"
    },
    "autoupdate": {
        "architecture": {
            "64bit": {
                "url": "https://download.jetbrains.com/rider/JetBrains.Rider-$version.Checked.win.zip",
                "hash": {
                    "url": "$url.sha256"
                }
            }
        }
    }
}
