{
    "version": "2024.04.2-764",
    "description": "An IDE for R with console, syntax-highlighting, editor that supports direct code execution, as well as tools for plotting, history, debugging and workspace management.",
    "homepage": "https://www.rstudio.com",
    "license": "AGPL-3.0-only",
    "notes": "For 32bit, please install 'versions/rstudio11",
    "depends": "r",
    "architecture": {
        "64bit": {
            "url": "https://s3.amazonaws.com/rstudio-ide-build/electron/windows/RStudio-2024.04.2-764.exe#/dl.7z",
            "hash": "09e1e38a7712cb1b8a26266008c189d38daed38c52fa4d96bffc0956f3aeca8b",
            "post_install": [
                "Remove-Item \"$dir\\`$*\" -Recurse",
                "if (!(Test-Path \"$env:Appdata\\RStudio\")) {",
                "    New-Item \"$env:Appdata\\RStudio\" -ItemType Directory -Force | Out-Null",
                "}",
                "$conf = \"$env:Appdata\\RStudio\\desktop.ini\"",
                "$rpath = \"$(appdir r $global)\\current\\bin\\x64\".Replace('\\', '/')",
                "if (!(Test-Path $conf)) {",
                "    @(",
                "        '[General]'",
                "        \"RBinDir=$rpath\"",
                "    ) | Add-Content -Path $conf -Encoding UTF8 -Force",
                "}"
            ]
        }
    },
    "bin": "rstudio.exe",
    "shortcuts": [
        [
            "rstudio.exe",
            "RStudio Preview"
        ]
    ],
    "checkver": {
        "url": "https://www.rstudio.com/wp-content/downloads.json",
        "jsonpath": "$.rstudio.open_source.preview.desktop.installer.windows.basename",
        "regex": "RStudio-([\\d.-]+).exe"
    },
    "autoupdate": {
        "architecture": {
            "64bit": {
                "url": "https://s3.amazonaws.com/rstudio-ide-build/electron/windows/RStudio-$version.exe#/dl.7z",
                "hash": {
                    "url": "https://www.rstudio.com/wp-content/downloads.json",
                    "jsonpath": "$.rstudio.open_source.preview.desktop.installer.windows.sha256"
                }
            }
        }
    }
}
