{
    "version": "2024.2.1-242.21829.38",
    "description": "Cross-Platform IDE for Ruby on Rails by JetBrains. (Early Access Program)",
    "homepage": "https://www.jetbrains.com/ruby/",
    "license": {
        "identifier": "Proprietary",
        "url": "https://www.jetbrains.com/store/license.html"
    },
    "url": "https://download.jetbrains.com/ruby/RubyMine-242.21829.38.exe#/dl.7z",
    "hash": "42f34ce5aee3c0d7954e627b6e591a89ba7a0ac1b97857648c620a18067cf1d1",
    "extract_to": "IDE",
    "installer": {
        "script": [
            "& \"$bucketsdir\\versions\\scripts\\jetbrains\\portable.ps1\" $dir $persist_dir",
            "Remove-Item \"$dir\\IDE\\`$*\" -Force -Recurse"
        ]
    },
    "architecture": {
        "64bit": {
            "bin": [
                [
                    "IDE\\bin\\rubymine64.exe",
                    "rubymine"
                ]
            ],
            "shortcuts": [
                [
                    "IDE\\bin\\rubymine64.exe",
                    "JetBrains\\RubyMine (Early Access Program)"
                ]
            ]
        },
        "32bit": {
            "bin": "IDE\\bin\\rubymine.exe",
            "shortcuts": [
                [
                    "IDE\\bin\\rubymine.exe",
                    "JetBrains\\RubyMine (Early Access Program)"
                ]
            ]
        }
    },
    "persist": [
        "IDE\\bin\\idea.properties",
        "profile"
    ],
    "checkver": {
        "url": "https://data.services.jetbrains.com/products/releases?code=RM&latest=true&platform=zip&type=eap",
        "regex": "version\":\"(?<ver>[\\d.]+)\".*\"build\":\"(?<build>[\\d.]+)\"",
        "replace": "${ver}-${build}"
    },
    "autoupdate": {
        "url": "https://download.jetbrains.com/ruby/RubyMine-$preReleaseVersion.exe#/dl.7z",
        "hash": {
            "url": "$url.sha256"
        }
    }
}
