{
    "version": "1.9.3-p551",
    "description": "Ruby, a dynamic programming language with a focus on simplicity and productivity. (version 1.9)",
    "homepage": "https://rubyinstaller.org",
    "license": "BSD-3-Clause",
    "url": [
        "https://github.com/oneclick/rubyinstaller/releases/download/ruby-1.9.3-p551/ruby-1.9.3-p551-i386-mingw32.7z#/dl.7z",
        "https://github.com/oneclick/rubyinstaller/releases/download/DevKit-tdm-32-4.5.2/DevKit-tdm-32-4.5.2-20111229-1559-sfx.exe#/dl2.7z"
    ],
    "hash": [
        "207fdb5b2f9436ad1ac27bf51918b913c14c443d1b83cd910cf5a59acaeab756",
        "6c3af5487dafda56808baf76edd262b2020b1b25ab86aabf972629f4a6a54491"
    ],
    "extract_dir": "ruby-1.9.3-p551-i386-mingw32",
    "extract_to": [
        "",
        "devkit"
    ],
    "env_add_path": "bin",
    "post_install": "pushd \"$dir\\devkit\";ruby dk.rb init > $null;echo \"- $dir\" | out-file config.yml -a -enc default; ruby dk.rb install;popd;"
}
