{
    "version": "2024-09-12",
    "description": "A Flash Player emulator written in Rust",
    "homepage": "https://ruffle.rs/",
    "license": "MIT",
    "architecture": {
        "64bit": {
            "url": "https://github.com/ruffle-rs/ruffle/releases/download/nightly-2024-09-12/ruffle-nightly-2024_09_12-windows-x86_64.zip",
            "hash": "35419ed994009fac117aeb40ace371d7e8828bd0dbc8d6b22c3e2663e4bb16e4"
        },
        "32bit": {
            "url": "https://github.com/ruffle-rs/ruffle/releases/download/nightly-2024-09-12/ruffle-nightly-2024_09_12-windows-x86_32.zip",
            "hash": "0d755acb1039b00ae4c124bc5ce1b88ad500d4d72398a101a2dc3375c5f6b69d"
        }
    },
    "bin": "ruffle.exe",
    "shortcuts": [
        [
            "ruffle.exe",
            "Ruffle"
        ]
    ],
    "checkver": {
        "url": "https://github.com/ruffle-rs/ruffle/releases",
        "regex": "tree/nightly-([\\d-]+)"
    },
    "autoupdate": {
        "architecture": {
            "64bit": {
                "url": "https://github.com/ruffle-rs/ruffle/releases/download/nightly-$version/ruffle-nightly-$underscoreVersion-windows-x86_64.zip"
            },
            "32bit": {
                "url": "https://github.com/ruffle-rs/ruffle/releases/download/nightly-$version/ruffle-nightly-$underscoreVersion-windows-x86_32.zip"
            }
        }
    }
}
