{
    "version": "nightly",
    "description": "A language empowering everyone to build reliable and efficient software.",
    "homepage": "https://www.rust-lang.org",
    "license": "MIT|Apache-2.0",
    "architecture": {
        "64bit": {
            "url": "https://static.rust-lang.org/dist/rust-nightly-x86_64-pc-windows-msvc.msi"
        },
        "32bit": {
            "url": "https://static.rust-lang.org/dist/rust-nightly-i686-pc-windows-msvc.msi"
        }
    },
    "extract_dir": "Rust",
    "bin": [
        "bin\\rustc.exe",
        "bin\\rustdoc.exe",
        "bin\\cargo.exe"
    ]
}
