{
    "version": "2.12.20",
    "description": "A modern multi-paradigm programming language designed to express common programming patterns in a concise, elegant, and type-safe way.",
    "homepage": "https://www.scala-lang.org/",
    "license": "BSD-3-Clause",
    "suggest": {
        "JDK": [
            "java/oraclejdk",
            "java/openjdk"
        ]
    },
    "url": "https://downloads.lightbend.com/scala/2.12.20/scala-2.12.20.zip",
    "hash": "fab2a5f87d58e641b5ea612b3752e70b8d6160c568546cc76c0b2b9e59dd079a",
    "extract_dir": "scala-2.12.20",
    "bin": [
        "bin\\fsc.bat",
        "bin\\scala.bat",
        "bin\\scalac.bat",
        "bin\\scaladoc.bat",
        "bin\\scalap.bat"
    ],
    "env_set": {
        "SCALA_HOME": "$dir"
    },
    "checkver": {
        "url": " https://docs.scala-lang.org/api/all.html",
        "regex": "Scala (2\\.12\\.[\\d.]+)"
    },
    "autoupdate": {
        "url": "https://downloads.lightbend.com/scala/$version/scala-$version.zip",
        "extract_dir": "scala-$version"
    }
}
