{
    "version": "3.141.59",
    "description": "A smart proxy server that allows Selenium tests to route commands to remote web browser instances",
    "homepage": "https://selenium.dev",
    "license": "Apache-2.0",
    "suggest": {
        "JDK": [
            "java/openjdk",
            "java/oraclejdk"
        ]
    },
    "url": "https://selenium-release.storage.googleapis.com/3.141/selenium-server-standalone-3.141.59.jar#/selenium.jar",
    "hash": "acf71b77d1b66b55db6fb0bed6d8bae2bbd481311bcbedfeff472c0d15e8f3cb",
    "bin": "selenium.jar"
}
