{
    "version": "1.14.0-beta.4",
    "description": "Stupid Fast Scoop Utilities. Incredibly fast replacements for commonly used Scoop commands, written in Rust.",
    "homepage": "https://github.com/jewlexx/sfsu",
    "license": "Apache-2.0",
    "architecture": {
        "64bit": {
            "url": "https://github.com/jewlexx/sfsu/releases/download/v1.14.0-beta.4/sfsu-x86_64.exe#/sfsu.exe",
            "hash": "236be360f28edb41c36e38341a1115ae3a4667b6ffe1be0fc3084ca1e1d6b089"
        },
        "32bit": {
            "url": "https://github.com/jewlexx/sfsu/releases/download/v1.14.0-beta.4/sfsu-i686.exe#/sfsu.exe",
            "hash": "42150b03239210daafbbcbcfe9e02696b96b7eb5f4e539664ccc9d25c2a46d2d"
        },
        "arm64": {
            "url": "https://github.com/jewlexx/sfsu/releases/download/v1.14.0-beta.4/sfsu-aarch64.exe#/sfsu.exe",
            "hash": "a8fbd5c47c253cb449de32a62388e5dda9c7744703cdb34907c2ae963271910f"
        }
    },
    "notes": "In order to replace scoop commands use `Invoke-Expression (&sfsu hook)` in your Powershell profile.",
    "bin": "sfsu.exe",
    "checkver": {
        "url": "https://api.github.com/repositories/558838965/releases",
        "jsonpath": "$[?(@.prerelease == true)].tag_name",
        "regex": "v([\\w.-]+)"
    },
    "autoupdate": {
        "architecture": {
            "64bit": {
                "url": "https://github.com/jewlexx/sfsu/releases/download/v$version/sfsu-x86_64.exe#/sfsu.exe"
            },
            "32bit": {
                "url": "https://github.com/jewlexx/sfsu/releases/download/v$version/sfsu-i686.exe#/sfsu.exe"
            },
            "arm64": {
                "url": "https://github.com/jewlexx/sfsu/releases/download/v$version/sfsu-aarch64.exe#/sfsu.exe"
            }
        },
        "hash": {
            "url": "$url.sha256"
        }
    }
}
