{
    "homepage": "https://www.snipaste.com/",
    "version": "2.9.2-Beta",
    "license": "Freeware",
    "description": "Snip & Paste, a simple but powerful snipping tool.",
    "architecture": {
        "64bit": {
            "url": "https://bitbucket.org/liule/snipaste/downloads/Snipaste-2.9.2-Beta-x64.zip",
            "hash": "sha1:eb39192ff6534e9a56b06b3a4fd211bcfc54a1c6"
        },
        "32bit": {
            "url": "https://bitbucket.org/liule/snipaste/downloads/Snipaste-2.9.2-Beta-x86.zip",
            "hash": "sha1:ca22bde7ce765e60499f216d9cb8bd7108bc2566"
        }
    },
    "pre_install": "if (Test-Path \"$persist_dir\\config.ini\") { Copy-Item \"$persist_dir\\config.ini\" \"$dir\\config.ini\" }",
    "persist": "history",
    "pre_uninstall": "if (Test-Path \"$dir\\config.ini\") { Copy-Item \"$dir\\config.ini\" \"$persist_dir\\config.ini\" }",
    "bin": "Snipaste.exe",
    "shortcuts": [
        [
            "Snipaste.exe",
            "Snipaste"
        ]
    ],
    "suggest": {
        "vcredist": "extras/vcredist2022"
    },
    "checkver": {
        "url": "https://bitbucket.org/liule/snipaste/downloads",
        "regex": "Snipaste-(?<main>[\\d.]+)-Beta(?<build>[\\d]*)-x86\\.zip",
        "replace": "${main}-Beta${build}"
    },
    "autoupdate": {
        "architecture": {
            "64bit": {
                "url": "https://bitbucket.org/liule/snipaste/downloads/Snipaste-$matchMain-Beta$matchBuild-x64.zip",
                "hash": {
                    "url": "https://dl.snipaste.com/sha-1.txt",
                    "regex": "$sha1.*?x64.zip"
                }
            },
            "32bit": {
                "url": "https://bitbucket.org/liule/snipaste/downloads/Snipaste-$matchMain-Beta$matchBuild-x86.zip",
                "hash": {
                    "url": "https://dl.snipaste.com/sha-1.txt",
                    "regex": "$sha1.*?x86.zip"
                }
            }
        }
    }
}
