{
    "version": "3.5.2",
    "description": "A unified analytics engine for large-scale data processing.",
    "homepage": "https://spark.apache.org/",
    "license": "Apache-2.0",
    "suggest": {
        "JDK": "java/openjdk"
    },
    "url": "https://dlcdn.apache.org/spark/spark-3.5.2/spark-3.5.2-bin-without-hadoop.tgz",
    "hash": "sha512:36651c5614a7194babc428eb702d16629938a766640ddd2dfe175ef3323b2957b484a6775d3e5dc77e374cce5a5b811ff5c01f20c810e30192fea5e208c842ff",
    "extract_dir": "spark-3.5.2-bin-without-hadoop",
    "env_add_path": "bin",
    "env_set": {
        "SPARK_HOME": "$dir"
    },
    "persist": "conf",
    "checkver": {
        "url": "https://spark.apache.org/downloads.html",
        "regex": "version: ([\\d.]+)"
    },
    "autoupdate": {
        "url": "https://dlcdn.apache.org/spark/spark-$version/spark-$version-bin-without-hadoop.tgz",
        "hash": {
            "url": "$url.sha512",
            "regex": "$basename: ([A-F0-9\\s]+)$"
        },
        "extract_dir": "spark-$version-bin-without-hadoop"
    }
}
