{
    "version": "3.5.2",
    "description": "A unified analytics engine for large-scale data processing.",
    "homepage": "https://spark.apache.org/",
    "license": "Apache-2.0",
    "suggest": {
        "JDK": "java/openjdk"
    },
    "url": "https://dlcdn.apache.org/spark/spark-3.5.2/spark-3.5.2-bin-hadoop3.tgz",
    "hash": "sha512:ae243483c2d07dc0feade02ac681956e9577e22935e32bb4ffca4fce02243682ca71dadeff9e6566153e132b0a71c518ded2dc58d08a124679843bffd3237539",
    "extract_dir": "spark-3.5.2-bin-hadoop3",
    "env_add_path": "bin",
    "env_set": {
        "SPARK_HOME": "$dir"
    },
    "persist": "conf",
    "checkver": {
        "url": "https://spark.apache.org/downloads.html",
        "regex": "version: ([\\d.]+)"
    },
    "autoupdate": {
        "url": "https://dlcdn.apache.org/spark/spark-$version/spark-$version-bin-hadoop3.tgz",
        "hash": {
            "url": "$url.sha512",
            "regex": "$basename: ([A-F0-9\\s]+)$"
        },
        "extract_dir": "spark-$version-bin-hadoop3"
    }
}
