{
    "version": "3.5.2",
    "description": "A unified analytics engine for large-scale data processing.",
    "homepage": "https://spark.apache.org/",
    "license": "Apache-2.0",
    "suggest": {
        "JDK": "java/openjdk"
    },
    "url": "https://dlcdn.apache.org/spark/spark-3.5.2/spark-3.5.2-bin-hadoop3-scala2.13.tgz",
    "hash": "sha512:90aa31c52a240155c9047a3d72748d569ca2109cf42abe359709e3212337456f327046e0c1849a29e0f731c0aee1f2a14e0a37739851a79a18e8aa7be125c0af",
    "extract_dir": "spark-3.5.2-bin-hadoop3-scala2.13",
    "env_add_path": "bin",
    "env_set": {
        "SPARK_HOME": "$dir"
    },
    "persist": "conf",
    "checkver": {
        "url": "https://spark.apache.org/downloads.html",
        "regex": "version: ([\\d.]+)"
    },
    "autoupdate": {
        "url": "https://dlcdn.apache.org/spark/spark-$version/spark-$version-bin-hadoop3-scala2.13.tgz",
        "hash": {
            "url": "$url.sha512",
            "regex": "$basename: ([A-F0-9\\s]+)$"
        },
        "extract_dir": "spark-$version-bin-hadoop3-scala2.13"
    }
}
