{
    "version": "4.2.8",
    "description": "Download your Spotify playlists and songs along with album art and metadata (from YouTube if a match is found).",
    "homepage": "https://github.com/spotDL/spotify-downloader",
    "license": "MIT",
    "url": "https://github.com/spotDL/spotify-downloader/releases/download/v4.2.8/spotdl-4.2.8-win32.exe",
    "hash": "0fe83ee1e75dbc6e4fc1ebd7d115cec7941a47ce6b3eece917c30cd79726009e",
    "bin": [
        [
            "spotdl-4.2.8-win32.exe",
            "spotdl"
        ]
    ],
    "checkver": {
        "url": "https://github.com/spotDL/spotify-downloader/releases/latest",
        "regex": "\\/releases\\/tag\\/(?:v|V)?([\\d.\\-a-zA-Z]+)"
    },
    "autoupdate": {
        "url": "https://github.com/spotDL/spotify-downloader/releases/download/v$version/spotdl-$version-win32.exe",
        "bin": [
            [
                "spotdl-$version-win32.exe",
                "spotdl"
            ]
        ]
    }
}
