{
    "version": "3.11-240825",
    "description": "Nightly builds for spotify-qt",
    "homepage": "https://github.com/kraxarn/spotify-qt-nightly",
    "license": "GPL-3.0-only",
    "architecture": {
        "64bit": {
            "url": "https://github.com/kraxarn/spotify-qt-nightly/releases/download/latest/spotify-qt-v3.11-240825-win64.zip",
            "hash": "d6acd8c350abc1a236a0f29ccde63399fc6f5e81954269e60ad07cbc93a18eb1"
        },
        "32bit": {
            "url": "https://github.com/kraxarn/spotify-qt-nightly/releases/download/latest/spotify-qt-v3.11-240825-win32.zip",
            "hash": "1db11c5423a38e4df414e6ffd3a11a6e423b0d5403e82eed4e7d1a736c1ce9e4"
        }
    },
    "shortcuts": [
        [
            "spotify-qt.exe",
            "spotify-qt"
        ]
    ],
    "bin": "spotify-qt.exe",
    "checkver": {
        "url": "https://api.github.com/repositories/458937795/releases/latest",
        "jsonpath": "$.assets[0].name",
        "regex": "spotify-qt-v([\\d.-]+)-win(?:64|32)\\.zip"
    },
    "autoupdate": {
        "architecture": {
            "64bit": {
                "url": "https://github.com/kraxarn/spotify-qt-nightly/releases/download/latest/spotify-qt-v$version-win64.zip"
            },
            "32bit": {
                "url": "https://github.com/kraxarn/spotify-qt-nightly/releases/download/latest/spotify-qt-v$version-win32.zip"
            }
        }
    }
}
