{
    "version": "4.8.6",
    "description": "Static analysis tool for Java",
    "homepage": "https://spotbugs.github.io/",
    "license": "LGPL-2.1-only",
    "suggest": {
        "JDK": [
            "java/oraclejdk",
            "java/openjdk"
        ]
    },
    "url": "https://repo.maven.apache.org/maven2/com/github/spotbugs/spotbugs/4.8.6/spotbugs-4.8.6.zip",
    "hash": "67cdc52cceb17eae394f8fc3660f21659cf354908f818e4d1f45a6935c2e4425",
    "extract_dir": "spotbugs-4.8.6",
    "bin": "bin\\spotbugs.bat",
    "shortcuts": [
        [
            "bin\\spotbugs.bat",
            "SpotBugs",
            "",
            "bin\\spotbugs.ico"
        ]
    ],
    "persist": "plugin",
    "checkver": {
        "url": "https://api.github.com/repositories/72889410/releases",
        "jsonpath": "$[0].tag_name"
    },
    "autoupdate": {
        "url": "https://repo.maven.apache.org/maven2/com/github/spotbugs/spotbugs/$version/spotbugs-$version.zip",
        "extract_dir": "spotbugs-$version"
    }
}
