{
    "version": "1.5.22",
    "description": "Create stand-alone, production-grade Spring based Applications that you can \"just run\". (version 1.5)",
    "homepage": "https://spring.io/projects/spring-boot",
    "license": "Apache-2.0",
    "hash": "96be1826be364f04cdc267aad74134ef46cc8c46a0b795f91aca2c4af831d11f",
    "url": "https://repo.spring.io/release/org/springframework/boot/spring-boot-cli/1.5.22.RELEASE/spring-boot-cli-1.5.22.RELEASE-bin.zip",
    "extract_dir": "spring-1.5.22.RELEASE",
    "bin": "bin\\spring.bat",
    "suggest": {
        "JDK": [
            "java/oraclejdk",
            "java/openjdk"
        ]
    }
}
