{
    "version": "2024-09-12",
    "description": "DB Browser for SQLite (DB4S) project (nightly build)",
    "homepage": "https://github.com/sqlitebrowser/sqlitebrowser",
    "license": "MPL-2.0|GPL-3.0-or-later",
    "architecture": {
        "64bit": {
            "url": "https://nightlies.sqlitebrowser.org/win64/DB.Browser.for.SQLite-2024-09-12-win64.zip",
            "hash": "27d915acb4e806ebd7e3ab643997434c330cc352a9b37a61b7fe0e77b26f01e8"
        },
        "32bit": {
            "url": "https://nightlies.sqlitebrowser.org/win32/DB.Browser.for.SQLite-2024-09-12-win32.zip",
            "hash": "2d09726a6775bf55c801274f36ea0fdd3ea1cad7893cd1cbdb3c1ef1b30d86d3"
        }
    },
    "bin": [
        "DB Browser for SQLite.exe",
        "DB Browser for SQLCipher.exe"
    ],
    "shortcuts": [
        [
            "DB Browser for SQLite.exe",
            "DB Browser for SQLite"
        ],
        [
            "DB Browser for SQLCipher.exe",
            "DB Browser for SQLCipher"
        ]
    ],
    "persist": "Data",
    "checkver": {
        "url": "https://nightlies.sqlitebrowser.org/win64/",
        "regex": "SQLite-(\\d{4}-\\d{2}-\\d{2})-win64\\.",
        "reverse": true
    },
    "autoupdate": {
        "architecture": {
            "64bit": {
                "url": "https://nightlies.sqlitebrowser.org/win64/DB.Browser.for.SQLite-$version-win64.zip"
            },
            "32bit": {
                "url": "https://nightlies.sqlitebrowser.org/win32/DB.Browser.for.SQLite-$version-win32.zip"
            }
        }
    }
}
