{
    "version": "0.1",
    "description": "GUI for moving a folder and leaving a symbolic link/junction behind",
    "homepage": "https://www.traynier.com/software/steammover",
    "license": "Freeware",
    "notes": [
        "This program has not been tested on Windows 10 and Windows 11.",
        "Things may break."
    ],
    "url": "https://github.com/traynier/traynier.github.io/raw/master/files/SteamMover_v0_1.zip",
    "hash": "1509EC0E10DCBB9E0CF3F730D5BD9FED24B3319202071850C1AF1AB0E8D6D810",
    "shortcuts": [
        [
            "SteamMover.exe",
            "Steam Mover"
        ]
    ]
}
