{
    "version": "3.5.2",
    "description": "PDF and eBook reader",
    "homepage": "https://www.sumatrapdfreader.org/free-pdf-reader",
    "license": "GPL-3.0-only,BSD-2-Clause",
    "extract_dir": "SumatraPDF",
    "architecture": {
        "64bit": {
            "url": "https://www.sumatrapdfreader.org/dl/rel/3.5.2/SumatraPDF-3.5.2-64-install.exe",
            "hash": "2be4a27b83830ea07c6671c3557673d509544e5f70fc6b2dc8cc4388b302c1f2"
        },
        "32bit": {
            "url": "https://www.sumatrapdfreader.org/dl/rel/3.5.2/SumatraPDF-3.5.2-install.exe",
            "hash": "65b514e80e5121d5ec94705b4a94adf3bf8a6eb6de58d2707ddd72c3d6d3779d"
        }
    },
    "pre_install": [
        "$file = 'SumatraPDF-settings.txt'",
        "if (-not (Test-Path \"$persist_dir\\$file\")) {",
        "    Write-Host 'File' $file 'does not exists. Creating.' -f Yellow",
        "    Set-Content \"$dir\\$file\" 'CheckForUpdates = false' -Encoding Ascii",
        "}",
        "Get-ChildItem \"$dir\\SumatraPDF-*.exe\" | Rename-Item -NewName 'SumatraPDF-installer.exe'"
    ],
    "bin": "SumatraPDF.exe",
    "installer": {
        "file": "SumatraPDF-installer.exe",
        "args": [
            "-x",
            "-d \"$dir\""
        ]
    },
    "shortcuts": [
        [
            "SumatraPDF.exe",
            "SumatraPDF"
        ]
    ],
    "persist": [
        "SumatraPDF-settings.txt",
        "sumatrapdfcache"
    ],
    "post_install": "regsvr32 /s \"$dir\\pdfpreview.dll\"",
    "uninstaller": {
        "script": "regsvr32 /u /s \"$dir\\pdfpreview.dll\""
    },
    "checkver": {
        "url": "https://www.sumatrapdfreader.org/docs/Version-history",
        "regex": "([\\d.]+)\\s+\\(\\d+"
    },
    "autoupdate": {
        "architecture": {
            "64bit": {
                "url": "https://www.sumatrapdfreader.org/dl/rel/$version/SumatraPDF-$version-64-install.exe"
            },
            "32bit": {
                "url": "https://www.sumatrapdfreader.org/dl/rel/$version/SumatraPDF-$version-install.exe"
            }
        }
    }
}
