{
    "version": "3.1.24244",
    "description": "A powerful, multi-purpose tool that helps you monitor system resources, debug software and detect malware.",
    "homepage": "https://systeminformer.sourceforge.io",
    "license": "MIT",
    "url": "https://github.com/winsiderss/si-builds/releases/download/3.1.24244/systeminformer-3.1.24244-canary-bin.zip",
    "hash": "d04a70c13021473fe8bc4755942a8650289dbe0f3ac958ee5a21b21c6e9734dc",
    "architecture": {
        "32bit": {
            "extract_dir": "i386"
        },
        "64bit": {
            "extract_dir": "amd64"
        },
        "arm64": {
            "extract_dir": "arm64"
        }
    },
    "pre_install": [
        "ensure \"$persist_dir\" | Out-Null",
        "'SystemInformer.exe.settings.xml', 'usernotesdb.xml' | ForEach-Object { Copy-Item \"$persist_dir\\$_\" \"$dir\\$_\" -ErrorAction 'SilentlyContinue' }"
    ],
    "shortcuts": [
        [
            "SystemInformer.exe",
            "System Informer"
        ]
    ],
    "post_install": [
        "# Clear icon GUIDs",
        "$settings = Get-ChildItem \"$dir\\SystemInformer.exe.settings.xml\"",
        "$settingsXml = [xml](Get-Content $settings)",
        "if ($settingsXml.settings -eq $null) { return }",
        "($settingsXml.settings.ChildNodes | Where-Object { $_.name.Contains(\"IconGuids\") }) | ForEach-Object { [void]$_.ParentNode.RemoveChild($_) }",
        "$settingsXml.Save($settings)"
    ],
    "pre_uninstall": "'SystemInformer.exe.settings.xml', 'usernotesdb.xml' | ForEach-Object { Copy-Item \"$dir\\$_\" \"$persist_dir\\$_\" -ErrorAction 'SilentlyContinue' }",
    "checkver": {
        "url": "https://systeminformer.sourceforge.io/canary",
        "regex": "systeminformer-([\\d.]+)"
    },
    "autoupdate": {
        "url": "https://github.com/winsiderss/si-builds/releases/download/$version/systeminformer-$version-canary-bin.zip",
        "hash": {
            "url": "https://systeminformer.sourceforge.io/canary",
            "regex": "(?s)Hashes.*?Binaries.*?SHA2.*?$sha256"
        }
    }
}
