{
    "version": "3.04.00",
    "description": "Trained models for the Tesseract Open Source OCR Engine (version 3)",
    "homepage": "https://github.com/tesseract-ocr/tessdata_fast",
    "license": "Apache-2.0",
    "notes": [
        "This packages has overwritten the 'TESSDATA_PREFIX' environment variable with \"$dir\".",
        "After updating \"tesseract3\" please run \"scoop reset tesseract3-languages\" to update the environment variable!"
    ],
    "depends": "versions/tesseract3",
    "url": [
        "https://github.com/tesseract-ocr/tessdata/archive/3.04.00.zip",
        "https://raw.githubusercontent.com/USCDataScience/counterfeit-electronics-tesseract/319a6eeacff181dad5c02f3e7a3aff804eaadeca/Training%20Tesseract/snum.traineddata"
    ],
    "hash": [
        "2823e7b1299d7f9a0ff0197b8fe827195ebbba3c4a1a92758b3100a75e655d49",
        "36f772980ff17c66a767f584a0d80bf2302a1afa585c01a226c1863afcea1392"
    ],
    "extract_dir": "tessdata-3.04.00",
    "env_set": {
        "TESSDATA_PREFIX": "$dir"
    }
}
