{
    "version": "3.1.17",
    "description": "Completely free but older version(v3) of tinyMediaManager, a media management tool written to provide metadata for the Kodi Media Center (formerly known as XBMC), MediaPortal and Plex media server.",
    "homepage": "https://www.tinymediamanager.org/",
    "license": {
        "identifier": "Apache-2.0",
        "url": "https://github.com/tinyMediaManager/tinyMediaManager/blob/master/LICENSE"
    },
    "suggest": {
        "JRE": "java/openjdk"
    },
    "url": "https://archive.tinymediamanager.org/v3.1.17/tmm_3.1.17_win.zip",
    "hash": "3443e95d23f2d51ede18e794c2d7cd67ff5fcdbb4374de0e4ddcb485e916a063",
    "bin": "tinyMediaManagerCMD.exe",
    "shortcuts": [
        [
            "tinyMediaManager.exe",
            "tinyMediaManager"
        ]
    ],
    "persist": [
        "logs",
        "data",
        "cache",
        "backup"
    ]
}
