{
    "version": "9.0.94",
    "description": "Tomcat, an open source implementation of the Java Servlet, JavaServer Pages, Java Expression Language and Java WebSocket technologies. (version 9)",
    "homepage": "https://tomcat.apache.org/",
    "license": "Apache-2.0",
    "suggest": {
        "JDK": "java/openjdk"
    },
    "architecture": {
        "64bit": {
            "url": "https://archive.apache.org/dist/tomcat/tomcat-9/v9.0.94/bin/apache-tomcat-9.0.94-windows-x64.zip",
            "hash": "sha512:18ae2f69f057f7dd2f65eb303db0c888ade840106695b527c0d782639cfe5893e01d092887dad057353c44670a2989188cd6b53c89fe3d25c08c4383ebb5ab98"
        },
        "32bit": {
            "url": "https://archive.apache.org/dist/tomcat/tomcat-9/v9.0.94/bin/apache-tomcat-9.0.94-windows-x86.zip",
            "hash": "sha512:6f623d5e4c3a24f1f3c578751e00387692764689628b1d5d9ffd1945b44117a9cd2ba87f8968b644ccfb970821321105ec6b778203f2c532df205f15a7c99d60"
        }
    },
    "extract_dir": "apache-tomcat-9.0.94",
    "env_set": {
        "CATALINA_BASE": "$dir",
        "CATALINA_HOME": "$dir"
    },
    "bin": "bin\\catalina.bat",
    "persist": [
        "conf",
        "webapps"
    ],
    "checkver": {
        "url": "https://archive.apache.org/dist/tomcat/tomcat-9/?C=M;O=D",
        "regex": "v([\\d.]+)"
    },
    "autoupdate": {
        "architecture": {
            "64bit": {
                "url": "https://archive.apache.org/dist/tomcat/tomcat-$majorVersion/v$version/bin/apache-tomcat-$version-windows-x64.zip"
            },
            "32bit": {
                "url": "https://archive.apache.org/dist/tomcat/tomcat-$majorVersion/v$version/bin/apache-tomcat-$version-windows-x86.zip"
            }
        },
        "hash": {
            "url": "$url.sha512"
        },
        "extract_dir": "apache-tomcat-$version"
    }
}
