{
    "version": "nightly",
    "description": "Ubisoft PC games Launcher",
    "homepage": "https://ubisoftconnect.com",
    "license": {
        "identifier": "Shareware",
        "url": "https://legal.ubi.com/termsofuse/"
    },
    "url": "https://ubistatic3-a.akamaihd.net/orbit/launcher_installer/UbisoftConnectInstaller.exe#/dl.7z",
    "pre_install": "Remove-Item \"$dir\\`$*\", \"$dir\\Uninstall*\" -Force -Recurse",
    "shortcuts": [
        [
            "UbisoftConnect.exe",
            "Ubisoft Connect"
        ]
    ],
    "persist": [
        "games",
        "savegames",
        "cache\\download",
        "cache\\installers"
    ]
}
