{
    "version": "nightly",
    "description": "Your home for Ubisoft PC games.",
    "homepage": "https://uplay.ubisoft.com",
    "license": {
        "identifier": "Shareware",
        "url": "https://legal.ubi.com/termsofuse/"
    },
    "notes": "Deprecated. Install using extras/ubisoftconnect",
    "url": "https://ubistatic3-a.akamaihd.net/orbit/launcher_installer/UplayInstaller.exe#/dl.7z",
    "post_install": "Remove-Item \"$dir\\`$PLUGINSDIR\" -Force -Recurse",
    "persist": [
        "games",
        "savegames",
        "cache\\installers"
    ],
    "bin": "Uplay.exe",
    "shortcuts": [
        [
            "Uplay.exe",
            "Uplay"
        ]
    ]
}
