{
    "version": "2024.36",
    "description": "The V programming language (weekly release channel)",
    "homepage": "https://vlang.io",
    "license": "MIT",
    "notes": "Windows SDK is required, you can either install it using Visual Studio Installer, or download from: https://developer.microsoft.com/en-us/windows/downloads/sdk-archive/",
    "architecture": {
        "64bit": {
            "url": "https://github.com/vlang/v/releases/download/weekly.2024.36/v_windows.zip",
            "hash": "ecb2766f8bce025ba0fd7c6549023e95c6b96853048c73ab0a73b4276a51ebb0"
        }
    },
    "extract_dir": "v",
    "bin": "v.exe",
    "checkver": {
        "url": "https://github.com/vlang/v/releases",
        "regex": "releases/tag/weekly\\.([\\d.]+)"
    },
    "autoupdate": {
        "architecture": {
            "64bit": {
                "url": "https://github.com/vlang/v/releases/download/weekly.$version/v_windows.zip"
            }
        }
    }
}
