{
    "version": "9.1.0724_20240911",
    "description": "A highly configurable text editor for efficiently creating and changing any kind of text. (tux build)",
    "homepage": "https://tuxproject.de/projects/vim",
    "license": "Vim",
    "notes": "Add gVim as a context menu option by running: \"$dir\\install-context.reg\"",
    "suggest": {
        "vimtutor": "vimtutor"
    },
    "architecture": {
        "64bit": {
            "url": "https://tuxproject.de/projects/vim/complete-x64.7z",
            "hash": "275560e49f77a5e94e2029b642839b6a75bc89d713491ddf9d1c44bd305a683b"
        },
        "32bit": {
            "url": "https://tuxproject.de/projects/vim/complete-x86.7z",
            "hash": "76ca13759b0ce80541baf342cb3918e40bb8cb29107fd0b14f9820c0837014ae"
        }
    },
    "post_install": [
        "'install-context.reg', 'uninstall-context.reg' | ForEach-Object {",
        "    $vimpath = \"$dir\\gVim.exe\".Replace('\\', '\\\\')",
        "    $content = (Get-Content \"$bucketsdir\\versions\\scripts\\vim\\$_\").Replace('$vim', $vimpath)",
        "    if ($global) { $content = $content.Replace('HKEY_CURRENT_USER', 'HKEY_LOCAL_MACHINE') }",
        "    Set-Content \"$dir\\$_\" $content",
        "}"
    ],
    "bin": [
        "vim.exe",
        [
            "vim.exe",
            "vi"
        ],
        [
            "vim.exe",
            "ex",
            "-e"
        ],
        [
            "vim.exe",
            "view",
            "-R"
        ],
        [
            "vim.exe",
            "rvim",
            "-Z"
        ],
        [
            "vim.exe",
            "rview",
            "-RZ"
        ],
        [
            "vim.exe",
            "vimdiff",
            "-d"
        ],
        "gvim.exe",
        [
            "gvim.exe",
            "gview",
            "-R"
        ],
        [
            "gvim.exe",
            "evim",
            "-y"
        ],
        [
            "gvim.exe",
            "eview",
            "-Ry"
        ],
        [
            "gvim.exe",
            "rgvim",
            "-Z"
        ],
        [
            "gvim.exe",
            "rgview",
            "-RZ"
        ],
        [
            "gvim.exe",
            "gvimdiff",
            "-d"
        ],
        "xxd.exe"
    ],
    "shortcuts": [
        [
            "gvim.exe",
            "gVim"
        ]
    ],
    "checkver": {
        "regex": "Latest compiled update:</b>\\s(?<y>\\d+)&#45;(?<m>\\d+)&#45;(?<d>\\d+)\\s.*<b>Vim version:</b>\\s+(?<version>[\\d.]+)",
        "replace": "${version}_${y}${m}${d}"
    },
    "autoupdate": {
        "architecture": {
            "64bit": {
                "url": "https://tuxproject.de/projects/vim/complete-x64.7z"
            },
            "32bit": {
                "url": "https://tuxproject.de/projects/vim/complete-x86.7z"
            }
        }
    }
}
