{
    "version": "9.1.0727",
    "description": "A highly configurable text editor for efficiently creating and changing any kind of text.",
    "homepage": "https://www.vim.org",
    "license": "Vim",
    "notes": "Add gVim as a context menu option by running: \"$dir\\install-context.reg\"",
    "suggest": {
        "vimtutor": "vimtutor"
    },
    "architecture": {
        "64bit": {
            "url": "https://github.com/vim/vim-win32-installer/releases/download/v9.1.0727/gvim_9.1.0727_x64.zip",
            "hash": "5a00039a61499b6cab2c2e7e157de89bf4568da5996e8f9b10c669aa59840cfc"
        },
        "32bit": {
            "url": "https://github.com/vim/vim-win32-installer/releases/download/v9.1.0727/gvim_9.1.0727_x86.zip",
            "hash": "71b10b5e44eac9c8c2b7345439ee8ef7ce4b9be35d4415b7f6fbdaf18be195a5"
        }
    },
    "extract_dir": "vim\\vim91",
    "post_install": [
        "Remove-Item \"$dir\\`$*\", \"$dir\\uninstal.*\", \"$dir\\install.exe\" -Recurse",
        "'install-context.reg', 'uninstall-context.reg' | ForEach-Object {",
        "    $vimpath = \"$dir\\gVim.exe\".Replace('\\', '\\\\')",
        "    $content = (Get-Content \"$bucketsdir\\versions\\scripts\\vim\\$_\").Replace('$vim', $vimpath)",
        "    if ($global) { $content = $content.Replace('HKEY_CURRENT_USER', 'HKEY_LOCAL_MACHINE') }",
        "    Set-Content \"$dir\\$_\" $content",
        "}"
    ],
    "bin": [
        "vim.exe",
        [
            "vim.exe",
            "vi"
        ],
        [
            "vim.exe",
            "ex",
            "-e"
        ],
        [
            "vim.exe",
            "view",
            "-R"
        ],
        [
            "vim.exe",
            "rvim",
            "-Z"
        ],
        [
            "vim.exe",
            "rview",
            "-RZ"
        ],
        [
            "vim.exe",
            "vimdiff",
            "-d"
        ],
        "gvim.exe",
        [
            "gvim.exe",
            "gview",
            "-R"
        ],
        [
            "gvim.exe",
            "evim",
            "-y"
        ],
        [
            "gvim.exe",
            "eview",
            "-Ry"
        ],
        [
            "gvim.exe",
            "rgvim",
            "-Z"
        ],
        [
            "gvim.exe",
            "rgview",
            "-RZ"
        ],
        [
            "gvim.exe",
            "gvimdiff",
            "-d"
        ],
        "xxd.exe"
    ],
    "shortcuts": [
        [
            "gvim.exe",
            "gVim"
        ]
    ],
    "checkver": {
        "github": "https://github.com/vim/vim-win32-installer"
    },
    "autoupdate": {
        "architecture": {
            "64bit": {
                "url": "https://github.com/vim/vim-win32-installer/releases/download/v$version/gvim_$version_x64.zip"
            },
            "32bit": {
                "url": "https://github.com/vim/vim-win32-installer/releases/download/v$version/gvim_$version_x86.zip"
            }
        },
        "extract_dir": "vim\\vim$majorVersion$minorVersion"
    }
}
