{
    "homepage": "https://vivaldi.com/",
    "description": "An innovatively designed web browser, based on Blink, for users in Vivaldi.net community that replaced departed My Opera",
    "version": "6.10.3464.3",
    "license": "https://vivaldi.com/privacy/vivaldi-end-user-license-agreement/",
    "architecture": {
        "64bit": {
            "url": "https://downloads.vivaldi.com/snapshot/Vivaldi.6.10.3464.3.x64.exe#/dl.7z",
            "hash": "06318dbcc93eaad2d72310650d56a2947f27229e0020d68ceab52839478bcdfa"
        },
        "32bit": {
            "url": "https://downloads.vivaldi.com/snapshot/Vivaldi.6.10.3464.3.exe#/dl.7z",
            "hash": "2fe1fc8621e3bef925dfcd05457aa4f46ff3aa4bcdff90a1ddcd85b1387f2285"
        }
    },
    "installer": {
        "script": [
            "Expand-7zipArchive \"$dir\\vivaldi.7z\" \"$dir\"",
            "Move-Item \"$dir\\Vivaldi-bin\" \"$dir\\Application\"",
            "Remove-Item \"$dir\\vivaldi.7z\"",
            "Remove-Item \"$dir\\Application\\update_notifier.exe\"",
            "Write-Output \"// Vivaldi Standalone\" | Set-Content \"$dir\\Application\\stp.viv\""
        ]
    },
    "shortcuts": [
        [
            "Application\\vivaldi.exe",
            "Vivaldi Snapshot"
        ]
    ],
    "persist": "User Data",
    "checkver": {
        "url": "https://vivaldi.com/blog/feed/",
        "regex": "snapshot/Vivaldi.([\\d.]+).x64.exe"
    },
    "autoupdate": {
        "architecture": {
            "64bit": {
                "url": "https://downloads.vivaldi.com/snapshot/Vivaldi.$version.x64.exe#/dl.7z"
            },
            "32bit": {
                "url": "https://downloads.vivaldi.com/snapshot/Vivaldi.$version.exe#/dl.7z"
            }
        }
    }
}
