{
    "version": "20240911",
    "description": "A free and open source multimedia player and framework that plays most multimedia files as well as DVDs, Audio CDs, VCDs, and various streaming protocols.",
    "homepage": "https://www.videolan.org/",
    "license": "GPL-2.0-only",
    "architecture": {
        "64bit": {
            "url": "https://artifacts.videolan.org/vlc/nightly-win64/20240911-0420/vlc-4.0.0-dev-win64-26ca0a4f.7z",
            "hash": "sha512:427b1e419eefadc830d4eaaba1dadf532dad208535d039c3894ea351406ea79471b0db48a11bffcd984ebd2e800de66185e778ed338b917572078208bd46f5c0"
        },
        "32bit": {
            "url": "https://artifacts.videolan.org/vlc/nightly-win32/20240202-0423/vlc-4.0.0-dev-win32-82f3c433.7z",
            "hash": "sha512:785af62fd28a9de212735087f75d834a95ad081899b0af7fa567ba164c89f2fa8a2cd7855693f82859eec2d32d945b9cbd9963012799b174679e88579ed620ea"
        },
        "arm64": {
            "url": "https://artifacts.videolan.org/vlc/nightly-win64-arm-llvm/20240911-0437/vlc-4.0.0-dev-win64-26ca0a4f.7z",
            "hash": "sha512:6c77062e2554370ab26d81a5bd283c15e7d261c5dba040b832fb9100523b4bab87e9183e21a15db9c39c8819dba1287cb82cbfdcb20d6d673bf345023b36ae4e"
        }
    },
    "extract_dir": "vlc-4.0.0-dev",
    "pre_install": [
        "if (!(Test-Path \"$persist_dir\\portable\") -and (Test-Path \"$env:APPDATA\\vlc\")) {",
        "    info \"Copying old '$env:APPDATA\\vlc' to '$persist_dir\\portable'\"",
        "    ensure \"$dir\\portable\\vlc\" | Out-Null",
        "    Copy-Item \"$env:APPDATA\\vlc\\*\" \"$dir\\portable\" -Recurse -Force",
        "    Move-Item \"$dir\\portable\\vlc-qt-interface.ini\" \"$dir\\portable\\vlc\"",
        "}"
    ],
    "bin": "vlc.exe",
    "shortcuts": [
        [
            "vlc.exe",
            "VLC media player"
        ]
    ],
    "persist": "portable",
    "checkver": {
        "script": [
            "$builds = 'win32', 'win64', 'win64-arm-llvm'",
            "$scriptver = ''",
            "$urls =  @()",
            "foreach ($build in $builds) {",
            "   $base_url = 'https://artifacts.videolan.org/vlc/nightly-' + $build + '/'",
            "   $page = Invoke-WebRequest $base_url -UseBasicParsing",
            "   $full_version = $page.links | Where-Object href -match '\\d+-\\d+' | Select-Object -first 1 -expand href",
            "   $dl_page = Invoke-WebRequest ($base_url + $full_version) -UseBasicParsing",
            "   $scriptver = $full_version -split '-' | Select-Object -first 1",
            "   $dl = $full_version + ($dl_page.links | Where-Object href -match '\\.7z$' | Select-Object -first 1 -expand href)",
            "   $urls += $dl",
            "}",
            "Write-Output ('version:\"' + $scriptver + '\"') ('urls:\"' + $urls + '\"')"
        ],
        "regex": "version:\"(?<version>\\d+)\"\\surls:\"(?<win32bitver>.+\\/)(?<win32bitfile>(?<folderversion>vlc-[\\d.]+-dev).+)\\s(?<win64bitver>.+\\/)(?<win64bitfile>.+)\\s(?<winarm64ver>.+\\/)(?<winarm64file>.+)\""
    },
    "autoupdate": {
        "architecture": {
            "64bit": {
                "url": "https://artifacts.videolan.org/vlc/nightly-win64/$matchWin64bitver$matchWin64bitfile",
                "hash": {
                    "url": "https://artifacts.videolan.org/vlc/nightly-win64/$matchWin64bitverSHA512SUM"
                }
            },
            "32bit": {
                "url": "https://artifacts.videolan.org/vlc/nightly-win32/$matchWin32bitver$matchWin32bitfile",
                "hash": {
                    "url": "https://artifacts.videolan.org/vlc/nightly-win32/$matchWin32bitverSHA512SUM"
                }
            },
            "arm64": {
                "url": "https://artifacts.videolan.org/vlc/nightly-win64-arm-llvm/$matchWinarm64ver$matchWinarm64file",
                "hash": {
                    "url": "https://artifacts.videolan.org/vlc/nightly-win64-arm-llvm/$matchWinarm64verSHA512SUM"
                }
            }
        },
        "extract_dir": "$matchFolderversion"
    }
}
