{
    "version": "1.94.0-1726031113275",
    "description": "Visual Studio Code is a lightweight but powerful source code editor (Insiders, Portable Edition).",
    "homepage": "https://code.visualstudio.com/",
    "license": {
        "identifier": "Freeware",
        "url": "https://code.visualstudio.com/License/"
    },
    "notes": [
        "Add Visual Studio Code as a context menu option by running:",
        "'reg import \"$dir\\install-context.reg\"'",
        "For file associations, run:",
        "'reg import \"$dir\\install-associations.reg\"'"
    ],
    "architecture": {
        "64bit": {
            "url": "https://update.code.visualstudio.com/latest/win32-x64-archive/insider#/dl.7z",
            "hash": "e3560670e55d77afba8094f1580ebe1cca608adadcb7bff4372fe0efddcead2d"
        },
        "32bit": {
            "url": "https://update.code.visualstudio.com/latest/win32-archive/insider#/dl.7z",
            "hash": "08878b83355b78174eb0d631af8e99b610a3c5661ff52d8e3ff1c76181d6eed8"
        },
        "arm64": {
            "url": "https://update.code.visualstudio.com/latest/win32-arm64-archive/insider#/dl.7z",
            "hash": "5109515ea73d7297d0e9de3967a510227c7526719f2937714fc66dfac0f42a26"
        }
    },
    "post_install": [
        "$dirpath = \"$dir\".Replace('\\', '\\\\')",
        "$exepath = \"$dir\\Code - Insiders.exe\".Replace('\\', '\\\\')",
        "'install-associations', 'uninstall-associations', 'install-context', 'uninstall-context' | ForEach-Object {",
        "  if (Test-Path \"$bucketsdir\\extras\\scripts\\vscode\\$_.reg\") {",
        "    $content = Get-Content \"$bucketsdir\\extras\\scripts\\vscode\\$_.reg\"",
        "    $content = $content.Replace('$codedir', $dirpath)",
        "    $content = $content.Replace('$code', $exepath)",
        "    $content = $content.Replace('&Code', 'Code &Insiders')",
        "    if ($global) {",
        "      $content = $content.Replace('HKEY_CURRENT_USER', 'HKEY_LOCAL_MACHINE')",
        "    }",
        "    $content | Set-Content -Path \"$dir\\$_.reg\"",
        "  }",
        "}",
        "if (!(Test-Path \"$dir\\data\\extensions\") -and (Test-Path \"$env:USERPROFILE\\.vscode-insiders\\extensions\")) {",
        "    info '[Portable Mode] Copying extensions...'",
        "    Copy-Item \"$env:USERPROFILE\\.vscode-insiders\\extensions\" \"$dir\\data\" -Recurse",
        "}",
        "if (!(Test-Path \"$dir\\data\\user-data\") -and (Test-Path \"$env:AppData\\Code - Insiders\")) {",
        "    info '[Portable Mode] Copying user data...'",
        "    Copy-Item \"$env:AppData\\Code - Insiders\" \"$dir\\data\\user-data\" -Recurse",
        "}",
        "$extensions_file = \"$dir\\data\\extensions\\extensions.json\"",
        "if ((Test-Path \"$extensions_file\")) {",
        "    info 'Adjusting path in extensions file...'",
        "    (Get-Content \"$extensions_file\") -replace '(?<=vscode-insiders(/|\\\\\\\\)).*?(?=(/|\\\\\\\\)data(/|\\\\\\\\)extensions)', $version | Set-Content \"$extensions_file\"",
        "}"
    ],
    "env_add_path": "bin",
    "shortcuts": [
        [
            "Code - Insiders.exe",
            "Visual Studio Code - Insiders"
        ]
    ],
    "persist": "data",
    "uninstaller": {
        "script": "if ($cmd -eq 'uninstall') { reg import \"$dir\\uninstall-context.reg\" }"
    },
    "checkver": {
        "url": "https://update.code.visualstudio.com/api/update/win32-x64-archive/insider/latest",
        "jsonpath": "$..['productVersion','timestamp']",
        "regex": "^\\[\"(?<productVersion>.+)-insider\",(?<timestamp>.*)\\]$",
        "replace": "${productVersion}-${timestamp}"
    },
    "autoupdate": {
        "architecture": {
            "64bit": {
                "url": "https://update.code.visualstudio.com/latest/win32-x64-archive/insider#/dl.7z",
                "hash": {
                    "url": "https://update.code.visualstudio.com/api/update/win32-x64-archive/insider/latest",
                    "jsonpath": "$.sha256hash"
                }
            },
            "32bit": {
                "url": "https://update.code.visualstudio.com/latest/win32-archive/insider#/dl.7z",
                "hash": {
                    "url": "https://update.code.visualstudio.com/api/update/win32-archive/insider/latest",
                    "jsonpath": "$.sha256hash"
                }
            },
            "arm64": {
                "url": "https://update.code.visualstudio.com/latest/win32-arm64-archive/insider#/dl.7z",
                "hash": {
                    "url": "https://update.code.visualstudio.com/api/update/win32-arm64-archive/insider/latest",
                    "jsonpath": "$.sha256hash"
                }
            }
        }
    }
}
