{
    "version": "2024.2-242.20224.96",
    "description": "Cross-Platform IDE for JavaScript by JetBrains. (Early Access Program)",
    "homepage": "https://www.jetbrains.com/webstorm/",
    "license": {
        "identifier": "Proprietary",
        "url": "https://www.jetbrains.com/store/license.html"
    },
    "url": "https://download.jetbrains.com/webstorm/WebStorm-242.20224.96.exe#/dl.7z",
    "hash": "522412aa28046e9aa28aeb2fed26faa3b5588fba4fa1b804bf5db704e899d172",
    "extract_to": "IDE",
    "installer": {
        "script": [
            "& \"$bucketsdir\\versions\\scripts\\jetbrains\\portable.ps1\" $dir $persist_dir",
            "Remove-Item \"$dir\\IDE\\`$*\" -Force -Recurse"
        ]
    },
    "architecture": {
        "64bit": {
            "bin": [
                [
                    "IDE\\bin\\webstorm64.exe",
                    "webstorm"
                ]
            ],
            "shortcuts": [
                [
                    "IDE\\bin\\webstorm64.exe",
                    "JetBrains\\WebStorm (Early Access Program)"
                ]
            ]
        },
        "32bit": {
            "bin": "IDE\\bin\\webstorm.exe",
            "shortcuts": [
                [
                    "IDE\\bin\\webstorm.exe",
                    "JetBrains\\WebStorm (Early Access Program)"
                ]
            ]
        }
    },
    "persist": [
        "IDE\\bin\\idea.properties",
        "profile"
    ],
    "checkver": {
        "url": "https://data.services.jetbrains.com/products/releases?code=WS&latest=true&platform=zip&type=eap",
        "regex": "version\":\"(?<ver>[\\d.]+)\".*\"build\":\"(?<build>[\\d.]+)\"",
        "replace": "${ver}-${build}"
    },
    "autoupdate": {
        "url": "https://download.jetbrains.com/webstorm/WebStorm-$preReleaseVersion.exe#/dl.7z",
        "hash": {
            "url": "$url.sha256"
        }
    }
}
