{
    "version": "nightly",
    "description": "GPU-accelerated terminal emulator (nightly builds)",
    "homepage": "https://github.com/wez/wezterm",
    "license": "Apache-2.0",
    "architecture": {
        "64bit": {
            "url": "https://github.com/wez/wezterm/releases/download/nightly/WezTerm-windows-nightly.zip"
        }
    },
    "installer": {
        "script": [
            "$foldername = (Get-Item $dir\\WezTerm-windows-*).Name",
            "Move-Item $dir\\$foldername\\* $dir",
            "Remove-Item $dir\\$foldername"
        ]
    },
    "bin": "wezterm.exe",
    "shortcuts": [
        [
            "wezterm-gui.exe",
            "WezTerm"
        ]
    ]
}
