{
    "version": "1.22.2362.0",
    "description": "The new Windows Terminal, and the original Windows console host - all in the same place! (Preview version)",
    "homepage": "https://github.com/microsoft/terminal",
    "license": "MIT",
    "notes": "Add Windows Terminal Preview as a context menu option by running `reg import \"$dir\\install-context.reg\"`",
    "architecture": {
        "64bit": {
            "url": "https://github.com/microsoft/terminal/releases/download/v1.22.2362.0/Microsoft.WindowsTerminalPreview_1.22.2362.0_x64.zip",
            "hash": "6ea8daf670a28dd43823079617e2054a9a5f4411d0b7025c637b6c6276621d81"
        },
        "32bit": {
            "url": "https://github.com/microsoft/terminal/releases/download/v1.22.2362.0/Microsoft.WindowsTerminalPreview_1.22.2362.0_x86.zip",
            "hash": "ab59cfb83e645012733b13bf9c155c7f29d70e3de75886d46f1cfaf64e90e915"
        },
        "arm64": {
            "url": "https://github.com/microsoft/terminal/releases/download/v1.22.2362.0/Microsoft.WindowsTerminalPreview_1.22.2362.0_arm64.zip",
            "hash": "8f3a10ed10980379277127037fb4a66f40e1a113edf83991b6ff7b2d24613ba5"
        }
    },
    "extract_dir": "terminal-1.22.2362.0",
    "pre_install": [
        "# Remove this hint in 2023-12-01",
        "$settings_path = \"$env:LOCALAPPDATA\\Packages\\Microsoft.WindowsTerminalPreview_8wekyb3d8bbwe\\LocalState\"",
        "if (!(Test-Path \"$persist_dir\\settings\") -and (Test-Path $settings_path)) {",
        "  $current_settings = $dir.Replace($version, 'current') + \"\\settings\"",
        "  warn \"Portable mode is enabled from version 1.18.1421.0, please migrate the settings manually:\"",
        "  warn \"Original settings dir: `'$settings_path`'\"",
        "  warn \"Portable settings dir: `'$current_settings`'\"",
        "}"
    ],
    "installer": {
        "script": [
            "$winVer = [Environment]::OSVersion.Version",
            "if (($winver.Major -lt '10') -or ($winVer.Build -lt 19041)) { error 'At least Windows 10 20H1 (build 19041) is required.'; break }",
            "if (!(Test-Path \"$persist_dir\\.portable\")) { Add-Content \"$dir\\.portable\" '' -Encoding Ascii }"
        ]
    },
    "post_install": [
        "'install-context', 'uninstall-context' | ForEach-Object {",
        "    if (Test-Path \"$bucketsdir\\versions\\scripts\\windows-terminal-preview\\$_.reg\") {",
        "        $wtPath = \"$dir\".Replace('\\', '\\\\')",
        "        $content = (Get-Content \"$bucketsdir\\versions\\scripts\\windows-terminal-preview\\$_.reg\").Replace('$wt', $wtPath)",
        "        if ($global) { $content = $content.Replace('HKEY_CURRENT_USER', 'HKEY_LOCAL_MACHINE') }",
        "        Set-Content \"$dir\\$_.reg\" $content -Encoding Ascii -Force",
        "    }",
        "}"
    ],
    "bin": [
        [
            "WindowsTerminal.exe",
            "WindowsTerminalPreview"
        ],
        [
            "wt.exe",
            "wtp"
        ]
    ],
    "shortcuts": [
        [
            "WindowsTerminal.exe",
            "Windows Terminal Preview"
        ]
    ],
    "persist": [
        ".portable",
        "settings"
    ],
    "pre_uninstall": "if ($cmd -eq 'uninstall') { reg import \"$dir\\uninstall-context.reg\" }",
    "checkver": {
        "url": "https://api.github.com/repositories/100060912/releases",
        "jsonpath": "$[?(@.prerelease == true)].tag_name",
        "regex": "v([\\d.]+)"
    },
    "autoupdate": {
        "architecture": {
            "64bit": {
                "url": "https://github.com/microsoft/terminal/releases/download/v$version/Microsoft.WindowsTerminalPreview_$version_x64.zip"
            },
            "32bit": {
                "url": "https://github.com/microsoft/terminal/releases/download/v$version/Microsoft.WindowsTerminalPreview_$version_x86.zip"
            },
            "arm64": {
                "url": "https://github.com/microsoft/terminal/releases/download/v$version/Microsoft.WindowsTerminalPreview_$version_arm64.zip"
            }
        },
        "hash": {
            "url": "https://github.com/microsoft/terminal/releases/tag/v$version",
            "regex": "(?s)$basename.*?$sha256"
        },
        "extract_dir": "terminal-$version"
    }
}
