{
    "version": "1.9.2411",
    "description": "Windows Package Manager CLI (aka winget)",
    "homepage": "https://github.com/microsoft/winget-cli",
    "license": "MIT",
    "notes": [
        "At least Windows 10 build 17763 is required to use winget.",
        "For documentation on settings, see: https://aka.ms/winget-settings."
    ],
    "suggest": {
        "vcredist": "extras/vcredist2022"
    },
    "url": "https://github.com/microsoft/winget-cli/releases/download/v1.9.2411-preview/Microsoft.DesktopAppInstaller_8wekyb3d8bbwe.msixbundle#/dl.7z",
    "hash": "41a5e1dd4a8fc3f4fab22dfb3fc251644e226ef9e965fde5dd332c36cebcb006",
    "architecture": {
        "64bit": {
            "pre_install": "Get-ChildItem \"$dir\" -Exclude '*x64.msix' | Remove-Item -Force -Recurse"
        },
        "32bit": {
            "pre_install": "Get-ChildItem \"$dir\" -Exclude '*x86.msix' | Remove-Item -Force -Recurse"
        }
    },
    "installer": {
        "script": "Get-ChildItem \"$dir\" '*.msix' | Select-Object -ExpandProperty Fullname | Expand-7zipArchive -DestinationPath \"$dir\" -Removal"
    },
    "bin": "winget.exe",
    "checkver": {
        "url": "https://github.com/microsoft/winget-cli/releases.atom",
        "regex": "tag/v([\\d.]+)-preview"
    },
    "autoupdate": {
        "url": "https://github.com/microsoft/winget-cli/releases/download/v$version-preview/Microsoft.DesktopAppInstaller_8wekyb3d8bbwe.msixbundle#/dl.7z",
        "hash": {
            "url": "https://github.com/microsoft/winget-cli/releases/download/v$version-preview/Microsoft.DesktopAppInstaller_8wekyb3d8bbwe.txt"
        }
    }
}
