{
    "version": "3.14.1",
    "description": "Set of tools for windows installer creation.",
    "homepage": "https://wixtoolset.org/",
    "license": "MS-RL",
    "url": "https://github.com/wixtoolset/wix3/releases/download/wix3141rtm/wix314-binaries.zip",
    "hash": "6ac824e1642d6f7277d0ed7ea09411a508f6116ba6fae0aa5f2c7daa2ff43d31",
    "bin": [
        "candle.exe",
        "dark.exe",
        "heat.exe",
        "insignia.exe",
        "light.exe",
        "lit.exe",
        "lux.exe",
        "melt.exe",
        "nit.exe",
        "pyro.exe",
        "retina.exe",
        "shine.exe",
        "smoke.exe",
        "ThmViewer.exe",
        "torch.exe",
        "WixCop.exe"
    ],
    "env_set": {
        "WixToolPath": "$dir"
    },
    "checkver": {
        "url": "https://github.com/wixtoolset/wix3/releases",
        "regex": ">WiX Toolset v([\\d.]+)<"
    },
    "autoupdate": {
        "url": "https://github.com/wixtoolset/wix3/releases/download/wix$cleanVersionrtm/wix$majorVersion$minorVersion-binaries.zip"
    }
}
