{
    "version": "8.0.29",
    "homepage": "https://xtremedownloadmanager.com/",
    "description": "Beta builds of Xtreme Download Manager.",
    "license": "GPL-2.0-only",
    "url": "https://github.com/subhra74/xdm/releases/download/8.0.29/xdmsetup-8.0.29.msi",
    "hash": "aee7da204fcdb137275c9a2d13fc0f8dc961cbd7a2b42adf3d86145b604b5857",
    "extract_dir": "XDM",
    "bin": "xdm-app.exe",
    "shortcuts": [
        [
            "xdm-app.exe",
            "Xtreme Download Manager"
        ]
    ],
    "checkver": {
        "url": "https://api.github.com/repos/subhra74/xdm/releases",
        "jsonpath": "$[0].tag_name"
    },
    "autoupdate": {
        "url": "https://github.com/subhra74/xdm/releases/download/$version/xdmsetup-$version.msi"
    }
}
