{
    "version": "3.7.9",
    "description": "A popular and classic mind mapping tool",
    "homepage": "https://www.xmind.net/xmind8-pro/",
    "license": {
        "identifier": "Shareware",
        "url": "https://www.xmind.net/terms/"
    },
    "url": "https://www.xmind.net/xmind/downloads/xmind-8-update9-windows.zip",
    "hash": "126da4b6a5542f0b0846109d7163932ed32bdb6fb9c90382b4fc61c115ea80cf",
    "extract_dir": "XMind 8 Update 9",
    "shortcuts": [
        [
            "XMind.exe",
            "XMind"
        ]
    ],
    "persist": "workspace"
}
