{
    "version": "1.1.1-20220917",
    "description": "A handwriting notetaking software with PDF annotation support",
    "homepage": "https://github.com/xournalpp/xournalpp",
    "license": "GPL-2.0-or-later",
    "architecture": {
        "64bit": {
            "url": "https://github.com/xournalpp/xournalpp/releases/download/nightly/xournalpp-1.1.1+dev-nightly.20220917-windows.zip",
            "hash": "b7d75c28b62eab251f71a6c8c460a60c99b860f4d79195d27d5e918c3bc20bab"
        }
    },
    "pre_install": [
        "Get-ChildItem \"$dir\\*.exe\" | ForEach-Object -Process { Expand-7zipArchive $_ -Removal }",
        "Remove-Item \"$dir\\`$*\", \"$dir\\Uninst*\" -Recurse"
    ],
    "bin": "bin\\xournalpp.exe",
    "shortcuts": [
        [
            "bin\\xournalpp.exe",
            "Xournal++ Nightly"
        ]
    ],
    "checkver": {
        "url": "https://github.com/xournalpp/xournalpp/releases/tag/nightly",
        "regex": "(?<main>[\\d.]+)\\+dev-nightly\\.(?<date>\\d{8})",
        "replace": "${main}-${date}"
    },
    "autoupdate": {
        "architecture": {
            "64bit": {
                "url": "https://github.com/xournalpp/xournalpp/releases/download/nightly/xournalpp-$matchMain+dev-nightly.$matchDate-windows.zip"
            }
        }
    }
}
