{
    "version": "2024.09.08.073303",
    "description": "yt-dlp (official) master builds",
    "homepage": "https://github.com/yt-dlp/yt-dlp-master-builds",
    "license": "Freeware",
    "suggest": {
        "ffmpeg": "ffmpeg-nightly"
    },
    "architecture": {
        "64bit": {
            "url": "https://github.com/yt-dlp/yt-dlp-master-builds/releases/download/2024.09.08.073303/yt-dlp.exe",
            "hash": "sha512:e412afb875ff7d9856386f9482f4f4257d6dd988123e4c4ed26fed74859f594328ae6b0c2a0ba3677312670eba5657293e9a6c022bf7098e05bae3774657b7c5"
        },
        "32bit": {
            "url": "https://github.com/yt-dlp/yt-dlp-master-builds/releases/download/2024.09.08.073303/yt-dlp_x86.exe#/yt-dlp.exe",
            "hash": "sha512:556c5739e6f81b21a23443eefce6f378dbe9960a9f4126bb1896bc8b9965590e67067bd43833361b30038ae87c1299700e344837a5f580850b957b5473086552"
        }
    },
    "bin": "yt-dlp.exe",
    "pre_install": "$null = if (!(Test-Path \"$persist_dir/yt-dlp.conf\")) { New-Item \"$dir/yt-dlp.conf\" }",
    "persist": [
        "yt-dlp.conf",
        "ytdlp_plugins"
    ],
    "checkver": "github",
    "autoupdate": {
        "architecture": {
            "64bit": {
                "url": "https://github.com/yt-dlp/yt-dlp-master-builds/releases/download/$version/yt-dlp.exe"
            },
            "32bit": {
                "url": "https://github.com/yt-dlp/yt-dlp-master-builds/releases/download/$version/yt-dlp_x86.exe#/yt-dlp.exe"
            }
        },
        "hash": {
            "url": "$baseurl/SHA2-512SUMS"
        }
    }
}
