{
    "version": "2024.09.08.232909",
    "description": "yt-dlp (official) nightly builds",
    "homepage": "https://github.com/yt-dlp/yt-dlp-nightly-builds",
    "license": "Freeware",
    "suggest": {
        "ffmpeg": "ffmpeg-nightly"
    },
    "architecture": {
        "64bit": {
            "url": "https://github.com/yt-dlp/yt-dlp-nightly-builds/releases/download/2024.09.08.232909/yt-dlp.exe",
            "hash": "sha512:57cfdce4a4d70b21235f072a307ff8aca1c3c0c6017333f3d7b24dcaedc87081ff20d6ac63f5d61ba72a43589d641082bfd68275d7072b34efea7b00db71514a"
        },
        "32bit": {
            "url": "https://github.com/yt-dlp/yt-dlp-nightly-builds/releases/download/2024.09.08.232909/yt-dlp_x86.exe#/yt-dlp.exe",
            "hash": "sha512:590c475a13b325719a57432b3e956fbacac6aa60a81c9288a17f4c22b37bbe7149adc2fe03076d5dbc735fdb9dfb8d5258d3a5b30145a2beabf9b630f537912d"
        }
    },
    "bin": "yt-dlp.exe",
    "pre_install": "$null = if (!(Test-Path \"$persist_dir/yt-dlp.conf\")) { New-Item \"$dir/yt-dlp.conf\" }",
    "persist": [
        "yt-dlp.conf",
        "ytdlp_plugins"
    ],
    "checkver": "github",
    "autoupdate": {
        "architecture": {
            "64bit": {
                "url": "https://github.com/yt-dlp/yt-dlp-nightly-builds/releases/download/$version/yt-dlp.exe"
            },
            "32bit": {
                "url": "https://github.com/yt-dlp/yt-dlp-nightly-builds/releases/download/$version/yt-dlp_x86.exe#/yt-dlp.exe"
            }
        },
        "hash": {
            "url": "$baseurl/SHA2-512SUMS"
        }
    }
}
