{
    "version": "20240912",
    "description": "Zed is a high-performance, multiplayer code editor from the creators of Atom and Tree-sitter. It's also open source.",
    "homepage": "https://zed.dev/",
    "license": "AGPL-3.0, Apache-2.0, GPL-3.0",
    "architecture": {
        "64bit": {
            "url": "https://github.com/deevus/zed-windows-builds/releases/download/20240912/zed-windows.zip",
            "hash": "196dae5111e83f05bb7f49947b11788cf4da0b502192254f75021951796b7b5f"
        }
    },
    "extract_dir": "zed-release",
    "bin": "zed.exe",
    "shortcuts": [
        [
            "zed.exe",
            "Zed"
        ]
    ],
    "checkver": {
        "github": "https://github.com/deevus/zed-windows-builds"
    },
    "autoupdate": {
        "url": "https://github.com/deevus/zed-windows-builds/releases/download/$version/zed-windows.zip"
    }
}
