{
    "version": "3.1d26",
    "description": "Zip compression utilities (beta version)",
    "homepage": "http://infozip.sourceforge.net/",
    "license": "Info-ZIP",
    "bin": [
        "zip.exe",
        "zipcloak.exe",
        "zipnote.exe",
        "zipsplit.exe"
    ],
    "url": "http://r.windows.random.supplies/zip3.1d26.zip",
    "hash": "822b1a808636e28d0c67e76572a21dc2bc1b2a1c092cc01c762c883e2c2cbd63",
    "architecture": {
        "64bit": {
            "extract_dir": "x64"
        },
        "32bit": {
            "extract_dir": "x32"
        }
    }
}
