{
    "description": "AdoptOpenJDK 14 with Oracle HotSpot JVM",
    "homepage": "https://adoptopenjdk.net",
    "version": "14.0.2-12",
    "license": "GPL-2.0-only WITH Classpath-exception-2.0",
    "architecture": {
        "64bit": {
            "url": "https://github.com/AdoptOpenJDK/openjdk14-binaries/releases/download/jdk-14.0.2%2B12/OpenJDK14U-jdk_x64_windows_hotspot_14.0.2_12.zip",
            "hash": "80926003297bf5afc9357ce24c12aee65483fc7889dc34b65fe08bec4d040611"
        }
    },
    "extract_dir": "jdk-14.0.2+12",
    "env_add_path": "bin",
    "env_set": {
        "JAVA_HOME": "$dir"
    }
}
