{
    "description": "Unaltered builds from the OpenJDK mercurial JDK8u code stream, built by Red Hat",
    "homepage": "https://adoptopenjdk.net/upstream.html",
    "version": "8u312-b07",
    "license": "GPL-2.0-only WITH Classpath-exception-2.0",
    "architecture": {
        "64bit": {
            "url": "https://github.com/AdoptOpenJDK/openjdk8-upstream-binaries/releases/download/jdk8u312-b07/OpenJDK8U-jre_x64_windows_8u312b07.zip",
            "hash": "eee93412f28780975700d3ad444367c10261e096ddbe3da7001f9689451b511c"
        }
    },
    "extract_dir": "openjdk-8u312-b07-jre",
    "env_add_path": "bin",
    "env_set": {
        "JAVA_HOME": "$dir"
    }
}
