{
    "description": "AdoptOpenJDK 8 with Oracle HotSpot JVM",
    "homepage": "https://adoptopenjdk.net",
    "version": "8u302-b08.1",
    "license": "GPL-2.0-only WITH Classpath-exception-2.0",
    "architecture": {
        "64bit": {
            "url": "https://github.com/adoptium/temurin8-binaries/releases/download/jdk8u302-b08.1/OpenJDK8U-jdk_x64_windows_hotspot_8u302b08.zip",
            "hash": "3df3ebee978f5c9e9b4e34a74ce8d4b0c8f5bb7dfa83f2b315129c1eee6b70c4"
        }
    },
    "extract_dir": "jdk8u302-b08",
    "env_add_path": "bin",
    "env_set": {
        "JAVA_HOME": "$dir"
    }
}
