{
    "description": "AdoptOpenJDK 8 with Eclipse OpenJ9 JVM with large heap",
    "homepage": "https://adoptopenjdk.net",
    "version": "8u282-b08-0.24.0",
    "license": "GPL-2.0-only WITH Classpath-exception-2.0,EPL-2.0",
    "architecture": {
        "64bit": {
            "url": "https://github.com/AdoptOpenJDK/openjdk8-binaries/releases/download/jdk8u282-b08_openj9-0.24.0/OpenJDK8U-jdk_x64_windows_openj9_windowsXL_8u282b08_openj9-0.24.0.zip",
            "hash": "8dfe72f0861c476b882c863b811e34704fb2e7f3ddff00965f368401acc1ca2b"
        }
    },
    "extract_dir": "jdk8u282-b08",
    "env_add_path": "bin",
    "env_set": {
        "JAVA_HOME": "$dir"
    }
}
