{
    "description": "AdoptOpenJDK 8 JRE with Eclipse OpenJ9 JVM with large heap",
    "homepage": "https://adoptopenjdk.net",
    "version": "8u282-b08-0.24.0",
    "license": "GPL-2.0-only WITH Classpath-exception-2.0,EPL-2.0",
    "architecture": {
        "64bit": {
            "url": "https://github.com/AdoptOpenJDK/openjdk8-binaries/releases/download/jdk8u282-b08_openj9-0.24.0/OpenJDK8U-jre_x64_windows_openj9_windowsXL_8u282b08_openj9-0.24.0.zip",
            "hash": "9e5209b3cf2761c738fc43a017388a77f1573f9e11e0f0bed85c0ba8f9934b4c"
        }
    },
    "extract_dir": "jdk8u282-b08-jre",
    "env_add_path": "bin",
    "env_set": {
        "JAVA_HOME": "$dir"
    }
}
