{
    "description": "AdoptOpenJDK 9 with Oracle HotSpot JVM",
    "homepage": "https://adoptopenjdk.net",
    "version": "9.0.4-11",
    "license": "GPL-2.0-only WITH Classpath-exception-2.0",
    "architecture": {
        "64bit": {
            "url": "https://github.com/AdoptOpenJDK/openjdk9-binaries/releases/download/jdk-9.0.4%2B11/OpenJDK9U-jdk_x64_windows_hotspot_9.0.4_11.zip",
            "hash": "b2de88155b2eaad123c2615f7eb3c0442d77545046bf85cfbcfe44fc97931dbd"
        }
    },
    "extract_dir": "jdk-9.0.4+11",
    "env_add_path": "bin",
    "env_set": {
        "JAVA_HOME": "$dir"
    }
}
