{
    "description": "AdoptOpenJDK 8 JRE with Oracle HotSpot JVM",
    "homepage": "https://adoptopenjdk.net",
    "version": "8u302-b08",
    "license": "GPL-2.0-only WITH Classpath-exception-2.0",
    "architecture": {
        "64bit": {
            "url": "https://github.com/adoptium/temurin8-binaries/releases/download/jdk8u302-b08/OpenJDK8U-jre_x64_windows_hotspot_8u302b08.zip",
            "hash": "4a9943a2c2e929728e3c31a213c80d36b186b085b401a8c6313101bd7a28c046"
        },
        "32bit": {
            "url": "https://github.com/adoptium/temurin8-binaries/releases/download/jdk8u302-b08/OpenJDK8U-jre_x86-32_windows_hotspot_8u302b08.zip",
            "hash": "93a9eff9ecc32c3e4c3bedf6fc2de9dda9215ec643296770b3787803754cc9c4"
        }
    },
    "extract_dir": "jdk8u302-b08-jre",
    "env_add_path": "bin",
    "env_set": {
        "JAVA_HOME": "$dir"
    }
}
