{
    "description": "AdoptOpenJDK 15 JRE with Oracle HotSpot JVM",
    "homepage": "https://adoptopenjdk.net",
    "version": "15.0.2-7",
    "license": "GPL-2.0-only WITH Classpath-exception-2.0",
    "architecture": {
        "64bit": {
            "url": "https://github.com/AdoptOpenJDK/openjdk15-binaries/releases/download/jdk-15.0.2%2B7/OpenJDK15U-jre_x64_windows_hotspot_15.0.2_7.zip",
            "hash": "d192e9a4ffeeaf5dbcd6cabe40588dcb806d3b315eec0a1361c7a2ec7867d80c"
        }
    },
    "extract_dir": "jdk-15.0.2+7-jre",
    "env_add_path": "bin",
    "env_set": {
        "JAVA_HOME": "$dir"
    }
}
