{
    "description": "AdoptOpenJDK 12 JRE with Eclipse OpenJ9 JVM",
    "homepage": "https://adoptopenjdk.net",
    "version": "12.0.2-10-0.15.1",
    "license": "GPL-2.0-only WITH Classpath-exception-2.0,EPL-2.0",
    "architecture": {
        "64bit": {
            "url": "https://github.com/AdoptOpenJDK/openjdk12-binaries/releases/download/jdk-12.0.2%2B10_openj9-0.15.1/OpenJDK12U-jre_x64_windows_openj9_12.0.2_10_openj9-0.15.1.zip",
            "hash": "4dcdd9ca9939fcb5e0626efe86d0a8f1953243bc34e6fd3f881f001944c0bce2"
        }
    },
    "extract_dir": "jdk-12.0.2+10-jre",
    "env_add_path": "bin",
    "env_set": {
        "JAVA_HOME": "$dir"
    }
}
