{
    "description": "AdoptOpenJDK 11 JRE with Eclipse OpenJ9 JVM with large heap",
    "homepage": "https://adoptopenjdk.net",
    "version": "11.0.10-9-0.24.0",
    "license": "GPL-2.0-only WITH Classpath-exception-2.0,EPL-2.0",
    "architecture": {
        "64bit": {
            "url": "https://github.com/AdoptOpenJDK/openjdk11-binaries/releases/download/jdk-11.0.10%2B9_openj9-0.24.0/OpenJDK11U-jre_x64_windows_openj9_windowsXL_11.0.10_9_openj9-0.24.0.zip",
            "hash": "8f140eda672b1f47c25418734d211c1c02dd699cae337f45d801e40d1e38889e"
        }
    },
    "extract_dir": "jdk-11.0.10+9-jre",
    "env_add_path": "bin",
    "env_set": {
        "JAVA_HOME": "$dir"
    }
}
