{
    "description": "AdoptOpenJDK 14 JRE with Oracle HotSpot JVM",
    "homepage": "https://adoptopenjdk.net",
    "version": "14.0.2-12",
    "license": "GPL-2.0-only WITH Classpath-exception-2.0",
    "architecture": {
        "64bit": {
            "url": "https://github.com/AdoptOpenJDK/openjdk14-binaries/releases/download/jdk-14.0.2%2B12/OpenJDK14U-jre_x64_windows_hotspot_14.0.2_12.zip",
            "hash": "772733428098e3a1fe1e6a2815e93ef7761046f6846edf2e366250beb14e4d94"
        }
    },
    "extract_dir": "jdk-14.0.2+12-jre",
    "env_add_path": "bin",
    "env_set": {
        "JAVA_HOME": "$dir"
    }
}
