{
    "description": "AdoptOpenJDK 15 with Eclipse OpenJ9 JVM with large heap",
    "homepage": "https://adoptopenjdk.net",
    "version": "15.0.2-7-0.24.0",
    "license": "GPL-2.0-only WITH Classpath-exception-2.0,EPL-2.0",
    "architecture": {
        "64bit": {
            "url": "https://github.com/AdoptOpenJDK/openjdk15-binaries/releases/download/jdk-15.0.2%2B7_openj9-0.24.0/OpenJDK15U-jdk_x64_windows_openj9_windowsXL_15.0.2_7_openj9-0.24.0.zip",
            "hash": "1a6f42e64cbd0c43d996c9123b134306cd0df0145cda328b3ab56b34b0949f5b"
        }
    },
    "extract_dir": "jdk-15.0.2+7",
    "env_add_path": "bin",
    "env_set": {
        "JAVA_HOME": "$dir"
    }
}
