{
    "description": "AdoptOpenJDK 11 with Oracle HotSpot JVM",
    "homepage": "https://adoptopenjdk.net",
    "version": "11.0.12-7",
    "license": "GPL-2.0-only WITH Classpath-exception-2.0",
    "architecture": {
        "64bit": {
            "url": "https://github.com/adoptium/temurin11-binaries/releases/download/jdk-11.0.12%2B7/OpenJDK11U-jdk_x64_windows_hotspot_11.0.12_7.zip",
            "hash": "c54123dd4b0d6473221539e7003b8ca1c1757c5588c46465565b03bf8781f807"
        },
        "32bit": {
            "url": "https://github.com/adoptium/temurin11-binaries/releases/download/jdk-11.0.12%2B7/OpenJDK11U-jdk_x86-32_windows_hotspot_11.0.12_7.zip",
            "hash": "d13946579734f643236ca5a459ccb8d6131d5a2b6b591fc24a58405ce9aff8d1"
        }
    },
    "extract_dir": "jdk-11.0.12+7",
    "env_add_path": "bin",
    "env_set": {
        "JAVA_HOME": "$dir"
    }
}
