{
    "description": "AdoptOpenJDK 13 with Oracle HotSpot JVM",
    "homepage": "https://adoptopenjdk.net",
    "version": "13.0.2-8",
    "license": "GPL-2.0-only WITH Classpath-exception-2.0",
    "architecture": {
        "64bit": {
            "url": "https://github.com/AdoptOpenJDK/openjdk13-binaries/releases/download/jdk-13.0.2%2B8/OpenJDK13U-jdk_x64_windows_hotspot_13.0.2_8.zip",
            "hash": "6980db87a3f921801fcf50d1a933304cf4d4b46ef2d35617c96fcc40ac1a1eb9"
        },
        "32bit": {
            "url": "https://github.com/AdoptOpenJDK/openjdk13-binaries/releases/download/jdk-13.0.2%2B8/OpenJDK13U-jdk_x86-32_windows_hotspot_13.0.2_8.zip",
            "hash": "a56cf509e195aed41981511bc4d4ac66365cff08ca5a3763e0061cd43d1b496a"
        }
    },
    "extract_dir": "jdk-13.0.2+8",
    "env_add_path": "bin",
    "env_set": {
        "JAVA_HOME": "$dir"
    }
}
