{
    "description": "AdoptOpenJDK 11 JRE with Eclipse OpenJ9 JVM with large heap (Nightly builds)",
    "homepage": "https://adoptopenjdk.net",
    "version": "202102190651",
    "license": "GPL-2.0-only WITH Classpath-exception-2.0,EPL-2.0",
    "architecture": {
        "64bit": {
            "url": "https://github.com/AdoptOpenJDK/openjdk11-binaries/releases/download/jdk11u-2021-02-19-06-51/OpenJDK11U-jre_x64_windows_openj9_windowsXL_2021-02-19-06-51.zip",
            "hash": "37d6bb5c5744f8ef87db9fbf9446d5aed49faf261bdfa722071009da8c7b65c6"
        }
    },
    "extract_to": "tmp",
    "installer": {
        "script": [
            "(Get-ChildItem -Directory \"$dir\\tmp\").FullName | % { Move-Item \"$_\\*\" \"$dir\" }",
            "Remove-Item -Recurse \"$dir\\tmp\""
        ]
    },
    "env_add_path": "bin",
    "env_set": {
        "JAVA_HOME": "$dir"
    }
}
