{
    "description": "JDK Mission Control built by AdoptOpenJDK",
    "homepage": "https://adoptopenjdk.net/jmc.html",
    "version": "8.1.0",
    "license": "UPL-1.0",
    "architecture": {
        "64bit": {
            "url": "https://github.com/AdoptOpenJDK/openjdk-jmc-overrides/releases/download/8.1.0/org.openjdk.jmc-8.1.0-win32.win32.x86_64.zip",
            "hash": "a9c433df56bde62ff491d572151b280a5abdacb1ff4a7b89cb0c14834c39eb50"
        }
    },
    "extract_dir": "JDK Mission Control",
    "shortcuts": [
        [
            "jmc.exe",
            "JDK Mission Control (AdoptOpenJDK)"
        ]
    ],
    "persist": "configuration"
}
