{
    "description": "AdoptOpenJDK 12 with Oracle HotSpot JVM",
    "homepage": "https://adoptopenjdk.net",
    "version": "12.0.2-10",
    "license": "GPL-2.0-only WITH Classpath-exception-2.0",
    "architecture": {
        "64bit": {
            "url": "https://github.com/AdoptOpenJDK/openjdk12-binaries/releases/download/jdk-12.0.2%2B10/OpenJDK12U-jdk_x64_windows_hotspot_12.0.2_10.zip",
            "hash": "e18f523cb71d7928cdb5fe8e567ab5f7336b3674f920e9e0d4052ba9639964a6"
        },
        "32bit": {
            "url": "https://github.com/AdoptOpenJDK/openjdk12-binaries/releases/download/jdk-12.0.2%2B10/OpenJDK12U-jdk_x86-32_windows_hotspot_12.0.2_10.zip",
            "hash": "2b175ef177e2e6741517e85cabe346ffbd0e2b65608c0a2db4565068ae87aba5"
        }
    },
    "extract_dir": "jdk-12.0.2+10",
    "env_add_path": "bin",
    "env_set": {
        "JAVA_HOME": "$dir"
    }
}
