{
    "description": "AdoptOpenJDK 15 with Oracle HotSpot JVM",
    "homepage": "https://adoptopenjdk.net",
    "version": "15.0.2-7",
    "license": "GPL-2.0-only WITH Classpath-exception-2.0",
    "architecture": {
        "64bit": {
            "url": "https://github.com/AdoptOpenJDK/openjdk15-binaries/releases/download/jdk-15.0.2%2B7/OpenJDK15U-jdk_x64_windows_hotspot_15.0.2_7.zip",
            "hash": "b80dde2b7f8374eff0f1726c1cbdb48fb095fdde21489046d92f7144baff5741"
        }
    },
    "extract_dir": "jdk-15.0.2+7",
    "env_add_path": "bin",
    "env_set": {
        "JAVA_HOME": "$dir"
    }
}
