{
    "description": "AdoptOpenJDK 11 JRE with Eclipse OpenJ9 JVM",
    "homepage": "https://adoptopenjdk.net",
    "version": "11.0.12-7-0.27.0",
    "license": "GPL-2.0-only WITH Classpath-exception-2.0,EPL-2.0",
    "architecture": {
        "64bit": {
            "url": "https://github.com/AdoptOpenJDK/semeru11-binaries/releases/download/jdk-11.0.12%2B7_openj9-0.27.0/ibm-semeru-open-jre_x64_windows_11.0.12_7_openj9-0.27.0.zip",
            "hash": "01b475ea245c1b39ef0695578299d0605992669f7a4ba3b1bf7d3bc3d5d2e054"
        }
    },
    "extract_dir": "jdk-11.0.12+7-jre",
    "env_add_path": "bin",
    "env_set": {
        "JAVA_HOME": "$dir"
    }
}
