{
    "description": "AdoptOpenJDK 15 JRE with Eclipse OpenJ9 JVM with large heap",
    "homepage": "https://adoptopenjdk.net",
    "version": "15.0.2-7-0.24.0",
    "license": "GPL-2.0-only WITH Classpath-exception-2.0,EPL-2.0",
    "architecture": {
        "64bit": {
            "url": "https://github.com/AdoptOpenJDK/openjdk15-binaries/releases/download/jdk-15.0.2%2B7_openj9-0.24.0/OpenJDK15U-jre_x64_windows_openj9_windowsXL_15.0.2_7_openj9-0.24.0.zip",
            "hash": "559443ac8aa85cc61b96209c3cce490503e58aa6ad715d335f26333061885de5"
        }
    },
    "extract_dir": "jdk-15.0.2+7-jre",
    "env_add_path": "bin",
    "env_set": {
        "JAVA_HOME": "$dir"
    }
}
