{
    "description": "Unaltered builds from the OpenJDK mercurial JDK code stream, built by Red Hat",
    "homepage": "https://adoptopenjdk.net/upstream.html",
    "version": "11.0.13-8",
    "license": "GPL-2.0-only WITH Classpath-exception-2.0",
    "architecture": {
        "64bit": {
            "url": "https://github.com/AdoptOpenJDK/openjdk11-upstream-binaries/releases/download/jdk-11.0.13+8/OpenJDK11U-jdk_x64_windows_11.0.13_8.zip",
            "hash": "f1ba6826b3bb89730afc089b38a8f94430193de784bc0a25c327f056d69e129f"
        }
    },
    "extract_dir": "openjdk-11.0.13_8",
    "env_add_path": "bin",
    "env_set": {
        "JAVA_HOME": "$dir"
    }
}
