{
    "description": "AdoptOpenJDK 13 JRE with Oracle HotSpot JVM",
    "homepage": "https://adoptopenjdk.net",
    "version": "13.0.2-8",
    "license": "GPL-2.0-only WITH Classpath-exception-2.0",
    "architecture": {
        "64bit": {
            "url": "https://github.com/AdoptOpenJDK/openjdk13-binaries/releases/download/jdk-13.0.2%2B8/OpenJDK13U-jre_x64_windows_hotspot_13.0.2_8.zip",
            "hash": "b41bfbec49915253c79d27e2600e2120811c249a2a137ed02f2810cfe7d73cf5"
        },
        "32bit": {
            "url": "https://github.com/AdoptOpenJDK/openjdk13-binaries/releases/download/jdk-13.0.2%2B8/OpenJDK13U-jre_x86-32_windows_hotspot_13.0.2_8.zip",
            "hash": "f2aa3aaecb028f7c576bd092e96c4bc3fb3acf4fae5821f1b55199dbfecbb724"
        }
    },
    "extract_dir": "jdk-13.0.2+8-jre",
    "env_add_path": "bin",
    "env_set": {
        "JAVA_HOME": "$dir"
    }
}
