{
    "description": "AdoptOpenJDK 14 JRE with Eclipse OpenJ9 JVM",
    "homepage": "https://adoptopenjdk.net",
    "version": "14.0.2-12-0.21.0",
    "license": "GPL-2.0-only WITH Classpath-exception-2.0,EPL-2.0",
    "architecture": {
        "64bit": {
            "url": "https://github.com/AdoptOpenJDK/openjdk14-binaries/releases/download/jdk-14.0.2%2B12_openj9-0.21.0/OpenJDK14U-jre_x64_windows_openj9_14.0.2_12_openj9-0.21.0.zip",
            "hash": "8f30c9aec0286cb28447725d3a551900b7d0861fef918a102b59f9a5751db6c9"
        }
    },
    "extract_dir": "jdk-14.0.2+12-jre",
    "env_add_path": "bin",
    "env_set": {
        "JAVA_HOME": "$dir"
    }
}
