{
    "description": "AdoptOpenJDK 16 JRE with Eclipse OpenJ9 JVM",
    "homepage": "https://adoptopenjdk.net",
    "version": "16.0.2-7-0.27.0",
    "license": "GPL-2.0-only WITH Classpath-exception-2.0,EPL-2.0",
    "architecture": {
        "64bit": {
            "url": "https://github.com/AdoptOpenJDK/semeru16-binaries/releases/download/jdk-16.0.2%2B7_openj9-0.27.0/ibm-semeru-open-jre_x64_windows_16.0.2_7_openj9-0.27.0.zip",
            "hash": "4952d145b467ec1d440dd68886aaf91d27ddbaea20f92da7c92c499e05505a60"
        }
    },
    "extract_dir": "jdk-16.0.2+7-jre",
    "env_add_path": "bin",
    "env_set": {
        "JAVA_HOME": "$dir"
    }
}
