{
    "description": "AdoptOpenJDK 12 JRE with Oracle HotSpot JVM",
    "homepage": "https://adoptopenjdk.net",
    "version": "12.0.2-10",
    "license": "GPL-2.0-only WITH Classpath-exception-2.0",
    "architecture": {
        "64bit": {
            "url": "https://github.com/AdoptOpenJDK/openjdk12-binaries/releases/download/jdk-12.0.2%2B10/OpenJDK12U-jre_x64_windows_hotspot_12.0.2_10.zip",
            "hash": "c03fdbced77d74557d2ede7a120b09e2573dde7527a4c019458b6f20920aa632"
        },
        "32bit": {
            "url": "https://github.com/AdoptOpenJDK/openjdk12-binaries/releases/download/jdk-12.0.2%2B10/OpenJDK12U-jre_x86-32_windows_hotspot_12.0.2_10.zip",
            "hash": "005571cbc64eebffbcb830576d2073917b3f372a5aae7a536db7f9a349b45753"
        }
    },
    "extract_dir": "jdk-12.0.2+10-jre",
    "env_add_path": "bin",
    "env_set": {
        "JAVA_HOME": "$dir"
    }
}
