{
    "description": "AdoptOpenJDK 10 with Oracle HotSpot JVM",
    "homepage": "https://adoptopenjdk.net",
    "version": "10.0.2-13",
    "license": "GPL-2.0-only WITH Classpath-exception-2.0",
    "architecture": {
        "64bit": {
            "url": "https://github.com/AdoptOpenJDK/openjdk10-binaries/releases/download/jdk-10.0.2%2B13.1/OpenJDK10U-jdk_x64_windows_hotspot_10.0.2_13.zip",
            "hash": "108733ecde8422d6ca2bdc1c9368268605ea9e2d75679ac181333fa25b74d3f7"
        }
    },
    "extract_dir": "jdk-10.0.2+13",
    "env_add_path": "bin",
    "env_set": {
        "JAVA_HOME": "$dir"
    }
}
