{
    "description": "AdoptOpenJDK 8 with Eclipse OpenJ9 JVM with large heap (Nightly builds)",
    "homepage": "https://adoptopenjdk.net",
    "version": "202102200158",
    "license": "GPL-2.0-only WITH Classpath-exception-2.0",
    "architecture": {
        "64bit": {
            "url": "https://github.com/AdoptOpenJDK/openjdk8-binaries/releases/download/jdk8u-2021-02-20-01-58/OpenJDK8U-jdk_x64_windows_openj9_windowsXL_2021-02-20-01-58.zip",
            "hash": "2536c1f183936bc463d62e0689b2f64997640d5b3c12de9f8acfc60734668896"
        }
    },
    "extract_to": "tmp",
    "installer": {
        "script": [
            "(Get-ChildItem -Directory \"$dir\\tmp\").FullName | % { Move-Item \"$_\\*\" \"$dir\" }",
            "Remove-Item -Recurse \"$dir\\tmp\""
        ]
    },
    "env_add_path": "bin",
    "env_set": {
        "JAVA_HOME": "$dir"
    }
}
