{
    "description": "AdoptOpenJDK 16 JRE with Oracle HotSpot JVM",
    "homepage": "https://adoptopenjdk.net",
    "version": "16.0.1-9",
    "license": "GPL-2.0-only WITH Classpath-exception-2.0",
    "architecture": {
        "64bit": {
            "url": "https://github.com/AdoptOpenJDK/openjdk16-binaries/releases/download/jdk-16.0.1%2B9/OpenJDK16U-jre_x64_windows_hotspot_16.0.1_9.zip",
            "hash": "169b7975e01bd6573062d29a5f2a1c7c4b659ada9de69c4a63328f2936d0f3f9"
        }
    },
    "extract_dir": "jdk-16.0.1+9-jre",
    "env_add_path": "bin",
    "env_set": {
        "JAVA_HOME": "$dir"
    }
}
