{
    "description": "AdoptOpenJDK 11 JRE with Oracle HotSpot JVM",
    "homepage": "https://adoptopenjdk.net",
    "version": "11.0.12-7",
    "license": "GPL-2.0-only WITH Classpath-exception-2.0",
    "architecture": {
        "64bit": {
            "url": "https://github.com/adoptium/temurin11-binaries/releases/download/jdk-11.0.12%2B7/OpenJDK11U-jre_x64_windows_hotspot_11.0.12_7.zip",
            "hash": "5e00dd1fa87749c819ca94d8f3f352e198de44a9e2c09b0e75cc120a63edea87"
        },
        "32bit": {
            "url": "https://github.com/adoptium/temurin11-binaries/releases/download/jdk-11.0.12%2B7/OpenJDK11U-jre_x86-32_windows_hotspot_11.0.12_7.zip",
            "hash": "793be6b00b3512d8d2453cdcd9620cf79155969c6dfd9f0d2fc3270c4f1c39a4"
        }
    },
    "extract_dir": "jdk-11.0.12+7-jre",
    "env_add_path": "bin",
    "env_set": {
        "JAVA_HOME": "$dir"
    }
}
