{
    "description": "AdoptOpenJDK 12 with Eclipse OpenJ9 JVM",
    "homepage": "https://adoptopenjdk.net",
    "version": "12.0.2-10-0.15.1",
    "license": "GPL-2.0-only WITH Classpath-exception-2.0,EPL-2.0",
    "architecture": {
        "64bit": {
            "url": "https://github.com/AdoptOpenJDK/openjdk12-binaries/releases/download/jdk-12.0.2%2B10_openj9-0.15.1/OpenJDK12U-jdk_x64_windows_openj9_12.0.2_10_openj9-0.15.1.zip",
            "hash": "e90ef6d3de1b22811bac1fa6cf682866a2a78b52eeeb19ea363a86f2f93b259c"
        }
    },
    "extract_dir": "jdk-12.0.2+10",
    "env_add_path": "bin",
    "env_set": {
        "JAVA_HOME": "$dir"
    }
}
