{
    "description": "AdoptOpenJDK 14 JRE with Eclipse OpenJ9 JVM with large heap",
    "homepage": "https://adoptopenjdk.net",
    "version": "14.0.2-12-0.21.0",
    "license": "GPL-2.0-only WITH Classpath-exception-2.0,EPL-2.0",
    "architecture": {
        "64bit": {
            "url": "https://github.com/AdoptOpenJDK/openjdk14-binaries/releases/download/jdk-14.0.2%2B12_openj9-0.21.0/OpenJDK14U-jre_x64_windows_openj9_windowsXL_14.0.2_12_openj9-0.21.0.zip",
            "hash": "56f2e949552356bf1591acfb0d58854b8087cf35a277a1371f107d3be47b8f10"
        }
    },
    "extract_dir": "jdk-14.0.2+12-jre",
    "env_add_path": "bin",
    "env_set": {
        "JAVA_HOME": "$dir"
    }
}
