{
    "description": "AdoptOpenJDK 16 with Eclipse OpenJ9 JVM",
    "homepage": "https://adoptopenjdk.net",
    "version": "16.0.2-7-0.27.0",
    "license": "GPL-2.0-only WITH Classpath-exception-2.0,EPL-2.0",
    "architecture": {
        "64bit": {
            "url": "https://github.com/AdoptOpenJDK/semeru16-binaries/releases/download/jdk-16.0.2%2B7_openj9-0.27.0/ibm-semeru-open-jdk_x64_windows_16.0.2_7_openj9-0.27.0.zip",
            "hash": "84555238a9a00d3ad118bb89c3ee8dff8a4eb1da7df417d98dd43b102db56da7"
        }
    },
    "extract_dir": "jdk-16.0.2+7",
    "env_add_path": "bin",
    "env_set": {
        "JAVA_HOME": "$dir"
    }
}
