{
    "description": "AdoptOpenJDK 11 with Eclipse OpenJ9 JVM (Nightly builds)",
    "homepage": "https://adoptopenjdk.net",
    "version": "202105070734",
    "license": "GPL-2.0-only WITH Classpath-exception-2.0,EPL-2.0",
    "architecture": {
        "64bit": {
            "url": "https://github.com/AdoptOpenJDK/openjdk11-binaries/releases/download/jdk11u-2021-05-07-07-34/OpenJDK11U-jdk_x64_windows_openj9_2021-05-07-07-34.zip",
            "hash": "940e30c6cdc8751daa212b1ea17955eacf34b7bfa673e558d87422d06b284cc0"
        }
    },
    "extract_to": "tmp",
    "installer": {
        "script": [
            "(Get-ChildItem -Directory \"$dir\\tmp\").FullName | % { Move-Item \"$_\\*\" \"$dir\" }",
            "Remove-Item -Recurse \"$dir\\tmp\""
        ]
    },
    "env_add_path": "bin",
    "env_set": {
        "JAVA_HOME": "$dir"
    }
}
