{
    "description": "AdoptOpenJDK 11 JRE with Eclipse OpenJ9 JVM (Nightly builds)",
    "homepage": "https://adoptopenjdk.net",
    "version": "202105070734",
    "license": "GPL-2.0-only WITH Classpath-exception-2.0,EPL-2.0",
    "architecture": {
        "64bit": {
            "url": "https://github.com/AdoptOpenJDK/openjdk11-binaries/releases/download/jdk11u-2021-05-07-07-34/OpenJDK11U-jre_x64_windows_openj9_2021-05-07-07-34.zip",
            "hash": "77189fe1c68aba71c6c32403e298e294237b96acbd8cd3bcf1b9e552cd27f8c7"
        }
    },
    "extract_to": "tmp",
    "installer": {
        "script": [
            "(Get-ChildItem -Directory \"$dir\\tmp\").FullName | % { Move-Item \"$_\\*\" \"$dir\" }",
            "Remove-Item -Recurse \"$dir\\tmp\""
        ]
    },
    "env_add_path": "bin",
    "env_set": {
        "JAVA_HOME": "$dir"
    }
}
