{
    "description": "AdoptOpenJDK 11 with Eclipse OpenJ9 JVM",
    "homepage": "https://adoptopenjdk.net",
    "version": "11.0.12-7-0.27.0",
    "license": "GPL-2.0-only WITH Classpath-exception-2.0,EPL-2.0",
    "architecture": {
        "64bit": {
            "url": "https://github.com/AdoptOpenJDK/semeru11-binaries/releases/download/jdk-11.0.12%2B7_openj9-0.27.0/ibm-semeru-open-jdk_x64_windows_11.0.12_7_openj9-0.27.0.zip",
            "hash": "c73a4cf55eee0c08b9e323676e6c818d2571f8e7cde9f3aaef5253c9b2614ae3"
        }
    },
    "extract_dir": "jdk-11.0.12+7",
    "env_add_path": "bin",
    "env_set": {
        "JAVA_HOME": "$dir"
    }
}
