{
    "description": "AdoptOpenJDK 8 JRE with Oracle HotSpot JVM (Nightly builds)",
    "homepage": "https://adoptopenjdk.net",
    "version": "202110190503",
    "license": "GPL-2.0-only WITH Classpath-exception-2.0",
    "architecture": {
        "64bit": {
            "url": "https://github.com/adoptium/temurin8-binaries/releases/download/jdk8u-2021-10-19-05-03-beta/OpenJDK8U-jre_x64_windows_hotspot_2021-10-19-05-03.zip",
            "hash": "cb41f915eeb81a703b2fc5332c05daefab364733800b1d8971f0a1b46a3bdae6"
        }
    },
    "extract_to": "tmp",
    "installer": {
        "script": [
            "(Get-ChildItem -Directory \"$dir\\tmp\").FullName | % { Move-Item \"$_\\*\" \"$dir\" }",
            "Remove-Item -Recurse \"$dir\\tmp\""
        ]
    },
    "env_add_path": "bin",
    "env_set": {
        "JAVA_HOME": "$dir"
    }
}
