{
    "description": "AdoptOpenJDK 8 with Oracle HotSpot JVM (Nightly builds)",
    "homepage": "https://adoptopenjdk.net",
    "version": "202110190503",
    "license": "GPL-2.0-only WITH Classpath-exception-2.0",
    "architecture": {
        "64bit": {
            "url": "https://github.com/adoptium/temurin8-binaries/releases/download/jdk8u-2021-10-19-05-03-beta/OpenJDK8U-jdk_x64_windows_hotspot_2021-10-19-05-03.zip",
            "hash": "b35860870695b560caa9e5e75b5d8dbdb50ba0d2f210bf5c121f82bd94e7366e"
        }
    },
    "extract_to": "tmp",
    "installer": {
        "script": [
            "(Get-ChildItem -Directory \"$dir\\tmp\").FullName | % { Move-Item \"$_\\*\" \"$dir\" }",
            "Remove-Item -Recurse \"$dir\\tmp\""
        ]
    },
    "env_add_path": "bin",
    "env_set": {
        "JAVA_HOME": "$dir"
    }
}
