{
    "description": "AdoptOpenJDK 15 with Eclipse OpenJ9 JVM",
    "homepage": "https://adoptopenjdk.net",
    "version": "15.0.2-7-0.24.0",
    "license": "GPL-2.0-only WITH Classpath-exception-2.0,EPL-2.0",
    "architecture": {
        "64bit": {
            "url": "https://github.com/AdoptOpenJDK/openjdk15-binaries/releases/download/jdk-15.0.2%2B7_openj9-0.24.0/OpenJDK15U-jdk_x64_windows_openj9_15.0.2_7_openj9-0.24.0.zip",
            "hash": "54f9f2bf34e951b1915985e3eb85a14fc0e302ddcd300f246160265d052aa067"
        }
    },
    "extract_dir": "jdk-15.0.2+7",
    "env_add_path": "bin",
    "env_set": {
        "JAVA_HOME": "$dir"
    }
}
