{
    "description": "AdoptOpenJDK 9 with Eclipse OpenJ9 JVM",
    "homepage": "https://adoptopenjdk.net",
    "version": "9.0.4-12-0.9.0",
    "license": "GPL-2.0-only WITH Classpath-exception-2.0,EPL-2.0",
    "architecture": {
        "64bit": {
            "url": "https://github.com/AdoptOpenJDK/openjdk9-openj9-releases/releases/download/jdk-9.0.4%2B12_openj9-0.9.0/OpenJDK9-OPENJ9_x64_Windows_jdk-9.0.4.12_openj9-0.9.0.zip",
            "hash": "ff028e200ae490f6e8e3daa3df6cb0733ceeb3dcc9c806bb7bc6d69a5391170f"
        }
    },
    "extract_dir": "jdk-9.0.4+12",
    "env_add_path": "bin",
    "env_set": {
        "JAVA_HOME": "$dir"
    }
}
