{
    "description": "AdoptOpenJDK 13 with Eclipse OpenJ9 JVM with large heap",
    "homepage": "https://adoptopenjdk.net",
    "version": "13.0.2-8-0.18.0",
    "license": "GPL-2.0-only WITH Classpath-exception-2.0,EPL-2.0",
    "architecture": {
        "64bit": {
            "url": "https://github.com/AdoptOpenJDK/openjdk13-binaries/releases/download/jdk-13.0.2%2B8_openj9-0.18.0/OpenJDK13U-jdk_x64_windows_openj9_13.0.2_8_openj9-0.18.0.zip",
            "hash": "31a3d20876b3ef1acbacd9a1caab9a73324f2b1c588c961d08364feba1d14363"
        }
    },
    "extract_dir": "jdk-13.0.2+8",
    "env_add_path": "bin",
    "env_set": {
        "JAVA_HOME": "$dir"
    }
}
