{
    "description": "Unaltered builds from the OpenJDK mercurial JDK code stream, built by Red Hat",
    "homepage": "https://adoptopenjdk.net/upstream.html",
    "version": "11.0.13-8",
    "license": "GPL-2.0-only WITH Classpath-exception-2.0",
    "architecture": {
        "64bit": {
            "url": "https://github.com/AdoptOpenJDK/openjdk11-upstream-binaries/releases/download/jdk-11.0.13+8/OpenJDK11U-jre_x64_windows_11.0.13_8.zip",
            "hash": "d98e7f6ba1de602bc41d34136a4fbb296e2e599492b1083b29204b8e47833534"
        }
    },
    "extract_dir": "openjdk-11.0.13_8-jre",
    "env_add_path": "bin",
    "env_set": {
        "JAVA_HOME": "$dir"
    }
}
