{
    "description": "Unaltered builds from the OpenJDK mercurial JDK8u code stream, built by Red Hat",
    "homepage": "https://adoptopenjdk.net/upstream.html",
    "version": "8u312-b07",
    "license": "GPL-2.0-only WITH Classpath-exception-2.0",
    "architecture": {
        "64bit": {
            "url": "https://github.com/AdoptOpenJDK/openjdk8-upstream-binaries/releases/download/jdk8u312-b07/OpenJDK8U-jdk_x64_windows_8u312b07.zip",
            "hash": "d9b4d56e356608f6457a764109d148f7f671f24ca9e91b7e9ba7ac96949d4812"
        }
    },
    "extract_dir": "openjdk-8u312-b07",
    "env_add_path": "bin",
    "env_set": {
        "JAVA_HOME": "$dir"
    }
}
