{
    "description": "AdoptOpenJDK 11 with Eclipse OpenJ9 JVM with large heap",
    "homepage": "https://adoptopenjdk.net",
    "version": "11.0.10-9-0.24.0",
    "license": "GPL-2.0-only WITH Classpath-exception-2.0,EPL-2.0",
    "architecture": {
        "64bit": {
            "url": "https://github.com/AdoptOpenJDK/openjdk11-binaries/releases/download/jdk-11.0.10%2B9_openj9-0.24.0/OpenJDK11U-jdk_x64_windows_openj9_windowsXL_11.0.10_9_openj9-0.24.0.zip",
            "hash": "a9b8f68f0787ecb1554e9350b5fc42e12debb4800157d5233a9118135c119c02"
        }
    },
    "extract_dir": "jdk-11.0.10+9",
    "env_add_path": "bin",
    "env_set": {
        "JAVA_HOME": "$dir"
    }
}
