{
    "description": "AdoptOpenJDK 8 with Eclipse OpenJ9 JVM (Nightly builds)",
    "homepage": "https://adoptopenjdk.net",
    "version": "202105080814",
    "license": "GPL-2.0-only WITH Classpath-exception-2.0",
    "architecture": {
        "64bit": {
            "url": "https://github.com/AdoptOpenJDK/openjdk8-binaries/releases/download/jdk8u-2021-05-08-08-14/OpenJDK8U-jdk_x64_windows_openj9_2021-05-08-08-14.zip",
            "hash": "c2a19794931ff5b628434deca84ef834d33041d05deb436f177d5754f973cac1"
        },
        "32bit": {
            "url": "https://github.com/AdoptOpenJDK/openjdk8-binaries/releases/download/jdk8u-2021-05-08-08-14/OpenJDK8U-jdk_x86-32_windows_openj9_2021-05-08-08-14.zip",
            "hash": "cf01e66f215d0e26c75577b06a9cdebdb80eb081454cbf101de8293bb7205ccf"
        }
    },
    "extract_to": "tmp",
    "installer": {
        "script": [
            "(Get-ChildItem -Directory \"$dir\\tmp\").FullName | % { Move-Item \"$_\\*\" \"$dir\" }",
            "Remove-Item -Recurse \"$dir\\tmp\""
        ]
    },
    "env_add_path": "bin",
    "env_set": {
        "JAVA_HOME": "$dir"
    }
}
