{
    "description": "AdoptOpenJDK 16 with Oracle HotSpot JVM",
    "homepage": "https://adoptopenjdk.net",
    "version": "16.0.2-7",
    "license": "GPL-2.0-only WITH Classpath-exception-2.0",
    "architecture": {
        "64bit": {
            "url": "https://github.com/adoptium/temurin16-binaries/releases/download/jdk-16.0.2%2B7/OpenJDK16U-jdk_x64_windows_hotspot_16.0.2_7.zip",
            "hash": "40191ffbafd8a6f9559352d8de31e8d22a56822fb41bbcf45f34e3fd3afa5f9e"
        }
    },
    "extract_dir": "jdk-16.0.2+7",
    "env_add_path": "bin",
    "env_set": {
        "JAVA_HOME": "$dir"
    }
}
