{
    "description": "AdoptOpenJDK 12 JRE with Eclipse OpenJ9 JVM with large heap",
    "homepage": "https://adoptopenjdk.net",
    "version": "12.0.2-10-0.15.1",
    "license": "GPL-2.0-only WITH Classpath-exception-2.0,EPL-2.0",
    "architecture": {
        "64bit": {
            "url": "https://github.com/AdoptOpenJDK/openjdk12-binaries/releases/download/jdk-12.0.2%2B10_openj9-0.15.1/OpenJDK12U-jre_x64_windows_openj9_windowsXL_12.0.2_10_openj9-0.15.1.zip",
            "hash": "32bfe216d8b46368c5f40a98d586af57b0f03b89790b2b116cc9b0c068ec7063"
        }
    },
    "extract_dir": "jdk-12.0.2+10-jre",
    "env_add_path": "bin",
    "env_set": {
        "JAVA_HOME": "$dir"
    }
}
