{
  "main": {
    "ro-MD": {
      "identity": {
        "version": {
          "_cldrVersion": "39"
        },
        "language": "ro",
        "territory": "MD"
      },
      "dates": {
        "calendars": {
          "buddhist": {
            "months": {
              "format": {
                "abbreviated": {
                  "1": "ian.",
                  "2": "feb.",
                  "3": "mar.",
                  "4": "apr.",
                  "5": "mai",
                  "6": "iun.",
                  "7": "iul.",
                  "8": "aug.",
                  "9": "sept.",
                  "10": "oct.",
                  "11": "nov.",
                  "12": "dec."
                },
                "narrow": {
                  "1": "I",
                  "2": "F",
                  "3": "M",
                  "4": "A",
                  "5": "M",
                  "6": "I",
                  "7": "I",
                  "8": "A",
                  "9": "S",
                  "10": "O",
                  "11": "N",
                  "12": "D"
                },
                "wide": {
                  "1": "ianuarie",
                  "2": "februarie",
                  "3": "martie",
                  "4": "aprilie",
                  "5": "mai",
                  "6": "iunie",
                  "7": "iulie",
                  "8": "august",
                  "9": "septembrie",
                  "10": "octombrie",
                  "11": "noiembrie",
                  "12": "decembrie"
                }
              },
              "stand-alone": {
                "abbreviated": {
                  "1": "ian.",
                  "2": "feb.",
                  "3": "mar.",
                  "4": "apr.",
                  "5": "mai",
                  "6": "iun.",
                  "7": "iul.",
                  "8": "aug.",
                  "9": "sept.",
                  "10": "oct.",
                  "11": "nov.",
                  "12": "dec."
                },
                "narrow": {
                  "1": "I",
                  "2": "F",
                  "3": "M",
                  "4": "A",
                  "5": "M",
                  "6": "I",
                  "7": "I",
                  "8": "A",
                  "9": "S",
                  "10": "O",
                  "11": "N",
                  "12": "D"
                },
                "wide": {
                  "1": "ianuarie",
                  "2": "februarie",
                  "3": "martie",
                  "4": "aprilie",
                  "5": "mai",
                  "6": "iunie",
                  "7": "iulie",
                  "8": "august",
                  "9": "septembrie",
                  "10": "octombrie",
                  "11": "noiembrie",
                  "12": "decembrie"
                }
              }
            },
            "days": {
              "format": {
                "abbreviated": {
                  "sun": "Dum",
                  "mon": "Lun",
                  "tue": "Mar",
                  "wed": "Mie",
                  "thu": "Joi",
                  "fri": "Vin",
                  "sat": "Sâm"
                },
                "narrow": {
                  "sun": "D",
                  "mon": "L",
                  "tue": "Ma",
                  "wed": "Mi",
                  "thu": "J",
                  "fri": "V",
                  "sat": "S"
                },
                "short": {
                  "sun": "Du",
                  "mon": "Lu",
                  "tue": "Ma",
                  "wed": "Mi",
                  "thu": "Jo",
                  "fri": "Vi",
                  "sat": "Sâ"
                },
                "wide": {
                  "sun": "duminică",
                  "mon": "luni",
                  "tue": "marți",
                  "wed": "miercuri",
                  "thu": "joi",
                  "fri": "vineri",
                  "sat": "sâmbătă"
                }
              },
              "stand-alone": {
                "abbreviated": {
                  "sun": "Dum",
                  "mon": "Lun",
                  "tue": "Mar",
                  "wed": "Mie",
                  "thu": "Joi",
                  "fri": "Vin",
                  "sat": "Sâm"
                },
                "narrow": {
                  "sun": "D",
                  "mon": "L",
                  "tue": "Ma",
                  "wed": "Mi",
                  "thu": "J",
                  "fri": "V",
                  "sat": "S"
                },
                "short": {
                  "sun": "Du",
                  "mon": "Lu",
                  "tue": "Ma",
                  "wed": "Mi",
                  "thu": "Jo",
                  "fri": "Vi",
                  "sat": "Sâ"
                },
                "wide": {
                  "sun": "duminică",
                  "mon": "luni",
                  "tue": "marți",
                  "wed": "miercuri",
                  "thu": "joi",
                  "fri": "vineri",
                  "sat": "sâmbătă"
                }
              }
            },
            "quarters": {
              "format": {
                "abbreviated": {
                  "1": "trim. 1",
                  "2": "trim. 2",
                  "3": "trim. 3",
                  "4": "trim. 4"
                },
                "narrow": {
                  "1": "I",
                  "2": "II",
                  "3": "III",
                  "4": "IV"
                },
                "wide": {
                  "1": "trimestrul 1",
                  "2": "trimestrul 2",
                  "3": "trimestrul 3",
                  "4": "trimestrul 4"
                }
              },
              "stand-alone": {
                "abbreviated": {
                  "1": "Trim. 1",
                  "2": "Trim. 2",
                  "3": "Trim. 3",
                  "4": "Trim. 4"
                },
                "narrow": {
                  "1": "I",
                  "2": "II",
                  "3": "III",
                  "4": "IV"
                },
                "wide": {
                  "1": "Trimestrul 1",
                  "2": "Trimestrul 2",
                  "3": "Trimestrul 3",
                  "4": "Trimestrul 4"
                }
              }
            },
            "dayPeriods": {
              "format": {
                "abbreviated": {
                  "midnight": "miezul nopții",
                  "am": "a.m.",
                  "noon": "amiază",
                  "pm": "p.m.",
                  "morning1": "dimineața",
                  "afternoon1": "după-amiaza",
                  "evening1": "seara",
                  "night1": "noaptea"
                },
                "narrow": {
                  "midnight": "miezul nopții",
                  "am": "a.m.",
                  "noon": "amiază",
                  "pm": "p.m.",
                  "morning1": "dimineață",
                  "afternoon1": "după-amiază",
                  "evening1": "seară",
                  "night1": "noapte"
                },
                "wide": {
                  "midnight": "miezul nopții",
                  "am": "a.m.",
                  "noon": "amiază",
                  "pm": "p.m.",
                  "morning1": "dimineața",
                  "afternoon1": "după-amiaza",
                  "evening1": "seara",
                  "night1": "noaptea"
                }
              },
              "stand-alone": {
                "abbreviated": {
                  "midnight": "miezul nopții",
                  "am": "a.m.",
                  "noon": "amiază",
                  "pm": "p.m.",
                  "morning1": "dimineața",
                  "afternoon1": "după-amiaza",
                  "evening1": "seara",
                  "night1": "noaptea"
                },
                "narrow": {
                  "midnight": "miezul nopții",
                  "am": "a.m.",
                  "noon": "amiază",
                  "pm": "p.m.",
                  "morning1": "dimineață",
                  "afternoon1": "după-amiază",
                  "evening1": "seară",
                  "night1": "noapte"
                },
                "wide": {
                  "midnight": "miezul nopții",
                  "am": "a.m.",
                  "noon": "amiază",
                  "pm": "p.m.",
                  "morning1": "dimineața",
                  "afternoon1": "după-amiaza",
                  "evening1": "seara",
                  "night1": "noaptea"
                }
              }
            },
            "eras": {
              "eraNames": {
                "0": "era budistă"
              },
              "eraAbbr": {
                "0": "e.b."
              },
              "eraNarrow": {
                "0": "e.b."
              }
            },
            "dateFormats": {
              "full": "EEEE, d MMMM y G",
              "long": "d MMMM y G",
              "medium": "dd.MM.y G",
              "short": "dd.MM.y GGGGG"
            },
            "timeFormats": {
              "full": "HH:mm:ss zzzz",
              "long": "HH:mm:ss z",
              "medium": "HH:mm:ss",
              "short": "HH:mm"
            },
            "dateTimeFormats": {
              "full": "{1} 'la' {0}",
              "long": "{1} 'la' {0}",
              "medium": "{1}, {0}",
              "short": "{1}, {0}",
              "availableFormats": {
                "Bh": "h B",
                "Bhm": "h:mm B",
                "Bhms": "h:mm:ss B",
                "d": "d",
                "E": "ccc",
                "EBhm": "E h:mm B",
                "EBhms": "E h:mm:ss B",
                "Ed": "E d",
                "Ehm": "E h:mm a",
                "EHm": "E HH:mm",
                "Ehms": "E h:mm:ss a",
                "EHms": "E HH:mm:ss",
                "Gy": "y G",
                "GyMMM": "MMM y G",
                "GyMMMd": "d MMM y G",
                "GyMMMEd": "E, d MMM y G",
                "h": "h a",
                "H": "HH",
                "hm": "h:mm a",
                "Hm": "HH:mm",
                "hms": "h:mm:ss a",
                "Hms": "HH:mm:ss",
                "M": "L",
                "Md": "dd.MM",
                "MEd": "E, dd.MM",
                "MMM": "LLL",
                "MMMd": "d MMM",
                "MMMEd": "E, d MMM",
                "MMMMd": "d MMMM",
                "MMMMEd": "E, d MMMM",
                "ms": "mm:ss",
                "y": "y",
                "yyyy": "y G",
                "yyyyM": "MM.y G",
                "yyyyMd": "dd.MM.y G",
                "yyyyMEd": "E, dd.MM.y G",
                "yyyyMMM": "MMM y G",
                "yyyyMMMd": "d MMM y G",
                "yyyyMMMEd": "E, d MMM y G",
                "yyyyMMMM": "MMMM y G",
                "yyyyQQQ": "QQQ y G",
                "yyyyQQQQ": "QQQQ y G"
              },
              "appendItems": {
                "Day": "{0} ({2}: {1})",
                "Day-Of-Week": "{0} {1}",
                "Era": "{1} {0}",
                "Hour": "{0} ({2}: {1})",
                "Minute": "{0} ({2}: {1})",
                "Month": "{0} ({2}: {1})",
                "Quarter": "{0} ({2}: {1})",
                "Second": "{0} ({2}: {1})",
                "Timezone": "{0} {1}",
                "Week": "{0} ({2}: {1})",
                "Year": "{1} {0}"
              },
              "intervalFormats": {
                "intervalFormatFallback": "{0} – {1}",
                "Bh": {
                  "B": "h B – h B",
                  "h": "h–h B"
                },
                "Bhm": {
                  "B": "h:mm B – h:mm B",
                  "h": "h:mm–h:mm B",
                  "m": "h:mm–h:mm B"
                },
                "d": {
                  "d": "d–d"
                },
                "Gy": {
                  "G": "y G – y G",
                  "y": "y – y G"
                },
                "GyM": {
                  "G": "MM.y GGGGG – MM.y GGGGG",
                  "M": "MM.y – MM.y GGGGG",
                  "y": "MM.y – MM.y GGGGG"
                },
                "GyMd": {
                  "d": "dd.MM.y – dd.MM.y GGGGG",
                  "G": "dd.MM.y GGGGG – dd.MM.y GGGGG",
                  "M": "dd.MM.y – dd.MM.y GGGGG",
                  "y": "dd.MM.y – dd.MM.y GGGGG"
                },
                "GyMEd": {
                  "d": "E, dd.MM.y – E, dd.MM.y GGGGG",
                  "G": "E, dd.MM.y GGGGG – E, dd.MM.y GGGGG",
                  "M": "E, dd.MM.y – E, dd.MM.y GGGGG",
                  "y": "E, dd.MM.y – E, dd.MM.y GGGGG"
                },
                "GyMMM": {
                  "G": "MMM y G – MMM y G",
                  "M": "MMM – MMM y G",
                  "y": "MMM y – MMM y G"
                },
                "GyMMMd": {
                  "d": "d – d MMM y G",
                  "G": "d MMM y G – d MMM y G",
                  "M": "d MMM – d MMM y G",
                  "y": "d MMM y – d MMM y G"
                },
                "GyMMMEd": {
                  "d": "E, d MMM – E, d MMM y G",
                  "G": "E, d MMM y G – E, d MMM y G",
                  "M": "E, d MMM – E, d MMM y G",
                  "y": "E, d MMM y – E, d MMM y G"
                },
                "h": {
                  "a": "h a – h a",
                  "h": "h–h a"
                },
                "H": {
                  "H": "HH–HH"
                },
                "hm": {
                  "a": "h:mm a – h:mm a",
                  "h": "h:mm–h:mm a",
                  "m": "h:mm–h:mm a"
                },
                "Hm": {
                  "H": "HH:mm–HH:mm",
                  "m": "HH:mm–HH:mm"
                },
                "hmv": {
                  "a": "h:mm a – h:mm a v",
                  "h": "h:mm–h:mm a v",
                  "m": "h:mm–h:mm a v"
                },
                "Hmv": {
                  "H": "HH:mm–HH:mm v",
                  "m": "HH:mm–HH:mm v"
                },
                "hv": {
                  "a": "h a – h a v",
                  "h": "h–h a v"
                },
                "Hv": {
                  "H": "HH–HH v"
                },
                "M": {
                  "M": "M–M"
                },
                "Md": {
                  "d": "dd.MM – dd.MM",
                  "M": "dd.MM – dd.MM"
                },
                "MEd": {
                  "d": "E, dd.MM – E, dd.MM",
                  "M": "E, dd.MM – E, dd.MM"
                },
                "MMM": {
                  "M": "MMM–MMM"
                },
                "MMMd": {
                  "d": "d–d MMM",
                  "M": "d MMM – d MMM"
                },
                "MMMEd": {
                  "d": "E, d MMM – E, d MMM",
                  "M": "E, d MMM – E, d MMM"
                },
                "y": {
                  "y": "y–y G"
                },
                "yM": {
                  "M": "MM.y – MM.y G",
                  "y": "MM.y – MM.y G"
                },
                "yMd": {
                  "d": "dd.MM.y – dd.MM.y G",
                  "M": "dd.MM.y – dd.MM.y G",
                  "y": "dd.MM.y – dd.MM.y G"
                },
                "yMEd": {
                  "d": "E, dd.MM.y – E, dd.MM.y G",
                  "M": "E, dd.MM.y – E, dd.MM.y G",
                  "y": "E, dd.MM.y – E, dd.MM.y G"
                },
                "yMMM": {
                  "M": "MMM–MMM y G",
                  "y": "MMM y – MMM y G"
                },
                "yMMMd": {
                  "d": "d–d MMM y G",
                  "M": "d MMM – d MMM y G",
                  "y": "d MMM y – d MMM y G"
                },
                "yMMMEd": {
                  "d": "E, d MMM – E, d MMM y G",
                  "M": "E, d MMM – E, d MMM y G",
                  "y": "E, d MMM y – E, d MMM y G"
                },
                "yMMMM": {
                  "M": "MMMM–MMMM y G",
                  "y": "MMMM y – MMMM y G"
                }
              }
            }
          }
        }
      }
    }
  }
}
