{
  "annotations": {
    "identity": {
      "version": {
        "_cldrVersion": "39"
      },
      "language": "en",
      "territory": "CA"
    },
    "annotations": {
      "،": {
        "default": [
          "Arabic",
          "comma"
        ],
        "tts": [
          "Arabic comma"
        ]
      },
      "؛": {
        "default": [
          "Arabic",
          "Arabic semicolon",
          "semi-colon"
        ],
        "tts": [
          "Arabic semicolon"
        ]
      },
      "؟": {
        "default": [
          "Arabic",
          "Arabic question mark",
          "question",
          "question mark"
        ],
        "tts": [
          "Arabic question mark"
        ]
      },
      "@": {
        "default": [
          "ampersat",
          "arobase",
          "arroba",
          "at mark",
          "at sign",
          "at-sign",
          "commercial at",
          "email",
          "strudel"
        ]
      },
      "%": {
        "default": [
          "per cent",
          "per-cent",
          "percentage"
        ]
      },
      "<": {
        "default": [
          "close tag",
          "less than",
          "less-than sign",
          "tag"
        ],
        "tts": [
          "less than"
        ]
      },
      ">": {
        "default": [
          "close tag",
          "greater than",
          "greater-than sign",
          "tag"
        ],
        "tts": [
          "greater than"
        ]
      },
      "≈": {
        "default": [
          "about",
          "almost equal",
          "approximate",
          "approximation",
          "around"
        ]
      },
      "≤": {
        "default": [
          "equal",
          "equals",
          "inequality",
          "less than or equal to",
          "less-than"
        ],
        "tts": [
          "less than or equal to"
        ]
      },
      "≥": {
        "default": [
          "equal",
          "equals",
          "greater than or equal to",
          "greater-than",
          "inequality"
        ],
        "tts": [
          "greater than or equal to"
        ]
      },
      "🙃": {
        "default": [
          "face",
          "upside down",
          "upside-down face"
        ]
      },
      "😍": {
        "default": [
          "eye",
          "face",
          "love",
          "smile",
          "smiling face with heart eyes",
          "smiling face with heart-eyes"
        ],
        "tts": [
          "smiling face with heart eyes"
        ]
      },
      "😋": {
        "default": [
          "delicious",
          "face",
          "face savouring food",
          "savoring",
          "savouring",
          "smile",
          "yum"
        ]
      },
      "🤭": {
        "default": [
          "face with hand over mouth",
          "oops",
          "whoops"
        ]
      },
      "😷": {
        "default": [
          "cold",
          "doctor",
          "face",
          "face with medical mask",
          "ill",
          "mask",
          "sick"
        ]
      },
      "🤒": {
        "default": [
          "face",
          "face with thermometer",
          "ill",
          "sick",
          "thermometer"
        ]
      },
      "🤧": {
        "default": [
          "bless you",
          "face",
          "gesundheit",
          "sneeze",
          "sneezing face"
        ]
      },
      "😻": {
        "default": [
          "cat",
          "eye",
          "face",
          "heart",
          "love",
          "smile",
          "smiling cat face with heart eyes",
          "smiling cat with heart-eyes"
        ],
        "tts": [
          "smiling cat face with heart eyes"
        ]
      },
      "😼": {
        "default": [
          "cat",
          "cat with wry smile",
          "face",
          "ironic",
          "smile",
          "wry"
        ]
      },
      "🗨": {
        "default": [
          "dialogue",
          "left speech bubble",
          "speech"
        ]
      },
      "👌": {
        "default": [
          "hand",
          "OK",
          "perfect"
        ]
      },
      "🤟": {
        "default": [
          "hand",
          "ILY",
          "love you gesture",
          "love-you gesture"
        ],
        "tts": [
          "love you gesture"
        ]
      },
      "🤘": {
        "default": [
          "finger",
          "hand",
          "horns",
          "rock on",
          "sign of the horns"
        ]
      },
      "🤙": {
        "default": [
          "call",
          "call me hand",
          "call-me hand",
          "hand"
        ],
        "tts": [
          "call me hand"
        ]
      },
      "🤛": {
        "default": [
          "fist",
          "left-facing fist",
          "leftward"
        ]
      },
      "🤜": {
        "default": [
          "fist",
          "right-facing fist",
          "rightward"
        ]
      },
      "🧒": {
        "default": [
          "child",
          "gender-neutral",
          "toddler",
          "unspecified gender",
          "young"
        ]
      },
      "🧑‍⚕": {
        "default": [
          "care",
          "doctor",
          "health",
          "health worker",
          "healthcare",
          "nurse",
          "therapist"
        ]
      },
      "👨‍⚕": {
        "default": [
          "doctor",
          "health care",
          "man",
          "man health worker",
          "nurse",
          "therapist"
        ]
      },
      "👩‍⚕": {
        "default": [
          "doctor",
          "health care",
          "nurse",
          "therapist",
          "woman",
          "woman health worker"
        ]
      },
      "🧑‍🚒": {
        "default": [
          "engine",
          "fire",
          "firefighter",
          "firetruck",
          "truck"
        ]
      },
      "👨‍🚒": {
        "default": [
          "fire truck",
          "firefighter",
          "fireman",
          "man"
        ]
      },
      "👩‍🚒": {
        "default": [
          "engine",
          "fire",
          "firefighter",
          "firetruck",
          "firewoman",
          "truck",
          "woman"
        ]
      },
      "🎅": {
        "default": [
          "celebration",
          "Christmas",
          "Claus",
          "Father",
          "Santa"
        ]
      },
      "🤶": {
        "default": [
          "celebration",
          "Christmas",
          "Claus",
          "Mother",
          "Mrs."
        ],
        "tts": [
          "Mrs. Claus"
        ]
      },
      "🧑‍🎄": {
        "default": [
          "Claus, Christmas",
          "Mx. Claus"
        ],
        "tts": [
          "Mx. Claus"
        ]
      },
      "💇": {
        "default": [
          "barber",
          "beauty",
          "haircut",
          "parlour",
          "person getting haircut"
        ]
      },
      "🏋": {
        "default": [
          "lifter",
          "person lifting weights",
          "weight",
          "weightlifter"
        ]
      },
      "🤹": {
        "default": [
          "balance",
          "juggle",
          "multi-task",
          "multitask",
          "person juggling",
          "skill"
        ]
      },
      "🤹‍♂": {
        "default": [
          "juggling",
          "man",
          "multi-task",
          "multitask"
        ]
      },
      "🤹‍♀": {
        "default": [
          "juggling",
          "multi-task",
          "multitask",
          "woman"
        ]
      },
      "👭": {
        "default": [
          "couple",
          "hand",
          "two women holding hands",
          "woman",
          "women",
          "women holding hands"
        ]
      },
      "👬": {
        "default": [
          "couple",
          "Gemini",
          "man",
          "men",
          "men holding hands",
          "twins",
          "two men holding hands",
          "zodiac"
        ]
      },
      "🦳": {
        "default": [
          "gray",
          "grey",
          "hair",
          "old",
          "white"
        ]
      },
      "🐫": {
        "default": [
          "Bactrian",
          "camel",
          "hump",
          "two-hump camel"
        ]
      },
      "🐞": {
        "default": [
          "beetle",
          "insect",
          "lady beetle",
          "ladybird",
          "ladybug"
        ],
        "tts": [
          "ladybug"
        ]
      },
      "🕸": {
        "default": [
          "spider",
          "web"
        ],
        "tts": [
          "spider web"
        ]
      },
      "🌾": {
        "default": [
          "ear",
          "grain",
          "rice",
          "sheaf",
          "sheaf of rice"
        ],
        "tts": [
          "sheaf of rice"
        ]
      },
      "🥜": {
        "default": [
          "food",
          "nut",
          "peanut",
          "peanuts",
          "vegetable"
        ]
      },
      "🌰": {
        "default": [
          "chestnut",
          "nut",
          "plant"
        ]
      },
      "🥐": {
        "default": [
          "bread",
          "crescent roll",
          "croissant",
          "food",
          "French"
        ]
      },
      "🥖": {
        "default": [
          "baguette",
          "bread",
          "food",
          "French"
        ]
      },
      "🍔": {
        "default": [
          "burger",
          "hamburger"
        ],
        "tts": [
          "hamburger"
        ]
      },
      "🍟": {
        "default": [
          "French",
          "fries"
        ],
        "tts": [
          "French fries"
        ]
      },
      "🌮": {
        "default": [
          "Mexican",
          "taco"
        ]
      },
      "🌯": {
        "default": [
          "burrito",
          "Mexican",
          "wrap"
        ]
      },
      "🧆": {
        "default": [
          "chick pea",
          "chickpea",
          "falafel",
          "meatball"
        ]
      },
      "🥫": {
        "tts": [
          "canned food"
        ]
      },
      "🥡": {
        "default": [
          "oyster pail",
          "takeout box"
        ]
      },
      "🍦": {
        "default": [
          "cream",
          "dessert",
          "ice",
          "soft",
          "sweet"
        ]
      },
      "🍪": {
        "default": [
          "cookie",
          "dessert",
          "sweet"
        ],
        "tts": [
          "cookie"
        ]
      },
      "🍬": {
        "default": [
          "candy",
          "dessert",
          "sweet",
          "sweets"
        ],
        "tts": [
          "candy"
        ]
      },
      "🍭": {
        "default": [
          "candy",
          "dessert",
          "lollipop",
          "sweet"
        ]
      },
      "🍴": {
        "default": [
          "cooking",
          "cutlery",
          "fork",
          "fork and knife",
          "knife",
          "knife and fork"
        ],
        "tts": [
          "fork and knife"
        ]
      },
      "🗻": {
        "default": [
          "Fuji",
          "mount Fuji",
          "mountain"
        ],
        "tts": [
          "mount Fuji"
        ]
      },
      "🏪": {
        "default": [
          "convenience",
          "dépanneur",
          "store"
        ]
      },
      "🗼": {
        "default": [
          "Tokyo",
          "Tower"
        ],
        "tts": [
          "Tokyo Tower"
        ]
      },
      "🗽": {
        "default": [
          "Liberty",
          "Statue",
          "Statue of Liberty"
        ]
      },
      "🕌": {
        "default": [
          "Islam",
          "mosque",
          "Muslim",
          "religion"
        ]
      },
      "🛕": {
        "default": [
          "Hindu",
          "temple"
        ],
        "tts": [
          "Hindu temple"
        ]
      },
      "🕍": {
        "default": [
          "Jew",
          "Jewish",
          "religion",
          "shul",
          "synagogue",
          "temple"
        ]
      },
      "⛩": {
        "default": [
          "religion",
          "Shinto",
          "shrine"
        ],
        "tts": [
          "Shinto shrine"
        ]
      },
      "🕋": {
        "default": [
          "Islam",
          "kaaba",
          "Kaaba",
          "Muslim",
          "religion"
        ]
      },
      "🎡": {
        "default": [
          "amusement park",
          "Ferris",
          "theme park",
          "wheel"
        ],
        "tts": [
          "Ferris wheel"
        ]
      },
      "💈": {
        "tts": [
          "barber pole"
        ]
      },
      "🚃": {
        "default": [
          "car",
          "electric",
          "railway",
          "railway carriage",
          "train",
          "tram",
          "trolley bus",
          "trolleybus"
        ],
        "tts": [
          "railway car"
        ]
      },
      "🚄": {
        "default": [
          "high-speed train",
          "railway",
          "Shinkansen",
          "speed",
          "train"
        ]
      },
      "🚅": {
        "default": [
          "bullet",
          "railway",
          "Shinkansen",
          "speed",
          "train"
        ]
      },
      "🚇": {
        "tts": [
          "subway"
        ]
      },
      "🚊": {
        "default": [
          "car",
          "streetcar",
          "tram",
          "tramcar",
          "trolley",
          "trolley bus",
          "trolleybus"
        ]
      },
      "🚋": {
        "default": [
          "car",
          "streetcar",
          "tram",
          "tramcar",
          "trolley",
          "trolley bus",
          "trolleybus"
        ],
        "tts": [
          "streetcar"
        ]
      },
      "🚎": {
        "default": [
          "bus",
          "streetcar",
          "tram",
          "trolley",
          "trolleybus"
        ],
        "tts": [
          "trolley bus"
        ]
      },
      "🚒": {
        "tts": [
          "fire truck"
        ]
      },
      "🚙": {
        "default": [
          "recreational",
          "sport utility",
          "sport utility vehicle",
          "SUV"
        ]
      },
      "🚛": {
        "tts": [
          "semi"
        ]
      },
      "🛺": {
        "default": [
          "auto rickshaw",
          "tuk tuk",
          "tuk-tuk",
          "tuktuk"
        ]
      },
      "🛣": {
        "tts": [
          "highway"
        ]
      },
      "⛽": {
        "default": [
          "diesel",
          "fuel",
          "fuelpump",
          "gas",
          "pump",
          "station"
        ],
        "tts": [
          "gas pump"
        ]
      },
      "🛥": {
        "tts": [
          "motorboat"
        ]
      },
      "🛫": {
        "default": [
          "aeroplane",
          "airplane",
          "check-in",
          "departure",
          "departures"
        ]
      },
      "🕧": {
        "default": [
          "12",
          "12:30",
          "clock",
          "half past twelve",
          "thirty",
          "twelve",
          "twelve-thirty"
        ],
        "tts": [
          "twelve thirty"
        ]
      },
      "🕜": {
        "default": [
          "1",
          "1:30",
          "clock",
          "half past one",
          "one",
          "one-thirty",
          "thirty"
        ],
        "tts": [
          "one thirty"
        ]
      },
      "🕝": {
        "default": [
          "2",
          "2:30",
          "clock",
          "half past two",
          "thirty",
          "two",
          "two-thirty"
        ],
        "tts": [
          "two thirty"
        ]
      },
      "🕞": {
        "default": [
          "3",
          "3:30",
          "clock",
          "half past three",
          "thirty",
          "three",
          "three-thirty"
        ],
        "tts": [
          "three thirty"
        ]
      },
      "🕟": {
        "default": [
          "4",
          "4:30",
          "clock",
          "four",
          "four-thirty",
          "half past four",
          "thirty"
        ],
        "tts": [
          "four thirty"
        ]
      },
      "🕠": {
        "default": [
          "5",
          "5:30",
          "clock",
          "five",
          "five-thirty",
          "half past five",
          "thirty"
        ],
        "tts": [
          "five thirty"
        ]
      },
      "🕡": {
        "default": [
          "6",
          "6:30",
          "clock",
          "half past six",
          "six",
          "six-thirty",
          "thirty"
        ],
        "tts": [
          "six thirty"
        ]
      },
      "🕢": {
        "default": [
          "7",
          "7:30",
          "clock",
          "half past seven",
          "seven",
          "seven-thirty",
          "thirty"
        ],
        "tts": [
          "seven thirty"
        ]
      },
      "🕣": {
        "default": [
          "8",
          "8:30",
          "clock",
          "eight",
          "eight-thirty",
          "half past eight",
          "thirty"
        ],
        "tts": [
          "eight thirty"
        ]
      },
      "🕤": {
        "default": [
          "9",
          "9:30",
          "clock",
          "half past nine",
          "nine",
          "nine-thirty",
          "thirty"
        ],
        "tts": [
          "nine thirty"
        ]
      },
      "🕥": {
        "default": [
          "10",
          "10:30",
          "clock",
          "half past ten",
          "ten",
          "ten-thirty",
          "thirty"
        ],
        "tts": [
          "ten thirty"
        ]
      },
      "🕦": {
        "default": [
          "11",
          "11:30",
          "clock",
          "eleven",
          "eleven-thirty",
          "half past eleven",
          "thirty"
        ],
        "tts": [
          "eleven thirty"
        ]
      },
      "🌝": {
        "default": [
          "bright",
          "face",
          "full",
          "full-moon face",
          "moon"
        ],
        "tts": [
          "full-moon face"
        ]
      },
      "🌌": {
        "default": [
          "Milky",
          "space",
          "Way"
        ],
        "tts": [
          "Milky Way"
        ]
      },
      "🎃": {
        "default": [
          "celebration",
          "Halloween",
          "jack",
          "jack-o-lantern",
          "jack-o’-lantern",
          "lantern"
        ]
      },
      "🎋": {
        "default": [
          "banner",
          "celebration",
          "Japanese",
          "Tanabata tree",
          "tree"
        ],
        "tts": [
          "Tanabata tree"
        ]
      },
      "🎑": {
        "default": [
          "celebration",
          "ceremony",
          "moon",
          "moon viewing ceremony",
          "moon-viewing ceremony"
        ],
        "tts": [
          "moon-viewing ceremony"
        ]
      },
      "⚽": {
        "default": [
          "ball",
          "football",
          "soccer"
        ],
        "tts": [
          "soccer ball"
        ]
      },
      "🏈": {
        "tts": [
          "football"
        ]
      },
      "🏉": {
        "tts": [
          "rugby"
        ]
      },
      "🥏": {
        "default": [
          "flying disc",
          "Frisbee",
          "ultimate"
        ]
      },
      "🏏": {
        "default": [
          "ball",
          "bat",
          "cricket",
          "cricket match",
          "game"
        ]
      },
      "🏑": {
        "default": [
          "ball",
          "field",
          "game",
          "hockey",
          "stick"
        ],
        "tts": [
          "field hockey"
        ]
      },
      "🏒": {
        "tts": [
          "hockey"
        ]
      },
      "🏓": {
        "default": [
          "ball",
          "bat",
          "game",
          "paddle",
          "ping pong",
          "table tennis"
        ]
      },
      "🤿": {
        "default": [
          "diving",
          "diving mask",
          "scuba",
          "snorkelling"
        ]
      },
      "🛷": {
        "tts": [
          "sled"
        ]
      },
      "🥌": {
        "default": [
          "curling rock",
          "curling stone",
          "game",
          "rock"
        ],
        "tts": [
          "curling rock"
        ]
      },
      "🧿": {
        "default": [
          "bead",
          "charm",
          "evil eye",
          "nazar",
          "nazar amulet",
          "talisman"
        ]
      },
      "🀄": {
        "default": [
          "game",
          "Mahjong",
          "Mahjong red dragon",
          "red"
        ],
        "tts": [
          "Mahjong red dragon"
        ]
      },
      "👕": {
        "default": [
          "clothing",
          "shirt",
          "t-shirt",
          "T-shirt",
          "tee-shirt",
          "tshirt"
        ]
      },
      "🎒": {
        "tts": [
          "backpack"
        ]
      },
      "🩴": {
        "default": [
          "beach sandal",
          "flip-flop",
          "sandal",
          "thong",
          "zōri"
        ]
      },
      "🎓": {
        "default": [
          "cap",
          "celebration",
          "clothing",
          "graduation",
          "hat"
        ]
      },
      "🧢": {
        "tts": [
          "baseball cap"
        ]
      },
      "💎": {
        "default": [
          "diamond",
          "gem",
          "gem stone",
          "gemstone",
          "jewel"
        ],
        "tts": [
          "gemstone"
        ]
      },
      "💾": {
        "default": [
          "computer",
          "disk",
          "diskette",
          "floppy"
        ]
      },
      "🎥": {
        "tts": [
          "movie camera"
        ]
      },
      "📺": {
        "default": [
          "television",
          "tv",
          "video"
        ]
      },
      "🔦": {
        "default": [
          "electric",
          "flashlight",
          "light",
          "tool",
          "torch"
        ],
        "tts": [
          "flashlight"
        ]
      },
      "✉": {
        "default": [
          "e-mail",
          "email",
          "envelope",
          "letter"
        ]
      },
      "📧": {
        "default": [
          "e-mail",
          "email",
          "letter",
          "mail"
        ]
      },
      "📮": {
        "default": [
          "mail",
          "mailbox",
          "post",
          "post box",
          "postbox"
        ],
        "tts": [
          "mailbox"
        ]
      },
      "📐": {
        "default": [
          "ruler",
          "set",
          "set square",
          "triangle",
          "triangular ruler"
        ],
        "tts": [
          "triangular ruler"
        ]
      },
      "🗑": {
        "tts": [
          "wastebasket"
        ]
      },
      "🛠": {
        "default": [
          "hammer",
          "hammer and wrench",
          "spanner",
          "tool",
          "wrench"
        ],
        "tts": [
          "hammer and wrench"
        ]
      },
      "🔧": {
        "default": [
          "spanner",
          "tool",
          "wrench"
        ],
        "tts": [
          "wrench"
        ]
      },
      "🛋": {
        "default": [
          "couch",
          "couch and lamp",
          "hotel",
          "lamp",
          "sofa",
          "sofa and lamp"
        ],
        "tts": [
          "couch and lamp"
        ]
      },
      "🚽": {
        "default": [
          "lavatory",
          "toilet"
        ]
      },
      "🪤": {
        "default": [
          "bait",
          "mouse",
          "mousetrap",
          "snare",
          "trap"
        ]
      },
      "🛒": {
        "default": [
          "basket",
          "cart",
          "shopping",
          "trolley"
        ],
        "tts": [
          "shopping cart"
        ]
      },
      "🚮": {
        "default": [
          "garbage",
          "litter",
          "litter bin",
          "litter in bin sign",
          "trash"
        ]
      },
      "🚹": {
        "default": [
          "bathroom",
          "lavatory",
          "man",
          "men’s",
          "men’s room",
          "restroom",
          "washroom",
          "wc"
        ],
        "tts": [
          "men’s room"
        ]
      },
      "🚺": {
        "default": [
          "bathroom",
          "lavatory",
          "restroom",
          "washroom",
          "wc",
          "woman",
          "women’s",
          "women’s room"
        ],
        "tts": [
          "women’s room"
        ]
      },
      "🚻": {
        "default": [
          "bathroom",
          "lavatory",
          "restroom",
          "washroom",
          "WC"
        ],
        "tts": [
          "washroom"
        ]
      },
      "☯": {
        "default": [
          "religion",
          "Tao",
          "Taoist",
          "yang",
          "yin"
        ]
      },
      "✝": {
        "default": [
          "Christian",
          "cross",
          "Latin cross",
          "religion"
        ],
        "tts": [
          "Latin cross"
        ]
      },
      "☦": {
        "default": [
          "Christian",
          "cross",
          "Orthodox cross",
          "religion"
        ],
        "tts": [
          "Orthodox cross"
        ]
      },
      "☪": {
        "default": [
          "Islam",
          "Muslim",
          "religion",
          "star and crescent"
        ]
      },
      "♏": {
        "default": [
          "Scorpio",
          "scorpion",
          "Scorpius",
          "zodiac"
        ]
      },
      "🔼": {
        "default": [
          "arrow",
          "button",
          "red",
          "upward button",
          "upwards button"
        ],
        "tts": [
          "upward button"
        ]
      },
      "🔽": {
        "default": [
          "arrow",
          "button",
          "down",
          "downward button",
          "downwards button",
          "red"
        ],
        "tts": [
          "downward button"
        ]
      },
      "📳": {
        "default": [
          "cell",
          "mobile",
          "mode",
          "phone",
          "telephone",
          "vibrate",
          "vibration"
        ]
      },
      "✖": {
        "default": [
          "×",
          "cancel",
          "heavy multiplication x",
          "multiplication",
          "multiply",
          "sign",
          "x"
        ]
      },
      "➕": {
        "default": [
          "+",
          "math",
          "plus",
          "sign"
        ]
      },
      "➖": {
        "default": [
          "-",
          "−",
          "math",
          "minus",
          "sign"
        ]
      },
      "➗": {
        "default": [
          "÷",
          "divide",
          "division",
          "math",
          "sign"
        ]
      },
      "✅": {
        "default": [
          "✓",
          "button",
          "check",
          "mark",
          "tick"
        ],
        "tts": [
          "check mark button"
        ]
      },
      "☑": {
        "default": [
          "✓",
          "box",
          "check",
          "check box with check",
          "tick",
          "tick box with tick"
        ],
        "tts": [
          "check box with check"
        ]
      },
      "✔": {
        "default": [
          "✓",
          "check",
          "mark"
        ],
        "tts": [
          "check mark"
        ]
      },
      "™": {
        "default": [
          "mark",
          "tm",
          "trade mark",
          "trademark"
        ]
      },
      "🔠": {
        "default": [
          "ABCD",
          "input",
          "Latin",
          "letters",
          "uppercase"
        ],
        "tts": [
          "input Latin uppercase"
        ]
      },
      "🔡": {
        "default": [
          "abcd",
          "input",
          "Latin",
          "letters",
          "lowercase"
        ],
        "tts": [
          "input Latin lowercase"
        ]
      },
      "🔤": {
        "default": [
          "abc",
          "alphabet",
          "input",
          "Latin",
          "letters"
        ],
        "tts": [
          "input Latin letters"
        ]
      },
      "🏁": {
        "default": [
          "checkered",
          "checkered flag",
          "chequered",
          "chequered flag",
          "racing"
        ],
        "tts": [
          "checkered flag"
        ]
      },
      "¢": {
        "default": [
          "cent",
          "cents"
        ]
      },
      "$": {
        "default": [
          "CAD",
          "cash",
          "dollar",
          "dollars",
          "money",
          "peso",
          "USD"
        ]
      },
      "₱": {
        "default": [
          "peso",
          "pesos"
        ]
      },
      "₹": {
        "default": [
          "currency",
          "Indian rupee",
          "rupee"
        ],
        "tts": [
          "Indian rupee"
        ]
      }
    }
  }
}
