{
  "rbnf": {
    "identity": {
      "version": {
        "_cldrVersion": "39"
      },
      "language": "bg"
    },
    "rbnf": {
      "SpelloutRules": {
        "%spellout-numbering-year": [
          [
            "x.x",
            "=0.0=;"
          ],
          [
            "0",
            "=%spellout-numbering=;"
          ]
        ],
        "%spellout-numbering": [
          [
            "0",
            "=%spellout-cardinal-feminine=;"
          ]
        ],
        "%spellout-cardinal-masculine": [
          [
            "-x",
            "минус →→;"
          ],
          [
            "x.x",
            "←← кома →→;"
          ],
          [
            "0",
            "нула;"
          ],
          [
            "1",
            "един;"
          ],
          [
            "2",
            "два;"
          ],
          [
            "3",
            "три;"
          ],
          [
            "4",
            "четири;"
          ],
          [
            "5",
            "пет;"
          ],
          [
            "6",
            "шест;"
          ],
          [
            "7",
            "седем;"
          ],
          [
            "8",
            "осем;"
          ],
          [
            "9",
            "девет;"
          ],
          [
            "10",
            "десет;"
          ],
          [
            "11",
            "единадесет;"
          ],
          [
            "12",
            "дванадесет;"
          ],
          [
            "13",
            "тринадесет;"
          ],
          [
            "14",
            "четиринадесет;"
          ],
          [
            "15",
            "петнадесет;"
          ],
          [
            "16",
            "шестнадесет;"
          ],
          [
            "17",
            "седемнадесет;"
          ],
          [
            "18",
            "осемнадесет;"
          ],
          [
            "19",
            "деветнадесет;"
          ],
          [
            "20",
            "двадесет[ и →→];"
          ],
          [
            "30",
            "тридесет[ и →→];"
          ],
          [
            "40",
            "четиридесет[ и →→];"
          ],
          [
            "50",
            "петдесет[ и →→];"
          ],
          [
            "60",
            "шестдесет[ и →→];"
          ],
          [
            "70",
            "седемдесет[ и →→];"
          ],
          [
            "80",
            "осемдесет[ и →→];"
          ],
          [
            "90",
            "деветдесет[ и →→];"
          ],
          [
            "100",
            "сто[ →→];"
          ],
          [
            "200",
            "двеста[ →→];"
          ],
          [
            "300",
            "триста[ →→];"
          ],
          [
            "400",
            "четиристотин[ →→];"
          ],
          [
            "500",
            "петстотин[ →→];"
          ],
          [
            "600",
            "шестстотин[ →→];"
          ],
          [
            "700",
            "седемстотин[ →→];"
          ],
          [
            "800",
            "осемстотин[ →→];"
          ],
          [
            "900",
            "деветстотин[ →→];"
          ],
          [
            "1000",
            "хиляда[ →→];"
          ],
          [
            "2000",
            "←%spellout-cardinal-feminine← хиляди[ →→];"
          ],
          [
            "1000000",
            "←%spellout-cardinal-masculine← милион[ →→];"
          ],
          [
            "2000000",
            "←%spellout-cardinal-masculine← милиона[ →→];"
          ],
          [
            "1000000000",
            "←%spellout-cardinal-masculine← милиард[ →→];"
          ],
          [
            "2000000000",
            "←%spellout-cardinal-masculine← милиарда[ →→];"
          ],
          [
            "1000000000000",
            "←%spellout-cardinal-masculine← трилион[ →→];"
          ],
          [
            "2000000000000",
            "←%spellout-cardinal-masculine← трилиона[ →→];"
          ],
          [
            "1000000000000000",
            "←%spellout-cardinal-masculine← квадрилион[ →→];"
          ],
          [
            "2000000000000000",
            "←%spellout-cardinal-masculine← квадрилиона[ →→];"
          ],
          [
            "1000000000000000000",
            "=#,##0=;"
          ]
        ],
        "%spellout-cardinal-feminine": [
          [
            "-x",
            "минус →→;"
          ],
          [
            "x.x",
            "←← кома →→;"
          ],
          [
            "0",
            "нула;"
          ],
          [
            "1",
            "едно;"
          ],
          [
            "2",
            "две;"
          ],
          [
            "3",
            "=%spellout-cardinal-masculine=;"
          ],
          [
            "20",
            "двадесет[ и →→];"
          ],
          [
            "30",
            "тридесет[ и →→];"
          ],
          [
            "40",
            "четиридесет[ и →→];"
          ],
          [
            "50",
            "петдесет[ и →→];"
          ],
          [
            "60",
            "шестдесет[ и →→];"
          ],
          [
            "70",
            "седемдесет[ и →→];"
          ],
          [
            "80",
            "осемдесет[ и →→];"
          ],
          [
            "90",
            "деветдесет[ и →→];"
          ],
          [
            "100",
            "сто[ →→];"
          ],
          [
            "200",
            "двеста[ →→];"
          ],
          [
            "300",
            "триста[ →→];"
          ],
          [
            "400",
            "четиристотин[ →→];"
          ],
          [
            "500",
            "петстотин[ →→];"
          ],
          [
            "600",
            "шестстотин[ →→];"
          ],
          [
            "700",
            "седемстотин[ →→];"
          ],
          [
            "800",
            "осемстотин[ →→];"
          ],
          [
            "900",
            "деветстотин[ →→];"
          ],
          [
            "1000",
            "хиляда[ →→];"
          ],
          [
            "2000",
            "←%spellout-cardinal-feminine← хиляди[ →→];"
          ],
          [
            "1000000",
            "←%spellout-cardinal-masculine← милион[ →→];"
          ],
          [
            "2000000",
            "←%spellout-cardinal-masculine← милиона[ →→];"
          ],
          [
            "1000000000",
            "←%spellout-cardinal-masculine← милиард[ →→];"
          ],
          [
            "2000000000",
            "←%spellout-cardinal-masculine← милиарда[ →→];"
          ],
          [
            "1000000000000",
            "←%spellout-cardinal-masculine← трилион[ →→];"
          ],
          [
            "2000000000000",
            "←%spellout-cardinal-masculine← трилиона[ →→];"
          ],
          [
            "1000000000000000",
            "←%spellout-cardinal-masculine← квадрилион[ →→];"
          ],
          [
            "2000000000000000",
            "←%spellout-cardinal-masculine← квадрилиона[ →→];"
          ],
          [
            "1000000000000000000",
            "=#,##0=;"
          ]
        ]
      }
    }
  }
}
