{
  "rbnf": {
    "identity": {
      "version": {
        "_cldrVersion": "39"
      },
      "language": "ca"
    },
    "rbnf": {
      "OrdinalRules": {
        "%%digits-ordinal-indicator-m": [
          [
            "0",
            "è;"
          ],
          [
            "1",
            "r;"
          ],
          [
            "2",
            "n;"
          ],
          [
            "3",
            "r;"
          ],
          [
            "4",
            "t;"
          ],
          [
            "5",
            "è;"
          ],
          [
            "20",
            "→→;"
          ],
          [
            "100",
            "→→;"
          ]
        ],
        "%digits-ordinal-masculine": [
          [
            "-x",
            "−→→;"
          ],
          [
            "0",
            "=#,##0==%%digits-ordinal-indicator-m=;"
          ]
        ],
        "%digits-ordinal-feminine": [
          [
            "-x",
            "−→→;"
          ],
          [
            "0",
            "=#,##0=a;"
          ]
        ],
        "%digits-ordinal": [
          [
            "0",
            "=%digits-ordinal-masculine=;"
          ]
        ]
      },
      "SpelloutRules": {
        "%spellout-numbering-year": [
          [
            "x.x",
            "=0.0=;"
          ],
          [
            "0",
            "=%spellout-numbering=;"
          ]
        ],
        "%%spellout-numbering-cents": [
          [
            "0",
            "s;"
          ],
          [
            "1",
            "' =%spellout-cardinal-masculine=;"
          ]
        ],
        "%spellout-numbering": [
          [
            "-x",
            "menys →→;"
          ],
          [
            "x.x",
            "←← coma →→;"
          ],
          [
            "0",
            "zero;"
          ],
          [
            "1",
            "u;"
          ],
          [
            "2",
            "=%spellout-cardinal-masculine=;"
          ],
          [
            "20",
            "vint[-i-→→];"
          ],
          [
            "30",
            "trenta[-→→];"
          ],
          [
            "40",
            "quaranta[-→→];"
          ],
          [
            "50",
            "cinquanta[-→→];"
          ],
          [
            "60",
            "seixanta[-→→];"
          ],
          [
            "70",
            "setanta[-→→];"
          ],
          [
            "80",
            "vuitanta[-→→];"
          ],
          [
            "90",
            "noranta[-→→];"
          ],
          [
            "100",
            "cent[-→→];"
          ],
          [
            "200",
            "←%spellout-cardinal-masculine←-cent→%%spellout-numbering-cents→;"
          ],
          [
            "1000",
            "mil[ →→];"
          ],
          [
            "2000",
            "←%spellout-cardinal-masculine← mil[ →→];"
          ],
          [
            "1000000",
            "un milió[ →→];"
          ],
          [
            "2000000",
            "←%spellout-cardinal-masculine← milions[ →→];"
          ],
          [
            "1000000000",
            "un miliard[ →→];"
          ],
          [
            "2000000000",
            "←%spellout-cardinal-masculine← miliards[ →→];"
          ],
          [
            "1000000000000",
            "un bilió[ →→];"
          ],
          [
            "2000000000000",
            "←%spellout-cardinal-masculine← bilions[ →→];"
          ],
          [
            "1000000000000000",
            "un biliard[ →→];"
          ],
          [
            "2000000000000000",
            "←%spellout-cardinal-masculine← biliards[ →→];"
          ],
          [
            "1000000000000000000",
            "=#,##0=;"
          ]
        ],
        "%%spellout-cardinal-masculine-cents": [
          [
            "0",
            "s;"
          ],
          [
            "1",
            "' =%spellout-cardinal-masculine=;"
          ]
        ],
        "%spellout-cardinal-masculine": [
          [
            "-x",
            "menys →→;"
          ],
          [
            "x.x",
            "←← coma →→;"
          ],
          [
            "0",
            "zero;"
          ],
          [
            "1",
            "un;"
          ],
          [
            "2",
            "dos;"
          ],
          [
            "3",
            "tres;"
          ],
          [
            "4",
            "quatre;"
          ],
          [
            "5",
            "cinc;"
          ],
          [
            "6",
            "sis;"
          ],
          [
            "7",
            "set;"
          ],
          [
            "8",
            "vuit;"
          ],
          [
            "9",
            "nou;"
          ],
          [
            "10",
            "deu;"
          ],
          [
            "11",
            "onze;"
          ],
          [
            "12",
            "dotze;"
          ],
          [
            "13",
            "tretze;"
          ],
          [
            "14",
            "catorze;"
          ],
          [
            "15",
            "quinze;"
          ],
          [
            "16",
            "setze;"
          ],
          [
            "17",
            "disset;"
          ],
          [
            "18",
            "divuit;"
          ],
          [
            "19",
            "dinou;"
          ],
          [
            "20",
            "vint[-i-→→];"
          ],
          [
            "30",
            "trenta[-→→];"
          ],
          [
            "40",
            "quaranta[-→→];"
          ],
          [
            "50",
            "cinquanta[-→→];"
          ],
          [
            "60",
            "seixanta[-→→];"
          ],
          [
            "70",
            "setanta[-→→];"
          ],
          [
            "80",
            "vuitanta[-→→];"
          ],
          [
            "90",
            "noranta[-→→];"
          ],
          [
            "100",
            "cent[-→→];"
          ],
          [
            "200",
            "←%spellout-cardinal-masculine←-cent→%%spellout-cardinal-masculine-cents→;"
          ],
          [
            "1000",
            "mil[ →→];"
          ],
          [
            "2000",
            "←%spellout-cardinal-masculine← mil[ →→];"
          ],
          [
            "1000000",
            "un milió[ →→];"
          ],
          [
            "2000000",
            "←%spellout-cardinal-masculine← milions[ →→];"
          ],
          [
            "1000000000",
            "un miliard[ →→];"
          ],
          [
            "2000000000",
            "←%spellout-cardinal-masculine← miliards[ →→];"
          ],
          [
            "1000000000000",
            "un bilió[ →→];"
          ],
          [
            "2000000000000",
            "←%spellout-cardinal-masculine← bilions[ →→];"
          ],
          [
            "1000000000000000",
            "un biliard[ →→];"
          ],
          [
            "2000000000000000",
            "←%spellout-cardinal-masculine← biliards[ →→];"
          ],
          [
            "1000000000000000000",
            "=#,##0=;"
          ]
        ],
        "%%spellout-cardinal-feminine-cents": [
          [
            "0",
            "s;"
          ],
          [
            "1",
            "' =%spellout-cardinal-feminine=;"
          ]
        ],
        "%spellout-cardinal-feminine": [
          [
            "-x",
            "menys →→;"
          ],
          [
            "x.x",
            "←← coma →→;"
          ],
          [
            "0",
            "zero;"
          ],
          [
            "1",
            "una;"
          ],
          [
            "2",
            "dues;"
          ],
          [
            "3",
            "=%spellout-cardinal-masculine=;"
          ],
          [
            "20",
            "vint[-i-→→];"
          ],
          [
            "30",
            "trenta[-→→];"
          ],
          [
            "40",
            "quaranta[-→→];"
          ],
          [
            "50",
            "cinquanta[-→→];"
          ],
          [
            "60",
            "seixanta[-→→];"
          ],
          [
            "70",
            "setanta[-→→];"
          ],
          [
            "80",
            "vuitanta[-→→];"
          ],
          [
            "90",
            "noranta[-→→];"
          ],
          [
            "100",
            "cent[-→→];"
          ],
          [
            "200",
            "←%spellout-cardinal-masculine←-cent→%%spellout-cardinal-feminine-cents→;"
          ],
          [
            "1000",
            "mil[ →→];"
          ],
          [
            "2000",
            "←%spellout-cardinal-masculine← mil[ →→];"
          ],
          [
            "1000000",
            "un milió[ →→];"
          ],
          [
            "2000000",
            "←%spellout-cardinal-masculine← milions[ →→];"
          ],
          [
            "1000000000",
            "un miliard[ →→];"
          ],
          [
            "2000000000",
            "←%spellout-cardinal-masculine← miliards[ →→];"
          ],
          [
            "1000000000000",
            "un bilió[ →→];"
          ],
          [
            "2000000000000",
            "←%spellout-cardinal-masculine← bilions[ →→];"
          ],
          [
            "1000000000000000",
            "un biliard[ →→];"
          ],
          [
            "2000000000000000",
            "←%spellout-cardinal-masculine← biliards[ →→];"
          ],
          [
            "1000000000000000000",
            "=#,##0=;"
          ]
        ],
        "%%spellout-ordinal-masculine-cont": [
          [
            "0",
            "è;"
          ],
          [
            "1",
            "' =%spellout-ordinal-masculine=;"
          ]
        ],
        "%%spellout-ordinal-masculine-conts": [
          [
            "0",
            "è;"
          ],
          [
            "1",
            "s =%spellout-ordinal-masculine=;"
          ]
        ],
        "%spellout-ordinal-masculine": [
          [
            "-x",
            "menys →→;"
          ],
          [
            "x.x",
            "=#,##0.#=;"
          ],
          [
            "0",
            "zeroè;"
          ],
          [
            "1",
            "primer;"
          ],
          [
            "2",
            "segon;"
          ],
          [
            "3",
            "tercer;"
          ],
          [
            "4",
            "quart;"
          ],
          [
            "5",
            "cinquè;"
          ],
          [
            "6",
            "sisè;"
          ],
          [
            "7",
            "setè;"
          ],
          [
            "8",
            "vuitè;"
          ],
          [
            "9",
            "novè;"
          ],
          [
            "10",
            "desè;"
          ],
          [
            "11",
            "onzè;"
          ],
          [
            "12",
            "dotzè;"
          ],
          [
            "13",
            "tretzè;"
          ],
          [
            "14",
            "catorzè;"
          ],
          [
            "15",
            "quinzè;"
          ],
          [
            "16",
            "setzè;"
          ],
          [
            "17",
            "dissetè;"
          ],
          [
            "18",
            "divuitè;"
          ],
          [
            "19",
            "dinovè;"
          ],
          [
            "20",
            "vintè;"
          ],
          [
            "21",
            "vint-i-→→;"
          ],
          [
            "30",
            "trentè;"
          ],
          [
            "31",
            "trenta-→→;"
          ],
          [
            "40",
            "quarantè;"
          ],
          [
            "41",
            "quaranta-→→;"
          ],
          [
            "50",
            "cinquantè;"
          ],
          [
            "51",
            "cinquanta-→→;"
          ],
          [
            "60",
            "seixantè;"
          ],
          [
            "61",
            "seixanta-→→;"
          ],
          [
            "70",
            "setantè;"
          ],
          [
            "71",
            "setanta-→→;"
          ],
          [
            "80",
            "vuitantè;"
          ],
          [
            "81",
            "vuitanta-→→;"
          ],
          [
            "90",
            "norantè;"
          ],
          [
            "91",
            "noranta-→→;"
          ],
          [
            "100",
            "centè;"
          ],
          [
            "101",
            "cent-→→;"
          ],
          [
            "200",
            "←%spellout-cardinal-masculine←-cent→%%spellout-ordinal-masculine-cont→;"
          ],
          [
            "1000",
            "mil→%%spellout-ordinal-masculine-cont→;"
          ],
          [
            "2000",
            "←%spellout-cardinal-masculine← mil→%%spellout-ordinal-masculine-cont→;"
          ],
          [
            "1000000",
            "un milion→%%spellout-ordinal-masculine-cont→;"
          ],
          [
            "2000000",
            "←%spellout-cardinal-masculine← milion→%%spellout-ordinal-masculine-conts→;"
          ],
          [
            "1000000000",
            "un miliard→%%spellout-ordinal-masculine-cont→;"
          ],
          [
            "2000000000",
            "←%spellout-cardinal-masculine← miliard→%%spellout-ordinal-masculine-conts→;"
          ],
          [
            "1000000000000",
            "un bilion→%%spellout-ordinal-masculine-cont→;"
          ],
          [
            "2000000000000",
            "←%spellout-cardinal-masculine← bilion→%%spellout-ordinal-masculine-conts→;"
          ],
          [
            "1000000000000000",
            "un biliard→%%spellout-ordinal-masculine-cont→;"
          ],
          [
            "2000000000000000",
            "←%spellout-cardinal-masculine← biliard→%%spellout-ordinal-masculine-conts→;"
          ],
          [
            "1000000000000000000",
            "=#,##0=è;"
          ]
        ],
        "%%spellout-ordinal-feminine-cont": [
          [
            "0",
            "ena;"
          ],
          [
            "1",
            "' =%spellout-ordinal-feminine=;"
          ]
        ],
        "%%spellout-ordinal-feminine-conts": [
          [
            "0",
            "ena;"
          ],
          [
            "1",
            "s =%spellout-ordinal-feminine=;"
          ]
        ],
        "%spellout-ordinal-feminine": [
          [
            "-x",
            "menys →→;"
          ],
          [
            "x.x",
            "=#,##0.#=;"
          ],
          [
            "0",
            "zerona;"
          ],
          [
            "1",
            "primera;"
          ],
          [
            "2",
            "segona;"
          ],
          [
            "3",
            "tercera;"
          ],
          [
            "4",
            "quarta;"
          ],
          [
            "5",
            "cinquena;"
          ],
          [
            "6",
            "sisena;"
          ],
          [
            "7",
            "setena;"
          ],
          [
            "8",
            "vuitena;"
          ],
          [
            "9",
            "novena;"
          ],
          [
            "10",
            "desena;"
          ],
          [
            "11",
            "onzena;"
          ],
          [
            "12",
            "dotzena;"
          ],
          [
            "13",
            "tretzena;"
          ],
          [
            "14",
            "catorzena;"
          ],
          [
            "15",
            "quinzena;"
          ],
          [
            "16",
            "setzena;"
          ],
          [
            "17",
            "dissetena;"
          ],
          [
            "18",
            "divuitena;"
          ],
          [
            "19",
            "dinovena;"
          ],
          [
            "20",
            "vintena;"
          ],
          [
            "21",
            "vint-i-→→;"
          ],
          [
            "30",
            "trentena;"
          ],
          [
            "31",
            "trenta-→→;"
          ],
          [
            "40",
            "quarantena;"
          ],
          [
            "41",
            "quaranta-→→;"
          ],
          [
            "50",
            "cinquantena;"
          ],
          [
            "51",
            "cinquanta-→→;"
          ],
          [
            "60",
            "seixantena;"
          ],
          [
            "61",
            "seixanta-→→;"
          ],
          [
            "70",
            "setantena;"
          ],
          [
            "71",
            "setanta-→→;"
          ],
          [
            "80",
            "vuitantena;"
          ],
          [
            "81",
            "vuitanta-→→;"
          ],
          [
            "90",
            "norantena;"
          ],
          [
            "91",
            "noranta-→→;"
          ],
          [
            "100",
            "centena;"
          ],
          [
            "101",
            "cent-→→;"
          ],
          [
            "200",
            "←%spellout-cardinal-masculine←-cent→%%spellout-ordinal-feminine-cont→;"
          ],
          [
            "1000",
            "mil→%%spellout-ordinal-feminine-cont→;"
          ],
          [
            "2000",
            "←%spellout-cardinal-masculine← mil→%%spellout-ordinal-feminine-cont→;"
          ],
          [
            "1000000",
            "un milion→%%spellout-ordinal-feminine-cont→;"
          ],
          [
            "2000000",
            "←%spellout-cardinal-masculine← milion→%%spellout-ordinal-feminine-conts→;"
          ],
          [
            "1000000000",
            "un miliard→%%spellout-ordinal-feminine-cont→;"
          ],
          [
            "2000000000",
            "←%spellout-cardinal-masculine← miliard→%%spellout-ordinal-feminine-conts→;"
          ],
          [
            "1000000000000",
            "un bilion→%%spellout-ordinal-feminine-cont→;"
          ],
          [
            "2000000000000",
            "←%spellout-cardinal-masculine← bilion→%%spellout-ordinal-feminine-conts→;"
          ],
          [
            "1000000000000000",
            "un biliard→%%spellout-ordinal-feminine-cont→;"
          ],
          [
            "2000000000000000",
            "←%spellout-cardinal-masculine← biliard→%%spellout-ordinal-feminine-conts→;"
          ],
          [
            "1000000000000000000",
            "=#,##0=ena;"
          ]
        ]
      }
    }
  }
}
