{
  "rbnf": {
    "identity": {
      "version": {
        "_cldrVersion": "39"
      },
      "language": "es",
      "territory": "419"
    },
    "rbnf": {
      "OrdinalRules": {
        "%%dord-mascabbrev": [
          [
            "0",
            "º;"
          ],
          [
            "1",
            "ᵉʳ;"
          ],
          [
            "2",
            "º;"
          ],
          [
            "3",
            "ᵉʳ;"
          ],
          [
            "4",
            "º;"
          ],
          [
            "20",
            "→→;"
          ],
          [
            "100",
            "→→;"
          ]
        ],
        "%digits-ordinal-masculine-adjective": [
          [
            "-x",
            "−→→;"
          ],
          [
            "0",
            "=#,##0==%%dord-mascabbrev=.;"
          ]
        ],
        "%digits-ordinal-masculine": [
          [
            "-x",
            "−→→;"
          ],
          [
            "0",
            "=#,##0=º.;"
          ]
        ],
        "%digits-ordinal-feminine": [
          [
            "-x",
            "−→→;"
          ],
          [
            "0",
            "=#,##0=ª.;"
          ]
        ],
        "%digits-ordinal": [
          [
            "0",
            "=%digits-ordinal-masculine=;"
          ]
        ]
      }
    }
  }
}
