{
  "rbnf": {
    "identity": {
      "version": {
        "_cldrVersion": "39"
      },
      "language": "lt"
    },
    "rbnf": {
      "SpelloutRules": {
        "%spellout-numbering-year": [
          [
            "x.x",
            "=0.0=;"
          ],
          [
            "0",
            "=%spellout-numbering=;"
          ]
        ],
        "%spellout-numbering": [
          [
            "0",
            "=%spellout-cardinal-masculine=;"
          ]
        ],
        "%%spellout-cardinal-feminine-accusative": [
          [
            "0",
            "ERROR;"
          ],
          [
            "2",
            "dvi;"
          ],
          [
            "3",
            "tris;"
          ],
          [
            "4",
            "keturias;"
          ],
          [
            "5",
            "penkias;"
          ],
          [
            "6",
            "šešias;"
          ],
          [
            "7",
            "septynias;"
          ],
          [
            "8",
            "aštuonias;"
          ],
          [
            "9",
            "devynias;"
          ],
          [
            "10",
            "ERROR;"
          ]
        ],
        "%%spellout-thousands": [
          [
            "0",
            "tūkstančių;"
          ],
          [
            "1",
            "=%spellout-cardinal-masculine= tūkstantis;"
          ],
          [
            "2",
            "=%spellout-cardinal-masculine= tūkstančiai;"
          ],
          [
            "10",
            "=%spellout-cardinal-masculine= tūkstančių;"
          ],
          [
            "21",
            "=%spellout-cardinal-masculine= tūkstantis;"
          ],
          [
            "22",
            "=%spellout-cardinal-masculine= tūkstančiai;"
          ],
          [
            "30",
            "=%spellout-cardinal-masculine= tūkstančių;"
          ],
          [
            "31",
            "=%spellout-cardinal-masculine= tūkstantis;"
          ],
          [
            "32",
            "=%spellout-cardinal-masculine= tūkstančiai;"
          ],
          [
            "40",
            "=%spellout-cardinal-masculine= tūkstančių;"
          ],
          [
            "41",
            "=%spellout-cardinal-masculine= tūkstantis;"
          ],
          [
            "42",
            "=%spellout-cardinal-masculine= tūkstančiai;"
          ],
          [
            "50",
            "=%spellout-cardinal-masculine= tūkstančių;"
          ],
          [
            "51",
            "=%spellout-cardinal-masculine= tūkstantis;"
          ],
          [
            "52",
            "=%spellout-cardinal-masculine= tūkstančiai;"
          ],
          [
            "60",
            "=%spellout-cardinal-masculine= tūkstančių;"
          ],
          [
            "61",
            "=%spellout-cardinal-masculine= tūkstantis;"
          ],
          [
            "62",
            "=%spellout-cardinal-masculine= tūkstančiai;"
          ],
          [
            "70",
            "=%spellout-cardinal-masculine= tūkstančių;"
          ],
          [
            "71",
            "=%spellout-cardinal-masculine= tūkstantis;"
          ],
          [
            "72",
            "=%spellout-cardinal-masculine= tūkstančiai;"
          ],
          [
            "80",
            "=%spellout-cardinal-masculine= tūkstančių;"
          ],
          [
            "81",
            "=%spellout-cardinal-masculine= tūkstantis;"
          ],
          [
            "82",
            "=%spellout-cardinal-masculine= tūkstančiai;"
          ],
          [
            "90",
            "=%spellout-cardinal-masculine= tūkstančių;"
          ],
          [
            "91",
            "=%spellout-cardinal-masculine= tūkstantis;"
          ],
          [
            "92",
            "=%spellout-cardinal-masculine= tūkstančiai;"
          ],
          [
            "100",
            "šimtas →→;"
          ],
          [
            "200",
            "←%spellout-cardinal-masculine← šimtai →→;"
          ]
        ],
        "%spellout-cardinal-masculine": [
          [
            "-x",
            "mīnus →→;"
          ],
          [
            "x.x",
            "←← kablelis →→;"
          ],
          [
            "0",
            "nulis;"
          ],
          [
            "1",
            "vienas;"
          ],
          [
            "2",
            "du;"
          ],
          [
            "3",
            "trys;"
          ],
          [
            "4",
            "keturi;"
          ],
          [
            "5",
            "penki;"
          ],
          [
            "6",
            "šeši;"
          ],
          [
            "7",
            "septyni;"
          ],
          [
            "8",
            "aštuoni;"
          ],
          [
            "9",
            "devyni;"
          ],
          [
            "10",
            "dešimt;"
          ],
          [
            "11",
            "vienuolika;"
          ],
          [
            "12",
            "dvylika;"
          ],
          [
            "13",
            "trylika;"
          ],
          [
            "14",
            "→→olika;"
          ],
          [
            "20",
            "←%%spellout-cardinal-feminine-accusative←dešimt[ →→];"
          ],
          [
            "100",
            "šimtas[ →→];"
          ],
          [
            "200",
            "←%spellout-cardinal-masculine← šimtai[ →→];"
          ],
          [
            "1000",
            "tūkstantis[ →→];"
          ],
          [
            "2000/1000",
            "←%%spellout-thousands←[ →→];"
          ],
          [
            "1000000",
            "vienas milijonas[ →→];"
          ],
          [
            "2000000",
            "←%spellout-cardinal-masculine← milijonų[ →→];"
          ],
          [
            "1000000000",
            "vienas milijardas[ →→];"
          ],
          [
            "2000000000",
            "←%spellout-cardinal-masculine← milijardų[ →→];"
          ],
          [
            "1000000000000",
            "vienas trilijonas[ →→];"
          ],
          [
            "2000000000000",
            "←%spellout-cardinal-masculine←trilijonų[ →→];"
          ],
          [
            "1000000000000000",
            "vienas kvadrilijonas[ →→];"
          ],
          [
            "2000000000000000",
            "←%spellout-cardinal-masculine← kvadrilijonų[ →→];"
          ],
          [
            "1000000000000000000",
            "=#,##0=;"
          ]
        ],
        "%spellout-cardinal-feminine": [
          [
            "-x",
            "mīnus →→;"
          ],
          [
            "x.x",
            "←← kablelis →→;"
          ],
          [
            "0",
            "nulis;"
          ],
          [
            "1",
            "viena;"
          ],
          [
            "2",
            "dvi;"
          ],
          [
            "3",
            "trys;"
          ],
          [
            "4",
            "=%spellout-cardinal-masculine=os;"
          ],
          [
            "10",
            "=%spellout-cardinal-masculine=;"
          ],
          [
            "20",
            "←%%spellout-cardinal-feminine-accusative←dešimt[ →→];"
          ],
          [
            "100",
            "šimtas[ →→];"
          ],
          [
            "200",
            "←%spellout-cardinal-masculine← šimtai[ →→];"
          ],
          [
            "1000",
            "tūkstantis[ →→];"
          ],
          [
            "2000/1000",
            "←%%spellout-thousands←[ →→];"
          ],
          [
            "1000000",
            "vienas milijonas[ →→];"
          ],
          [
            "2000000",
            "←%spellout-cardinal-masculine← milijonų[ →→];"
          ],
          [
            "1000000000",
            "vienas milijardas[ →→];"
          ],
          [
            "2000000000",
            "←%spellout-cardinal-masculine← milijardų[ →→];"
          ],
          [
            "1000000000000",
            "vienas trilijonas[ →→];"
          ],
          [
            "2000000000000",
            "←%spellout-cardinal-masculine← trilijonų[ →→];"
          ],
          [
            "1000000000000000",
            "vienas kvadrilijonas[ →→];"
          ],
          [
            "2000000000000000",
            "←%spellout-cardinal-masculine← kvadrilijonų[ →→];"
          ],
          [
            "1000000000000000000",
            "=#,##0=;"
          ]
        ]
      }
    }
  }
}
