{
  "rbnf": {
    "identity": {
      "version": {
        "_cldrVersion": "39"
      },
      "language": "pl"
    },
    "rbnf": {
      "SpelloutRules": {
        "%spellout-numbering-year": [
          [
            "x.x",
            "=0.0=;"
          ],
          [
            "0",
            "=%spellout-numbering=;"
          ]
        ],
        "%spellout-numbering": [
          [
            "0",
            "=%spellout-cardinal-masculine=;"
          ]
        ],
        "%spellout-cardinal-masculine": [
          [
            "-x",
            "minus →→;"
          ],
          [
            "x.x",
            "←%spellout-cardinal-masculine← przecinek →%%spellout-fraction→;"
          ],
          [
            "0",
            "zero;"
          ],
          [
            "1",
            "jeden;"
          ],
          [
            "2",
            "dwa;"
          ],
          [
            "3",
            "trzy;"
          ],
          [
            "4",
            "cztery;"
          ],
          [
            "5",
            "pięć;"
          ],
          [
            "6",
            "sześć;"
          ],
          [
            "7",
            "siedem;"
          ],
          [
            "8",
            "osiem;"
          ],
          [
            "9",
            "dziewięć;"
          ],
          [
            "10",
            "dziesięć;"
          ],
          [
            "11",
            "jedenaście;"
          ],
          [
            "12",
            "dwanaście;"
          ],
          [
            "13",
            "trzynaście;"
          ],
          [
            "14",
            "czternaście;"
          ],
          [
            "15",
            "piętnaście;"
          ],
          [
            "16",
            "szesnaście;"
          ],
          [
            "17",
            "siedemnaście;"
          ],
          [
            "18",
            "osiemnaście;"
          ],
          [
            "19",
            "dziewiętnaście;"
          ],
          [
            "20",
            "←%%spellout-cardinal-tens←[ →→];"
          ],
          [
            "100",
            "sto[ →→];"
          ],
          [
            "200",
            "dwieście[ →→];"
          ],
          [
            "300",
            "←%spellout-cardinal-feminine←sta[ →→];"
          ],
          [
            "500",
            "←%spellout-cardinal-feminine←set[ →→];"
          ],
          [
            "1000",
            "tysiąc[ →→];"
          ],
          [
            "2000",
            "←← $(cardinal,few{tysiące}other{tysięcy})$[ →→];"
          ],
          [
            "1000000",
            "milion[ →→];"
          ],
          [
            "2000000",
            "←← $(cardinal,few{miliony}other{milionów})$[ →→];"
          ],
          [
            "1000000000",
            "miliard[ →→];"
          ],
          [
            "2000000000",
            "←← $(cardinal,few{miliardy}other{miliardów})$[ →→];"
          ],
          [
            "1000000000000",
            "bilion[ →→];"
          ],
          [
            "2000000000000",
            "←← $(cardinal,few{biliony}other{bilionów})$[ →→];"
          ],
          [
            "1000000000000000",
            "biliard[ →→];"
          ],
          [
            "2000000000000000",
            "←← $(cardinal,few{biliardy}other{biliardów})$[ →→];"
          ],
          [
            "1000000000000000000",
            "=#,##0=;"
          ]
        ],
        "%spellout-cardinal-masculine-personal": [
          [
            "-x",
            "minus →→;"
          ],
          [
            "x.x",
            "←%spellout-cardinal-masculine-personal← przecinek →→;"
          ],
          [
            "0",
            "zero;"
          ],
          [
            "1",
            "jeden;"
          ],
          [
            "2",
            "dwaj;"
          ],
          [
            "3",
            "trzej;"
          ],
          [
            "4",
            "czterej;"
          ],
          [
            "5",
            "=%spellout-cardinal-masculine-genitive=;"
          ],
          [
            "1000",
            "tysiąc[ →%%spellout-cardinal-masculine-genitive-ones→];"
          ],
          [
            "2000",
            "←%spellout-cardinal-masculine← $(cardinal,few{tysiące}other{tysięcy})$[ →%%spellout-cardinal-masculine-genitive-ones→];"
          ],
          [
            "1000000",
            "milion[ →→];"
          ],
          [
            "2000000",
            "←%spellout-cardinal-masculine← $(cardinal,few{miliony}other{milionów})$[ →→];"
          ],
          [
            "1000000000",
            "miliard[ →%%spellout-cardinal-masculine-genitive-ones→];"
          ],
          [
            "2000000000",
            "←%spellout-cardinal-masculine← $(cardinal,few{miliardy}other{miliardów})$[ →→];"
          ],
          [
            "1000000000000",
            "bilion[ →%%spellout-cardinal-masculine-genitive-ones→];"
          ],
          [
            "2000000000000",
            "←%spellout-cardinal-masculine← $(cardinal,few{biliony}other{bilionów})$[ →→];"
          ],
          [
            "1000000000000000",
            "biliard[ →%%spellout-cardinal-masculine-genitive-ones→];"
          ],
          [
            "2000000000000000",
            "←%spellout-cardinal-masculine← $(cardinal,few{biliardy}other{biliardów})$[ →→];"
          ],
          [
            "1000000000000000000",
            "=#,##0=;"
          ]
        ],
        "%spellout-cardinal-feminine": [
          [
            "-x",
            "minus →→;"
          ],
          [
            "x.x",
            "←%spellout-cardinal-feminine← przecinek →%%spellout-fraction→;"
          ],
          [
            "0",
            "zero;"
          ],
          [
            "1",
            "jedna;"
          ],
          [
            "2",
            "dwie;"
          ],
          [
            "3",
            "trzy;"
          ],
          [
            "4",
            "cztery;"
          ],
          [
            "5",
            "pięć;"
          ],
          [
            "6",
            "sześć;"
          ],
          [
            "7",
            "siedem;"
          ],
          [
            "8",
            "osiem;"
          ],
          [
            "9",
            "dziewięć;"
          ],
          [
            "10",
            "dziesięć;"
          ],
          [
            "11",
            "jedenaście;"
          ],
          [
            "12",
            "dwanaście;"
          ],
          [
            "13",
            "trzynaście;"
          ],
          [
            "14",
            "czternaście;"
          ],
          [
            "15",
            "piętnaście;"
          ],
          [
            "16",
            "szesnaście;"
          ],
          [
            "17",
            "siedemnaście;"
          ],
          [
            "18",
            "osiemnaście;"
          ],
          [
            "19",
            "dziewiętnaście;"
          ],
          [
            "20",
            "←%%spellout-cardinal-tens←[ →%%spellout-cardinal-feminine-ones→];"
          ],
          [
            "100",
            "sto[ →%%spellout-cardinal-feminine-ones→];"
          ],
          [
            "200",
            "dwieście[ →%%spellout-cardinal-feminine-ones→];"
          ],
          [
            "300",
            "←%spellout-cardinal-feminine←sta[ →%%spellout-cardinal-feminine-ones→];"
          ],
          [
            "500",
            "←%spellout-cardinal-feminine←set[ →%%spellout-cardinal-feminine-ones→];"
          ],
          [
            "1000",
            "tysiąc[ →%%spellout-cardinal-feminine-ones→];"
          ],
          [
            "2000",
            "←%spellout-cardinal-masculine← $(cardinal,few{tysiące}other{tysięcy})$[ →%%spellout-cardinal-feminine-ones→];"
          ],
          [
            "1000000",
            "milion[ →%%spellout-cardinal-feminine-ones→];"
          ],
          [
            "2000000",
            "←%spellout-cardinal-masculine← $(cardinal,few{miliony}other{milionów})$[ →%%spellout-cardinal-feminine-ones→];"
          ],
          [
            "1000000000",
            "miliard[ →→];"
          ],
          [
            "2000000000",
            "←%spellout-cardinal-masculine← $(cardinal,few{miliardy}other{miliardów})$[ →%%spellout-cardinal-feminine-ones→];"
          ],
          [
            "1000000000000",
            "bilion[ →→];"
          ],
          [
            "2000000000000",
            "←%spellout-cardinal-masculine← $(cardinal,few{biliony}other{bilionów})$[ →%%spellout-cardinal-feminine-ones→];"
          ],
          [
            "1000000000000000",
            "biliard[ →%%spellout-cardinal-masculine-genitive-ones→];"
          ],
          [
            "2000000000000000",
            "←%spellout-cardinal-masculine← $(cardinal,few{biliardy}other{biliardów})$[ →%%spellout-cardinal-feminine-ones→];"
          ],
          [
            "1000000000000000000",
            "=#,##0=;"
          ]
        ],
        "%spellout-cardinal-neuter": [
          [
            "-x",
            "minus →→;"
          ],
          [
            "x.x",
            "←%spellout-cardinal-neuter← przecinek →%%spellout-fraction→;"
          ],
          [
            "0",
            "zero;"
          ],
          [
            "1",
            "jedno;"
          ],
          [
            "2",
            "=%spellout-cardinal-masculine=;"
          ]
        ],
        "%spellout-cardinal-masculine-genitive": [
          [
            "-x",
            "minus →→;"
          ],
          [
            "x.x",
            "←%spellout-cardinal-masculine-genitive← przecinek →→;"
          ],
          [
            "0",
            "zera;"
          ],
          [
            "1",
            "jednego;"
          ],
          [
            "2",
            "dwóch;"
          ],
          [
            "3",
            "trzech;"
          ],
          [
            "4",
            "czterech;"
          ],
          [
            "5",
            "pięciu;"
          ],
          [
            "6",
            "sześciu;"
          ],
          [
            "7",
            "siedmiu;"
          ],
          [
            "8",
            "ośmiu;"
          ],
          [
            "9",
            "dziewięciu;"
          ],
          [
            "10",
            "dziesięciu;"
          ],
          [
            "11",
            "jedenastu;"
          ],
          [
            "12",
            "dwunastu;"
          ],
          [
            "13",
            "trzynastu;"
          ],
          [
            "14",
            "czternastu;"
          ],
          [
            "15",
            "piętnastu;"
          ],
          [
            "16",
            "szesnastu;"
          ],
          [
            "17",
            "siedemnastu;"
          ],
          [
            "18",
            "osiemnastu;"
          ],
          [
            "19",
            "dziewiętnastu;"
          ],
          [
            "20",
            "←%%spellout-cardinal-genitive-tens←[ →%%spellout-cardinal-masculine-genitive-ones→];"
          ],
          [
            "100",
            "stu[ →%%spellout-cardinal-masculine-genitive-ones→];"
          ],
          [
            "200",
            "dwustu[ →%%spellout-cardinal-masculine-genitive-ones→];"
          ],
          [
            "300",
            "←%spellout-cardinal-feminine←stu[ →%%spellout-cardinal-masculine-genitive-ones→];"
          ],
          [
            "500",
            "←%spellout-cardinal-feminine-genitive←set[ →%%spellout-cardinal-masculine-genitive-ones→];"
          ],
          [
            "1000",
            "tysiąca[ →%%spellout-cardinal-masculine-genitive-ones→];"
          ],
          [
            "2000",
            "←← tysięcy[ →%%spellout-cardinal-masculine-genitive-ones→];"
          ],
          [
            "1000000",
            "miliona[ →%%spellout-cardinal-masculine-genitive-ones→];"
          ],
          [
            "2000000",
            "←← milionów[ →%%spellout-cardinal-masculine-genitive-ones→];"
          ],
          [
            "1000000000",
            "miliarda[ →%%spellout-cardinal-masculine-genitive-ones→];"
          ],
          [
            "2000000000",
            "←← miliardów[ →%%spellout-cardinal-masculine-genitive-ones→];"
          ],
          [
            "1000000000000",
            "biliona[ →%%spellout-cardinal-masculine-genitive-ones→];"
          ],
          [
            "2000000000000",
            "←← bilionów[ →%%spellout-cardinal-masculine-genitive-ones→];"
          ],
          [
            "1000000000000000",
            "biliarda[ →%%spellout-cardinal-masculine-genitive-ones→];"
          ],
          [
            "2000000000000000",
            "←← biliardów[ →%%spellout-cardinal-masculine-genitive-ones→];"
          ],
          [
            "1000000000000000000",
            "=#,##0=;"
          ]
        ],
        "%spellout-cardinal-feminine-genitive": [
          [
            "-x",
            "minus →→;"
          ],
          [
            "x.x",
            "←%spellout-cardinal-feminine-genitive← przecinek →→;"
          ],
          [
            "0",
            "zera;"
          ],
          [
            "1",
            "jednej;"
          ],
          [
            "2",
            "=%spellout-cardinal-masculine-genitive=;"
          ]
        ],
        "%spellout-cardinal-neuter-genitive": [
          [
            "0",
            "=%spellout-cardinal-masculine-genitive=;"
          ]
        ],
        "%spellout-cardinal-masculine-dative": [
          [
            "-x",
            "minus →→;"
          ],
          [
            "x.x",
            "←%spellout-cardinal-masculine-dative← przecinek →→;"
          ],
          [
            "0",
            "zeru;"
          ],
          [
            "1",
            "jednemu;"
          ],
          [
            "2",
            "dwóm;"
          ],
          [
            "3",
            "trzem;"
          ],
          [
            "4",
            "czterem;"
          ],
          [
            "5",
            "pięciu;"
          ],
          [
            "6",
            "sześciu;"
          ],
          [
            "7",
            "siedmiu;"
          ],
          [
            "8",
            "ośmiu;"
          ],
          [
            "9",
            "dziewięciu;"
          ],
          [
            "10",
            "dziesięciu;"
          ],
          [
            "11",
            "jedenastu;"
          ],
          [
            "12",
            "dwunastu;"
          ],
          [
            "13",
            "trzynastu;"
          ],
          [
            "14",
            "czternastu;"
          ],
          [
            "15",
            "piętnastu;"
          ],
          [
            "16",
            "szesnastu;"
          ],
          [
            "17",
            "siedemnastu;"
          ],
          [
            "18",
            "osiemnastu;"
          ],
          [
            "19",
            "dziewiętnastu;"
          ],
          [
            "20",
            "←%%spellout-cardinal-genitive-tens←[ →%%spellout-cardinal-masculine-dative-ones→];"
          ],
          [
            "100",
            "stu[ →%%spellout-cardinal-masculine-dative-ones→];"
          ],
          [
            "200",
            "dwustu[ →%%spellout-cardinal-masculine-dative-ones→];"
          ],
          [
            "300",
            "←%spellout-cardinal-feminine←stu[ →%%spellout-cardinal-masculine-dative-ones→];"
          ],
          [
            "500",
            "←%spellout-cardinal-feminine-genitive←set[ →%%spellout-cardinal-masculine-dative-ones→];"
          ],
          [
            "1000",
            "tysiącowi[ →%%spellout-cardinal-masculine-dative-ones→];"
          ],
          [
            "2000",
            "←← tysiącom[ →%%spellout-cardinal-masculine-dative-ones→];"
          ],
          [
            "1000000",
            "milionowi[ →%%spellout-cardinal-masculine-dative-ones→];"
          ],
          [
            "2000000",
            "←← milionom[ →%%spellout-cardinal-masculine-dative-ones→];"
          ],
          [
            "1000000000",
            "miliardowi[ →%%spellout-cardinal-masculine-dative-ones→];"
          ],
          [
            "2000000000",
            "←← miliardom[ →%%spellout-cardinal-masculine-dative-ones→];"
          ],
          [
            "1000000000000",
            "bilionowi[ →%%spellout-cardinal-masculine-dative-ones→];"
          ],
          [
            "2000000000000",
            "←← bilionom[ →%%spellout-cardinal-masculine-dative-ones→];"
          ],
          [
            "1000000000000000",
            "biliardowi[ →%%spellout-cardinal-masculine-dative-ones→];"
          ],
          [
            "2000000000000000",
            "←← biliardom[ →%%spellout-cardinal-masculine-dative-ones→];"
          ],
          [
            "1000000000000000000",
            "=#,##0=;"
          ]
        ],
        "%spellout-cardinal-feminine-dative": [
          [
            "-x",
            "minus →→;"
          ],
          [
            "x.x",
            "←%spellout-cardinal-feminine-dative← przecinek →→;"
          ],
          [
            "0",
            "zeru;"
          ],
          [
            "1",
            "jednej;"
          ],
          [
            "2",
            "=%spellout-cardinal-masculine-dative=;"
          ]
        ],
        "%spellout-cardinal-neuter-dative": [
          [
            "0",
            "=%spellout-cardinal-masculine-dative=;"
          ]
        ],
        "%spellout-cardinal-masculine-accusative": [
          [
            "0",
            "=%spellout-cardinal-masculine=;"
          ]
        ],
        "%spellout-cardinal-masculine-accusative-animate": [
          [
            "-x",
            "minus →%spellout-cardinal-masculine-accusative-animate→;"
          ],
          [
            "x.x",
            "←%spellout-cardinal-masculine-accusative-animate← przecinek →→;"
          ],
          [
            "0",
            "zero;"
          ],
          [
            "1",
            "jednego;"
          ],
          [
            "2",
            "=%spellout-cardinal-masculine=;"
          ]
        ],
        "%spellout-cardinal-masculine-accusative-personal": [
          [
            "-x",
            "minus →→;"
          ],
          [
            "x.x",
            "←%spellout-cardinal-masculine-accusative-personal← przecinek →→;"
          ],
          [
            "0",
            "=%spellout-cardinal-masculine-genitive=;"
          ],
          [
            "1000",
            "tysiąc[ →%%spellout-cardinal-masculine-genitive-ones→];"
          ],
          [
            "2000",
            "←%spellout-cardinal-masculine← $(cardinal,few{tysiące}other{tysięcy})$[ →%%spellout-cardinal-masculine-genitive-ones→];"
          ],
          [
            "1000000",
            "milion[ →→];"
          ],
          [
            "2000000",
            "←%spellout-cardinal-masculine← $(cardinal,few{miliony}other{milionów})$[ →→];"
          ],
          [
            "1000000000",
            "miliard[ →→];"
          ],
          [
            "2000000000",
            "←%spellout-cardinal-masculine← $(cardinal,few{miliardy}other{miliardów})$[ →→];"
          ],
          [
            "1000000000000",
            "bilion[ →→];"
          ],
          [
            "2000000000000",
            "←%spellout-cardinal-masculine← $(cardinal,few{biliony}other{bilionów})$[ →→];"
          ],
          [
            "1000000000000000",
            "biliard[ →→];"
          ],
          [
            "2000000000000000",
            "←%spellout-cardinal-masculine← $(cardinal,few{biliardy}other{biliardów})$[ →→];"
          ],
          [
            "1000000000000000000",
            "=#,##0=;"
          ]
        ],
        "%spellout-cardinal-feminine-accusative": [
          [
            "-x",
            "minus →→;"
          ],
          [
            "x.x",
            "←%spellout-cardinal-feminine-accusative← przecinek →→;"
          ],
          [
            "0",
            "zero;"
          ],
          [
            "1",
            "jedną;"
          ],
          [
            "2",
            "=%spellout-cardinal-feminine=;"
          ]
        ],
        "%spellout-cardinal-neuter-accusative": [
          [
            "-x",
            "minus →→;"
          ],
          [
            "x.x",
            "←%spellout-cardinal-neuter-accusative← przecinek →→;"
          ],
          [
            "0",
            "zero;"
          ],
          [
            "1",
            "jedno;"
          ],
          [
            "2",
            "=%spellout-cardinal-masculine=;"
          ]
        ],
        "%spellout-cardinal-masculine-instrumental": [
          [
            "-x",
            "minus →→;"
          ],
          [
            "x.x",
            "←%spellout-cardinal-masculine-instrumental← przecinek →→;"
          ],
          [
            "0",
            "zerem;"
          ],
          [
            "1",
            "jednym;"
          ],
          [
            "2",
            "dwoma;"
          ],
          [
            "3",
            "trzema;"
          ],
          [
            "4",
            "czterema;"
          ],
          [
            "5",
            "pięcioma;"
          ],
          [
            "6",
            "sześcioma;"
          ],
          [
            "7",
            "siedmioma;"
          ],
          [
            "8",
            "ośmioma;"
          ],
          [
            "9",
            "dziewięcioma;"
          ],
          [
            "10",
            "dziesięcioma;"
          ],
          [
            "11",
            "jedenastoma;"
          ],
          [
            "12",
            "dwunastoma;"
          ],
          [
            "13",
            "trzynastoma;"
          ],
          [
            "14",
            "czternastoma;"
          ],
          [
            "15",
            "piętnastoma;"
          ],
          [
            "16",
            "szesnastoma;"
          ],
          [
            "17",
            "siedemnastoma;"
          ],
          [
            "18",
            "osiemnastoma;"
          ],
          [
            "19",
            "dziewiętnastoma;"
          ],
          [
            "20",
            "dwudziestoma[ →%%spellout-cardinal-masculine-instrumental-ones→];"
          ],
          [
            "30",
            "trzydziestoma[ →%%spellout-cardinal-masculine-instrumental-ones→];"
          ],
          [
            "40",
            "czterdziestoma[ →%%spellout-cardinal-masculine-instrumental-ones→];"
          ],
          [
            "50",
            "pięćdziesięcioma[ →%%spellout-cardinal-masculine-instrumental-ones→];"
          ],
          [
            "60",
            "sześćdziesięcioma[ →%%spellout-cardinal-masculine-instrumental-ones→];"
          ],
          [
            "70",
            "siedemdziesięcioma[ →%%spellout-cardinal-masculine-instrumental-ones→];"
          ],
          [
            "80",
            "osiemdziesięcioma[ →%%spellout-cardinal-masculine-instrumental-ones→];"
          ],
          [
            "90",
            "dziewięćdziesięcioma[ →%%spellout-cardinal-masculine-instrumental-ones→];"
          ],
          [
            "100",
            "stu[ →%%spellout-cardinal-masculine-instrumental-ones→];"
          ],
          [
            "200",
            "dwustu[ →%%spellout-cardinal-masculine-instrumental-ones→];"
          ],
          [
            "300",
            "←%spellout-cardinal-feminine←stu[ →%%spellout-cardinal-masculine-instrumental-ones→];"
          ],
          [
            "500",
            "←%spellout-cardinal-feminine-genitive←set[ →%%spellout-cardinal-masculine-instrumental-ones→];"
          ],
          [
            "1000",
            "tysiącem[ →%%spellout-cardinal-masculine-instrumental-ones→];"
          ],
          [
            "2000",
            "←← tysiącami[ →%%spellout-cardinal-masculine-instrumental-ones→];"
          ],
          [
            "1000000",
            "milionem[ →%%spellout-cardinal-masculine-instrumental-ones→];"
          ],
          [
            "2000000",
            "←← milionami[ →%%spellout-cardinal-masculine-instrumental-ones→];"
          ],
          [
            "1000000000",
            "miliardem[ →%%spellout-cardinal-masculine-instrumental-ones→];"
          ],
          [
            "2000000000",
            "←← miliardami[ →%%spellout-cardinal-masculine-instrumental-ones→];"
          ],
          [
            "1000000000000",
            "bilionem[ →%%spellout-cardinal-masculine-instrumental-ones→];"
          ],
          [
            "2000000000000",
            "←← bilionami[ →%%spellout-cardinal-masculine-instrumental-ones→];"
          ],
          [
            "1000000000000000",
            "biliardem[ →%%spellout-cardinal-masculine-instrumental-ones→];"
          ],
          [
            "2000000000000000",
            "←← biliardami[ →%%spellout-cardinal-masculine-instrumental-ones→];"
          ],
          [
            "1000000000000000000",
            "=#,##0=;"
          ]
        ],
        "%spellout-cardinal-feminine-instrumental": [
          [
            "-x",
            "minus →→;"
          ],
          [
            "x.x",
            "←%spellout-cardinal-feminine-instrumental← przecinek →→;"
          ],
          [
            "0",
            "zerem;"
          ],
          [
            "1",
            "jedną;"
          ],
          [
            "2",
            "dwiema;"
          ],
          [
            "3",
            "=%spellout-cardinal-masculine-instrumental=;"
          ]
        ],
        "%spellout-cardinal-neuter-instrumental": [
          [
            "0",
            "=%spellout-cardinal-masculine-instrumental=;"
          ]
        ],
        "%spellout-cardinal-masculine-locative": [
          [
            "-x",
            "minus →%spellout-cardinal-masculine-locative→;"
          ],
          [
            "x.x",
            "←%spellout-cardinal-masculine-locative← przecinek →→;"
          ],
          [
            "0",
            "zerze;"
          ],
          [
            "1",
            "jednym;"
          ],
          [
            "2",
            "dwóch;"
          ],
          [
            "3",
            "trzech;"
          ],
          [
            "4",
            "czterech;"
          ],
          [
            "5",
            "pięciu;"
          ],
          [
            "6",
            "sześciu;"
          ],
          [
            "7",
            "siedmiu;"
          ],
          [
            "8",
            "ośmiu;"
          ],
          [
            "9",
            "dziewięciu;"
          ],
          [
            "10",
            "dziesięciu;"
          ],
          [
            "11",
            "jedenastu;"
          ],
          [
            "12",
            "dwunastu;"
          ],
          [
            "13",
            "trzynastu;"
          ],
          [
            "14",
            "czternastu;"
          ],
          [
            "15",
            "piętnastu;"
          ],
          [
            "16",
            "szesnastu;"
          ],
          [
            "17",
            "siedemnastu;"
          ],
          [
            "18",
            "osiemnastu;"
          ],
          [
            "19",
            "dziewiętnastu;"
          ],
          [
            "20",
            "←%%spellout-cardinal-genitive-tens←[ →%%spellout-cardinal-masculine-locative-ones→];"
          ],
          [
            "100",
            "stu[ →%%spellout-cardinal-masculine-locative-ones→];"
          ],
          [
            "200",
            "dwustu[ →%%spellout-cardinal-masculine-locative-ones→];"
          ],
          [
            "300",
            "←%spellout-cardinal-feminine←stu[ →%%spellout-cardinal-masculine-locative-ones→];"
          ],
          [
            "500",
            "←%spellout-cardinal-feminine-genitive←set[ →%%spellout-cardinal-masculine-locative-ones→];"
          ],
          [
            "1000",
            "tysiącu[ →%%spellout-cardinal-masculine-locative-ones→];"
          ],
          [
            "2000",
            "←← tysiącach[ →%%spellout-cardinal-masculine-locative-ones→];"
          ],
          [
            "1000000",
            "milionie[ →%%spellout-cardinal-masculine-locative-ones→];"
          ],
          [
            "2000000",
            "←← milionach[ →%%spellout-cardinal-masculine-locative-ones→];"
          ],
          [
            "1000000000",
            "miliardzie[ →%%spellout-cardinal-masculine-locative-ones→];"
          ],
          [
            "2000000000",
            "←← miliardach[ →%%spellout-cardinal-masculine-locative-ones→];"
          ],
          [
            "1000000000000",
            "bilionie[ →%%spellout-cardinal-masculine-locative-ones→];"
          ],
          [
            "2000000000000",
            "←← bilionach[ →%%spellout-cardinal-masculine-locative-ones→];"
          ],
          [
            "1000000000000000",
            "biliardzie[ →%%spellout-cardinal-masculine-locative-ones→];"
          ],
          [
            "2000000000000000",
            "←← biliardach[ →%%spellout-cardinal-masculine-locative-ones→];"
          ],
          [
            "1000000000000000000",
            "=#,##0=;"
          ]
        ],
        "%spellout-cardinal-feminine-locative": [
          [
            "-x",
            "minus →→;"
          ],
          [
            "x.x",
            "←%spellout-cardinal-feminine-locative← przecinek →→;"
          ],
          [
            "0",
            "zerze;"
          ],
          [
            "1",
            "jednej;"
          ],
          [
            "2",
            "=%spellout-cardinal-masculine-locative=;"
          ]
        ],
        "%%spellout-cardinal-masculine-genitive-ones": [
          [
            "1",
            "jeden;"
          ],
          [
            "2",
            "=%spellout-cardinal-masculine-genitive=;"
          ]
        ],
        "%%spellout-cardinal-masculine-dative-ones": [
          [
            "1",
            "jeden;"
          ],
          [
            "2",
            "=%spellout-cardinal-masculine-dative=;"
          ]
        ],
        "%%spellout-cardinal-masculine-instrumental-ones": [
          [
            "1",
            "jeden;"
          ],
          [
            "2",
            "=%spellout-cardinal-masculine-instrumental=;"
          ]
        ],
        "%%spellout-cardinal-masculine-locative-ones": [
          [
            "1",
            "jeden;"
          ],
          [
            "2",
            "=%spellout-cardinal-masculine-locative=;"
          ]
        ],
        "%%spellout-cardinal-feminine-ones": [
          [
            "1",
            "jeden;"
          ],
          [
            "2",
            "=%spellout-cardinal-feminine=;"
          ]
        ],
        "%spellout-cardinal-neuter-locative": [
          [
            "0",
            "=%spellout-cardinal-masculine-locative=;"
          ]
        ],
        "%%spellout-cardinal-tens": [
          [
            "1",
            "dziesięć;"
          ],
          [
            "2",
            "dwadzieścia;"
          ],
          [
            "3",
            "trzydzieści;"
          ],
          [
            "4",
            "czterdzieści;"
          ],
          [
            "5",
            "pięćdziesiąt;"
          ],
          [
            "6",
            "sześćdziesiąt;"
          ],
          [
            "7",
            "siedemdziesiąt;"
          ],
          [
            "8",
            "osiemdziesiąt;"
          ],
          [
            "9",
            "dziewięćdziesiąt;"
          ]
        ],
        "%%spellout-cardinal-genitive-tens": [
          [
            "1",
            "dziesięciu;"
          ],
          [
            "2",
            "dwudziestu;"
          ],
          [
            "3",
            "trzydziestu;"
          ],
          [
            "4",
            "czterdziestu;"
          ],
          [
            "5",
            "pięćdziesięciu;"
          ],
          [
            "6",
            "sześćdziesięciu;"
          ],
          [
            "7",
            "siedemdziesięciu;"
          ],
          [
            "8",
            "osiemdziesięciu;"
          ],
          [
            "9",
            "dziewięćdziesięciu;"
          ]
        ],
        "%%spellout-fraction": [
          [
            "10",
            "←%spellout-cardinal-masculine←←;"
          ],
          [
            "100",
            "←%spellout-cardinal-masculine←←;"
          ],
          [
            "1000",
            "←%spellout-cardinal-masculine←←;"
          ],
          [
            "10000",
            "←%%spellout-fraction-digits←←;"
          ],
          [
            "100000",
            "←%%spellout-fraction-digits←←;"
          ],
          [
            "1000000",
            "←%%spellout-fraction-digits←←;"
          ],
          [
            "10000000",
            "←%%spellout-fraction-digits←←;"
          ],
          [
            "100000000",
            "←%%spellout-fraction-digits←←;"
          ],
          [
            "1000000000",
            "←%%spellout-fraction-digits←←;"
          ],
          [
            "10000000000",
            "←0←;"
          ]
        ],
        "%%spellout-fraction-digits": [
          [
            "0",
            "=%spellout-cardinal-masculine=;"
          ],
          [
            "10",
            "←← →→;"
          ]
        ]
      }
    }
  }
}
