<domain xmlns:qemu="http://libvirt.org/schemas/domain/qemu/1.0" type="kvm">
  <name>MacOSX</name>
  <uuid>2aca0dd6-cec9-4717-9ab2-0b7b13d111c8</uuid>
  <title>MacOSX</title>
  <memory unit="KiB">4194304</memory>
  <currentMemory unit="KiB">4194304</currentMemory>
  <vcpu placement="static">4</vcpu>
  <os>
    <type arch="x86_64" machine="pc-q35-6.1">hvm</type>
    <loader readonly="yes" type="pflash">/sysadm/OSX-KVM/OVMF_CODE.fd</loader>
    <nvram>/sysadm/OSX-KVM/OVMF_VARS-1024x768.fd</nvram>
  </os>
  <features>
    <acpi/>
    <apic/>
  </features>
  <clock offset="utc">
    <timer name="rtc" tickpolicy="catchup"/>
    <timer name="pit" tickpolicy="delay"/>
    <timer name="hpet" present="no"/>
  </clock>
  <on_poweroff>destroy</on_poweroff>
  <on_reboot>restart</on_reboot>
  <on_crash>restart</on_crash>
  <devices>
    <emulator>/usr/bin/qemu-kvm</emulator>
    <disk type="file" device="disk">
      <driver name="qemu" type="qcow2" cache="writeback" io="threads"/>
      <source file="/your_path_for_osx/OSX-KVM/OpenCore-Catalina/OpenCore.qcow2"/>
      <target dev="sda" bus="sata"/>
      <boot order="1"/>
      <address type="drive" controller="0" bus="0" target="0" unit="0"/>
    </disk>
    <disk type="file" device="disk">
      <driver name="qemu" type="raw" cache="writeback"/>
      <source file="/your_path_for_osx/OSX-KVM/BaseSystem.img"/>
      <target dev="sdb" bus="sata"/>
      <boot order="2"/>
      <address type="drive" controller="0" bus="0" target="0" unit="1"/>
    </disk>
    <disk type="file" device="disk">
      <driver name="qemu" type="raw" cache="writeback" io="threads"/>
      <source file="/your_path_for_macosx_img/MacOSX.img"/>
      <target dev="sdc" bus="sata"/>
      <boot order="3"/>
      <address type="drive" controller="0" bus="0" target="0" unit="2"/>
    </disk>
    <controller type="sata" index="0">
      <address type="pci" domain="0x0000" bus="0x00" slot="0x1f" function="0x2"/>
    </controller>
    <controller type="pci" index="0" model="pcie-root"/>
    <controller type="pci" index="1" model="dmi-to-pci-bridge">
      <model name="i82801b11-bridge"/>
      <address type="pci" domain="0x0000" bus="0x00" slot="0x1e" function="0x0"/>
    </controller>
    <controller type="pci" index="2" model="pci-bridge">
      <model name="pci-bridge"/>
      <target chassisNr="2"/>
      <address type="pci" domain="0x0000" bus="0x01" slot="0x00" function="0x0"/>
    </controller>
    <controller type="pci" index="3" model="pcie-root-port">
      <model name="ioh3420"/>
      <target chassis="3" port="0x10"/>
      <address type="pci" domain="0x0000" bus="0x00" slot="0x02" function="0x0"/>
    </controller>
    <controller type="usb" index="0" model="ich9-ehci1">
      <address type="pci" domain="0x0000" bus="0x00" slot="0x07" function="0x7"/>
    </controller>
    <controller type="usb" index="0" model="ich9-uhci1">
      <master startport="0"/>
      <address type="pci" domain="0x0000" bus="0x00" slot="0x07" function="0x0" multifunction="on"/>
    </controller>
    <controller type="usb" index="0" model="ich9-uhci2">
      <master startport="2"/>
      <address type="pci" domain="0x0000" bus="0x00" slot="0x07" function="0x1"/>
    </controller>
    <controller type="usb" index="0" model="ich9-uhci3">
      <master startport="4"/>
      <address type="pci" domain="0x0000" bus="0x00" slot="0x07" function="0x2"/>
    </controller>
    <controller type="virtio-serial" index="0">
      <address type="pci" domain="0x0000" bus="0x03" slot="0x00" function="0x0"/>
    </controller>
    <interface type="bridge">
      <mac address="52:54:00:88:88:88"/>
      <source bridge="virtbr0"/>
      <target dev="tap0"/>
      <model type="vmxnet3"/>
      <address type="pci" domain="0x0000" bus="0x02" slot="0x01" function="0x0"/>
    </interface>
    <serial type="pty">
      <target type="isa-serial" port="0">
        <model name="isa-serial"/>
      </target>
    </serial>
    <console type="pty">
      <target type="serial" port="0"/>
    </console>
    <channel type="unix">
      <target type="virtio" name="org.qemu.guest_agent.0"/>
      <address type="virtio-serial" controller="0" bus="0" port="1"/>
    </channel>
    <input type="mouse" bus="ps2"/>
    <input type="keyboard" bus="ps2"/>
    <graphics type="spice" autoport="yes">
      <listen type="address"/>
    </graphics>
    <video>
      <model type="vga" vram="65536" heads="1" primary="yes"/>
      <address type="pci" domain="0x0000" bus="0x00" slot="0x01" function="0x0"/>
    </video>
    <memballoon model="none"/>
  </devices>
  <qemu:commandline>
    <qemu:arg value="-device"/>
    <qemu:arg value="isa-applesmc,osk=ourhardworkbythesewordsguardedpleasedontsteal(c)AppleComputerInc"/>
    <qemu:arg value="-smbios"/>
    <qemu:arg value="type=2"/>
    <qemu:arg value="-device"/>
    <qemu:arg value="usb-tablet"/>
    <qemu:arg value="-device"/>
    <qemu:arg value="usb-kbd"/>
    <qemu:arg value="-cpu"/>
    <qemu:arg value="Penryn,kvm=on,vendor=GenuineIntel,+invtsc,vmware-cpuid-freq=on,+ssse3,+sse4.2,+popcnt,+avx,+aes,+xsave,+xsaveopt,check"/>
  </qemu:commandline>
</domain>