{
  "main": {
    "so-KE": {
      "identity": {
        "version": {
          "_cldrVersion": "39"
        },
        "language": "so",
        "territory": "KE"
      },
      "dates": {
        "calendars": {
          "buddhist": {
            "months": {
              "format": {
                "abbreviated": {
                  "1": "Jan",
                  "2": "Feb",
                  "3": "Mar",
                  "4": "Abr",
                  "5": "May",
                  "6": "Jun",
                  "7": "Lul",
                  "8": "Ogs",
                  "9": "Seb",
                  "10": "Okt",
                  "11": "Nof",
                  "12": "Dis"
                },
                "narrow": {
                  "1": "J",
                  "2": "F",
                  "3": "M",
                  "4": "A",
                  "5": "M",
                  "6": "J",
                  "7": "L",
                  "8": "O",
                  "9": "S",
                  "10": "O",
                  "11": "N",
                  "12": "D"
                },
                "wide": {
                  "1": "Bisha Koobaad",
                  "2": "Bisha Labaad",
                  "3": "Bisha Saddexaad",
                  "4": "Bisha Afraad",
                  "5": "Bisha Shanaad",
                  "6": "Bisha Lixaad",
                  "7": "Bisha Todobaad",
                  "8": "Bisha Sideedaad",
                  "9": "Bisha Sagaalaad",
                  "10": "Bisha Tobnaad",
                  "11": "Bisha Kow iyo Tobnaad",
                  "12": "Bisha Laba iyo Tobnaad"
                }
              },
              "stand-alone": {
                "abbreviated": {
                  "1": "Jan",
                  "2": "Feb",
                  "3": "Mar",
                  "4": "Abr",
                  "5": "May",
                  "6": "Jun",
                  "7": "Lul",
                  "8": "Ogs",
                  "9": "Seb",
                  "10": "Okt",
                  "11": "Nof",
                  "12": "Dis"
                },
                "narrow": {
                  "1": "J",
                  "2": "F",
                  "3": "M",
                  "4": "A",
                  "5": "M",
                  "6": "J",
                  "7": "L",
                  "8": "O",
                  "9": "S",
                  "10": "O",
                  "11": "N",
                  "12": "D"
                },
                "wide": {
                  "1": "Jannaayo",
                  "2": "Febraayo",
                  "3": "Maarso",
                  "4": "Abriil",
                  "5": "May",
                  "6": "Juun",
                  "7": "Luuliyo",
                  "8": "Ogost",
                  "9": "Sebtembar",
                  "10": "Oktoobar",
                  "11": "Nofembar",
                  "12": "Desembar"
                }
              }
            },
            "days": {
              "format": {
                "abbreviated": {
                  "sun": "Axd",
                  "mon": "Isn",
                  "tue": "Tldo",
                  "wed": "Arbc",
                  "thu": "Khms",
                  "fri": "Jmc",
                  "sat": "Sbti"
                },
                "narrow": {
                  "sun": "A",
                  "mon": "I",
                  "tue": "T",
                  "wed": "A",
                  "thu": "Kh",
                  "fri": "J",
                  "sat": "S"
                },
                "short": {
                  "sun": "Axd",
                  "mon": "Isn",
                  "tue": "Tldo",
                  "wed": "Arbc",
                  "thu": "Khms",
                  "fri": "Jmc",
                  "sat": "Sbti"
                },
                "wide": {
                  "sun": "Axad",
                  "mon": "Isniin",
                  "tue": "Talaado",
                  "wed": "Arbaco",
                  "thu": "Khamiis",
                  "fri": "Jimco",
                  "sat": "Sabti"
                }
              },
              "stand-alone": {
                "abbreviated": {
                  "sun": "Axd",
                  "mon": "Isn",
                  "tue": "Tldo",
                  "wed": "Arbc",
                  "thu": "Khms",
                  "fri": "Jmc",
                  "sat": "Sbti"
                },
                "narrow": {
                  "sun": "A",
                  "mon": "I",
                  "tue": "T",
                  "wed": "A",
                  "thu": "Kh",
                  "fri": "J",
                  "sat": "S"
                },
                "short": {
                  "sun": "Axd",
                  "mon": "Isn",
                  "tue": "Tldo",
                  "wed": "Arbc",
                  "thu": "Khms",
                  "fri": "Jmc",
                  "sat": "Sbti"
                },
                "wide": {
                  "sun": "Axad",
                  "mon": "Isniin",
                  "tue": "Talaado",
                  "wed": "Arbaco",
                  "thu": "Khamiis",
                  "fri": "Jimco",
                  "sat": "Sabti"
                }
              }
            },
            "quarters": {
              "format": {
                "abbreviated": {
                  "1": "R1",
                  "2": "R2",
                  "3": "R3",
                  "4": "R4"
                },
                "narrow": {
                  "1": "1",
                  "2": "2",
                  "3": "3",
                  "4": "4"
                },
                "wide": {
                  "1": "Rubaca 1aad",
                  "2": "Rubaca 2aad",
                  "3": "Rubaca 3aad",
                  "4": "Rubaca 4aad"
                }
              },
              "stand-alone": {
                "abbreviated": {
                  "1": "R1",
                  "2": "R2",
                  "3": "R3",
                  "4": "R4"
                },
                "narrow": {
                  "1": "1",
                  "2": "2",
                  "3": "3",
                  "4": "4"
                },
                "wide": {
                  "1": "Rubaca 1aad",
                  "2": "Rubaca 2aad",
                  "3": "Rubaca 3aad",
                  "4": "Rubaca 4aad"
                }
              }
            },
            "dayPeriods": {
              "format": {
                "abbreviated": {
                  "am": "GH",
                  "pm": "GD"
                },
                "narrow": {
                  "am": "h",
                  "pm": "d"
                },
                "wide": {
                  "am": "GH",
                  "pm": "GD"
                }
              },
              "stand-alone": {
                "abbreviated": {
                  "am": "GH",
                  "pm": "GD"
                },
                "narrow": {
                  "am": "GH",
                  "pm": "GD"
                },
                "wide": {
                  "am": "GH",
                  "pm": "GD"
                }
              }
            },
            "eras": {
              "eraNames": {
                "0": "BE"
              },
              "eraAbbr": {
                "0": "BE"
              },
              "eraNarrow": {
                "0": "BE"
              }
            },
            "dateFormats": {
              "full": "EEEE, MMMM d, y G",
              "long": "MMMM d, y G",
              "medium": "MMM d, y G",
              "short": "M/d/y GGGGG"
            },
            "timeFormats": {
              "full": "HH:mm:ss zzzz",
              "long": "HH:mm:ss z",
              "medium": "HH:mm:ss",
              "short": "HH:mm"
            },
            "dateTimeFormats": {
              "full": "{1} {0}",
              "long": "{1} {0}",
              "medium": "{1} {0}",
              "short": "{1} {0}",
              "availableFormats": {
                "Bh": "h B",
                "Bhm": "h:mm B",
                "Bhms": "h:mm:ss B",
                "d": "d",
                "E": "ccc",
                "EBhm": "E h:mm B",
                "EBhms": "E h:mm:ss B",
                "Ed": "d, E",
                "Ehm": "E h:mm a",
                "EHm": "E HH:mm",
                "Ehms": "E h:mm:ss a",
                "EHms": "E HH:mm:ss",
                "Gy": "y G",
                "GyMMM": "MMM y G",
                "GyMMMd": "MMM d, y G",
                "GyMMMEd": "E, MMM d, y G",
                "h": "h a",
                "H": "HH",
                "hm": "h:mm a",
                "Hm": "HH:mm",
                "hms": "h:mm:ss a",
                "Hms": "HH:mm:ss",
                "M": "L",
                "Md": "M/d",
                "MEd": "E, M/d",
                "MMM": "LLL",
                "MMMd": "MMM d",
                "MMMEd": "E, MMM d",
                "MMMMd": "MMMM d",
                "MMMMEd": "E, MMMM d",
                "ms": "mm:ss",
                "y": "y",
                "yM": "M/y",
                "yMEd": "E, M/d/y",
                "yMMM": "MMM y",
                "yMMMEd": "E, MMM d, y",
                "yMMMM": "MMMM y",
                "yQQQ": "QQQ y",
                "yQQQQ": "QQQQ y",
                "yyyy": "y G",
                "yyyyM": "M/y GGGGG",
                "yyyyMd": "M/d/y GGGGG",
                "yyyyMEd": "E, M/d/y GGGGG",
                "yyyyMMM": "MMM y G",
                "yyyyMMMd": "MMM d, y G",
                "yyyyMMMEd": "E, MMM d, y G",
                "yyyyMMMM": "MMMM y G",
                "yyyyQQQ": "QQQ y G",
                "yyyyQQQQ": "QQQQ y G"
              },
              "appendItems": {
                "Day": "{0} ({2}: {1})",
                "Day-Of-Week": "{0} {1}",
                "Era": "{1} {0}",
                "Hour": "{0} ({2}: {1})",
                "Minute": "{0} ({2}: {1})",
                "Month": "{0} ({2}: {1})",
                "Quarter": "{0} ({2}: {1})",
                "Second": "{0} ({2}: {1})",
                "Timezone": "{0} {1}",
                "Week": "{0} ({2}: {1})",
                "Year": "{1} {0}"
              },
              "intervalFormats": {
                "intervalFormatFallback": "{0} – {1}",
                "Bh": {
                  "B": "h B – h B",
                  "h": "h–h B"
                },
                "Bhm": {
                  "B": "h:mm B – h:mm B",
                  "h": "h:mm–h:mm B",
                  "m": "h:mm–h:mm B"
                },
                "d": {
                  "d": "d–d"
                },
                "Gy": {
                  "G": "y G – y G",
                  "y": "y – y G"
                },
                "GyM": {
                  "G": "M/y GGGGG – M/y GGGGG",
                  "M": "M/y – M/y GGGGG",
                  "y": "M/y – M/y GGGGG"
                },
                "GyMd": {
                  "d": "M/d/y – M/d/y GGGGG",
                  "G": "M/d/y GGGGG – M/d/y GGGGG",
                  "M": "M/d/y – M/d/y GGGGG",
                  "y": "M/d/y – M/d/y GGGGG"
                },
                "GyMEd": {
                  "d": "E, M/d/y – E, M/d/y GGGGG",
                  "G": "E, M/d/y GGGGG – E, M/d/y GGGGG",
                  "M": "E, M/d/y – E, M/d/y GGGGG",
                  "y": "E, M/d/y – E, M/d/y GGGGG"
                },
                "GyMMM": {
                  "G": "MMM y G – MMM y G",
                  "M": "MMM – MMM y G",
                  "y": "MMM y – MMM y G"
                },
                "GyMMMd": {
                  "d": "MMM d – d, y G",
                  "G": "MMM d, y G – MMM d, y G",
                  "M": "MMM d – MMM d, y G",
                  "y": "MMM d, y – MMM d, y G"
                },
                "GyMMMEd": {
                  "d": "E, MMM d – E, MMM d, y G",
                  "G": "E, MMM d, y G – E, MMM d, y G",
                  "M": "E, MMM d – E, MMM d, y G",
                  "y": "E, MMM d, y – E, MMM d, y G"
                },
                "h": {
                  "a": "h a – h a",
                  "h": "h–h a"
                },
                "H": {
                  "H": "HH – HH"
                },
                "hm": {
                  "a": "h:mm a – h:mm a",
                  "h": "h:mm–h:mm a",
                  "m": "h:mm–h:mm a"
                },
                "Hm": {
                  "H": "HH:mm – HH:mm",
                  "m": "HH:mm – HH:mm"
                },
                "hmv": {
                  "a": "h:mm a – h:mm a v",
                  "h": "h:mm–h:mm a v",
                  "m": "h:mm–h:mm a v"
                },
                "Hmv": {
                  "H": "HH:mm – HH:mm v",
                  "m": "HH:mm – HH:mm v"
                },
                "hv": {
                  "a": "h a – h a v",
                  "h": "h–h a v"
                },
                "Hv": {
                  "H": "HH – HH v"
                },
                "M": {
                  "M": "M–M"
                },
                "Md": {
                  "d": "M/d – M/d",
                  "M": "M/d – M/d"
                },
                "MEd": {
                  "d": "E, M/d – E, M/d",
                  "M": "E, M/d – E, M/d"
                },
                "MMM": {
                  "M": "MMM–MMM"
                },
                "MMMd": {
                  "d": "MMM d – d",
                  "M": "MMM d – MMM d"
                },
                "MMMEd": {
                  "d": "E, MMM d – E, MMM d",
                  "M": "E, MMM d – E, MMM d"
                },
                "y": {
                  "y": "y – y G"
                },
                "yM": {
                  "M": "M/y – M/y GGGGG",
                  "y": "M/y – M/y GGGGG"
                },
                "yMd": {
                  "d": "M/d/y – M/d/y GGGGG",
                  "M": "M/d/y – M/d/y GGGGG",
                  "y": "M/d/y – M/d/y GGGGG"
                },
                "yMEd": {
                  "d": "E, M/d/y – E, M/d/y GGGGG",
                  "M": "E, M/d/y – E, M/d/y GGGGG",
                  "y": "E, M/d/y – E, M/d/y GGGGG"
                },
                "yMMM": {
                  "M": "MMM – MMM y G",
                  "y": "MMM y – MMM y"
                },
                "yMMMd": {
                  "d": "MMM d – d, y G",
                  "M": "MMM d – MMM d, y G",
                  "y": "MMM d, y – MMM d, y G"
                },
                "yMMMEd": {
                  "d": "E, MMM d – E, MMM d, y G",
                  "M": "E, MMM d – E, MMM d, y G",
                  "y": "E, MMM d, y – E, MMM d, y G"
                },
                "yMMMM": {
                  "M": "MMMM – MMMM y G",
                  "y": "MMMM y – MMMM y G"
                }
              }
            }
          }
        }
      }
    }
  }
}
