{
  "main": {
    "as": {
      "identity": {
        "version": {
          "_cldrVersion": "39"
        },
        "language": "as"
      },
      "dates": {
        "calendars": {
          "buddhist": {
            "months": {
              "format": {
                "abbreviated": {
                  "1": "জানু",
                  "2": "ফেব্ৰু",
                  "3": "মাৰ্চ",
                  "4": "এপ্ৰিল",
                  "5": "মে’",
                  "6": "জুন",
                  "7": "জুলাই",
                  "8": "আগ",
                  "9": "ছেপ্তে",
                  "10": "অক্টো",
                  "11": "নৱে",
                  "12": "ডিচে"
                },
                "narrow": {
                  "1": "জ",
                  "2": "ফ",
                  "3": "ম",
                  "4": "এ",
                  "5": "ম",
                  "6": "জ",
                  "7": "জ",
                  "8": "আ",
                  "9": "ছ",
                  "10": "অ",
                  "11": "ন",
                  "12": "ড"
                },
                "wide": {
                  "1": "জানুৱাৰী",
                  "2": "ফেব্ৰুৱাৰী",
                  "3": "মাৰ্চ",
                  "4": "এপ্ৰিল",
                  "5": "মে’",
                  "6": "জুন",
                  "7": "জুলাই",
                  "8": "আগষ্ট",
                  "9": "ছেপ্তেম্বৰ",
                  "10": "অক্টোবৰ",
                  "11": "নৱেম্বৰ",
                  "12": "ডিচেম্বৰ"
                }
              },
              "stand-alone": {
                "abbreviated": {
                  "1": "জানু",
                  "2": "ফেব্ৰু",
                  "3": "মাৰ্চ",
                  "4": "এপ্ৰিল",
                  "5": "মে’",
                  "6": "জুন",
                  "7": "জুলাই",
                  "8": "আগ",
                  "9": "ছেপ্তে",
                  "10": "অক্টো",
                  "11": "নৱে",
                  "12": "ডিচে"
                },
                "narrow": {
                  "1": "জ",
                  "2": "ফ",
                  "3": "ম",
                  "4": "এ",
                  "5": "ম",
                  "6": "জ",
                  "7": "জ",
                  "8": "আ",
                  "9": "ছ",
                  "10": "অ",
                  "11": "ন",
                  "12": "ড"
                },
                "wide": {
                  "1": "জানুৱাৰী",
                  "2": "ফেব্ৰুৱাৰী",
                  "3": "মাৰ্চ",
                  "4": "এপ্ৰিল",
                  "5": "মে’",
                  "6": "জুন",
                  "7": "জুলাই",
                  "8": "আগষ্ট",
                  "9": "ছেপ্তেম্বৰ",
                  "10": "অক্টোবৰ",
                  "11": "নৱেম্বৰ",
                  "12": "ডিচেম্বৰ"
                }
              }
            },
            "days": {
              "format": {
                "abbreviated": {
                  "sun": "দেও",
                  "mon": "সোম",
                  "tue": "মঙ্গল",
                  "wed": "বুধ",
                  "thu": "বৃহ",
                  "fri": "শুক্ৰ",
                  "sat": "শনি"
                },
                "narrow": {
                  "sun": "দ",
                  "mon": "স",
                  "tue": "ম",
                  "wed": "ব",
                  "thu": "ব",
                  "fri": "শ",
                  "sat": "শ"
                },
                "short": {
                  "sun": "দেও",
                  "mon": "সোম",
                  "tue": "মঙ্গল",
                  "wed": "বুধ",
                  "thu": "বৃহ",
                  "fri": "শুক্ৰ",
                  "sat": "শনি"
                },
                "wide": {
                  "sun": "দেওবাৰ",
                  "mon": "সোমবাৰ",
                  "tue": "মঙ্গলবাৰ",
                  "wed": "বুধবাৰ",
                  "thu": "বৃহস্পতিবাৰ",
                  "fri": "শুক্ৰবাৰ",
                  "sat": "শনিবাৰ"
                }
              },
              "stand-alone": {
                "abbreviated": {
                  "sun": "দেও",
                  "mon": "সোম",
                  "tue": "মঙ্গল",
                  "wed": "বুধ",
                  "thu": "বৃহ",
                  "fri": "শুক্ৰ",
                  "sat": "শনি"
                },
                "narrow": {
                  "sun": "দ",
                  "mon": "স",
                  "tue": "ম",
                  "wed": "ব",
                  "thu": "ব",
                  "fri": "শ",
                  "sat": "শ"
                },
                "short": {
                  "sun": "দেও",
                  "mon": "সোম",
                  "tue": "মঙ্গল",
                  "wed": "বুধ",
                  "thu": "বৃহ",
                  "fri": "শুক্ৰ",
                  "sat": "শনি"
                },
                "wide": {
                  "sun": "দেওবাৰ",
                  "mon": "সোমবাৰ",
                  "tue": "মঙ্গলবাৰ",
                  "wed": "বুধবাৰ",
                  "thu": "বৃহস্পতিবাৰ",
                  "fri": "শুক্ৰবাৰ",
                  "sat": "শনিবাৰ"
                }
              }
            },
            "quarters": {
              "format": {
                "abbreviated": {
                  "1": "১মঃ তিঃ",
                  "2": "২য়ঃ তিঃ",
                  "3": "৩য়ঃ তিঃ",
                  "4": "৪ৰ্থঃ তিঃ"
                },
                "narrow": {
                  "1": "১",
                  "2": "২",
                  "3": "৩",
                  "4": "৪"
                },
                "wide": {
                  "1": "প্ৰথম তিনিমাহ",
                  "2": "দ্বিতীয় তিনিমাহ",
                  "3": "তৃতীয় তিনিমাহ",
                  "4": "চতুৰ্থ তিনিমাহ"
                }
              },
              "stand-alone": {
                "abbreviated": {
                  "1": "১মঃ তিঃ",
                  "2": "২য়ঃ তিঃ",
                  "3": "৩য়ঃ তিঃ",
                  "4": "৪ৰ্থঃ তিঃ"
                },
                "narrow": {
                  "1": "১",
                  "2": "২",
                  "3": "৩",
                  "4": "৪"
                },
                "wide": {
                  "1": "প্ৰথম তিনিমাহ",
                  "2": "দ্বিতীয় তিনিমাহ",
                  "3": "তৃতীয় তিনিমাহ",
                  "4": "চতুৰ্থ তিনিমাহ"
                }
              }
            },
            "dayPeriods": {
              "format": {
                "abbreviated": {
                  "am": "পূৰ্বাহ্ন",
                  "pm": "অপৰাহ্ন"
                },
                "narrow": {
                  "am": "পূৰ্বাহ্ন",
                  "pm": "অপৰাহ্ন"
                },
                "wide": {
                  "am": "পূৰ্বাহ্ন",
                  "pm": "অপৰাহ্ন"
                }
              },
              "stand-alone": {
                "abbreviated": {
                  "am": "পূৰ্বাহ্ন",
                  "pm": "অপৰাহ্ন"
                },
                "narrow": {
                  "am": "পূৰ্বাহ্ন",
                  "pm": "অপৰাহ্ন"
                },
                "wide": {
                  "am": "পূৰ্বাহ্ন",
                  "pm": "অপৰাহ্ন"
                }
              }
            },
            "eras": {
              "eraNames": {
                "0": "BE"
              },
              "eraAbbr": {
                "0": "BE"
              },
              "eraNarrow": {
                "0": "BE"
              }
            },
            "dateFormats": {
              "full": "G y MMMM d, EEEE",
              "long": "G y MMMM d",
              "medium": "G y MMM d",
              "short": "GGGGG y-MM-dd"
            },
            "timeFormats": {
              "full": "a h.mm.ss zzzz",
              "long": "a h.mm.ss z",
              "medium": "a h.mm.ss",
              "short": "a h.mm"
            },
            "dateTimeFormats": {
              "full": "{1} {0} বজাত",
              "long": "{1} {0} বজাত",
              "medium": "{1} {0}",
              "short": "{1} {0}",
              "availableFormats": {
                "Bh": "B h",
                "Bhm": "B h:mm",
                "Bhms": "B h:mm:ss",
                "d": "d",
                "E": "ccc",
                "EBhm": "E B h:mm",
                "EBhms": "E, B h:mm:ss",
                "Ed": "d, E",
                "Ehm": "E, a h:mm",
                "EHm": "E HH:mm",
                "Ehms": "E, a h:mm:ss",
                "EHms": "E HH:mm:ss",
                "Gy": "G y",
                "GyMMM": "G y MMM",
                "GyMMMd": "G y MMM d",
                "GyMMMEd": "G y MMM d, E",
                "h": "a h",
                "H": "HH",
                "hm": "a h:mm",
                "Hm": "HH:mm",
                "hms": "a h:mm:ss",
                "Hms": "HH:mm:ss",
                "M": "L",
                "Md": "MM-dd",
                "MEd": "MM-dd, E",
                "MMM": "LLL",
                "MMMd": "MMM d",
                "MMMEd": "MMM d, E",
                "MMMMd": "MMMM d",
                "ms": "mm:ss",
                "y": "y G",
                "yyyy": "y G",
                "yyyyM": "MM-y GGGGG",
                "yyyyMd": "dd-MM-y GGGGG",
                "yyyyMEd": "E, dd-MM-y GGGGG",
                "yyyyMMM": "MMM y G",
                "yyyyMMMd": "d MMM y G",
                "yyyyMMMEd": "E, d MMM y G",
                "yyyyMMMM": "MMMM y G",
                "yyyyQQQ": "G y QQQ",
                "yyyyQQQQ": "G y QQQQ"
              },
              "appendItems": {
                "Day": "{0} ({2}: {1})",
                "Day-Of-Week": "{0} {1}",
                "Era": "{1} {0}",
                "Hour": "{0} ({2}: {1})",
                "Minute": "{0} ({2}: {1})",
                "Month": "{0} ({2}: {1})",
                "Quarter": "{0} ({2}: {1})",
                "Second": "{0} ({2}: {1})",
                "Timezone": "{0} {1}",
                "Week": "{0} ({2}: {1})",
                "Year": "{1} {0}"
              },
              "intervalFormats": {
                "intervalFormatFallback": "{0} – {1}",
                "Bh": {
                  "B": "h B – h B",
                  "h": "h – h B"
                },
                "Bhm": {
                  "B": "h:mm B – h:mm B",
                  "h": "h:mm – h:mm B",
                  "m": "h:mm – h:mm B"
                },
                "d": {
                  "d": "d–d"
                },
                "Gy": {
                  "G": "G y – G y",
                  "y": "G y–y"
                },
                "GyM": {
                  "G": "GGGGG M/y – GGGGG M/y",
                  "M": "GGGGG M/y – M/y",
                  "y": "GGGGG M/y – M/y"
                },
                "GyMd": {
                  "d": "GGGGG d/M/y – d/M/y",
                  "G": "GGGGG d/M/y – GGGGG d/M/y",
                  "M": "GGGGG d/M/y – d/M/y",
                  "y": "GGGGG d/M/y – d/M/y"
                },
                "GyMEd": {
                  "d": "GGGGG E, d/M/y – E, d/M/y",
                  "G": "GGGGG E, d/M/y – GGGGG E, d/M/y",
                  "M": "GGGGG E, d/M/y – E, d/M/y",
                  "y": "GGGGG E, d/M/y – E, d/M/y"
                },
                "GyMMM": {
                  "G": "G MMM y – G MMM y",
                  "M": "G MMM – MMM y",
                  "y": "G MMM y – MMM y"
                },
                "GyMMMd": {
                  "d": "G d – d MMM, y",
                  "G": "G d MMM, y – G d MMM, y",
                  "M": "G d MMM – d MMM, y",
                  "y": "G d MMM, y – d MMM, y"
                },
                "GyMMMEd": {
                  "d": "G E, d MMM – E, d MMM, y",
                  "G": "G E, d MMM, y – G E, d MMM, y",
                  "M": "G E, d MMM – E, d MMM, y",
                  "y": "G E, d MMM, y – E, d MMM, y"
                },
                "h": {
                  "a": "h a – h a",
                  "h": "h–h a"
                },
                "H": {
                  "H": "HH–HH"
                },
                "hm": {
                  "a": "h:mm a – h:mm a",
                  "h": "h:mm–h:mm a",
                  "m": "h:mm–h:mm a"
                },
                "Hm": {
                  "H": "HH:mm–HH:mm",
                  "m": "HH:mm–HH:mm"
                },
                "hmv": {
                  "a": "h:mm a – h:mm a v",
                  "h": "h:mm–h:mm a v",
                  "m": "h:mm–h:mm a v"
                },
                "Hmv": {
                  "H": "HH:mm–HH:mm v",
                  "m": "HH:mm–HH:mm v"
                },
                "hv": {
                  "a": "h a – h a v",
                  "h": "h–h a v"
                },
                "Hv": {
                  "H": "HH–HH v"
                },
                "M": {
                  "M": "MM–MM"
                },
                "Md": {
                  "d": "MM-dd – MM-dd",
                  "M": "MM-dd – MM-dd"
                },
                "MEd": {
                  "d": "MM-dd, E – MM-dd, E",
                  "M": "MM-dd, E – MM-dd, E"
                },
                "MMM": {
                  "M": "MMM – MMM"
                },
                "MMMd": {
                  "d": "MMM d–d",
                  "M": "MMM d – MMM d"
                },
                "MMMEd": {
                  "d": "MMM d, E – MMM d, E",
                  "M": "MMM d, E – MMM d, E"
                },
                "y": {
                  "y": "G y–y"
                },
                "yM": {
                  "M": "GGGGG y-MM – y-MM",
                  "y": "GGGGG y-MM – y-MM"
                },
                "yMd": {
                  "d": "GGGGG y-MM-dd – y-MM-dd",
                  "M": "GGGGG y-MM-dd – y-MM-dd",
                  "y": "GGGGG y-MM-dd – y-MM-dd"
                },
                "yMEd": {
                  "d": "GGGGG y-MM-dd, E – y-MM-dd, E",
                  "M": "GGGGG y-MM-dd, E – y-MM-dd, E",
                  "y": "GGGGG y-MM-dd, E – y-MM-dd, E"
                },
                "yMMM": {
                  "M": "G y MMM–MMM",
                  "y": "G y MMM – y MMM"
                },
                "yMMMd": {
                  "d": "G y MMM d–d",
                  "M": "G y MMM d – MMM d",
                  "y": "G y MMM d – y MMM d"
                },
                "yMMMEd": {
                  "d": "G y MMM d, E – MMM d, E",
                  "M": "G y MMM d, E – MMM d, E",
                  "y": "G y MMM d, E – y MMM d, E"
                },
                "yMMMM": {
                  "M": "G y MMMM–MMMM",
                  "y": "G y MMMM – y MMMM"
                }
              }
            }
          }
        }
      }
    }
  }
}
