{
  "main": {
    "te": {
      "identity": {
        "version": {
          "_cldrVersion": "39"
        },
        "language": "te"
      },
      "dates": {
        "calendars": {
          "buddhist": {
            "months": {
              "format": {
                "abbreviated": {
                  "1": "జన",
                  "2": "ఫిబ్ర",
                  "3": "మార్చి",
                  "4": "ఏప్రి",
                  "5": "మే",
                  "6": "జూన్",
                  "7": "జులై",
                  "8": "ఆగ",
                  "9": "సెప్టెం",
                  "10": "అక్టో",
                  "11": "నవం",
                  "12": "డిసెం"
                },
                "narrow": {
                  "1": "జ",
                  "2": "ఫి",
                  "3": "మా",
                  "4": "ఏ",
                  "5": "మే",
                  "6": "జూ",
                  "7": "జు",
                  "8": "ఆ",
                  "9": "సె",
                  "10": "అ",
                  "11": "న",
                  "12": "డి"
                },
                "wide": {
                  "1": "జనవరి",
                  "2": "ఫిబ్రవరి",
                  "3": "మార్చి",
                  "4": "ఏప్రిల్",
                  "5": "మే",
                  "6": "జూన్",
                  "7": "జులై",
                  "8": "ఆగస్టు",
                  "9": "సెప్టెంబర్",
                  "10": "అక్టోబర్",
                  "11": "నవంబర్",
                  "12": "డిసెంబర్"
                }
              },
              "stand-alone": {
                "abbreviated": {
                  "1": "జన",
                  "2": "ఫిబ్ర",
                  "3": "మార్చి",
                  "4": "ఏప్రి",
                  "5": "మే",
                  "6": "జూన్",
                  "7": "జులై",
                  "8": "ఆగ",
                  "9": "సెప్టెం",
                  "10": "అక్టో",
                  "11": "నవం",
                  "12": "డిసెం"
                },
                "narrow": {
                  "1": "జ",
                  "2": "ఫి",
                  "3": "మా",
                  "4": "ఏ",
                  "5": "మే",
                  "6": "జూ",
                  "7": "జు",
                  "8": "ఆ",
                  "9": "సె",
                  "10": "అ",
                  "11": "న",
                  "12": "డి"
                },
                "wide": {
                  "1": "జనవరి",
                  "2": "ఫిబ్రవరి",
                  "3": "మార్చి",
                  "4": "ఏప్రిల్",
                  "5": "మే",
                  "6": "జూన్",
                  "7": "జులై",
                  "8": "ఆగస్టు",
                  "9": "సెప్టెంబర్",
                  "10": "అక్టోబర్",
                  "11": "నవంబర్",
                  "12": "డిసెంబర్"
                }
              }
            },
            "days": {
              "format": {
                "abbreviated": {
                  "sun": "ఆది",
                  "mon": "సోమ",
                  "tue": "మంగళ",
                  "wed": "బుధ",
                  "thu": "గురు",
                  "fri": "శుక్ర",
                  "sat": "శని"
                },
                "narrow": {
                  "sun": "ఆ",
                  "mon": "సో",
                  "tue": "మ",
                  "wed": "బు",
                  "thu": "గు",
                  "fri": "శు",
                  "sat": "శ"
                },
                "short": {
                  "sun": "ఆది",
                  "mon": "సోమ",
                  "tue": "మం",
                  "wed": "బుధ",
                  "thu": "గురు",
                  "fri": "శుక్ర",
                  "sat": "శని"
                },
                "wide": {
                  "sun": "ఆదివారం",
                  "mon": "సోమవారం",
                  "tue": "మంగళవారం",
                  "wed": "బుధవారం",
                  "thu": "గురువారం",
                  "fri": "శుక్రవారం",
                  "sat": "శనివారం"
                }
              },
              "stand-alone": {
                "abbreviated": {
                  "sun": "ఆది",
                  "mon": "సోమ",
                  "tue": "మంగళ",
                  "wed": "బుధ",
                  "thu": "గురు",
                  "fri": "శుక్ర",
                  "sat": "శని"
                },
                "narrow": {
                  "sun": "ఆ",
                  "mon": "సో",
                  "tue": "మ",
                  "wed": "బు",
                  "thu": "గు",
                  "fri": "శు",
                  "sat": "శ"
                },
                "short": {
                  "sun": "ఆది",
                  "mon": "సోమ",
                  "tue": "మం",
                  "wed": "బుధ",
                  "thu": "గురు",
                  "fri": "శుక్ర",
                  "sat": "శని"
                },
                "wide": {
                  "sun": "ఆదివారం",
                  "mon": "సోమవారం",
                  "tue": "మంగళవారం",
                  "wed": "బుధవారం",
                  "thu": "గురువారం",
                  "fri": "శుక్రవారం",
                  "sat": "శనివారం"
                }
              }
            },
            "quarters": {
              "format": {
                "abbreviated": {
                  "1": "త్రై1",
                  "2": "త్రై2",
                  "3": "త్రై3",
                  "4": "త్రై4"
                },
                "narrow": {
                  "1": "1",
                  "2": "2",
                  "3": "3",
                  "4": "4"
                },
                "wide": {
                  "1": "1వ త్రైమాసికం",
                  "2": "2వ త్రైమాసికం",
                  "3": "3వ త్రైమాసికం",
                  "4": "4వ త్రైమాసికం"
                }
              },
              "stand-alone": {
                "abbreviated": {
                  "1": "త్రై1",
                  "2": "త్రై2",
                  "3": "త్రై3",
                  "4": "త్రై4"
                },
                "narrow": {
                  "1": "1",
                  "2": "2",
                  "3": "3",
                  "4": "4"
                },
                "wide": {
                  "1": "1వ త్రైమాసికం",
                  "2": "2వ త్రైమాసికం",
                  "3": "3వ త్రైమాసికం",
                  "4": "4వ త్రైమాసికం"
                }
              }
            },
            "dayPeriods": {
              "format": {
                "abbreviated": {
                  "midnight": "అర్ధరాత్రి",
                  "am": "AM",
                  "pm": "PM",
                  "morning1": "ఉదయం",
                  "afternoon1": "మధ్యాహ్నం",
                  "evening1": "సాయంత్రం",
                  "night1": "రాత్రి"
                },
                "narrow": {
                  "midnight": "అర్ధరాత్రి",
                  "am": "ఉ",
                  "pm": "సా",
                  "morning1": "ఉదయం",
                  "afternoon1": "మధ్యాహ్నం",
                  "evening1": "సాయంత్రం",
                  "night1": "రాత్రి"
                },
                "wide": {
                  "midnight": "అర్ధరాత్రి",
                  "am": "AM",
                  "pm": "PM",
                  "morning1": "ఉదయం",
                  "afternoon1": "మధ్యాహ్నం",
                  "evening1": "సాయంత్రం",
                  "night1": "రాత్రి"
                }
              },
              "stand-alone": {
                "abbreviated": {
                  "midnight": "అర్ధరాత్రి",
                  "am": "AM",
                  "pm": "PM",
                  "morning1": "ఉదయం",
                  "afternoon1": "మధ్యాహ్నం",
                  "evening1": "సాయంత్రం",
                  "night1": "రాత్రి"
                },
                "narrow": {
                  "midnight": "అర్ధరాత్రి",
                  "am": "AM",
                  "pm": "PM",
                  "morning1": "ఉదయం",
                  "afternoon1": "మధ్యాహ్నం",
                  "evening1": "సాయంత్రం",
                  "night1": "రాత్రి"
                },
                "wide": {
                  "midnight": "అర్ధరాత్రి",
                  "am": "AM",
                  "pm": "PM",
                  "morning1": "ఉదయం",
                  "afternoon1": "మధ్యాహ్నం",
                  "evening1": "సాయంత్రం",
                  "night1": "రాత్రి"
                }
              }
            },
            "eras": {
              "eraNames": {
                "0": "BE"
              },
              "eraAbbr": {
                "0": "BE"
              },
              "eraNarrow": {
                "0": "BE"
              }
            },
            "dateFormats": {
              "full": "EEEE d MMMM y G",
              "long": "d MMMM y G",
              "medium": "d MMM y G",
              "short": "dd-MM-y GGGGG"
            },
            "timeFormats": {
              "full": "h:mm:ss a zzzz",
              "long": "h:mm:ss a z",
              "medium": "h:mm:ss a",
              "short": "h:mm a"
            },
            "dateTimeFormats": {
              "full": "{1} {0}",
              "long": "{1} {0}",
              "medium": "{1} {0}",
              "short": "{1} {0}",
              "availableFormats": {
                "Bh": "B h",
                "Bhm": "B h:mm",
                "Bhms": "B h:mm:ss",
                "d": "d",
                "E": "ccc",
                "EBhm": "B E h:mm",
                "EBhms": "B E h:mm:ss",
                "Ed": "E d",
                "Ehm": "E h:mm a",
                "EHm": "E HH:mm",
                "Ehms": "E h:mm:ss a",
                "EHms": "E HH:mm:ss",
                "Gy": "y G",
                "GyMMM": "MMM y G",
                "GyMMMd": "d, MMM y G",
                "GyMMMEd": "E, d, MMM y G",
                "h": "h a",
                "H": "HH",
                "hm": "h:mm a",
                "Hm": "HH:mm",
                "hms": "h:mm:ss a",
                "Hms": "HH:mm:ss",
                "M": "L",
                "Md": "d/M",
                "MEd": "E, d/M",
                "MMdd": "dd-MM",
                "MMM": "LLL",
                "MMMd": "d MMM",
                "MMMEd": "E, d MMM",
                "MMMMd": "d MMMM",
                "ms": "mm:ss",
                "y": "y G",
                "yyyy": "y G",
                "yyyyM": "M/y GGGGG",
                "yyyyMd": "d/M/y GGGGG",
                "yyyyMEd": "E, d/M/y GGGGG",
                "yyyyMM": "MM-y G",
                "yyyyMMM": "MMM y G",
                "yyyyMMMd": "d, MMM y G",
                "yyyyMMMEd": "E, d, MMM y G",
                "yyyyMMMM": "MMMM YYYY",
                "yyyyQQQ": "QQQ y G",
                "yyyyQQQQ": "QQQQ y G"
              },
              "appendItems": {
                "Day": "{0} ({2}: {1})",
                "Day-Of-Week": "{0} {1}",
                "Era": "{1} {0}",
                "Hour": "{0} ({2}: {1})",
                "Minute": "{0} ({2}: {1})",
                "Month": "{0} ({2}: {1})",
                "Quarter": "{0} ({2}: {1})",
                "Second": "{0} ({2}: {1})",
                "Timezone": "{0} {1}",
                "Week": "{0} ({2}: {1})",
                "Year": "{1} {0}"
              },
              "intervalFormats": {
                "intervalFormatFallback": "{0} – {1}",
                "Bh": {
                  "B": "B h – B h",
                  "h": "B h – h"
                },
                "Bhm": {
                  "B": "B h:mm – B h:mm",
                  "h": "B h:mm – h:mm",
                  "m": "B h:mm – h:mm"
                },
                "d": {
                  "d": "d – d"
                },
                "Gy": {
                  "G": "G y – G y",
                  "y": "G y–y"
                },
                "GyM": {
                  "G": "GGGGG y-MM – GGGGG y-MM",
                  "M": "GGGGG y-MM – y-MM",
                  "y": "GGGGG y-MM – y-MM"
                },
                "GyMd": {
                  "d": "GGGGG y-MM-dd – y-MM-dd",
                  "G": "GGGGG y-MM-dd – GGGGG y-MM-dd",
                  "M": "GGGGG y-MM-dd – y-MM-dd",
                  "y": "GGGGG y-MM-dd – y-MM-dd"
                },
                "GyMEd": {
                  "d": "GGGGG y-MM-dd, E – y-MM-dd, E",
                  "G": "GGGGG y-MM-dd, E – GGGGG y-MM-dd, E",
                  "M": "GGGGG y-MM-dd, E – y-MM-dd, E",
                  "y": "GGGGG y-MM-dd, E – y-MM-dd, E"
                },
                "GyMMM": {
                  "G": "G y MMM – G y MMM",
                  "M": "G y MMM–MMM",
                  "y": "G y MMM – y MMM"
                },
                "GyMMMd": {
                  "d": "G y MMM d–d",
                  "G": "G y MMM d – G y MMM d",
                  "M": "G y MMM d – MMM d",
                  "y": "G y MMM d – y MMM d"
                },
                "GyMMMEd": {
                  "d": "G y MMM d, E – MMM d, E",
                  "G": "G y MMM d, E – G y MMM d, E",
                  "M": "G y MMM d, E – MMM d, E",
                  "y": "G y MMM d, E – y MMM d, E"
                },
                "h": {
                  "a": "h a – h a",
                  "h": "h–h a"
                },
                "H": {
                  "H": "HH–HH"
                },
                "hm": {
                  "a": "h:mm a – h:mm a",
                  "h": "h:mm–h:mm a",
                  "m": "h:mm–h:mm a"
                },
                "Hm": {
                  "H": "HH:mm–HH:mm",
                  "m": "HH:mm–HH:mm"
                },
                "hmv": {
                  "a": "h:mm a – h:mm a v",
                  "h": "h:mm–h:mm a v",
                  "m": "h:mm–h:mm a v"
                },
                "Hmv": {
                  "H": "HH:mm–HH:mm v",
                  "m": "HH:mm–HH:mm v"
                },
                "hv": {
                  "a": "h a – h a v",
                  "h": "h–h a v"
                },
                "Hv": {
                  "H": "HH–HH v"
                },
                "M": {
                  "M": "M – M"
                },
                "Md": {
                  "d": "d/M – d/M",
                  "M": "d/M – d/M"
                },
                "MEd": {
                  "d": "E, d/M – E, d/M",
                  "M": "E, d/M – E, d/M"
                },
                "MMM": {
                  "M": "MMM – MMM"
                },
                "MMMd": {
                  "d": "d – d MMM",
                  "M": "d MMM – d MMM"
                },
                "MMMEd": {
                  "d": "E, d MMM – E, d MMM",
                  "M": "E, d MMM – E, d MMM"
                },
                "y": {
                  "y": "G y – y"
                },
                "yM": {
                  "M": "M/y – M/y GGGGG",
                  "y": "M/y – M/y GGGGG"
                },
                "yMd": {
                  "d": "d/M/y – d/M/y GGGG",
                  "M": "d/M/y – d/M/y",
                  "y": "d/M/y – d/M/y"
                },
                "yMEd": {
                  "d": "E, d/M/y – E, d/M/y",
                  "M": "E, d/M/y – E, d/M/y",
                  "y": "E, d/M/y – E, d/M/y"
                },
                "yMMM": {
                  "M": "MMM – MMM y G",
                  "y": "MMM y – MMM y G"
                },
                "yMMMd": {
                  "d": "G y MMM d–d",
                  "M": "d MMM – d MMM, y",
                  "y": "d MMM, y – d MMM, y"
                },
                "yMMMEd": {
                  "d": "E, d MMM – E, d MMM, y",
                  "M": "E, d MMM – E, d MMM, y",
                  "y": "E, d MMM, y – E, d MMM, y"
                },
                "yMMMM": {
                  "M": "MMMM – MMMM y G",
                  "y": "MMMM y – MMMM y G"
                }
              }
            }
          }
        }
      }
    }
  }
}
