{
    "version": "1.0.216",
    "homepage": "https://www.10xeditor.com/index.htm",
    "description": "A fast performing, feature packed C++ editor/IDE.",
    "license": {
        "identifier": "Shareware",
        "url": "https://www.10xeditor.com/License.htm"
    },
    "architecture": {
        "64bit": {
            "url": "https://www.puredevsoftware.com/download.php?file=10xInstaller.exe#/setup.exe",
            "hash": "f4b53f5f573429ccf6898ff75c4f37720dc160404a04cff0140f74de9f41adf7"
        }
    },
    "pre_install": [
        "if (!(is_admin)) { error \"$app requires admin rights to $cmd\"; break }",
        "Start-Process \"$dir\\setup.exe\" -Wait -Verb 'RunAs' -WindowStyle 'Hidden' -Args '/silent'"
    ],
    "pre_uninstall": [
        "if (!(is_admin)) { error \"$app requires admin rights to $cmd\"; break }",
        "Start-Process \"$dir\\setup.exe\" -Wait -Verb 'RunAs' -WindowStyle 'Hidden' -Args @('/silent', '/uninstall'); Start-Sleep -Seconds 2"
    ],
    "checkver": {
        "url": "https://www.10xeditor.com/versions.htm",
        "regex": "Version\\s\\(([\\d.]+)\\)"
    },
    "autoupdate": {
        "architecture": {
            "64bit": {
                "url": "https://www.puredevsoftware.com/download.php?file=10xInstaller.exe#/setup.exe"
            }
        }
    }
}
