{
    "version": "37.0",
    "description": "Gadgets for Windows.",
    "homepage": "https://8gadgetpack.net/",
    "license": {
        "identifier": "Freeware",
        "url": "https://8gadgetpack.net/#FAQ"
    },
    "url": "https://8gadgetpack.net/dl_370/8GadgetPackSetup.msi#/setup.msi_",
    "hash": "821e33cf757bd01bec6703796c01726e6674b8de3bc1e7ea834318039e46909e",
    "installer": {
        "script": "Start-Process msiexec -ArgumentList @('/i', \"`\"$dir\\setup.msi_`\"\", '/qn') -Wait -Verb RunAs | Out-Null"
    },
    "uninstaller": {
        "script": "Start-Process msiexec -ArgumentList @('/x', \"`\"$dir\\setup.msi_`\"\", '/qn') -Wait -Verb RunAs | Out-Null"
    },
    "checkver": "Version ([\\d.]+) released",
    "autoupdate": {
        "url": "https://8gadgetpack.net/dl_$cleanVersion/8GadgetPackSetup.msi#/setup.msi_"
    }
}
