{
    "version": "24.06.3",
    "description": "Powerful and intelligent flash cards",
    "homepage": "https://apps.ankiweb.net",
    "license": "AGPL-3.0-only",
    "suggest": {
        "vcredist": "extras/vcredist2008"
    },
    "architecture": {
        "64bit": {
            "url": "https://github.com/ankitects/anki/releases/download/24.06.3/anki-24.06.3-windows-qt6.exe#/installer.exe",
            "hash": "e11ade8b94dbb5374102669ea589bc1072ea07b93897f3b36fa045f5192ef0ba"
        }
    },
    "installer": {
        "script": [
            "if (!(is_admin)) { error \"$app requires admin rights to $cmd\"; break }",
            "Start-Process -Wait \"$dir\\installer.exe\" -ArgumentList @('/S', \"/D=$dir\") -Verb RunAs | Out-Null",
            "Remove-Item \"$([Environment]::GetFolderPath('commonstartmenu'))\\Programs\\Anki.lnk\""
        ]
    },
    "uninstaller": {
        "script": [
            "if (!(is_admin)) { error \"$app requires admin rights to $cmd\"; break }",
            "Start-Process -Wait \"$dir\\uninstall.exe\" -ArgumentList '/S' -Verb RunAs | Out-Null"
        ]
    },
    "bin": "anki.exe",
    "shortcuts": [
        [
            "anki.exe",
            "Anki"
        ]
    ],
    "checkver": {
        "github": "https://github.com/ankitects/anki"
    },
    "autoupdate": {
        "architecture": {
            "64bit": {
                "url": "https://github.com/ankitects/anki/releases/download/$version/anki-$version-windows-qt6.exe#/installer.exe"
            }
        },
        "hash": {
            "url": "$baseurl/anki-$version-checksums.txt"
        }
    }
}
