{
    "version": "2.15",
    "description": "Universal ASIO driver for WDM audio.",
    "homepage": "https://asio4all.org",
    "license": "Freeware",
    "url": "https://asio4all.org/downloads/ASIO4ALL_2_15_English.exe",
    "hash": "b22282d5a2daa646deb624cf461bf4f1dfeda541cc505a6781124275f8c2960d",
    "installer": {
        "args": [
            "/S",
            "/D=$dir"
        ]
    },
    "post_install": [
        "Remove-Item \"$([Environment]::GetFolderPath('Desktop'))\\ASIO4ALL Web Site.lnk\""
    ],
    "uninstaller": {
        "file": "uninstall.exe",
        "args": "/S"
    },
    "checkver": {
        "url": "https://asio4all.org/about/download-asio4all/",
        "regex": ">([\\d.]+)</h2>"
    },
    "autoupdate": {
        "url": "https://asio4all.org/downloads/ASIO4ALL_$underscoreVersion_English.exe"
    }
}
