{
    "version": "2.4.0",
    "description": "Mimics the functionality of a KVM switch, which allows a single keyboard and mouse to control multiple machines.",
    "homepage": "https://github.com/debauchee/barrier",
    "license": "GPL-2.0",
    "url": "https://github.com/debauchee/barrier/releases/download/v2.4.0/BarrierSetup-2.4.0-release.exe",
    "hash": "7e66b7b4d13312e607edd06f8ea38f3c9b09b3e8aea2b55250c00b25f9892885",
    "installer": {
        "args": [
            "/verysilent",
            "/nocancel",
            "/norestart"
        ]
    },
    "uninstaller": {
        "script": "& \"$env:ProgramFiles\\Barrier\\unins000.exe\" /verysilent /nocancel /norestart"
    },
    "checkver": "github",
    "autoupdate": {
        "url": "https://github.com/debauchee/barrier/releases/download/v$version/BarrierSetup-$version-release.exe"
    }
}
