{
    "version": "7.17.0",
    "description": "E-book manager.",
    "homepage": "https://calibre-ebook.com/",
    "license": "GPL-3.0-only",
    "architecture": {
        "64bit": {
            "url": "https://github.com/kovidgoyal/calibre/releases/download/v7.17.0/calibre-64bit-7.17.0.msi",
            "hash": "51028af0e0a79b6c74de44ffa712ab3494fc310d1f0078b8701b5b1bab528e48",
            "extract_dir": "PFiles\\Calibre2"
        }
    },
    "bin": [
        "calibre.exe",
        "calibre-customize.exe",
        "calibredb.exe",
        "calibre-debug.exe",
        "calibre-server.exe",
        "calibre-smtp.exe",
        "ebook-convert.exe",
        "ebook-device.exe",
        "ebook-edit.exe",
        "ebook-meta.exe",
        "ebook-polish.exe",
        "ebook-viewer.exe",
        "fetch-ebook-metadata.exe",
        "lrf2lrs.exe",
        "lrs2lrf.exe",
        "lrfviewer.exe",
        "markdown-calibre.exe",
        "web2disk.exe"
    ],
    "shortcuts": [
        [
            "calibre.exe",
            "Calibre"
        ],
        [
            "ebook-edit.exe",
            "Calibre E-Book Editor"
        ],
        [
            "ebook-viewer.exe",
            "Calibre E-Book Viewer"
        ],
        [
            "lrfviewer.exe",
            "Calibre LRF Viewer"
        ]
    ],
    "checkver": {
        "github": "https://github.com/kovidgoyal/calibre"
    },
    "autoupdate": {
        "architecture": {
            "64bit": {
                "url": "https://github.com/kovidgoyal/calibre/releases/download/v$version/calibre-64bit-$version.msi"
            }
        }
    }
}
