{
    "version": "1.4.4.4",
    "description": "Implementation of the gocryptfs encrypted overlay filesystem in C++ for Windows.",
    "homepage": "https://github.com/bailey27/cppcryptfs",
    "license": "MIT",
    "depends": "dokany-np",
    "architecture": {
        "64bit": {
            "url": [
                "https://github.com/bailey27/cppcryptfs/releases/download/1.4.4.4/cppcryptfs.exe",
                "https://github.com/bailey27/cppcryptfs/releases/download/1.4.4.4/cppcryptfsctl.exe"
            ],
            "hash": [
                "be7db02df851bec90ea866fa97e20782f2a310396d02df975abf48756d0f4ec6",
                "74a1fc8c4b0c42375a1f3380b330d3db1f4c2dada2c78d25f51fbc4e12da43b7"
            ]
        },
        "32bit": {
            "url": [
                "https://github.com/bailey27/cppcryptfs/releases/download/1.4.4.4/cppcryptfs32.exe#/cppcryptfs.exe",
                "https://github.com/bailey27/cppcryptfs/releases/download/1.4.4.4/cppcryptfsctl32.exe#/cppcryptfsctl.exe"
            ],
            "hash": [
                "09b9798a4123437f856bfe72ea2a78e6449399b2584e8434836fa379d9c63805",
                "38695bf926c88233831ab2f0732932cbc896259ec7040ae4aaca8cb6af35392a"
            ]
        }
    },
    "bin": [
        "cppcryptfsctl.exe",
        "cppcryptfs.exe"
    ],
    "shortcuts": [
        [
            "cppcryptfs.exe",
            "cppcryptfs"
        ]
    ],
    "checkver": "github",
    "autoupdate": {
        "architecture": {
            "64bit": {
                "url": [
                    "https://github.com/bailey27/cppcryptfs/releases/download/$version/cppcryptfs.exe",
                    "https://github.com/bailey27/cppcryptfs/releases/download/$version/cppcryptfsctl.exe"
                ]
            },
            "32bit": {
                "url": [
                    "https://github.com/bailey27/cppcryptfs/releases/download/$version/cppcryptfs32.exe#/cppcryptfs.exe",
                    "https://github.com/bailey27/cppcryptfs/releases/download/$version/cppcryptfsctl32.exe#/cppcryptfsctl.exe"
                ]
            }
        }
    }
}
