{
    "version": "2.2.0.1000",
    "description": "User mode file system library for windows with FUSE Wrapper.",
    "homepage": "https://dokan-dev.github.io/",
    "license": "LGPL-3.0-or-later|MIT",
    "architecture": {
        "64bit": {
            "url": "https://github.com/dokan-dev/dokany/releases/download/v2.2.0.1000/Dokan_x64.msi#/setup.msi_",
            "hash": "ccab902e93ab133ef352a81ee6ff8b7b1668d732dc228aeefc86f9eefc31fdfa"
        },
        "32bit": {
            "url": "https://github.com/dokan-dev/dokany/releases/download/v2.2.0.1000/Dokan_x86.msi#/setup.msi_",
            "hash": "e782c1247b00e74ef5fee797be8ad47f6818a5b544bda62726980af0140fbd2e"
        }
    },
    "installer": {
        "script": [
            "if (!(is_admin)) { error \"$app requires admin rights to $cmd\"; break }",
            "Start-Process msiexec -ArgumentList @('/i', \"`\"$dir\\setup.msi_`\"\", '/qn', '/norestart') -Wait -Verb RunAs | Out-Null"
        ]
    },
    "uninstaller": {
        "script": [
            "if (!(is_admin)) { error \"$app requires admin rights to $cmd\"; break }",
            "Start-Process msiexec -ArgumentList @('/x', \"`\"$dir\\setup.msi_`\"\", '/qn', '/norestart') -Wait -Verb RunAs | Out-Null"
        ]
    },
    "checkver": {
        "github": "https://github.com/dokan-dev/dokany"
    },
    "autoupdate": {
        "architecture": {
            "64bit": {
                "url": "https://github.com/dokan-dev/dokany/releases/download/v$version/Dokan_x64.msi#/setup.msi_"
            },
            "32bit": {
                "url": "https://github.com/dokan-dev/dokany/releases/download/v$version/Dokan_x86.msi#/setup.msi_"
            }
        }
    }
}
