{
    "version": "1.4",
    "description": "Parametric/graphic equalizer",
    "homepage": "https://sourceforge.net/projects/equalizerapo/",
    "license": "GPL-2.0-only",
    "architecture": {
        "64bit": {
            "url": "https://downloads.sourceforge.net/project/equalizerapo/1.4/EqualizerAPO64-1.4.exe#/setup.exe",
            "hash": "sha1:e2bae283dcf46815df41577eb1c1d3d60e0169ed"
        },
        "32bit": {
            "url": "https://downloads.sourceforge.net/project/equalizerapo/1.4/EqualizerAPO32-1.4.exe#/setup.exe",
            "hash": "sha1:222ac63cdc5a0fe81e3a2f6749b2b0e0eac64305"
        }
    },
    "installer": {
        "script": [
            "if (!(is_admin)) {",
            "    error \"Administrator rights are required to install $app.\"",
            "    break",
            "}",
            "",
            "Start-Job {",
            "    while ($configurator_process -eq $null) {",
            "        Start-Sleep -Milliseconds 250",
            "        $configurator_process = Get-Process | Where-Object { $_.name -eq 'Configurator' }",
            "    }",
            "",
            "    $configurator_process | ForEach-Object { Stop-Process -Id $_.Id }",
            "} | Out-Null",
            "",
            "Start-Process \"$dir\\setup.exe\" -ArgumentList '/S' -Wait -Verb RunAs | Out-Null",
            "Remove-Item \"$dir\\setup.exe\""
        ]
    },
    "uninstaller": {
        "script": "Start-Process \"$Env:ProgramFiles\\EqualizerAPO\\Uninstall.exe\" -ArgumentList '/S' -Wait -Verb RunAs | Out-Null"
    },
    "checkver": {
        "url": "https://sourceforge.net/projects/equalizerapo/files/",
        "regex": "equalizerapo/files/([\\d.]+)/"
    },
    "autoupdate": {
        "architecture": {
            "64bit": {
                "url": "https://downloads.sourceforge.net/project/equalizerapo/$version/EqualizerAPO64-$version.exe#/setup.exe"
            },
            "32bit": {
                "url": "https://downloads.sourceforge.net/project/equalizerapo/$version/EqualizerAPO32-$version.exe#/setup.exe"
            }
        }
    }
}
