{
    "version": "12.7.5",
    "homepage": "https://www.goodsync.com",
    "description": "Simple and secure file backup/synchronization software.",
    "license": {
        "identifier": "Freeware",
        "url": "https://www.goodsync.com/license"
    },
    "url": "https://www.goodsync.com/download/GoodSync-Setup.exe",
    "hash": "f6c2db23fdde15a1c67e6e2550e0c33449c9884b078b97681cfefd89371a6f97",
    "pre_install": [
        "if (!(is_admin)) { error \"$app requires admin rights to $cmd\"; break }",
        "Start-Process \"$dir\\GoodSync-Setup.exe\" -Wait -ArgumentList '/S' -Verb RunAs",
        "Stop-Process -Name 'gs-server' -Force; Remove-Item \"$dir\\GoodSync-Setup.exe\""
    ],
    "pre_uninstall": [
        "if (!(is_admin)) { error \"$app requires admin rights to $cmd\"; break }",
        "if (Get-Process -Name 'gs-server' -ErrorAction 'SilentlyContinue') { Stop-Process -Name 'gs-server' -Force }",
        "Start-Process \"$env:ProgramFiles\\Siber Systems\\GoodSync\\gs-runner.exe\" -Wait -ArgumentList @('/stop-remove-services', '/S') -Verb RunAs",
        "Remove-Item \"$env:ProgramData\\GoodSync\" -Force -Recurse"
    ],
    "checkver": {
        "url": "https://www.goodsync.com/news-windows",
        "regex": "Version\\s([\\d.]+)"
    },
    "autoupdate": {
        "url": "https://www.goodsync.com/download/GoodSync-Setup.exe"
    }
}
