{
    "version": "2.4.5",
    "description": "Complete implementation of the OpenPGP standard.",
    "homepage": "https://www.gnupg.org/",
    "license": "GPL-3.0-or-later",
    "url": "https://www.gnupg.org/ftp/gcrypt/binary/gnupg-w32-2.4.5_20240307.exe#/dl.7z",
    "hash": "sha1:9ffe88554341f28e077ef42150b149a851af2fae",
    "post_install": "Remove-Item \"$dir\\`$PLUGINSDIR\", \"$dir\\gnupg-uninstall.exe.nsis\" -Force -Recurse",
    "env_add_path": "bin",
    "checkver": {
        "url": "https://www.gnupg.org/download/index.html",
        "regex": "gnupg-w32-([\\d.]+)_(?<date>\\d+)\\.exe"
    },
    "autoupdate": {
        "url": "https://www.gnupg.org/ftp/gcrypt/binary/gnupg-w32-$version_$matchDate.exe#/dl.7z",
        "hash": {
            "url": "https://www.gnupg.org/download/integrity_check.html",
            "regex": "$sha1\\s+$basename"
        }
    }
}
