{
    "version": "1.2.96.1473",
    "homepage": "https://www.grammarly.com/",
    "description": "An AI-powered grammar assistant and plagiarism detector that helps with improving writing in english.",
    "license": {
        "identifier": "Freeware",
        "url": "https://www.grammarly.com/terms"
    },
    "url": "https://download-windows.grammarly.com/versions/1.2.96.1473/GrammarlyInstaller.exe",
    "hash": "3d29540917d224ab89f627d9c1b2ffeb984d196a162d26fc9d2879ae9096bdfd",
    "pre_install": [
        "Start-Process \"$dir\\GrammarlyInstaller.exe\" -Args '/S'",
        "while (!(Test-Path \"$env:LOCALAPPDATA\\Grammarly\\DesktopIntegrations\\Uninstall.exe\")) {",
        "   Start-Sleep -Milliseconds 6500",
        "}",
        "Start-Sleep -Milliseconds 6500",
        "try {",
        "   Remove-Item \"$dir\\GrammarlyInstaller.exe\" -Force",
        "} catch {",
        "    Write-Host \"Failed to remove '$dir\\GrammarlyInstaller.exe'\" -Foreground Red",
        "}",
        "Stop-Process -Name 'Grammarly.Desktop' -ErrorAction 'SilentlyContinue' -Force"
    ],
    "pre_uninstall": [
        "Stop-Process -Name 'Grammarly.Desktop' -ErrorAction 'SilentlyContinue' -Force",
        "if (!(is_admin)) { error \"$app requires admin rights to $cmd\"; break }",
        "Start-Process \"$env:LOCALAPPDATA\\Grammarly\\DesktopIntegrations\\Uninstall.exe\" -Args '/S'",
        "while ((Test-Path \"$env:LOCALAPPDATA\\Grammarly\\DesktopIntegrations\")) {",
        "   Start-Sleep -Milliseconds 6500",
        "}",
        "Start-Sleep -Milliseconds 6500",
        "try {",
        "    Remove-Item 'HKCU:\\SOFTWARE\\Grammarly', 'REGISTRY::HKEY_CLASSES_ROOT\\grammarly.windows-extension' -ErrorAction 'SilentlyContinue' -Recurse -Force",
        "    Remove-Item 'HKCU:\\SOFTWARE\\Grammarly', 'REGISTRY::HKEY_CLASSES_ROOT\\grammarly.windows-extension' -ErrorAction 'SilentlyContinue' -Recurse -Force",
        "} catch {",
        "    Write-Host \"Failed to remove registry entries\" -Foreground Red",
        "}",
        "try {",
        "    Remove-Item \"$env:LOCALAPPDATA\\Grammarly\" -Recurse -Force",
        "} catch {",
        "    Write-Host \"Failed to remove '$env:LOCALAPPDATA\\Grammarly'\" -Foreground Red",
        "}"
    ],
    "checkver": {
        "script": [
            "$userAgent = [Microsoft.PowerShell.Commands.PSUserAgent].GetMembers('Static, NonPublic').Where{$_.Name -eq 'UserAgent'}.GetValue($null,$null)",
            "<## Credits to @vedantmgoyal2009 for the PowerShell script. Link to their GitHub profile: https://github.com/vedantmgoyal2009 ##>",
            "(Invoke-RestMethod 'https://update-windows.grammarly.com/update' -Method 'Post' -Body '{\"currentVersion\": \"0.0.0.0\"}' -UserAgent $userAgent).version"
        ],
        "regex": "([\\d.]+)"
    },
    "autoupdate": {
        "url": "https://download-windows.grammarly.com/versions/$version/GrammarlyInstaller.exe"
    }
}
