{
    "version": "3.3.3_b2",
    "description": "Collection of shell extensions that provide File Explorer thumbnails for a variety of video formats.",
    "homepage": "https://www.majorgeeks.com/files/details/icaros.html",
    "license": "Freeware",
    "url": "https://www.videohelp.com/download/Icaros_v3.3.3_b2.zip",
    "hash": "770369870edd829c4616eed0ded897212152fe51b76dac3f30fc0a37e046f39a",
    "pre_install": [
        "if (!(is_admin)) {",
        "    error \"Administrator rights are required to install $app.\"",
        "    break",
        "}"
    ],
    "post_install": [
        "regsvr32 /s \"$dir\\32-bit\\IcarosThumbnailProvider.dll\"",
        "regsvr32 /s \"$dir\\32-bit\\IcarosPropertyHandler.dll\"",
        "",
        "if ($architecture -eq '64bit') {",
        "    regsvr32 /s \"$dir\\64-bit\\IcarosThumbnailProvider.dll\"",
        "    regsvr32 /s \"$dir\\64-bit\\IcarosPropertyHandler.dll\"",
        "}",
        "",
        "Stop-Process -Name explorer"
    ],
    "uninstaller": {
        "script": [
            "if (!(is_admin)) {",
            "    error \"Administrator rights are required to uninstall $app.\"",
            "    break",
            "}",
            "",
            "regsvr32 /s /u \"$dir\\32-bit\\IcarosThumbnailProvider.dll\"",
            "regsvr32 /s /u \"$dir\\32-bit\\IcarosPropertyHandler.dll\"",
            "",
            "if ($architecture -eq '64bit') {",
            "    regsvr32 /s /u \"$dir\\64-bit\\IcarosThumbnailProvider.dll\"",
            "    regsvr32 /s /u \"$dir\\64-bit\\IcarosPropertyHandler.dll\"",
            "}",
            "",
            "Stop-Process -Name explorer",
            "# This seems to impede uninstallation sometimes",
            "Stop-Process -ErrorAction Ignore -Name OpenWith"
        ]
    },
    "bin": "IcarosConfig.exe",
    "shortcuts": [
        [
            "IcarosConfig.exe",
            "Icaros"
        ]
    ],
    "checkver": {
        "url": "https://www.videohelp.com/software/Icaros",
        "regex": "/download/Icaros_v([\\w.]+)\\.zip",
        "reverse": true
    },
    "autoupdate": {
        "url": "https://www.videohelp.com/download/Icaros_v$version.zip"
    }
}
