{
    "version": "6.3.3",
    "description": "Installer for Windows programs.",
    "homepage": "http://www.jrsoftware.org/isinfo.php",
    "license": "http://www.jrsoftware.org/files/is/license.txt",
    "url": "http://www.jrsoftware.org/download.php/is.exe#innosetup-6.3.3.exe",
    "hash": "0bcb2a409dea17e305a27a6b09555cabe600e984f88570ab72575cd7e93c95e6",
    "installer": {
        "script": [
            "$args = @('/VERYSILENT', '/SUPPRESSMSGBOXES', '/ALLUSERS', '/NORESTART', '/NOICONS', \"/DIR=`\"$dir`\"\")",
            "Start-Process \"$dir\\$fname\" -ArgumentList $args -Wait -Verb RunAs",
            "Remove-Item \"$dir\\$fname\""
        ],
        "#args": [
            "/VERYSILENT",
            "/SUPPRESSMSGBOXES",
            "/ALLUSERS",
            "/NORESTART",
            "/NOICONS",
            "/DIR=\"$dir\""
        ]
    },
    "uninstaller": {
        "script": "Start-Process \"$dir\\unins000.exe\" -ArgumentList '/VERYSILENT' -Wait -Verb RunAs"
    },
    "bin": "Compil32.exe",
    "shortcuts": [
        [
            "Compil32.exe",
            "Inno Setup Compiler"
        ]
    ],
    "checkver": {
        "url": "http://www.jrsoftware.org/isdl.php",
        "regex": "innosetup-([\\d.]+)\\.exe"
    },
    "autoupdate": {
        "url": "http://www.jrsoftware.org/download.php/is.exe#innosetup-$version.exe"
    }
}
