{
    "version": "3.14.2",
    "description": "Open-source VPN software",
    "homepage": "https://www.ivpn.net/apps-windows/",
    "license": "GPL-3.0-only",
    "architecture": {
        "64bit": {
            "url": "https://repo.ivpn.net/windows/bin/IVPN-Client-v3.14.2.exe#/setup.exe",
            "hash": "78e363c6405134ab4424650f2d0435c5a2f4120fcd1b0d4ce062fcd3f6dc471a"
        }
    },
    "pre_install": [
        "if (!(is_admin)) {error 'This package requires admin rights to install'; break}",
        "# IVPN service will only work if 'IVPN Service.exe' is under ProgramFiles. Therefore we cannot use INSTALLDIR here.",
        "Start-Process \"$dir\\setup.exe\" -ArgumentList '/S' -Wait -Verb RunAs | Out-Null",
        "Remove-Item \"$dir\\setup.exe\""
    ],
    "pre_uninstall": "Stop-Process -Name 'IVPN Client' -Force -ErrorAction SilentlyContinue",
    "uninstaller": {
        "script": [
            "if (!(is_admin)) {error 'This package requires admin rights to uninstall'; break}",
            "Start-Process \"$($Env:ProgramFiles)\\IVPN Client\\Uninstall.exe\" -ArgumentList '/S' -Wait -Verb RunAs | Out-Null"
        ]
    },
    "checkver": {
        "github": "https://github.com/ivpn/desktop-app"
    },
    "autoupdate": {
        "architecture": {
            "64bit": {
                "url": "https://repo.ivpn.net/windows/bin/IVPN-Client-v$version.exe#/setup.exe",
                "hash": {
                    "url": "https://api.github.com/repos/ivpn/desktop-app/releases/latest",
                    "regex": "$basename.*?$sha256"
                }
            }
        }
    }
}
