{
    "version": "18.5.5",
    "description": "Standard variant of the K-Lite Codec Pack, a collection of DirectShow filters, VFW/ACM codecs and tools.",
    "homepage": "https://codecguide.com/about_kl.htm",
    "license": "Freeware",
    "url": "https://files3.codecguide.com/K-Lite_Codec_Pack_1855_Standard.exe",
    "hash": "dc877e07e81c61f4cf49be4c3effeafaeeaa9044936ef7dcfb1d7a9bde52d9cc",
    "installer": {
        "args": [
            "/verysilent",
            "/nocancel",
            "/norestart",
            "/dir=$dir"
        ]
    },
    "uninstaller": {
        "file": "unins000.exe",
        "args": [
            "/verysilent",
            "/nocancel",
            "/norestart"
        ]
    },
    "checkver": {
        "url": "https://codecguide.com/download_k-lite_codec_pack_standard.htm",
        "regex": "Version ([\\d.]+) Standard"
    },
    "autoupdate": {
        "url": "https://files3.codecguide.com/K-Lite_Codec_Pack_$cleanVersion_Standard.exe",
        "hash": {
            "url": "https://codecguide.com/download_k-lite_codec_pack_standard.htm",
            "find": "([a-fA-F0-9]{64})"
        }
    }
}
