{
    "version": "18.5.5",
    "description": "Full variant of the K-Lite Codec Pack, a collection of DirectShow filters, VFW/ACM codecs and tools.",
    "homepage": "https://codecguide.com/about_kl.htm",
    "license": "Freeware",
    "url": "https://files3.codecguide.com/K-Lite_Codec_Pack_1855_Full.exe",
    "hash": "53d4e3ba9dbebd1158da312851afa8df02e50c106a7038259e5c3c896d25de53",
    "installer": {
        "args": [
            "/verysilent",
            "/nocancel",
            "/norestart",
            "/dir=$dir"
        ]
    },
    "uninstaller": {
        "file": "unins000.exe",
        "args": [
            "/verysilent",
            "/nocancel",
            "/norestart"
        ]
    },
    "checkver": {
        "url": "https://codecguide.com/download_k-lite_codec_pack_full.htm",
        "regex": "Version ([\\d.]+) Full"
    },
    "autoupdate": {
        "url": "https://files3.codecguide.com/K-Lite_Codec_Pack_$cleanVersion_Full.exe",
        "hash": {
            "url": "https://codecguide.com/download_k-lite_codec_pack_full.htm",
            "find": "([a-fA-F0-9]{64})"
        }
    }
}
