{
    "version": "18.5.5",
    "description": "Mega variant of the K-Lite Codec Pack, a collection of DirectShow filters, VFW/ACM codecs and tools.",
    "homepage": "https://codecguide.com/about_kl.htm",
    "license": "Freeware",
    "url": "https://files3.codecguide.com/K-Lite_Codec_Pack_1855_Mega.exe",
    "hash": "3cec39d75701ad122d3bb5b4b5a555b83eac1a26a37abc5b41317f3dd9428ee9",
    "installer": {
        "args": [
            "/verysilent",
            "/nocancel",
            "/norestart",
            "/dir=$dir"
        ]
    },
    "uninstaller": {
        "file": "unins000.exe",
        "args": [
            "/verysilent",
            "/nocancel",
            "/norestart"
        ]
    },
    "checkver": {
        "url": "https://codecguide.com/download_k-lite_codec_pack_mega.htm",
        "regex": "Version ([\\d.]+) Mega"
    },
    "autoupdate": {
        "url": "https://files3.codecguide.com/K-Lite_Codec_Pack_$cleanVersion_Mega.exe",
        "hash": {
            "url": "https://codecguide.com/download_k-lite_codec_pack_mega.htm",
            "find": "([a-fA-F0-9]{64})"
        }
    }
}
