{
    "version": "18.5.5",
    "description": "Basic variant of the K-Lite Codec Pack, a collection of DirectShow filters, VFW/ACM codecs and tools.",
    "homepage": "https://codecguide.com/about_kl.htm",
    "license": "Freeware",
    "url": "https://files3.codecguide.com/K-Lite_Codec_Pack_1855_Basic.exe",
    "hash": "6794454447565112887a01af023dbf589f7cc3577708dd3bf0902f77d2b3e738",
    "installer": {
        "args": [
            "/verysilent",
            "/nocancel",
            "/norestart",
            "/dir=$dir"
        ]
    },
    "uninstaller": {
        "file": "unins000.exe",
        "args": [
            "/verysilent",
            "/nocancel",
            "/norestart"
        ]
    },
    "checkver": {
        "url": "https://codecguide.com/download_k-lite_codec_pack_basic.htm",
        "regex": "Version ([\\d.]+) Basic"
    },
    "autoupdate": {
        "url": "https://files3.codecguide.com/K-Lite_Codec_Pack_$cleanVersion_Basic.exe",
        "hash": {
            "url": "https://codecguide.com/download_k-lite_codec_pack_basic.htm",
            "find": "([a-fA-F0-9]{64})"
        }
    }
}
