{
    "##": "This package is nonportable because the installer cannot be properly extracted after version 5.5.6.",
    "version": "7.7.1",
    "description": "HTTP/HTTPS proxy.",
    "homepage": "https://getlantern.org/",
    "license": "Apache-2.0",
    "architecture": {
        "64bit": {
            "url": "https://media.githubusercontent.com/media/getlantern/lantern-binaries/main/lantern-installer-64-bit.exe#/setup.exe",
            "hash": "76f9be60f24665c07285ef20dd267f4edddbe04d16916a176f3b497784eb63cc"
        },
        "32bit": {
            "url": "https://media.githubusercontent.com/media/getlantern/lantern-binaries/main/lantern-installer.exe#/setup.exe",
            "hash": "06fa5fa8bb896a9caedf3bcd8fd502c3ea0b04cdb28625ed3d6c5789472a52ec"
        }
    },
    "installer": {
        "script": [
            "Start-Process \"$dir\\setup.exe\" -ArgumentList '/S' -Wait -Verb RunAs | Out-Null",
            "Remove-Item \"$dir\\setup.exe\"",
            "Remove-Item \"$([Environment]::GetFolderPath('startmenu'))\\Programs\\Lantern\\Uninstall Lantern.lnk\"",
            "Remove-Item \"$([Environment]::GetFolderPath('Desktop'))\\Lantern.lnk\""
        ]
    },
    "uninstaller": {
        "script": "Start-Process \"$Env:AppData\\Lantern\\uninstall.exe\" -ArgumentList '/S' -Wait -Verb RunAs | Out-Null"
    },
    "checkver": {
        "url": "https://github.com/getlantern/lantern-binaries",
        "regex": "(?sm)lantern-installer-64-bit\\.exe.*?Lantern binaries for version ([\\d.]+)"
    },
    "autoupdate": {
        "architecture": {
            "64bit": {
                "url": "https://media.githubusercontent.com/media/getlantern/lantern-binaries/main/lantern-installer-64-bit.exe#/setup.exe"
            },
            "32bit": {
                "url": "https://media.githubusercontent.com/media/getlantern/lantern-binaries/main/lantern-installer.exe#/setup.exe"
            }
        }
    }
}
