{
    "version": "0.79.2",
    "description": "Open-Source DirectShow Media Splitter and Decoders.",
    "homepage": "https://1f0.de/",
    "license": {
        "identifier": "GPL-2.0-only",
        "url": "https://github.com/Nevcairiel/LAVFilters/blob/master/COPYING"
    },
    "architecture": {
        "64bit": {
            "url": "https://github.com/Nevcairiel/LAVFilters/releases/download/0.79.2/LAVFilters-0.79.2-x64.zip",
            "hash": "b48b8d1cff22cdf5ad0730aefc53c595aa4068cd76649725b5b008d1dd073c02"
        },
        "32bit": {
            "url": "https://github.com/Nevcairiel/LAVFilters/releases/download/0.79.2/LAVFilters-0.79.2-x86.zip",
            "hash": "489fa876fd160f7ebaf7f0f3d776bac37e510ca8db1a051ce604eea08b2cebae"
        }
    },
    "depends": "sudo",
    "installer": {
        "script": [
            "sudo \"$env:COMSPEC\" /c \"regsvr32 /s `\"$dir\\LAVAudio.ax`\" & regsvr32 /s `\"$dir\\LAVSplitter.ax`\" & regsvr32 /s `\"$dir\\LAVVideo.ax`\"\"",
            "@('LAVAudio', 'LAVSplitter', 'LAVVideo') | %{",
            "    $s = (New-Object -ComObject WScript.Shell).CreateShortcut(\"$dir\\$_.lnk\")",
            "    $s.TargetPath = \"rundll32.exe\"",
            "    $s.Arguments = \"`\"$dir\\$_.ax`\",OpenConfiguration\"",
            "    $s.WorkingDirectory = \"$dir\"",
            "    $s.IconLocation = \"$dir\\$_.ax\"",
            "    $s.Save()",
            "}"
        ]
    },
    "uninstaller": {
        "script": "sudo \"$env:COMSPEC\" /c \"regsvr32 /u /s `\"$dir\\LAVAudio.ax`\" & regsvr32 /u /s `\"$dir\\LAVSplitter.ax`\" & regsvr32 /u /s `\"$dir\\LAVVideo.ax`\"\""
    },
    "shortcuts": [
        [
            "LAVAudio.lnk",
            "LAV Audio Configuration"
        ],
        [
            "LAVSplitter.lnk",
            "LAV Splitter Configuration"
        ],
        [
            "LAVVideo.lnk",
            "LAV Video Configuration"
        ]
    ],
    "checkver": {
        "github": "https://github.com/Nevcairiel/LAVFilters"
    },
    "autoupdate": {
        "architecture": {
            "64bit": {
                "url": "https://github.com/Nevcairiel/LAVFilters/releases/download/$version/LAVFilters-$version-x64.zip"
            },
            "32bit": {
                "url": "https://github.com/Nevcairiel/LAVFilters/releases/download/$version/LAVFilters-$version-x86.zip"
            }
        }
    }
}
