{
    "version": "1.18.27.10",
    "description": "LightScribe disc drive software",
    "homepage": "https://lightscribesoftware.org/lightscribe-system-software/",
    "license": "Freeware",
    "depends": "uniextract2",
    "url": "https://stevenelson.net/lightscribe/win/LS_Update_1.18.27.10.exe#/setup.exe",
    "hash": "486c2db5ab06224e0be25dbc04634edae510acbb1d9af0d2cf3257a4a5f570a7",
    "installer": {
        "script": [
            "Invoke-ExternalCommand uniextract -ArgumentList @(\"$dir\\setup.exe\", \"$dir\\setup\", '/silent') | Out-Null",
            "Start-Process msiexec -ArgumentList @('/i', \"`\"$dir\\setup\\LS_HSI.msi`\"\", '/qn', '/norestart') -Wait -Verb RunAs | Out-Null",
            "Remove-Item \"$dir\\setup.exe\""
        ]
    },
    "uninstaller": {
        "script": "Start-Process msiexec -ArgumentList @('/x', \"`\"$dir\\setup\\LS_HSI.msi`\"\", '/qn', '/norestart') -Wait -Verb RunAs | Out-Null"
    }
}
