{
    "version": "3.4.3",
    "description": "File unlocker",
    "homepage": "https://lockhunter.com/index.htm",
    "license": "Freeware",
    "url": "https://lockhunter.com/assets/exe/lockhuntersetup_3-4-3.exe",
    "hash": "ce9a8b33bc156e00f7fea7ef40049a7da0d4531243e7511a29b36d416b904914",
    "architecture": {
        "64bit": {
            "pre_install": [
                "if (!(is_admin)) {",
                "    error \"Administrator rights are required to install $app.\"",
                "    break",
                "}",
                "",
                "Get-ChildItem \"$dir\" '*,1.*' | Rename-Item -Path { $_.FullName } -NewName { $_.Basename.TrimEnd(',1') + $_.Extension }"
            ],
            "installer": {
                "script": "regsvr32 /s \"$dir\\LHShellExt64.dll\""
            },
            "uninstaller": {
                "script": [
                    "if (!(is_admin)) {",
                    "    error \"Administrator rights are required to uninstall $app.\"",
                    "    break",
                    "}",
                    "",
                    "regsvr32 /u /s \"$dir\\LHShellExt64.dll\"",
                    "Stop-Process -Name explorer"
                ]
            }
        },
        "32bit": {
            "pre_install": [
                "if (!(is_admin)) {",
                "    error \"Administrator rights are required to install $app.\"",
                "    break",
                "}",
                "",
                "Get-ChildItem \"$dir\" '*,2.*' | Rename-Item -Path { $_.FullName } -NewName { $_.Basename.TrimEnd(',2') + $_.Extension }"
            ],
            "installer": {
                "script": "regsvr32 /s \"$dir\\LHShellExt32.dll\""
            },
            "uninstaller": {
                "script": [
                    "if (!(is_admin)) {",
                    "    error \"Administrator rights are required to uninstall $app.\"",
                    "    break",
                    "}",
                    "",
                    "regsvr32 /u /s \"$dir\\LHShellExt32.dll\"",
                    "Stop-Process -Name explorer"
                ]
            }
        }
    },
    "innosetup": true,
    "post_install": [
        "Remove-Item \"$dir\\*,*.*\"",
        "Stop-Process -Name explorer"
    ],
    "bin": "lockhunter.exe",
    "shortcuts": [
        [
            "lockhunter.exe",
            "LockHunter"
        ]
    ],
    "checkver": "Version:\\s+([\\d.]+)",
    "autoupdate": {
        "url": "https://lockhunter.com/assets/exe/lockhuntersetup_$dashVersion.exe"
    }
}
