{
    "version": "nightly",
    "description": "Web browser developed by Microsoft.",
    "homepage": "https://www.microsoftedgeinsider.com/",
    "license": "Freeware",
    "architecture": {
        "64bit": {
            "url": "https://go.microsoft.com/fwlink/?linkid=2093376#/setup.msi_"
        },
        "32bit": {
            "url": "https://go.microsoft.com/fwlink/?linkid=2093377#/setup.msi_"
        }
    },
    "installer": {
        "script": "Start-Process -Wait msiexec \"/i `\"$dir\\setup.msi_`\" /q\" -Verb RunAs"
    },
    "uninstaller": {
        "script": "Start-Process -Wait msiexec \"/x `\"$dir\\setup.msi_`\" /q\" -Verb RunAs"
    }
}
