{
    "version": "22.8.0",
    "description": "JavaScript runtime environment.",
    "homepage": "https://nodejs.org",
    "license": "MIT",
    "notes": "npm global prefix set to: $env:APPDATA\\npm",
    "architecture": {
        "64bit": {
            "url": "https://nodejs.org/dist/v22.8.0/node-v22.8.0-win-x64.7z",
            "hash": "91c007a75c837abfabae44bdc98e9b4c6f90029d4662b9c4e4b9d1b67a046f17",
            "extract_dir": "node-v22.8.0-win-x64"
        }
    },
    "installer": {
        "script": [
            "add_first_in_path \"$env:APPDATA\\npm\" $global",
            "& \"$dir\\npm.cmd\" config set prefix \"$env:APPDATA\\npm\""
        ]
    },
    "uninstaller": {
        "script": "remove_from_path \"$env:APPDATA\\npm\" $global"
    },
    "bin": [
        "node.exe",
        "npm.cmd"
    ],
    "checkver": {
        "url": "https://nodejs.org/dist/latest/",
        "regex": "node-v([\\d.]+)-win-x64\\.7z"
    },
    "autoupdate": {
        "architecture": {
            "64bit": {
                "url": "https://nodejs.org/dist/v$version/node-v$version-win-x64.7z",
                "extract_dir": "node-v$version-win-x64"
            }
        },
        "hash": {
            "url": "$baseurl/SHASUMS256.txt.asc"
        }
    }
}
