{
    "version": "20.17.0",
    "description": "JavaScript runtime environment.",
    "homepage": "https://nodejs.org",
    "license": "MIT",
    "notes": "npm global prefix set to: $env:APPDATA\\npm",
    "architecture": {
        "64bit": {
            "url": "https://nodejs.org/dist/v20.17.0/node-v20.17.0-win-x64.7z",
            "hash": "d0e84c8afb6e57301904339501d62e4d817575367219f71bf34a5069999ae3c8",
            "extract_dir": "node-v20.17.0-win-x64"
        },
        "32bit": {
            "url": "https://nodejs.org/dist/v20.17.0/node-v20.17.0-win-x86.7z",
            "hash": "c363fa469754fcf3f387e483df9292994a2335fb4abf2f933249c22b76037245",
            "extract_dir": "node-v20.17.0-win-x86"
        }
    },
    "installer": {
        "script": [
            "add_first_in_path \"$env:APPDATA\\npm\" $global",
            "& \"$dir\\npm.cmd\" config set prefix \"$env:APPDATA\\npm\""
        ]
    },
    "uninstaller": {
        "script": "remove_from_path \"$env:APPDATA\\npm\" $global"
    },
    "bin": [
        "node.exe",
        "npm.cmd"
    ],
    "checkver": {
        "url": "https://nodejs.org/dist/index.json",
        "jsonpath": "$..[?(@.lts != false)].version",
        "regex": "v([\\d\\.]+).*"
    },
    "autoupdate": {
        "architecture": {
            "64bit": {
                "url": "https://nodejs.org/dist/v$version/node-v$version-win-x64.7z",
                "extract_dir": "node-v$version-win-x64"
            },
            "32bit": {
                "url": "https://nodejs.org/dist/v$version/node-v$version-win-x86.7z",
                "extract_dir": "node-v$version-win-x86"
            }
        },
        "hash": {
            "url": "$baseurl/SHASUMS256.txt.asc"
        }
    }
}
