{
    "version": "8.6.9",
    "description": "Text and source code editor",
    "homepage": "https://notepad-plus-plus.org/",
    "license": "GPL-2.0-only",
    "architecture": {
        "64bit": {
            "url": "https://github.com/notepad-plus-plus/notepad-plus-plus/releases/download/v8.6.9/npp.8.6.9.Installer.x64.exe#/installer.exe",
            "hash": "3fd473e00fa464f18af2dd930cf5bdba0709fdd841631598acccdb04c32a5cd2"
        },
        "32bit": {
            "url": "https://github.com/notepad-plus-plus/notepad-plus-plus/releases/download/v8.6.9/npp.8.6.9.Installer.exe#/installer.exe",
            "hash": "5de8b54409e62ec2ab2ca37635a50059a846e73de80f6e07967acf70ecaec406"
        }
    },
    "installer": {
        "script": [
            "if (!(is_admin)) { error \"$app requires admin rights to $cmd\"; break }",
            "Start-Process \"$dir\\installer.exe\" -ArgumentList @('/S', \"/D=$dir\") -Wait -Verb RunAs | Out-Null",
            "Remove-Item \"$([Environment]::GetFolderPath('commonstartmenu'))\\Programs\\Notepad++.lnk\"",
            "if (Test-Path(\"$env:AppData\\Notepad++_Scoop_backup\")) { Copy-Item \"$env:AppData\\Notepad++_Scoop_backup\\*\" \"$Env:AppData\\Notepad++\" -Force -Recurse }"
        ]
    },
    "uninstaller": {
        "script": [
            "if (!(is_admin)) { error \"$app requires admin rights to $cmd\"; break }",
            "if (!(Test-Path(\"$env:AppData\\Notepad++_Scoop_backup\"))) { New-Item \"$env:AppData\\Notepad++_Scoop_backup\" -ItemType Directory | Out-Null }",
            "Copy-Item \"$Env:AppData\\Notepad++\\*\" \"$env:AppData\\Notepad++_Scoop_backup\" -Force -Recurse",
            "Start-Process \"$dir\\uninstall.exe\" -ArgumentList '/S' -Wait -Verb RunAs | Out-Null",
            "Stop-Process -Name explorer"
        ]
    },
    "bin": "notepad++.exe",
    "shortcuts": [
        [
            "notepad++.exe",
            "Notepad++"
        ]
    ],
    "checkver": {
        "github": "https://github.com/notepad-plus-plus/notepad-plus-plus"
    },
    "autoupdate": {
        "architecture": {
            "64bit": {
                "url": "https://github.com/notepad-plus-plus/notepad-plus-plus/releases/download/v$version/npp.$version.Installer.x64.exe#/installer.exe"
            },
            "32bit": {
                "url": "https://github.com/notepad-plus-plus/notepad-plus-plus/releases/download/v$version/npp.$version.Installer.exe#/installer.exe"
            }
        },
        "hash": {
            "url": "https://github.com/notepad-plus-plus/notepad-plus-plus/releases/download/v$version/npp.$version.checksums.sha256"
        }
    }
}
