{
    "version": "3.10",
    "description": "Script-driven installer authoring tool.",
    "homepage": "http://nsis.sourceforge.net/",
    "license": {
        "identifier": "Freeware",
        "url": "http://nsis.sourceforge.net/License"
    },
    "url": "https://sourceforge.net/projects/nsis/files/NSIS%203/3.10/nsis-3.10-setup.exe#/setup.exe",
    "hash": "sha1:2db42e95c5a4b90aac36320ce68078bce724e6a9",
    "installer": {
        "script": [
            "Start-Process -Wait \"$dir\\setup.exe\" -ArgumentList @('/S', \"/D=$dir\") -Verb RunAs | Out-Null",
            "Remove-Item \"$([Environment]::GetFolderPath('startmenu'))\\Programs\\NSIS.lnk\""
        ]
    },
    "uninstaller": {
        "script": "Start-Process -Wait \"$dir\\uninst-nsis.exe\" -ArgumentList '/S' -Verb RunAs | Out-Null"
    },
    "bin": [
        "makensis.exe",
        "makensisw.exe",
        "NSIS.exe"
    ],
    "shortcuts": [
        [
            "makensisw.exe",
            "MakeNSISW"
        ],
        [
            "NSIS.exe",
            "NSIS"
        ]
    ],
    "checkver": {
        "url": "http://nsis.sourceforge.net/Main_Page",
        "regex": "http://nsis\\.sourceforge\\.net/Docs/AppendixF\\.html#v([\\d\\.]+)"
    },
    "autoupdate": {
        "url": "https://sourceforge.net/projects/nsis/files/NSIS%203/$version/nsis-$version-setup.exe#/setup.exe"
    }
}
