{
    "version": "425.31",
    "description": "NVIDIA display driver (DCH variant with 3D Vision)",
    "homepage": "https://www.nvidia.com/Download/index.aspx",
    "license": {
        "identifier": "Freeware",
        "url": "https://www.nvidia.com/en-us/drivers/geforce-license/"
    },
    "notes": [
        "NVIDIA has removed 3D Vision support in drivers after version 425.31",
        "To use 3D Vision features with the latest driver, You can install 3D Fix Manager by: scoop install 3d-fix-manager",
        "",
        "This is only an installer for the NVIDIA display driver. Running `scoop uninstall nvidia-display-driver-dch-with-3d-vision-np` will only unregister it from Scoop.",
        "The NVIDIA display driver installer installs and enables the NVIDIA Display Container LS service, which is required for the NVIDIA Control Panel application but also contains telemetry components.",
        "To disable this functionality and prevent it from being re-enabled on future updates, disable the service using the following commands:",
        "$ Stop-Service NVDisplay.ContainerLocalSystem",
        "$ Set-Service NVDisplay.ContainerLocalSystem -StartupType Disabled"
    ],
    "architecture": {
        "64bit": {
            "url": "https://us.download.nvidia.com/Windows/425.31/425.31-desktop-win10-64bit-international-dch-whql.exe#/dl.7z_",
            "hash": "9cfe83638b0cf3bf595a62ba23390c810a65413419064d5165bbdddc6aa25893"
        }
    },
    "installer": {
        "script": [
            "if(!(is_admin)) { error 'This package requires admin rights to install'; break }",
            "if ([environment]::OSVersion.Version.Major -lt 10) { error 'This package requires Windows 10/11 to install'; break }",
            "$service_disabled = (Get-CimInstance win32_service -Filter \"name='NVDisplay.ContainerLocalSystem'\").StartMode -eq 'Disabled'",
            "",
            "New-Item \"$dir\\extract\", \"$dir\\setup\" -ItemType Directory | Out-Null",
            "Expand-7zipArchive \"$dir\\dl.7z_\" \"$dir\\extract\" -Removal | Out-Null",
            "# Move everything we want",
            "Move-Item \"$dir\\extract\\Display.Driver\" -Destination \"$dir\\setup\"",
            "Move-Item \"$dir\\extract\\Display.Optimus\" -Destination \"$dir\\setup\"",
            "Move-Item \"$dir\\extract\\HDAudio\" -Destination \"$dir\\setup\"",
            "Move-Item \"$dir\\extract\\NV3DVision\" -Destination \"$dir\\setup\"",
            "Move-Item \"$dir\\extract\\NV3DVisionUSB.Driver\" -Destination \"$dir\\setup\"",
            "Move-Item \"$dir\\extract\\NVI2\" -Destination \"$dir\\setup\"",
            "Move-Item \"$dir\\extract\\PhysX\" -Destination \"$dir\\setup\"",
            "Move-Item \"$dir\\extract\\*.txt\" -Destination \"$dir\\setup\"",
            "Move-Item \"$dir\\extract\\setup.*\" -Destination \"$dir\\setup\"",
            "# The installer will not run without these legal files",
            "New-Item \"$dir\\setup\\GFExperience\" -ItemType Directory | Out-Null",
            "Move-Item \"$dir\\extract\\GFExperience\\PrivacyPolicy\" -Destination \"$dir\\setup\\GFExperience\"",
            "Move-Item \"$dir\\extract\\GFExperience\\EULA.html\" -Destination \"$dir\\setup\\GFExperience\"",
            "Move-Item \"$dir\\extract\\GFExperience\\FunctionalConsent*\" -Destination \"$dir\\setup\\GFExperience\"",
            "",
            "if ($service_disabled) {",
            "    Start-Process -Wait -WindowStyle Hidden cmd \"/c call `\"$dir\\setup\\setup.exe`\" -s -noreboot && sc config NVDisplay.ContainerLocalSystem start= disabled && sc stop NVDisplay.ContainerLocalSystem\" -Verb RunAs",
            "} else {",
            "    Start-Process -Wait \"$dir\\setup\\setup.exe\" \"-s -noreboot\" -Verb RunAs",
            "}",
            "",
            "Remove-Item \"$dir\\extract\", \"$dir\\setup\" -Force -Recurse"
        ]
    }
}
