{
    "##": [
        "NOTES on checkver: ",
        "query inputs for https://www.nvidia.com/Download/processFind.aspx consists of:",
        "psid: product series ID, see: https://www.nvidia.com/Download/API/lookupValueSearch.aspx?TypeID=2",
        "pfid: product ID, see https://www.nvidia.com/Download/API/lookupValueSearch.aspx?TypeID=3",
        "osid: operating system ID, see https://www.nvidia.com/Download/API/lookupValueSearch.aspx?TypeID=4",
        "lid: language ID (US English == 1), see https://www.nvidia.com/Download/API/lookupValueSearch.aspx?TypeID=5"
    ],
    "version": "472.12",
    "description": "NVIDIA display driver (Standard version). \"Standard\" refers to driver packages that predate the DCH driver design paradigm. Standard drivers are for those who have not yet transitioned to contemporary DCH drivers, or require these drivers to support older products.",
    "homepage": "https://www.nvidia.com/Download/index.aspx",
    "license": {
        "identifier": "Freeware",
        "url": "https://www.nvidia.com/en-us/drivers/geforce-license/"
    },
    "notes": [
        "This is only an installer for the NVIDIA display driver. Running `scoop uninstall nvidia-display-driver-np` will only unregister it from Scoop.",
        "The NVIDIA display driver installer installs and enables the NVIDIA Display Container LS service, which is required for the NVIDIA Control Panel application but also contains telemetry components.",
        "To disable this functionality and prevent it from being re-enabled on future updates, disable the service using the following commands:",
        "$ Stop-Service NVDisplay.ContainerLocalSystem",
        "$ Set-Service NVDisplay.ContainerLocalSystem -StartupType Disabled"
    ],
    "architecture": {
        "64bit": {
            "url": "https://us.download.nvidia.com/Windows/472.12/472.12-desktop-win10-win11-64bit-international-whql.exe#/dl.7z_",
            "hash": "95d8dc470e8f1352b4dbc3b38aefeb5cbbba024826a0541a9f88501b642d81d3"
        }
    },
    "installer": {
        "script": [
            "if(!(is_admin)) { error 'This package requires admin rights to install'; break }",
            "if ([environment]::OSVersion.Version.Major -lt 10) { error 'This package requires Windows 10/11 to install'; break }",
            "$service_disabled = (Get-CimInstance win32_service -Filter \"name='NVDisplay.ContainerLocalSystem'\").StartMode -eq 'Disabled'",
            "",
            "New-Item \"$dir\\extract\", \"$dir\\setup\" -ItemType Directory | Out-Null",
            "Expand-7zipArchive \"$dir\\dl.7z_\" \"$dir\\extract\" -Removal | Out-Null",
            "# Move everything we want",
            "Move-Item \"$dir\\extract\\Display.Driver\" -Destination \"$dir\\setup\"",
            "Move-Item \"$dir\\extract\\Display.Optimus\" -Destination \"$dir\\setup\"",
            "Move-Item \"$dir\\extract\\HDAudio\" -Destination \"$dir\\setup\"",
            "Move-Item \"$dir\\extract\\NVI2\" -Destination \"$dir\\setup\"",
            "Move-Item \"$dir\\extract\\PhysX\" -Destination \"$dir\\setup\"",
            "Move-Item \"$dir\\extract\\*.txt\" -Destination \"$dir\\setup\"",
            "Move-Item \"$dir\\extract\\setup.*\" -Destination \"$dir\\setup\"",
            "# The installer will not run without these legal files",
            "New-Item \"$dir\\setup\\GFExperience\" -ItemType Directory | Out-Null",
            "Move-Item \"$dir\\extract\\GFExperience\\PrivacyPolicy\" -Destination \"$dir\\setup\\GFExperience\"",
            "Move-Item \"$dir\\extract\\GFExperience\\EULA.html\" -Destination \"$dir\\setup\\GFExperience\"",
            "Move-Item \"$dir\\extract\\GFExperience\\FunctionalConsent*\" -Destination \"$dir\\setup\\GFExperience\"",
            "",
            "if ($service_disabled) {",
            "    Start-Process -Wait -WindowStyle Hidden cmd \"/c call `\"$dir\\setup\\setup.exe`\" -s -noreboot && sc config NVDisplay.ContainerLocalSystem start= disabled && sc stop NVDisplay.ContainerLocalSystem\" -Verb RunAs",
            "} else {",
            "    Start-Process -Wait \"$dir\\setup\\setup.exe\" \"-s -noreboot\" -Verb RunAs",
            "}",
            "",
            "Remove-Item \"$dir\\extract\", \"$dir\\setup\" -Force -Recurse"
        ]
    },
    "checkver": {
        "url": "https://gfwsl.geforce.com/services_toolkit/services/com/nvidia/services/AjaxDriverService.php?func=DriverManualLookup&psid=98&osID=57&languageCode=1033&beta=0&isWHQL=1&dltype=-1&dch=0&upCRD=0&sort1=0&numberOfResults=1",
        "regex": "\"Version\"\\s?:\\s?\"(?<version>[\\d.]+)\".*\"DownloadURL\"\\s?:\\s?\"https://us.download.nvidia.com/(?<path>[^\"]*)\""
    },
    "autoupdate": {
        "architecture": {
            "64bit": {
                "url": "https://us.download.nvidia.com/$matchPath#/dl.7z_"
            }
        }
    }
}
