{
    "version": "16.0.17830.20162",
    "description": "Family of client software, server software and services developed by Microsoft.",
    "homepage": "https://www.office.com/",
    "license": {
        "identifier": "Proprietary",
        "url": "https://www.microsoft.com/licensing/terms/productoffering/OfficeDesktopApplicationsWindows/MCA"
    },
    "depends": "7zip19.00-helper",
    "url": "https://download.microsoft.com/download/2/7/A/27AF1BE6-DD20-4CB4-B154-EBAB8A7D4A7E/officedeploymenttool_17830-20162.exe#/dl.7z_",
    "hash": "a8a4de8802352348c1218298cbad68c6bc4ec5fd247e9b70eba01098e121637c",
    "pre_install": [
        "$scriptdir = \"$bucketsdir\\nonportable\\scripts\"",
        "if ($architecture -eq '64bit') {",
        "     Copy-Item \"$scriptdir\\install-office-365-apps.xml\" \"$dir\\\"",
        "}",
        "elseif ($architecture -eq '32bit') {",
        "    (Get-Content \"$scriptdir\\install-office-365-apps.xml\").Replace('64', '32') | Set-Content -Path \"$dir\\install-office-365-apps.xml\"",
        "}",
        "Copy-Item \"$scriptdir\\uninstall-office-365-apps.xml\" \"$dir\\\""
    ],
    "installer": {
        "script": [
            "Start-Process -Wait 7z1900-helper -ArgumentList @('x', '-bso0', \"`\"$dir\\dl.7z_`\"\", \"`\"-o$dir`\"\")",
            "Start-Process -Wait \"$dir\\setup.exe\" -ArgumentList @('/configure', \"`\"$dir\\install-office-365-apps.xml`\"\")"
        ]
    },
    "uninstaller": {
        "script": "Start-Process -Wait \"$dir\\setup.exe\" -ArgumentList @('/configure', \"`\"$dir\\uninstall-office-365-apps.xml`\"\")"
    },
    "checkver": {
        "script": [
            "$ProgressPreference = 'SilentlyContinue'",
            "$url1 = 'https://docs.microsoft.com/en-us/officeupdates/odt-release-history'",
            "$regex1 = '<p>Version ([\\d.]+)'",
            "$url2 = 'https://www.microsoft.com/en-au/download/confirmation.aspx?id=49117'",
            "$regex2 = 'download/([\\w/-]+)(officedeploymenttool_[\\d-]+\\.exe)'",
            "",
            "$cont = $(Invoke-WebRequest $url1).Content",
            "if (!($cont -match $regex1)) { Write-Host \"Could not match '$regex1' in '$url1'\"; return }",
            "$app_ver = $matches[1]",
            "$cont = $(Invoke-WebRequest $url2).Content",
            "if (!($cont -match $regex2)) { Write-Host \"Could not match '$regex2' in '$url2'\"; return }",
            "$path = $matches[1]; $filename = $matches[2]",
            "Write-Output $app_ver $path $filename"
        ],
        "regex": "([\\d.]+) (?<path>[\\w-/]+) (?<filename>[\\w.-]+)"
    },
    "autoupdate": {
        "url": "https://download.microsoft.com/download/$matchPath$matchFilename#/dl.7z_"
    }
}
