{
    "version": "2.17.0",
    "description": "Collaborative environment for database management.",
    "homepage": "https://omnidb.org/",
    "license": "MIT",
    "architecture": {
        "64bit": {
            "url": "https://github.com/OmniDB/OmniDB/releases/download/2.17.0/omnidb-app_2.17.0-windows-amd64.exe",
            "hash": "f91421399bb44dc9fdd19ed90b5b9bd8da5694ba138122c750e4b7216bf88ba9"
        }
    },
    "pre_install": "Get-ChildItem \"$dir\\omnidb-app_*-windows-*.exe\" | Rename-Item -NewName \"omnidb-setup.exe\"",
    "installer": {
        "file": "omnidb-setup.exe",
        "args": [
            "/SILENT",
            "/DIR=$dir"
        ]
    },
    "uninstaller": {
        "file": "unins000.exe",
        "args": "/SILENT"
    },
    "bin": "omnidb-app.exe",
    "shortcuts": [
        [
            "omnidb-app.exe",
            "OmniDB"
        ]
    ],
    "checkver": {
        "github": "https://github.com/OmniDB/OmniDB"
    },
    "autoupdate": {
        "architecture": {
            "64bit": {
                "url": "https://github.com/OmniDB/OmniDB/releases/download/$version/omnidb-app_$version-windows-amd64.exe"
            }
        }
    }
}
