{
    "version": "3.0.4",
    "homepage": "https://github.com/namazso/OpenHashTab",
    "description": "A shell extension for conveniently calculating and checking file hashes from file properties. As well as the context menu.",
    "license": "GPL-3.0",
    "url": "https://github.com/namazso/OpenHashTab/releases/download/v3.0.4/OpenHashTab_setup.exe",
    "hash": "9966e3ed6693dfc42904a2aaa1b294a2cd1edd059ef795729a76956cc21cd239",
    "post_install": [
        "if (!(is_admin)) { error \"$app requires admin rights to $cmd\"; break }",
        "Start-Process \"$dir\\OpenHashTab_setup.exe\" -Wait -Verb 'RunAs' -Args @('/VERYSILENT', \"/DIR=$dir\", '/ALLUSERS', '/SUPPRESSMSGBOXES')",
        "Remove-Item \"$dir\\OpenHashTab_setup.exe\""
    ],
    "pre_uninstall": [
        "if (!(is_admin)) { error \"$app requires admin rights to $cmd\"; break }",
        "Start-Process \"$dir\\unins000.exe\" -Wait -Verb 'RunAs' -ArgumentList @('/VERYSILENT', '/FORCECLOSEAPPLICATIONS', '/SUPPRESSMSGBOXES')",
        "Stop-Process -Name 'explorer' -Force -ErrorAction 'SilentlyContinue'; Start-Sleep -Seconds 2"
    ],
    "checkver": "github",
    "autoupdate": {
        "url": "https://github.com/namazso/OpenHashTab/releases/download/v$version/OpenHashTab_setup.exe"
    }
}
