{
    "version": "11.19.0",
    "homepage": "https://tools.pdf24.org/en/creator",
    "description": "Free and easy to use PDF software with several functions",
    "license": {
        "identifier": "Freeware",
        "url": "https://www.pdf24.org/en/terms-of-use"
    },
    "architecture": {
        "64bit": {
            "url": "https://download.pdf24.org/pdf24-creator-11.19.0-x64.msi#/setup.msi_",
            "hash": "c6e12d671c477537a31e8f7d0b908cc456068e4fe35738dea7643a9e4fec6e9a"
        },
        "32bit": {
            "url": "https://download.pdf24.org/pdf24-creator-11.19.0-x86.msi#/setup.msi_",
            "hash": "578f347f2b339f66dfdfe759a9fc5e933b4cbb5e84f6621f7c0defd7b7b9e693"
        }
    },
    "post_install": [
        "if (!(is_admin)) { error \"$app requires admin rights to $cmd\"; break }",
        "Write-Host \"Please wait and don't cancel the script...\" -F 'Yellow'",
        "Start-Process 'msiexec' -Wait -Verb 'RunAs' -WindowStyle 'Hidden' -ArgumentList @('/i', \"$dir\\setup.msi_\", '/qn', \"INSTALLDIR=$dir\", \"TARGETDIR=$dir\")",
        "Stop-Service -Name 'pdf24' -Force -ErrorAction 'SilentlyContinue'; Stop-Process -Name 'pdf24' -Force -ErrorAction 'SilentlyContinue'",
        "Stop-Process -Name 'explorer' -Force -ErrorAction 'SilentlyContinue'; Start-Sleep -Seconds 3"
    ],
    "pre_uninstall": [
        "if (!(is_admin)) { error \"$app requires admin rights to $cmd\"; break }",
        "Stop-Service -Name 'pdf24' -Force -ErrorAction 'SilentlyContinue'; Stop-Process -Name 'pdf24' -Force -ErrorAction 'SilentlyContinue'",
        "Write-Host \"Please wait and don't cancel the script...\" -F 'Yellow'",
        "Start-Process 'msiexec' -Wait -Verb 'RunAs' -WindowStyle 'Hidden' -ArgumentList @('/x', \"$dir\\setup.msi_\", '/qn')",
        "Stop-Process -Name 'explorer' -Force -ErrorAction 'SilentlyContinue'; Start-Sleep -Seconds 3"
    ],
    "checkver": "Version\\s([\\d.]+)",
    "autoupdate": {
        "architecture": {
            "64bit": {
                "url": "https://download.pdf24.org/pdf24-creator-$version-x64.msi#/setup.msi_"
            },
            "32bit": {
                "url": "https://download.pdf24.org/pdf24-creator-$version-x86.msi#/setup.msi_"
            }
        },
        "hash": {
            "url": "https://creator.pdf24.org/listVersions.php",
            "regex": "$basename</a></td>\\n<td>$sha256"
        }
    }
}
