{
    "version": "0.84.1",
    "description": "System utilities to maximize productivity.",
    "homepage": "https://github.com/microsoft/PowerToys",
    "license": "MIT",
    "suggest": {
        ".NET Desktop Runtime": "extras/windowsdesktop-runtime-lts"
    },
    "architecture": {
        "64bit": {
            "url": "https://github.com/microsoft/PowerToys/releases/download/v0.84.1/PowerToysSetup-0.84.1-x64.exe#/setup.exe",
            "hash": "10df9774de1857051e135b9790a18a92c5c7f42587c733dee991186e67231ee0"
        }
    },
    "installer": {
        "args": [
            "/silent",
            "/norestart"
        ],
        "keep": true
    },
    "uninstaller": {
        "file": "setup.exe",
        "args": [
            "/silent",
            "/uninstall"
        ]
    },
    "checkver": {
        "url": "https://api.github.com/repos/microsoft/PowerToys/releases",
        "jsonpath": "$[0].assets[*].browser_download_url",
        "regex": "/releases/download/(?<tag>[\\w.]+)/PowerToysSetup-([\\d.]+)-x64\\.exe"
    },
    "autoupdate": {
        "architecture": {
            "64bit": {
                "url": "https://github.com/microsoft/PowerToys/releases/download/$matchTag/PowerToysSetup-$version-x64.exe#/setup.exe",
                "hash": {
                    "url": "https://github.com/microsoft/PowerToys/releases/tag/$matchTag",
                    "regex": ">$sha256<"
                }
            }
        }
    }
}
