{
    "##": "This package is non-portable because the app requires installing drivers/services to work.",
    "version": "3.3.2",
    "description": "Open source VPN app packed with useful security features.",
    "homepage": "https://protonvpn.com/",
    "license": "GPL-3.0",
    "architecture": {
        "64bit": {
            "url": "https://download.protonvpn.net/download/ProtonVPN_v3.3.2.exe",
            "hash": "7a2e8ab8c661787d2df276eb4940b18334b5103927acee009ca2331754b75754"
        }
    },
    "installer": {
        "script": [
            "if (!(is_admin)) { error \"$app requires admin rights to $cmd\"; break }",
            "Invoke-ExternalCommand \"$dir\\$fname\" -ArgumentList @('/VERYSILENT', '/SP-', '/SUPPRESSMSGBOXES', '/NORESTART') -RunAs | Out-Null",
            "# Closes the login screen appeared after installing the app",
            "Stop-Process -Name 'ProtonVPN' -ErrorAction SilentlyContinue -Force",
            "Remove-Item \"$dir\\$fname\""
        ]
    },
    "uninstaller": {
        "script": [
            "if ($cmd -eq 'uninstall') {",
            "    if (!(is_admin)) { error \"$app requires admin rights to $cmd\"; break }",
            "    Invoke-ExternalCommand \"$env:ProgramFiles\\Proton\\VPN\\unins000.exe\" -ArgumentList @('/VERYSILENT', '/FORCECLOSEAPPLICATIONS', '/SUPPRESSMSGBOXES') -RunAs | Out-Null",
            "}"
        ]
    },
    "checkver": {
        "url": "https://protonvpn.com/download/windows-releases.json",
        "jsonpath": "$.Categories[?(@.Name == 'Stable')].Releases[0].Version"
    },
    "autoupdate": {
        "architecture": {
            "64bit": {
                "url": "https://download.protonvpn.net/download/ProtonVPN_v$version.exe",
                "hash": {
                    "url": "https://protonvpn.com/download/windows-releases.json",
                    "jsonpath": "$.Categories[?(@.Name == 'Stable')].Releases[?(@.Version == '$version')].File.SHA256CheckSum"
                }
            }
        }
    }
}
