{
    "version": "0.81",
    "description": "SSH and telnet client.",
    "homepage": "https://www.chiark.greenend.org.uk/~sgtatham/putty/",
    "license": "MIT",
    "architecture": {
        "64bit": {
            "url": "https://the.earth.li/~sgtatham/putty/latest/w64/putty-64bit-0.81-installer.msi",
            "hash": "sha512:651b94172af7a414e8fe19e959034d7ed2f4d8ae375725d4b4ba1799b9d8003f39177c70b76f434618ea9fe4e1d74cb983d13475a74397c903c8db89346ffd35"
        },
        "32bit": {
            "url": "https://the.earth.li/~sgtatham/putty/latest/w32/putty-0.81-installer.msi",
            "hash": "sha512:30c0a65917548724fcc6138a8c0fa926cd1af629e9dafa04c96ae6c65c0fccababa81605a39a826686887e7392f37c6f2f349f2f59ca9d7a03a0968cdf1ac854"
        }
    },
    "installer": {
        "script": "Start-Process -Wait msiexec \"/i `\"$dir\\installer.msi`\" /qn TARGETDIR=`\"$dir`\" INSTALLDIR=`\"$dir`\"\" -Verb RunAs"
    },
    "uninstaller": {
        "script": "Start-Process -Wait msiexec \"/x '{45B3032F-22CC-40CD-9E97-4DA7095FA5A2}' /qn\" -Verb RunAs"
    },
    "bin": [
        "PFiles\\PuTTY\\pageant.exe",
        "PFiles\\PuTTY\\plink.exe",
        "PFiles\\PuTTY\\pscp.exe",
        "PFiles\\PuTTY\\psftp.exe",
        "PFiles\\PuTTY\\putty.exe",
        "PFiles\\PuTTY\\puttygen.exe"
    ],
    "shortcuts": [
        [
            "PFiles\\PuTTY\\putty.exe",
            "PuTTY"
        ],
        [
            "PFiles\\PuTTY\\puttygen.exe",
            "PuTTY Key Generator"
        ]
    ],
    "checkver": "The latest version is ([\\d\\.]+)\\.",
    "autoupdate": {
        "architecture": {
            "64bit": {
                "url": "https://the.earth.li/~sgtatham/putty/latest/w64/putty-64bit-$version-installer.msi",
                "hash": {
                    "url": "https://the.earth.li/~sgtatham/putty/$version/sha512sums",
                    "find": "([a-fA-F0-9]+)\\s+\\*?(?:w64/$basename)"
                }
            },
            "32bit": {
                "url": "https://the.earth.li/~sgtatham/putty/latest/w32/putty-$version-installer.msi",
                "hash": {
                    "url": "https://the.earth.li/~sgtatham/putty/$version/sha512sums",
                    "find": "([a-fA-F0-9]+)\\s+\\*?(?:w32/$basename)"
                }
            }
        }
    }
}
