{
    "version": "2.3",
    "description": "This shell extension adds a few nice features to file browsers for managing video game ROM and disc images.",
    "homepage": "https://github.com/GerbilSoft/rom-properties",
    "license": "GPL-2.0",
    "url": "https://github.com/GerbilSoft/rom-properties/releases/download/v2.3/rom-properties_2.3-windows.zip",
    "hash": "8148ff3f6b2e35641c5bd3b4657ccdf3a06a5cb2bc5c987fb050ebfeee945de3",
    "pre_install": "if (!(is_admin)) { error \"Administrator rights are required to install $app\"; break }",
    "installer": {
        "script": [
            "if ($architecture -eq '64bit') {",
            "    regsvr32 /s \"$dir\\amd64\\rom-properties.dll\"",
            "}",
            "regsvr32 /s \"$dir\\i386\\rom-properties.dll\"",
            "taskkill /f /im explorer.exe | Out-Null",
            "Start-Sleep -Seconds 1.5",
            "explorer"
        ]
    },
    "architecture": {
        "64bit": {
            "bin": [
                "rpcli.exe",
                "amd64/rp-download.exe"
            ]
        },
        "32bit": {
            "bin": [
                "rpcli.exe",
                "i386/rp-download.exe"
            ]
        }
    },
    "shortcuts": [
        [
            "rp-config.exe",
            "ROM Properties Page Configuration"
        ]
    ],
    "pre_uninstall": "if (!(is_admin)) { error \"Administrator rights are required to uninstall $app\"; break }",
    "uninstaller": {
        "script": [
            "if ($architecture -eq '64bit') {",
            "   regsvr32 /u /s \"$dir\\amd64\\rom-properties.dll\"",
            "}",
            "regsvr32 /u /s \"$dir\\i386\\rom-properties.dll\"",
            "taskkill /f /im explorer.exe | Out-Null",
            "Start-Sleep -Seconds 1.5",
            "explorer"
        ]
    },
    "checkver": "github",
    "autoupdate": {
        "url": "https://github.com/GerbilSoft/rom-properties/releases/download/v$version/rom-properties_$version-windows.zip"
    }
}
