{
    "##": [
        "For command-line usage, see: https://sandboxie-plus.com/sandboxie/startcommandline/",
        "The installer is made with InnoSetup, but the app will not work without installing the drivers (via the installer)"
    ],
    "version": "1.14.8",
    "description": "Sandbox isolation software (plus variant)",
    "homepage": "https://sandboxie-plus.com/",
    "license": "GPL-3.0-or-later",
    "architecture": {
        "64bit": {
            "url": "https://github.com/sandboxie-plus/Sandboxie/releases/download/v1.14.8/Sandboxie-Plus-x64-v1.14.8.exe#/setup.exe",
            "hash": "9d1ae543d567dc1ba8ce3abba538eb3a59ed29afa5340719477cb09c39aea0af"
        },
        "32bit": {
            "url": "https://github.com/sandboxie-plus/Sandboxie/releases/download/v1.14.8/Sandboxie-Plus-x86-v1.14.8.exe#/setup.exe",
            "hash": "08831bff10285d1c9b3394e13b8ed178de848d93d2a4135d7c7beaf1c4370f24"
        }
    },
    "installer": {
        "script": [
            "if (!(is_admin)) { error \"$app requires admin rights to install\"; break }",
            "Start-Process \"$dir\\setup.exe\" -ArgumentList @('/verysilent', \"/dir=`\"$dir`\"\") -Wait -Verb RunAs | Out-Null",
            "Remove-Item \"$([Environment]::GetFolderPath('commonstartmenu'))\\Programs\\Sandboxie-Plus\" -Recurse",
            "Remove-Item \"$([Environment]::GetFolderPath('Desktop'))\\Sandboxie-Plus.lnk\"",
            "Remove-Item \"$dir\\setup.exe\""
        ]
    },
    "pre_uninstall": "Stop-Process -Name 'SbieSvc' -Force -ErrorAction SilentlyContinue",
    "uninstaller": {
        "script": [
            "if (!(is_admin)) { error \"$app requires admin rights to uninstall\"; break }",
            "Invoke-ExternalCommand \"$dir\\unins000.exe\" -ArgumentList '/verysilent' -RunAs | Out-Null"
        ]
    },
    "bin": [
        [
            "start.exe",
            "sandboxie-start"
        ]
    ],
    "shortcuts": [
        [
            "SandMan.exe",
            "Sandboxie-Plus"
        ],
        [
            "Start.exe",
            "Sandboxie Start Menu",
            "/box:__ask__ start_menu"
        ],
        [
            "Start.exe",
            "Run any program sandboxed",
            "/box:__ask__ run_dialog"
        ],
        [
            "Start.exe",
            "Run Web browser sandboxed",
            "default_browser"
        ]
    ],
    "checkver": {
        "github": "https://github.com/sandboxie-plus/Sandboxie",
        "regex": "Release v([\\d.]+) / (?<classicver>[\\d.]+)"
    },
    "autoupdate": {
        "architecture": {
            "64bit": {
                "url": "https://github.com/sandboxie-plus/Sandboxie/releases/download/v$version/Sandboxie-Plus-x64-v$version.exe#/setup.exe"
            },
            "32bit": {
                "url": "https://github.com/sandboxie-plus/Sandboxie/releases/download/v$version/Sandboxie-Plus-x86-v$version.exe#/setup.exe"
            }
        }
    }
}
