{
    "##": "For command-line usage, see: https://sandboxie-plus.com/sandboxie/startcommandline/",
    "version": "5.69.8",
    "description": "Sandbox isolation software (classic variant)",
    "homepage": "https://sandboxie-plus.com/",
    "license": "GPL-3.0-or-later",
    "notes": [
        "You are installing Sandboxie Classic, which is designed to be compatible with the original Sandboxie.",
        "For more new features, install 'sandboxie-plus-np'"
    ],
    "architecture": {
        "64bit": {
            "url": "https://github.com/sandboxie-plus/Sandboxie/releases/download/v1.14.8/Sandboxie-Classic-x64-v5.69.8.exe#/setup.exe",
            "hash": "22e7bcca423dd57974dc82d9e90dbfff76ca18d077c85c1ddc125c5aaf872937"
        },
        "32bit": {
            "url": "https://github.com/sandboxie-plus/Sandboxie/releases/download/v1.14.8/Sandboxie-Classic-x86-v5.69.8.exe#/setup.exe",
            "hash": "3bdcdefd1e03864b050c0c702f09a597d30871d2224319bbe492461388d88328"
        }
    },
    "installer": {
        "script": [
            "if (!(is_admin)) { error \"$app requires admin rights to install\"; break }",
            "Invoke-ExternalCommand \"$dir\\setup.exe\" -ArgumentList '/S' -RunAs | Out-Null"
        ]
    },
    "uninstaller": {
        "script": [
            "if (!(is_admin)) { error \"$app requires admin rights to uninstall\"; break }",
            "Invoke-ExternalCommand \"$dir\\setup.exe\" -ArgumentList @('/remove', '/S') -RunAs | Out-Null"
        ]
    },
    "checkver": {
        "github": "https://github.com/sandboxie-plus/Sandboxie",
        "regex": "Release v(?<plusver>[\\d.]+) / (?<classicver>[\\d.]+)",
        "replace": "${classicver}"
    },
    "autoupdate": {
        "architecture": {
            "64bit": {
                "url": "https://github.com/sandboxie-plus/Sandboxie/releases/download/v$matchPlusver/Sandboxie-Classic-x64-v$version.exe#/setup.exe"
            },
            "32bit": {
                "url": "https://github.com/sandboxie-plus/Sandboxie/releases/download/v$matchPlusver/Sandboxie-Classic-x86-v$version.exe#/setup.exe"
            }
        }
    }
}
