{
    "version": "2.6.0",
    "description": "Collection of Windows shell extensions.",
    "homepage": "http://www.moonsoftware.com/shell_tools",
    "license": "Freeware",
    "suggest": {
        "imagemagick": "imagemagick"
    },
    "url": "http://www.moonsoftware.com/files/Shell_Tools_260.zip",
    "hash": "ec14d9acec65a620fbef597cbb0b682c150549a93f8372ea49d3c07e63f2810d",
    "bin": "ShellToolsConfig.exe",
    "shortcuts": [
        [
            "ShellToolsConfig.exe",
            "ShellTools"
        ]
    ],
    "checkver": {
        "url": "https://moonsoftware.com/freeware/shell-tools/",
        "regex": "Shell Tools ([\\d.]+)"
    },
    "autoupdate": {
        "url": "http://www.moonsoftware.com/files/Shell_Tools_$cleanVersion.zip"
    }
}
