{
    "version": "2.3.0",
    "description": "Docker distribution that aims to provide a frictionless Docker experience on Windows",
    "homepage": "https://github.com/slonopotamus/stevedore",
    "license": "Apache-2.0",
    "notes": [
        "A restart may be required, at least on the first install.",
        "Please run `sc start stevedored` as an administrator if `docker run` does not work."
    ],
    "architecture": {
        "64bit": {
            "url": "https://github.com/slonopotamus/stevedore/releases/download/2.3.0/stevedore-2.3.0-x86_64.msi#/setup.msi_",
            "hash": "29e5c5edf45d2f03cce301eb64c3c6db4a1a846ef900138e4249562b3e39fe79"
        }
    },
    "installer": {
        "script": "Start-Process -Wait msiexec \"/i `\"$dir\\setup.msi_`\" /qn /norestart\" -Verb RunAs"
    },
    "uninstaller": {
        "script": "Start-Process -Wait msiexec \"/x `\"$dir\\setup.msi_`\" /qn /norestart\" -Verb RunAs"
    },
    "checkver": "github",
    "autoupdate": {
        "architecture": {
            "64bit": {
                "url": "https://github.com/slonopotamus/stevedore/releases/download/$version/stevedore-$version-x86_64.msi#/setup.msi_"
            }
        }
    }
}
