{
    "version": "1.1.0",
    "description": "Shell extension that provides File Explorer thumbnails for SVG files.",
    "homepage": "https://github.com/tibold/svg-explorer-extension",
    "license": "GPL-3.0-only",
    "architecture": {
        "64bit": {
            "url": "https://github.com/tibold/svg-explorer-extension/releases/download/v1.1.0/svg_see_x64.exe",
            "hash": "69f9721c6605b487bc78cd90439ec7b0819ad8bf77616f3cbf3b5e18b9fca6db"
        },
        "32bit": {
            "url": "https://github.com/tibold/svg-explorer-extension/releases/download/v1.1.0/svg_see_x86.exe",
            "hash": "64962d289a30b4f1f1a782e1dd44bc16eb3a181760ac01a456580fded2cd0fa9"
        }
    },
    "installer": {
        "args": [
            "/VERYSILENT",
            "/DIR=$dir"
        ]
    },
    "post_install": [
        "taskkill /f /im explorer.exe | Out-Null",
        "Remove-Item -Force \"$env:LOCALAPPDATA\\IconCache.db\"",
        "explorer"
    ],
    "uninstaller": {
        "file": "unins000.exe",
        "args": "/VERYSILENT"
    },
    "checkver": "github",
    "autoupdate": {
        "architecture": {
            "64bit": {
                "url": "https://github.com/tibold/svg-explorer-extension/releases/download/v$version/svg_see_x64.exe",
                "hash": {
                    "url": "https://github.com/tibold/svg-explorer-extension/releases/tag/v$version",
                    "find": "SHA256.*([A-F0-9]{64})"
                }
            },
            "32bit": {
                "url": "https://github.com/tibold/svg-explorer-extension/releases/download/v$version/svg_see_x86.exe",
                "hash": {
                    "url": "https://github.com/tibold/svg-explorer-extension/releases/tag/v$version",
                    "find": "(?sm)SHA256.*SHA256.*([A-F0-9]{64})"
                }
            }
        }
    }
}
