{
    "version": "3.17",
    "description": "Utility for copying files.",
    "homepage": "https://www.codesector.com/teracopy",
    "license": "Freeware",
    "url": "http://www.codesector.com/files/teracopy.exe",
    "hash": "ac03db52bb68a013d3a8bf4db703ec11976fa1d0aa557eb988e3f926a26656cf",
    "installer": {
        "file": "teracopy.exe",
        "args": [
            "/qn",
            "/passive"
        ]
    },
    "uninstaller": {
        "script": "Invoke-ExternalCommand msiexec -ArgumentList @('/x', '{C38F85E6-6E93-4963-A29E-B871C8A28D13}', '/qn', '/norestart') -RunAs | Out-Null"
    },
    "checkver": {
        "url": "https://www.codesector.com/downloads",
        "regex": "(?s)TeraCopy ([\\d.]+)</td>\\s+<td>Windows"
    },
    "autoupdate": {
        "url": "http://www.codesector.com/files/teracopy.exe"
    }
}
