{
    "version": "8.19.2",
    "description": "A powerful, general purpose editor for plain text files.",
    "homepage": "https://www.textpad.com/",
    "license": "Proprietary",
    "architecture": {
        "64bit": {
            "url": "https://www.textpad.com/file?path=v819/x64/txpeng8192-64.zip",
            "hash": "c07d8ef2114558ea8c55bc009315505cee002941727d76b6e178de3a1226579b"
        },
        "32bit": {
            "url": "https://www.textpad.com/file?path=v819/win32/txpeng8192-32.zip",
            "hash": "b707f904813ae8b8ee83f7f7d416d26a39fd869fb26761f9d400a1fac1bc7e93"
        }
    },
    "installer": {
        "script": "Start-Process -Wait \"$dir\\setup.exe\" -ArgumentList @('/S', '/v/qn') -Verb RunAs | Out-Null"
    },
    "uninstaller": {
        "script": "Start-Process -Wait 'msiexec' -ArgumentList @('/x', '{31C6C263-89DE-4D24-B60E-9E35DCDE4B33}', '/qn') -Verb RunAs | Out-Null"
    },
    "checkver": {
        "url": "https://www.textpad.com/download",
        "regex": ">TextPad (8[\\d.]+)\\s*"
    },
    "autoupdate": {
        "architecture": {
            "64bit": {
                "url": "https://www.textpad.com/file?path=v$majorVersion$minorVersion/x64/txpeng$cleanVersion-64.zip"
            },
            "32bit": {
                "url": "https://www.textpad.com/file?path=v$majorVersion$minorVersion/win32/txpeng$cleanVersion-32.zip"
            }
        }
    }
}
