{
    "version": "6.0.1.344",
    "description": "Easily take screen captures, transfer files and write TI-BASIC programs for the TI-84 Plus family.",
    "homepage": "https://education.ti.com/en/software/details/en/CA9C74CAD02440A69FDC7189D7E1B6C2/swticonnectcesoftware",
    "license": "Proprietary",
    "url": "https://education.ti.com/download/en/ed-tech/CA9C74CAD02440A69FDC7189D7E1B6C2/7C24719EAB584A7D8751EB68A37B3DE9/TIConnectCE-6.0.1.344.msi#/setup.msi_",
    "hash": "72d19fae9b0273e3ae25bc6e898ce422fbb4dee65d44f2785a2ffb4f30074f28",
    "installer": {
        "script": [
            "Start-Process -Wait msiexec \"/i `\"$dir\\setup.msi_`\" /qn APPDIR=`\"$dir`\" SHORTCUTDIR=`\"$dir\\shortcuts`\" DesktopFolder=`\"$dir\\shortcuts`\"\" -Verb RunAs",
            "Remove-Item -Recurse \"$dir\\shortcuts\"",
            "Remove-Item \"$env:PUBLIC\\Desktop\\TI-Connect CE.lnk\""
        ]
    },
    "uninstaller": {
        "script": "Start-Process -Wait msiexec \"/x `\"$dir\\setup.msi_`\" /qn\" -Verb RunAs"
    },
    "bin": "TI-Connect CE\\TI-Connect CE.exe",
    "shortcuts": [
        [
            "TI-Connect CE\\TI-Connect CE.exe",
            "TI-Connect CE"
        ]
    ],
    "checkver": "ed-tech/(?<path>[\\w/]+)/TIConnectCE-(?<version>[\\w.]+)\\.msi",
    "autoupdate": {
        "url": "https://education.ti.com/download/en/ed-tech/$matchPath/TIConnectCE-$matchVersion.msi#/setup.msi_"
    }
}
