{
    "version": "2024.1",
    "description": "Makes the Windows taskbar translucent/transparent.",
    "homepage": "https://github.com/TranslucentTB/TranslucentTB",
    "license": "GPL-3.0-only",
    "url": "https://github.com/TranslucentTB/TranslucentTB/releases/download/2024.1/TranslucentTB.appinstaller",
    "hash": "e6cb691548cbd72258da973cfe7d2647a0900c5dde22cfef4a2e2565df4bcf1c",
    "pre_install": [
        "Start-Process 'powershell' -Wait -WindowStyle 'Hidden' -ArgumentList @('-C', \"Add-AppxPackage \"\"$dir\\TranslucentTB.appinstaller\"\" -AppInstaller\")",
        "Remove-Item \"$dir\\TranslucentTB.appinstaller\""
    ],
    "pre_uninstall": [
        "if (!(is_admin)) { error \"$app requires admin rights to $cmd\"; break }",
        "Start-Process 'powershell' -Wait -WindowStyle 'Hidden' -ArgumentList @('-C', 'Get-AppxPackage ''*.TranslucentTB'' | Remove-AppxPackage')",
        "Remove-Item \"$env:ProgramFiles\\WindowsApps\\*.TranslucentTB_*\" -Force -Recurse -ErrorAction 'SilentlyContinue'",
        "Start-Sleep -Seconds 2"
    ],
    "checkver": "github",
    "autoupdate": {
        "url": "https://github.com/TranslucentTB/TranslucentTB/releases/download/$version/TranslucentTB.appinstaller"
    }
}
