{
    "version": "3.9.0",
    "description": "Management tool for Unity installations and projects",
    "homepage": "https://docs.unity3d.com/Manual/GettingStartedInstallingHub.html",
    "license": {
        "identifier": "Proprietary",
        "url": "https://unity3d.com/legal/terms-of-service"
    },
    "architecture": {
        "64bit": {
            "url": "https://public-cdn.cloud.unity3d.com/hub/prod/UnityHubSetup.exe#/setup.exe",
            "hash": "fcc15c68fb529e2f6f5c438e827b5cbb56ec61af00ed263c74beb207e65e3813"
        }
    },
    "installer": {
        "script": [
            "if(!(is_admin)) { error \"$app requires admin rights to $cmd\"; break }",
            "Start-Process \"$dir\\setup.exe\" -ArgumentList @('/S', \"/D=`\"$dir`\"\") -Wait -Verb RunAs | Out-Null",
            "Remove-Item \"$([Environment]::GetFolderPath('commonstartmenu'))\\Programs\\Unity Hub.lnk\"",
            "Remove-Item \"$Env:Public\\Desktop\\Unity Hub.lnk\"",
            "Remove-Item \"$dir\\setup.exe\""
        ]
    },
    "uninstaller": {
        "script": [
            "if(!(is_admin)) { error \"$app requires admin rights to $cmd\"; break }",
            "Start-Process \"$dir\\Uninstall Unity Hub.exe\" -ArgumentList @('/S') -Wait -Verb RunAs | Out-Null",
            "while (Get-Process 'Un_A' -ErrorAction SilentlyContinue) {",
            "    Start-Sleep -Seconds 1",
            "}"
        ]
    },
    "shortcuts": [
        [
            "Unity Hub.exe",
            "Unity Hub"
        ]
    ],
    "checkver": {
        "url": "https://unity3d.com/hub/whats-new",
        "regex": "([\\d.]+)</a></li>"
    },
    "autoupdate": {
        "architecture": {
            "64bit": {
                "url": "https://public-cdn.cloud.unity3d.com/hub/prod/UnityHubSetup.exe#/setup.exe"
            }
        }
    }
}
