{
    "version": "4.9.0.0",
    "description": "Computer monitoring and classroom management software.",
    "homepage": "https://veyon.io/",
    "license": "GPL-2.0-or-later",
    "architecture": {
        "64bit": {
            "url": "https://github.com/veyon/veyon/releases/download/v4.9.0/veyon-4.9.0.0-win64-setup.exe#/installer.exe",
            "hash": "b3a6709b01ebfa1e4c49f5e1a717b1572ca5731a7fb80a634a0be994c5b2d4a3"
        },
        "32bit": {
            "url": "https://github.com/veyon/veyon/releases/download/v4.9.0/veyon-4.9.0.0-win32-setup.exe#/installer.exe",
            "hash": "721bb57fa305259797b59a384bda1ad95c2195e20de0077949f7c35b874398c4"
        }
    },
    "installer": {
        "script": [
            "Invoke-ExternalCommand \"$dir\\installer.exe\" -ArgumentList @('/S', \"/D=$dir\") -RunAs | Out-Null",
            "Remove-Item -Recurse \"$([Environment]::GetFolderPath('commonstartmenu'))\\Programs\\Veyon\"",
            "Remove-Item \"$dir\\installer.exe\""
        ]
    },
    "uninstaller": {
        "script": "Start-Process \"$dir\\uninstall.exe\" -ArgumentList @('/S') -Verb RunAs -Wait | Out-Null"
    },
    "bin": [
        "veyon-cli.exe",
        "veyon-configurator.exe",
        "veyon-master.exe"
    ],
    "shortcuts": [
        [
            "veyon-configurator.exe",
            "Veyon Configurator"
        ],
        [
            "veyon-master.exe",
            "Veyon Master"
        ]
    ],
    "checkver": {
        "url": "https://veyon.io/download/",
        "regex": "veyon-([\\d.]+)-win64-setup.exe"
    },
    "autoupdate": {
        "architecture": {
            "64bit": {
                "url": "https://github.com/veyon/veyon/releases/download/v$majorVersion.$minorVersion.$patchVersion/veyon-$version-win64-setup.exe#/installer.exe"
            },
            "32bit": {
                "url": "https://github.com/veyon/veyon/releases/download/v$majorVersion.$minorVersion.$patchVersion/veyon-$version-win32-setup.exe#/installer.exe"
            }
        }
    }
}
