{
    "version": "7.0.20",
    "description": "Powerful x86 and AMD64/Intel64 virtualization product for enterprise as well as home use.",
    "homepage": "https://www.virtualbox.org/",
    "license": {
        "identifier": "GPL-2.0-only|Freeware",
        "url": "https://www.virtualbox.org/wiki/VirtualBox_PUEL"
    },
    "notes": [
        "The VirtualBox Extension Pack is only free for personal, educational or evaluation use.",
        "A license must be purchased for enterprise use.",
        "For more information, go here: https://www.virtualbox.org/wiki/Licensing_FAQ"
    ],
    "architecture": {
        "64bit": {
            "url": [
                "https://download.virtualbox.org/virtualbox/7.0.20/VirtualBox-7.0.20-163906-Win.exe#/setup.exe",
                "https://download.virtualbox.org/virtualbox/7.0.20/Oracle_VM_VirtualBox_Extension_Pack-7.0.20.vbox-extpack"
            ],
            "hash": [
                "fa3544162eee87b660999bd913f76ccb2e5a706928ef2c2e29811e4ac76fb166",
                "d750fb17688d70e0cb2d7b06f1ad3a661303793f4d1ac39cfa9a54806b89da25"
            ]
        }
    },
    "installer": {
        "script": [
            "if (!(is_admin)) { error \"$app requires admin rights to $cmd\"; break }",
            "Invoke-ExternalCommand \"$dir\\setup.exe\" -ArgumentList @('--extract', '-path', \"$dir\", '--silent') | Out-Null",
            "Get-ChildItem \"$dir\\VirtualBox*.msi\" | Rename-Item -NewName 'setup.msi'",
            "Start-Process msiexec -ArgumentList @('/i', \"`\"$dir\\setup.msi`\"\", '/qn', '/norestart', \"INSTALLDIR=`\"$dir`\"\") -Wait -Verb RunAs | Out-Null",
            "Start-Process icacls -ArgumentList @(\"`\"$dir`\"\", '/grant', 'Everyone:F', '/T') -Wait -Verb RunAs | Out-Null",
            "Remove-Item \"$dir\\setup.exe\", \"$dir\\setup.msi\"",
            "Remove-Item \"$env:PUBLIC\\Desktop\\Oracle VM VirtualBox.lnk\"",
            "Remove-Item -Recurse \"$([Environment]::GetFolderPath('commonstartmenu'))\\Programs\\Oracle VM VirtualBox\""
        ]
    },
    "uninstaller": {
        "script": [
            "if (!(is_admin)) { error \"$app requires admin rights to $cmd\"; break }",
            "$id_array = wmic product where \"name like 'Oracle VM VirtualBox%'\" get IdentifyingNumber",
            "if (!($id_array[2] -match '({[0-9A-F-]+})')) { error 'Could not find product ID'; break }",
            "$id = $matches[1]",
            "Invoke-ExternalCommand msiexec -ArgumentList @('/x', \"$id\", '/qn', '/norestart') -RunAs | Out-Null"
        ]
    },
    "bin": [
        "VBoxBalloonCtrl.exe",
        "VBoxBugReport.exe",
        "VBoxDTrace.exe",
        "VBoxExtPackHelperApp.exe",
        "VBoxHeadless.exe",
        "vbox-img.exe",
        "VBoxManage.exe",
        "VBoxNetDHCP.exe",
        "VBoxNetNAT.exe",
        "VBoxSDS.exe",
        "VBoxSVC.exe",
        "VBoxTestOGL.exe",
        "VBoxWebSrv.exe",
        "VirtualBox.exe",
        "VirtualBoxVM.exe"
    ],
    "shortcuts": [
        [
            "VirtualBox.exe",
            "VirtualBox"
        ]
    ],
    "checkver": {
        "url": "https://www.virtualbox.org/wiki/Downloads",
        "regex": "VirtualBox-(?<version>[\\d\\w.]+)-(?<revision>[\\d]+)-Win.exe"
    },
    "autoupdate": {
        "architecture": {
            "64bit": {
                "url": [
                    "https://download.virtualbox.org/virtualbox/$matchHead/VirtualBox-$version-$matchRevision-Win.exe#/setup.exe",
                    "https://download.virtualbox.org/virtualbox/$matchHead/Oracle_VM_VirtualBox_Extension_Pack-$matchHead.vbox-extpack"
                ]
            }
        },
        "hash": {
            "url": "https://www.virtualbox.org/download/hashes/$matchHead/SHA256SUMS"
        }
    }
}
