{
    "version": "7.1.0",
    "description": "Powerful x86 and AMD64/Intel64 virtualization product for enterprise as well as home use.",
    "homepage": "https://www.virtualbox.org/",
    "license": "GPL-2.0-only",
    "architecture": {
        "64bit": {
            "url": "https://download.virtualbox.org/virtualbox/7.1.0/VirtualBox-7.1.0-164728-Win.exe#/setup.exe",
            "hash": "bc22f01478b51d4852d6a83318ed682cee4d89fc9d8eb51b41988a67b04e7de1"
        }
    },
    "installer": {
        "script": [
            "if (!(is_admin)) { error \"$app requires admin rights to $cmd\"; break }",
            "Invoke-ExternalCommand \"$dir\\setup.exe\" -ArgumentList @('--extract', '-path', \"$dir\", '--silent') | Out-Null",
            "Get-ChildItem \"$dir\\VirtualBox*.msi\" | Rename-Item -NewName 'setup.msi'",
            "Start-Process msiexec -ArgumentList @('/i', \"`\"$dir\\setup.msi`\"\", '/qn', '/norestart', \"INSTALLDIR=`\"$dir`\"\") -Wait -Verb RunAs | Out-Null",
            "Start-Process icacls -ArgumentList @(\"`\"$dir`\"\", '/grant', 'Everyone:F', '/T') -Wait -Verb RunAs | Out-Null",
            "Remove-Item \"$dir\\setup.exe\", \"$dir\\setup.msi\"",
            "Remove-Item \"$env:PUBLIC\\Desktop\\Oracle VM VirtualBox.lnk\"",
            "Remove-Item -Recurse \"$([Environment]::GetFolderPath('commonstartmenu'))\\Programs\\Oracle VM VirtualBox\""
        ]
    },
    "uninstaller": {
        "script": [
            "if (!(is_admin)) { error \"$app requires admin rights to $cmd\"; break }",
            "$id_array = wmic product where \"name like 'Oracle VM VirtualBox%'\" get IdentifyingNumber",
            "if (!($id_array[2] -match '({[0-9A-F-]+})')) { error 'Could not find product ID'; break }",
            "$id = $matches[1]",
            "Invoke-ExternalCommand msiexec -ArgumentList @('/x', \"$id\", '/qn', '/norestart') -RunAs | Out-Null"
        ]
    },
    "bin": [
        "VBoxBalloonCtrl.exe",
        "VBoxBugReport.exe",
        "VBoxDTrace.exe",
        "VBoxExtPackHelperApp.exe",
        "VBoxHeadless.exe",
        "vbox-img.exe",
        "VBoxManage.exe",
        "VBoxNetDHCP.exe",
        "VBoxNetNAT.exe",
        "VBoxSDS.exe",
        "VBoxSVC.exe",
        "VBoxTestOGL.exe",
        "VBoxWebSrv.exe",
        "VirtualBox.exe",
        "VirtualBoxVM.exe"
    ],
    "shortcuts": [
        [
            "VirtualBox.exe",
            "VirtualBox"
        ]
    ],
    "checkver": {
        "url": "https://www.virtualbox.org/wiki/Downloads",
        "regex": "VirtualBox-(?<version>[\\d.]+)-(?<revision>[\\d]+)-Win.exe"
    },
    "autoupdate": {
        "architecture": {
            "64bit": {
                "url": "https://download.virtualbox.org/virtualbox/$version/VirtualBox-$version-$matchRevision-Win.exe#/setup.exe"
            }
        },
        "hash": {
            "url": "https://www.virtualbox.org/download/hashes/$version/SHA256SUMS"
        }
    }
}
