{
    "version": "3.0.2.8",
    "description": "Audio mixer application endowed with virtual audio device (POTATO/ultimate version)",
    "homepage": "https://vb-audio.com/Voicemeeter/",
    "license": {
        "identifier": "Proprietary",
        "url": "https://vb-audio.com/Services/licensing.htm"
    },
    "notes": "Free for non-professional use only.",
    "url": "https://download.vb-audio.com/Download_CABLE/Voicemeeter8Setup.exe#/setup.exe",
    "hash": "0cc9a6239761d9b4556fe19aefba75b0754a6b9fddd97504f03ae4a8c708b81d",
    "installer": {
        "script": [
            "if (!(is_admin)) { error \"$app requires admin rights to $cmd\"; break }",
            "Start-Process -Wait \"$dir\\setup.exe\" -ArgumentList @('-i', '-h') -Verb RunAs"
        ]
    },
    "uninstaller": {
        "script": [
            "if (!(is_admin)) { error \"$app requires admin rights to $cmd\"; break }",
            "Start-Process -Wait \"$dir\\setup.exe\" -ArgumentList @('-u', '-h') -Verb RunAs"
        ]
    },
    "checkver": {
        "url": "https://vb-audio.com/Voicemeeter/potato.htm",
        "regex": "Voicemeeter ([\\d.]+) \\(EXE file\\)"
    },
    "autoupdate": {
        "url": "https://download.vb-audio.com/Download_CABLE/Voicemeeter8Setup.exe#/setup.exe"
    }
}
