{
    "version": "1.0.8.8",
    "description": "Audio mixer application endowed with virtual audio device (standard version)",
    "homepage": "https://vb-audio.com/Voicemeeter/",
    "license": {
        "identifier": "Proprietary",
        "url": "https://vb-audio.com/Services/licensing.htm"
    },
    "notes": "Free for non-professional use only.",
    "url": "https://download.vb-audio.com/Download_CABLE/VoicemeeterSetup.exe#/setup.exe",
    "hash": "413d5f2982b4cc5c779a0143f4b5881cf5f1d00bd8510a5c7ace0c2f5ed987c4",
    "installer": {
        "script": [
            "if (!(is_admin)) { error \"$app requires admin rights to $cmd\"; break }",
            "Start-Process -Wait \"$dir\\setup.exe\" -ArgumentList @('-i', '-h') -Verb RunAs"
        ]
    },
    "uninstaller": {
        "script": [
            "if (!(is_admin)) { error \"$app requires admin rights to $cmd\"; break }",
            "Start-Process -Wait \"$dir\\setup.exe\" -ArgumentList @('-u', '-h') -Verb RunAs"
        ]
    },
    "checkver": {
        "url": "https://vb-audio.com/Voicemeeter/index.htm",
        "regex": "Voicemeeter ([\\d.]+) \\(EXE file\\)"
    },
    "autoupdate": {
        "url": "https://download.vb-audio.com/Download_CABLE/VoicemeeterSetup.exe#/setup.exe"
    }
}
