{
    "version": "2.0.6.8",
    "description": "Audio mixer application endowed with virtual audio device (BANANA/advanced version)",
    "homepage": "https://vb-audio.com/Voicemeeter/",
    "license": {
        "identifier": "Proprietary",
        "url": "https://vb-audio.com/Services/licensing.htm"
    },
    "notes": "Free for non-professional use only.",
    "url": "https://download.vb-audio.com/Download_CABLE/VoicemeeterProSetup.exe#/setup.exe",
    "hash": "9638ef26fd85df1a2af9976e843768c009482c0236da44dca5bade746a6d7677",
    "installer": {
        "script": [
            "if (!(is_admin)) { error \"$app requires admin rights to $cmd\"; break }",
            "Start-Process -Wait \"$dir\\setup.exe\" -ArgumentList @('-i', '-h') -Verb RunAs"
        ]
    },
    "uninstaller": {
        "script": [
            "if (!(is_admin)) { error \"$app requires admin rights to $cmd\"; break }",
            "Start-Process -Wait \"$dir\\setup.exe\" -ArgumentList @('-u', '-h') -Verb RunAs"
        ]
    },
    "checkver": {
        "url": "https://vb-audio.com/Voicemeeter/banana.htm",
        "regex": "Voicemeeter ([\\d.]+) \\(EXE file\\)"
    },
    "autoupdate": {
        "url": "https://download.vb-audio.com/Download_CABLE/VoicemeeterProSetup.exe#/setup.exe"
    }
}
