{
    "version": "7.01",
    "description": "File archiver utility.",
    "homepage": "https://rarlab.com/",
    "license": "Shareware",
    "architecture": {
        "64bit": {
            "url": "https://www.rarlab.com/rar/winrar-x64-701.exe",
            "hash": "31f7ba37180f820313b2d32e76252344598409cb932109dd84a071cd58b64aa6"
        },
        "32bit": {
            "url": "https://www.rarlab.com/rar/winrar-x32-701.exe",
            "hash": "503d7256ab2198b774c91da1e100960b40d333bcbd1df0bcaea68cfed3f2599e"
        }
    },
    "installer": {
        "args": [
            "/s",
            "/d$dir"
        ]
    },
    "post_install": "Remove-Item -Recurse \"$([Environment]::GetFolderPath('startmenu'))\\Programs\\WinRAR\"",
    "uninstaller": {
        "file": "Uninstall.exe",
        "args": "/s"
    },
    "bin": [
        "Rar.exe",
        "UnRAR.exe",
        "WinRAR.exe"
    ],
    "shortcuts": [
        [
            "WinRAR.exe",
            "WinRAR"
        ]
    ],
    "checkver": "WinRAR and RAR ([\\d.]+) release",
    "autoupdate": {
        "architecture": {
            "64bit": {
                "url": "https://www.rarlab.com/rar/winrar-x64-$cleanVersion.exe"
            },
            "32bit": {
                "url": "https://www.rarlab.com/rar/winrar-x32-$cleanVersion.exe"
            }
        }
    }
}
