{
    "version": "1.0.3.40",
    "description": "UK variant of the Workman Keyboard Layout.",
    "homepage": "https://workmanlayout.org/",
    "license": {
        "identifier": "Freeware",
        "url": "https://github.com/workman-layout/Workman/blob/master/LICENSE"
    },
    "url": "https://github.com/workman-layout/Workman/zipball/75eb557aaf282e3cd991e8c80ebb27333f34a3ab#wm.zip",
    "hash": "fbc7f427f7f973dc4462104d3a5311e307077aedc1afae986f0240ec1ae8bc40",
    "extract_dir": "workman-layout-Workman-75eb557\\windows\\installer\\workman-uk",
    "architecture": {
        "64bit": {
            "installer": {
                "script": "Start-Process -Wait $env:SystemRoot\\System32\\msiexec.exe \"/i `\"$dir\\wm-uk_amd64.msi`\" /qn /l+ `\"$($env:TEMP)\\workman-us.MsiInstall.log`\"\" -Verb RunAs",
                "keep": true
            },
            "uninstaller": {
                "script": "Start-Process -Wait $env:SystemRoot\\System32\\msiexec.exe \"/uninstall `\"$dir\\wm-uk_amd64.msi`\" /qn /l+ `\"$($env:TEMP)\\workman-us.MsiInstall.log`\"\" -Verb RunAs"
            }
        },
        "32bit": {
            "installer": {
                "script": "Start-Process -Wait $env:SystemRoot\\System32\\msiexec.exe \"/i `\"$dir\\wm-uk_i386.msi`\" /qn /l+ `\"$($env:TEMP)\\workman-us.MsiInstall.log`\"\" -Verb RunAs",
                "keep": true
            },
            "uninstaller": {
                "script": "Start-Process -Wait $env:SystemRoot\\System32\\msiexec.exe \"/uninstall `\"$dir\\wm-uk_i386.msi`\" /qn /l+ `\"$($env:TEMP)\\workman-us.MsiInstall.log`\"\" -Verb RunAs"
            }
        }
    }
}
