{
    "version": "3.1.0.752",
    "description": "An open-source DirectShow subtitle renderer.",
    "homepage": "https://github.com/Cyberbeing/xy-VSFilter",
    "license": "GPL-2.0-only",
    "notes": "Run \"$dir\\Restore_Default_Settings.reg\" to restore XySubFilter to default settings.",
    "architecture": {
        "64bit": {
            "url": "https://github.com/Cyberbeing/xy-VSFilter/releases/download/3.1.0.752/XySubFilter_3.1.0.752_x64.zip",
            "hash": "13cae8c9e5ce367e74771a803be6aa821f922e7897e14cff9a1f2529fc185f66"
        },
        "32bit": {
            "url": "https://github.com/Cyberbeing/xy-VSFilter/releases/download/3.1.0.752/XySubFilter_3.1.0.752_x86.zip",
            "hash": "b6ed1d9f548b8726a70ba09e48250793407413cd2c71b054f098e4908c382bae"
        }
    },
    "pre_install": [
        "if (-not $global) {",
        "    Write-Host -Foreground Red \"$app should be installed globally.\"",
        "    break",
        "}"
    ],
    "installer": {
        "script": "regsvr32 /s \"$dir\\XySubFilter.dll\""
    },
    "uninstaller": {
        "script": "regsvr32 /u /s \"$dir\\XySubFilter.dll\""
    },
    "checkver": "github",
    "autoupdate": {
        "architecture": {
            "64bit": {
                "url": "https://github.com/Cyberbeing/xy-VSFilter/releases/download/$version/XySubFilter_$version_x64.zip"
            },
            "32bit": {
                "url": "https://github.com/Cyberbeing/xy-VSFilter/releases/download/$version/XySubFilter_$version_x86.zip"
            }
        }
    }
}
