{
    "version": "20240526",
    "description": "An open-source DirectShow subtitle renderer. Variant with libass backend",
    "homepage": "https://github.com/Masaiki/xy-VSFilter",
    "license": "GPL-2.0-only",
    "url": "https://github.com/Masaiki/xy-VSFilter/releases/download/20240526/XySubFilter_with_libass_20240526.zip",
    "hash": "2d6cf57a23226ce9a2aff1b361d6dbb41dff4d8032d71d88e43460cea45df75c",
    "architecture": {
        "64bit": {
            "extract_dir": "x64"
        },
        "32bit": {
            "extract_dir": "Win32"
        }
    },
    "pre_install": [
        "if (-not $global) {",
        "    Write-Host -Foreground Red \"$app should be installed globally.\"",
        "    break",
        "}"
    ],
    "installer": {
        "script": "regsvr32 /s \"$dir\\XySubFilter.dll\""
    },
    "uninstaller": {
        "script": "regsvr32 /u /s \"$dir\\XySubFilter.dll\""
    },
    "checkver": "github",
    "autoupdate": {
        "url": "https://github.com/Masaiki/xy-VSFilter/releases/download/$version/XySubFilter_with_libass_$version.zip"
    }
}
