{
    "##": "This package is non-portable because the MSI installer installs the drivers required for the app to work.",
    "version": "1.10.6",
    "description": "Network connection/management software that combines the capabilities of VPN and SD-WAN.",
    "homepage": "https://www.zerotier.com/",
    "license": {
        "identifier": "Proprietary",
        "url": "https://github.com/zerotier/ZeroTierOne/blob/master/LICENSE.txt"
    },
    "url": "https://download.zerotier.com/RELEASES/1.10.6/dist/ZeroTierOne.msi#/setup.msi_",
    "hash": "9b3fbbe29771ee2f1b4d45cbf372c9d1dbec9606315aca062c9e909e882b4b64",
    "installer": {
        "script": [
            "if (!(is_admin)) { error \"$app requires admin rights to $cmd\"; break }",
            "if ([System.Environment]::OSVersion.Version -lt [version]::new(10,0)) { error \"$app requires Windows 10 (or above)\"; break }",
            "Start-Process msiexec -ArgumentList @('/i', \"`\"$dir\\setup.msi_`\"\", '/qn', '/norestart') -Wait -Verb RunAs | Out-Null"
        ]
    },
    "uninstaller": {
        "script": [
            "if (!(is_admin)) { error \"$app requires admin rights to $cmd\"; break }",
            "Start-Process msiexec -ArgumentList @('/x', \"`\"$dir\\setup.msi_`\"\", '/qn', '/norestart') -Wait -Verb RunAs | Out-Null"
        ]
    },
    "checkver": {
        "url": "https://www.zerotier.com/download/",
        "regex": "(?s)Latest version\\: <a.*?>([\\d.]+)</a>"
    },
    "autoupdate": {
        "url": "https://download.zerotier.com/RELEASES/$version/dist/ZeroTierOne.msi#/setup.msi_"
    }
}
