{
    "##": "The MQTT.fx installer is generated by install4j. Check http://resources.ej-technologies.com/install4j/help/doc/index.html for installer arguments.",
    "version": "1.7.1",
    "description": "JavaFX-based MQTT client.",
    "homepage": "https://mqttfx.jensd.de/",
    "license": "Apache-2.0",
    "architecture": {
        "64bit": {
            "url": "https://www.jensd.de/apps/mqttfx/1.7.1/mqttfx-1.7.1-windows-x64.exe#/setup.exe",
            "hash": "4adfbb0eee65273bead6ce9885cf064de72d00d437bbaf3b9ff5236634fb6057"
        },
        "32bit": {
            "url": "https://www.jensd.de/apps/mqttfx/1.7.1/mqttfx-1.7.1-windows.exe#/setup.exe",
            "hash": "aa3902a2b76e427c4ba90b2b49dd337e95e614ba59f8cd64b5a95b5080766965"
        }
    },
    "installer": {
        "script": [
            "Invoke-ExternalCommand \"$dir\\setup.exe\" -ArgumentList \"-q -dir $dir\" -RunAs | Out-Null",
            "Wait-Process -Name 'setup' -ErrorAction SilentlyContinue",
            "Remove-Item -Recurse \"$([Environment]::GetFolderPath('commonstartmenu'))\\Programs\\MQTT.fx\""
        ]
    },
    "uninstaller": {
        "script": [
            "Invoke-ExternalCommand \"$dir\\uninstall.exe\" -ArgumentList '-q' -RunAs | Out-Null",
            "Wait-Process -Name 'uninstall' -ErrorAction SilentlyContinue"
        ]
    },
    "bin": "mqttfx.exe",
    "shortcuts": [
        [
            "mqttfx.exe",
            "MQTT.fx"
        ]
    ],
    "checkver": {
        "url": "https://mqttfx.jensd.de/index.php/download",
        "regex": ";Version ([\\d.]+)</a>"
    },
    "autoupdate": {
        "architecture": {
            "64bit": {
                "url": "https://www.jensd.de/apps/mqttfx/$version/mqttfx-$version-windows-x64.exe#/setup.exe"
            },
            "32bit": {
                "url": "https://www.jensd.de/apps/mqttfx/$version/mqttfx-$version-windows.exe#/setup.exe"
            }
        }
    }
}
