{
  "main": {
    "bn": {
      "identity": {
        "version": {
          "_cldrVersion": "39"
        },
        "language": "bn"
      },
      "dates": {
        "calendars": {
          "buddhist": {
            "months": {
              "format": {
                "abbreviated": {
                  "1": "জানু",
                  "2": "ফেব",
                  "3": "মার্চ",
                  "4": "এপ্রিল",
                  "5": "মে",
                  "6": "জুন",
                  "7": "জুলাই",
                  "8": "আগস্ট",
                  "9": "সেপ্টেম্বর",
                  "10": "অক্টোবর",
                  "11": "নভেম্বর",
                  "12": "ডিসেম্বর"
                },
                "narrow": {
                  "1": "জা",
                  "2": "ফে",
                  "3": "মা",
                  "4": "এ",
                  "5": "মে",
                  "6": "জুন",
                  "7": "জু",
                  "8": "আ",
                  "9": "সে",
                  "10": "অ",
                  "11": "ন",
                  "12": "ডি"
                },
                "wide": {
                  "1": "জানুয়ারী",
                  "2": "ফেব্রুয়ারী",
                  "3": "মার্চ",
                  "4": "এপ্রিল",
                  "5": "মে",
                  "6": "জুন",
                  "7": "জুলাই",
                  "8": "আগস্ট",
                  "9": "সেপ্টেম্বর",
                  "10": "অক্টোবর",
                  "11": "নভেম্বর",
                  "12": "ডিসেম্বর"
                }
              },
              "stand-alone": {
                "abbreviated": {
                  "1": "জানুয়ারী",
                  "2": "ফেব্রুয়ারী",
                  "3": "মার্চ",
                  "4": "এপ্রিল",
                  "5": "মে",
                  "6": "জুন",
                  "7": "জুলাই",
                  "8": "আগস্ট",
                  "9": "সেপ্টেম্বর",
                  "10": "অক্টোবর",
                  "11": "নভেম্বর",
                  "12": "ডিসেম্বর"
                },
                "narrow": {
                  "1": "জা",
                  "2": "ফে",
                  "3": "মা",
                  "4": "এ",
                  "5": "মে",
                  "6": "জুন",
                  "7": "জু",
                  "8": "আ",
                  "9": "সে",
                  "10": "অ",
                  "11": "ন",
                  "12": "ডি"
                },
                "wide": {
                  "1": "জানুয়ারী",
                  "2": "ফেব্রুয়ারী",
                  "3": "মার্চ",
                  "4": "এপ্রিল",
                  "5": "মে",
                  "6": "জুন",
                  "7": "জুলাই",
                  "8": "আগস্ট",
                  "9": "সেপ্টেম্বর",
                  "10": "অক্টোবর",
                  "11": "নভেম্বর",
                  "12": "ডিসেম্বর"
                }
              }
            },
            "days": {
              "format": {
                "abbreviated": {
                  "sun": "রবি",
                  "mon": "সোম",
                  "tue": "মঙ্গল",
                  "wed": "বুধ",
                  "thu": "বৃহস্পতি",
                  "fri": "শুক্র",
                  "sat": "শনি"
                },
                "narrow": {
                  "sun": "র",
                  "mon": "সো",
                  "tue": "ম",
                  "wed": "বু",
                  "thu": "বৃ",
                  "fri": "শু",
                  "sat": "শ"
                },
                "short": {
                  "sun": "রঃ",
                  "mon": "সোঃ",
                  "tue": "মঃ",
                  "wed": "বুঃ",
                  "thu": "বৃঃ",
                  "fri": "শুঃ",
                  "sat": "শনি"
                },
                "wide": {
                  "sun": "রবিবার",
                  "mon": "সোমবার",
                  "tue": "মঙ্গলবার",
                  "wed": "বুধবার",
                  "thu": "বৃহস্পতিবার",
                  "fri": "শুক্রবার",
                  "sat": "শনিবার"
                }
              },
              "stand-alone": {
                "abbreviated": {
                  "sun": "রবি",
                  "mon": "সোম",
                  "tue": "মঙ্গল",
                  "wed": "বুধ",
                  "thu": "বৃহস্পতি",
                  "fri": "শুক্র",
                  "sat": "শনি"
                },
                "narrow": {
                  "sun": "র",
                  "mon": "সো",
                  "tue": "ম",
                  "wed": "বু",
                  "thu": "বৃ",
                  "fri": "শু",
                  "sat": "শ"
                },
                "short": {
                  "sun": "রঃ",
                  "mon": "সোঃ",
                  "tue": "মঃ",
                  "wed": "বুঃ",
                  "thu": "বৃঃ",
                  "fri": "শুঃ",
                  "sat": "শনি"
                },
                "wide": {
                  "sun": "রবিবার",
                  "mon": "সোমবার",
                  "tue": "মঙ্গলবার",
                  "wed": "বুধবার",
                  "thu": "বৃহস্পতিবার",
                  "fri": "শুক্রবার",
                  "sat": "শনিবার"
                }
              }
            },
            "quarters": {
              "format": {
                "abbreviated": {
                  "1": "ত্রৈমাসিক",
                  "2": "দ্বিতীয় ত্রৈমাসিক",
                  "3": "তৃতীয় ত্রৈমাসিক",
                  "4": "চতুর্থ ত্রৈমাসিক"
                },
                "narrow": {
                  "1": "১",
                  "2": "২",
                  "3": "৩",
                  "4": "৪"
                },
                "wide": {
                  "1": "ত্রৈমাসিক",
                  "2": "দ্বিতীয় ত্রৈমাসিক",
                  "3": "তৃতীয় ত্রৈমাসিক",
                  "4": "চতুর্থ ত্রৈমাসিক"
                }
              },
              "stand-alone": {
                "abbreviated": {
                  "1": "Q1",
                  "2": "Q2",
                  "3": "Q3",
                  "4": "Q4"
                },
                "narrow": {
                  "1": "১",
                  "2": "২",
                  "3": "৩",
                  "4": "৪"
                },
                "wide": {
                  "1": "ত্রৈমাসিক",
                  "2": "দ্বিতীয় ত্রৈমাসিক",
                  "3": "তৃতীয় ত্রৈমাসিক",
                  "4": "চতুর্থ ত্রৈমাসিক"
                }
              }
            },
            "dayPeriods": {
              "format": {
                "abbreviated": {
                  "am": "AM",
                  "pm": "PM",
                  "morning1": "ভোর",
                  "morning2": "সকাল",
                  "afternoon1": "দুপুর",
                  "afternoon2": "বিকাল",
                  "evening1": "সন্ধ্যা",
                  "night1": "রাত্রি"
                },
                "narrow": {
                  "am": "AM",
                  "pm": "PM",
                  "morning1": "ভোর",
                  "morning2": "সকাল",
                  "afternoon1": "দুপুর",
                  "afternoon2": "বিকাল",
                  "evening1": "সন্ধ্যা",
                  "night1": "রাত্রি"
                },
                "wide": {
                  "am": "AM",
                  "pm": "PM",
                  "morning1": "ভোর",
                  "morning2": "সকাল",
                  "afternoon1": "দুপুর",
                  "afternoon2": "বিকাল",
                  "evening1": "সন্ধ্যা",
                  "night1": "রাত্রিতে"
                }
              },
              "stand-alone": {
                "abbreviated": {
                  "am": "AM",
                  "pm": "PM",
                  "morning1": "ভোর",
                  "morning2": "সকাল",
                  "afternoon1": "দুপুর",
                  "afternoon2": "বিকাল",
                  "evening1": "সন্ধ্যা",
                  "night1": "রাত্রি"
                },
                "narrow": {
                  "am": "AM",
                  "pm": "PM",
                  "morning1": "ভোর",
                  "morning2": "সকাল",
                  "afternoon1": "দুপুর",
                  "afternoon2": "বিকাল",
                  "evening1": "সন্ধ্যা",
                  "night1": "রাত্রি"
                },
                "wide": {
                  "am": "AM",
                  "pm": "PM",
                  "morning1": "ভোর",
                  "morning2": "সকাল",
                  "afternoon1": "দুপুর",
                  "afternoon2": "বিকাল",
                  "evening1": "সন্ধ্যা",
                  "night1": "রাত্রি"
                }
              }
            },
            "eras": {
              "eraNames": {
                "0": "BE"
              },
              "eraAbbr": {
                "0": "BE"
              },
              "eraNarrow": {
                "0": "BE"
              }
            },
            "dateFormats": {
              "full": "EEEE, d MMMM, y G",
              "long": "d MMMM, y G",
              "medium": "d MMM, y G",
              "short": "d/M/y GGGGG"
            },
            "timeFormats": {
              "full": "h:mm:ss a zzzz",
              "long": "h:mm:ss a z",
              "medium": "h:mm:ss a",
              "short": "h:mm a"
            },
            "dateTimeFormats": {
              "full": "{1} {0}",
              "long": "{1} {0}",
              "medium": "{1} {0}",
              "short": "{1} {0}",
              "availableFormats": {
                "Bh": "h B",
                "Bhm": "h:mm B",
                "Bhms": "h:mm:ss B",
                "d": "d",
                "E": "ccc",
                "EBhm": "E h:mm B",
                "EBhms": "E h:mm:ss B",
                "Ed": "d E",
                "Ehm": "E h:mm a",
                "EHm": "E HH:mm",
                "Ehms": "E h:mm:ss a",
                "EHms": "E HH:mm:ss",
                "Gy": "y G",
                "GyMMM": "MMM y G",
                "GyMMMd": "d MMM, y G",
                "GyMMMEd": "E, d MMM, y G",
                "h": "h a",
                "H": "HH",
                "hm": "h:mm a",
                "Hm": "HH:mm",
                "hms": "h:mm:ss a",
                "Hms": "HH:mm:ss",
                "M": "L",
                "Md": "d/M",
                "MEd": "E, d-M",
                "MMdd": "dd-MM",
                "MMM": "LLL",
                "MMMd": "d MMM",
                "MMMEd": "E d MMM",
                "MMMMd": "d MMMM",
                "MMMMEd": "E d MMMM",
                "ms": "mm:ss",
                "y": "y G",
                "yyyy": "y G",
                "yyyyM": "M/y G",
                "yyyyMd": "d/M/y G",
                "yyyyMEd": "E, d/M/y G",
                "yyyyMM": "MM-y G",
                "yyyyMMM": "MMM y G",
                "yyyyMMMd": "d MMM, y G",
                "yyyyMMMEd": "E, d MMM, y G",
                "yyyyMMMM": "MMMM y G",
                "yyyyQQQ": "QQQ y G",
                "yyyyQQQQ": "QQQQ y G"
              },
              "appendItems": {
                "Day": "{0} ({2}: {1})",
                "Day-Of-Week": "{0} {1}",
                "Era": "{1} {0}",
                "Hour": "{0} ({2}: {1})",
                "Minute": "{0} ({2}: {1})",
                "Month": "{0} ({2}: {1})",
                "Quarter": "{0} ({2}: {1})",
                "Second": "{0} ({2}: {1})",
                "Timezone": "{0} {1}",
                "Week": "{0} ({2}: {1})",
                "Year": "{1} {0}"
              },
              "intervalFormats": {
                "intervalFormatFallback": "{0} – {1}",
                "Bh": {
                  "B": "h B – h B",
                  "h": "h–h B"
                },
                "Bhm": {
                  "B": "h:mm B – h:mm B",
                  "h": "h:mm–h:mm B",
                  "m": "h:mm–h:mm B"
                },
                "d": {
                  "d": "d–d"
                },
                "Gy": {
                  "G": "y G – y G",
                  "y": "y – y G"
                },
                "GyM": {
                  "G": "M/y GGGGG – M/y GGGGG",
                  "M": "M/y – M/y GGGGG",
                  "y": "M/y – M/y GGGGG"
                },
                "GyMd": {
                  "d": "M/d/y – M/d/y GGGGG",
                  "G": "M/d/y GGGGG – M/d/y GGGGG",
                  "M": "M/d/y – M/d/y GGGGG",
                  "y": "M/d/y – M/d/y GGGGG"
                },
                "GyMEd": {
                  "d": "E, M/d/y – E, M/d/y GGGGG",
                  "G": "E, M/d/y GGGGG – E, M/d/y GGGGG",
                  "M": "E, M/d/y – E, M/d/y GGGGG",
                  "y": "E, M/d/y – E, M/d/y GGGGG"
                },
                "GyMMM": {
                  "G": "MMM y G – MMM y G",
                  "M": "MMM – MMM y G",
                  "y": "MMM y – MMM y G"
                },
                "GyMMMd": {
                  "d": "MMM d – d, y G",
                  "G": "MMM d, y G – MMM d, y G",
                  "M": "MMM d – MMM d, y G",
                  "y": "MMM d, y – MMM d, y G"
                },
                "GyMMMEd": {
                  "d": "E, MMM d – E, MMM d, y G",
                  "G": "E, MMM d, y G – E, MMM d, y G",
                  "M": "E, MMM d – E, MMM d, y G",
                  "y": "E, MMM d, y – E, MMM d, y G"
                },
                "h": {
                  "a": "h a – h a",
                  "h": "h–h a"
                },
                "H": {
                  "H": "HH–HH"
                },
                "hm": {
                  "a": "h:mm a – h:mm a",
                  "h": "h:mm–h:mm a",
                  "m": "h:mm–h:mm a"
                },
                "Hm": {
                  "H": "HH:mm–HH:mm",
                  "m": "HH:mm–HH:mm"
                },
                "hmv": {
                  "a": "h:mm a – h:mm a v",
                  "h": "h:mm–h:mm a v",
                  "m": "h:mm–h:mm a v"
                },
                "Hmv": {
                  "H": "HH:mm–HH:mm v",
                  "m": "HH:mm–HH:mm v"
                },
                "hv": {
                  "a": "h a – h a v",
                  "h": "h–h a v"
                },
                "Hv": {
                  "H": "HH–HH v"
                },
                "M": {
                  "M": "M–M"
                },
                "Md": {
                  "d": "d/M – d/M",
                  "M": "d/M – d/M"
                },
                "MEd": {
                  "d": "E, d/M – E, d/M",
                  "M": "E, d/M – E, d/M"
                },
                "MMM": {
                  "M": "MMM – MMM"
                },
                "MMMd": {
                  "d": "d–d MMM",
                  "M": "d MMM – d MMM"
                },
                "MMMEd": {
                  "d": "E, d MMM – E, d MMM",
                  "M": "E, d MMM – E, d MMM"
                },
                "y": {
                  "y": "y–y G"
                },
                "yM": {
                  "M": "M/y – M/y G",
                  "y": "M/y – M/y G"
                },
                "yMd": {
                  "d": "d/M/y – d/M/y G",
                  "M": "d/M/y – d/M/y G",
                  "y": "d/M/y – d/M/y G"
                },
                "yMEd": {
                  "d": "E, d/M/y – E, d/M/y G",
                  "M": "E, d/M/y – E, d/M/y G",
                  "y": "E, d/M/y – E, d/M/y G"
                },
                "yMMM": {
                  "M": "MMM–MMM y G",
                  "y": "MMM y – MMM y G"
                },
                "yMMMd": {
                  "d": "d–d MMM, y G",
                  "M": "d MMM – d MMM, y G",
                  "y": "d MMM, y – d MMM, y G"
                },
                "yMMMEd": {
                  "d": "E, d MMM – E, d MMM, y G",
                  "M": "E, d MMM – E, d MMM, y G",
                  "y": "E, d MMM, y – E, d MMM, y G"
                },
                "yMMMM": {
                  "M": "MMMM–MMMM y G",
                  "y": "MMMM y – MMMM y G"
                }
              }
            }
          }
        }
      }
    }
  }
}
