{
  "main": {
    "fa-AF": {
      "identity": {
        "version": {
          "_cldrVersion": "39"
        },
        "language": "fa",
        "territory": "AF"
      },
      "dates": {
        "calendars": {
          "buddhist": {
            "months": {
              "format": {
                "abbreviated": {
                  "1": "جنو",
                  "2": "فبروری",
                  "3": "مارچ",
                  "4": "اپریل",
                  "5": "می",
                  "6": "جون",
                  "7": "جول",
                  "8": "اگست",
                  "9": "سپتمبر",
                  "10": "اکتوبر",
                  "11": "نومبر",
                  "12": "دسم"
                },
                "narrow": {
                  "1": "ج",
                  "2": "ف",
                  "3": "م",
                  "4": "ا",
                  "5": "م",
                  "6": "ج",
                  "7": "ج",
                  "8": "ا",
                  "9": "س",
                  "10": "ا",
                  "11": "ن",
                  "12": "د"
                },
                "wide": {
                  "1": "جنوری",
                  "2": "فبروری",
                  "3": "مارچ",
                  "4": "اپریل",
                  "5": "می",
                  "6": "جون",
                  "7": "جولای",
                  "8": "اگست",
                  "9": "سپتمبر",
                  "10": "اکتوبر",
                  "11": "نومبر",
                  "12": "دسمبر"
                }
              },
              "stand-alone": {
                "abbreviated": {
                  "1": "جنوری",
                  "2": "فبروری",
                  "3": "مارچ",
                  "4": "اپریل",
                  "5": "می",
                  "6": "جون",
                  "7": "جولای",
                  "8": "اگست",
                  "9": "سپتمبر",
                  "10": "اکتوبر",
                  "11": "نومبر",
                  "12": "دسمبر"
                },
                "narrow": {
                  "1": "ج",
                  "2": "ف",
                  "3": "م",
                  "4": "ا",
                  "5": "م",
                  "6": "ج",
                  "7": "ج",
                  "8": "ا",
                  "9": "س",
                  "10": "ا",
                  "11": "ن",
                  "12": "د"
                },
                "wide": {
                  "1": "جنوری",
                  "2": "فبروری",
                  "3": "مارچ",
                  "4": "اپریل",
                  "5": "می",
                  "6": "جون",
                  "7": "جولای",
                  "8": "اگست",
                  "9": "سپتمبر",
                  "10": "اکتوبر",
                  "11": "نومبر",
                  "12": "دسمبر"
                }
              }
            },
            "days": {
              "format": {
                "abbreviated": {
                  "sun": "یکشنبه",
                  "mon": "دوشنبه",
                  "tue": "سه‌شنبه",
                  "wed": "چهارشنبه",
                  "thu": "پنجشنبه",
                  "fri": "جمعه",
                  "sat": "شنبه"
                },
                "narrow": {
                  "sun": "ی",
                  "mon": "د",
                  "tue": "س",
                  "wed": "چ",
                  "thu": "پ",
                  "fri": "ج",
                  "sat": "ش"
                },
                "short": {
                  "sun": "۱ش",
                  "mon": "۲ش",
                  "tue": "۳ش",
                  "wed": "۴ش",
                  "thu": "۵ش",
                  "fri": "ج",
                  "sat": "ش"
                },
                "wide": {
                  "sun": "یکشنبه",
                  "mon": "دوشنبه",
                  "tue": "سه‌شنبه",
                  "wed": "چهارشنبه",
                  "thu": "پنجشنبه",
                  "fri": "جمعه",
                  "sat": "شنبه"
                }
              },
              "stand-alone": {
                "abbreviated": {
                  "sun": "یکشنبه",
                  "mon": "دوشنبه",
                  "tue": "سه‌شنبه",
                  "wed": "چهارشنبه",
                  "thu": "پنجشنبه",
                  "fri": "جمعه",
                  "sat": "شنبه"
                },
                "narrow": {
                  "sun": "ی",
                  "mon": "د",
                  "tue": "س",
                  "wed": "چ",
                  "thu": "پ",
                  "fri": "ج",
                  "sat": "ش"
                },
                "short": {
                  "sun": "۱ش",
                  "mon": "۲ش",
                  "tue": "۳ش",
                  "wed": "۴ش",
                  "thu": "۵ش",
                  "fri": "ج",
                  "sat": "ش"
                },
                "wide": {
                  "sun": "یکشنبه",
                  "mon": "دوشنبه",
                  "tue": "سه‌شنبه",
                  "wed": "چهارشنبه",
                  "thu": "پنجشنبه",
                  "fri": "جمعه",
                  "sat": "شنبه"
                }
              }
            },
            "quarters": {
              "format": {
                "abbreviated": {
                  "1": "ر۱",
                  "2": "ر۲",
                  "3": "ر۳",
                  "4": "ر۴"
                },
                "narrow": {
                  "1": "۱",
                  "2": "۲",
                  "3": "۳",
                  "4": "۴"
                },
                "wide": {
                  "1": "ربع اول",
                  "2": "ربع دوم",
                  "3": "ربع سوم",
                  "4": "ربع چهارم"
                }
              },
              "stand-alone": {
                "abbreviated": {
                  "1": "ر۱",
                  "2": "ر۲",
                  "3": "ر۳",
                  "4": "ر۴"
                },
                "narrow": {
                  "1": "۱",
                  "2": "۲",
                  "3": "۳",
                  "4": "۴"
                },
                "wide": {
                  "1": "ربع اول",
                  "2": "ربع دوم",
                  "3": "ربع سوم",
                  "4": "ربع چهارم"
                }
              }
            },
            "dayPeriods": {
              "format": {
                "abbreviated": {
                  "am": "ق.ظ.",
                  "pm": "ب.ظ.",
                  "morning1": "بامداد",
                  "morning2": "صبح",
                  "afternoon1": "ظهر",
                  "afternoon2": "بعدازچاشت",
                  "night1": "شب",
                  "night2": "نیمه‌شب"
                },
                "narrow": {
                  "am": "ق",
                  "pm": "ب",
                  "morning1": "ب",
                  "morning2": "ص",
                  "afternoon1": "ظ",
                  "afternoon2": "ع",
                  "night1": "ش",
                  "night2": "ن"
                },
                "wide": {
                  "am": "قبل‌ازظهر",
                  "pm": "بعدازظهر",
                  "morning1": "بامداد",
                  "morning2": "صبح",
                  "afternoon1": "ظهر",
                  "afternoon2": "بعدازچاشت",
                  "night1": "شب",
                  "night2": "نیمه‌شب"
                }
              },
              "stand-alone": {
                "abbreviated": {
                  "am": "ق.ظ.",
                  "pm": "ب.ظ.",
                  "morning1": "بامداد",
                  "morning2": "صبح",
                  "afternoon1": "ظهر",
                  "afternoon2": "بعدازچاشت",
                  "night1": "شب",
                  "night2": "نیمه‌شب"
                },
                "narrow": {
                  "am": "ق",
                  "pm": "ب",
                  "morning1": "ب",
                  "morning2": "ص",
                  "afternoon1": "بعد از چاشت",
                  "afternoon2": "ع",
                  "night1": "ش",
                  "night2": "ن"
                },
                "wide": {
                  "am": "قبل‌ازظهر",
                  "pm": "بعدازظهر",
                  "morning1": "بامداد",
                  "morning2": "صبح",
                  "afternoon1": "ظهر",
                  "afternoon2": "بعدازچاشت",
                  "night1": "شب",
                  "night2": "نیمه‌شب"
                }
              }
            },
            "eras": {
              "eraNames": {
                "0": "تقویم بودایی"
              },
              "eraAbbr": {
                "0": "تقویم بودایی"
              },
              "eraNarrow": {
                "0": "تقویم بودایی"
              }
            },
            "dateFormats": {
              "full": "EEEE d MMMM y G",
              "long": "d MMMM y G",
              "medium": "d MMM y G",
              "short": "y/M/d GGGGG"
            },
            "timeFormats": {
              "full": "H:mm:ss (zzzz)",
              "long": "H:mm:ss (z)",
              "medium": "H:mm:ss",
              "short": "H:mm"
            },
            "dateTimeFormats": {
              "full": "{1}، ساعت {0}",
              "long": "{1}، ساعت {0}",
              "medium": "{1}،‏ {0}",
              "short": "{1}،‏ {0}",
              "availableFormats": {
                "Bh": "h B",
                "Bhm": "h:mm B",
                "Bhms": "h:mm:ss B",
                "d": "d",
                "E": "ccc",
                "EBhm": "E h:mm B",
                "EBhms": "E h:mm:ss B",
                "Ed": "E dم",
                "Ehm": "E h:mm a",
                "EHm": "E H:mm",
                "Ehms": "E h:mm:ss a",
                "EHms": "E H:mm:ss",
                "Gy": "y G",
                "GyMMM": "MMM y G",
                "GyMMMd": "d MMM y G",
                "GyMMMEd": "E d MMM y G",
                "h": "h a",
                "H": "H",
                "HHmmZ": "HH:mm (Z)",
                "hm": "h:mm a",
                "Hm": "H:mm",
                "hms": "h:mm:ss a",
                "Hms": "H:mm:ss",
                "M": "L",
                "Md": "M/d",
                "MEd": "E M/d",
                "MMM": "LLL",
                "MMMd": "d LLL",
                "MMMEd": "E d LLL",
                "MMMMd": "d LLLL",
                "MMMMEd": "E d LLLL",
                "ms": "m:ss",
                "y": "y G",
                "yyyy": "y G",
                "yyyyM": "y/M GGGGG",
                "yyyyMd": "y/M/d GGGGG",
                "yyyyMEd": "E y/M/d GGGGG",
                "yyyyMMM": "MMM y G",
                "yyyyMMMd": "d MMM y G",
                "yyyyMMMEd": "E d MMM y G",
                "yyyyMMMM": "y MMMM G",
                "yyyyQQQ": "QQQ y G",
                "yyyyQQQQ": "QQQQ y G"
              },
              "appendItems": {
                "Day": "{0} ({2}: {1})",
                "Day-Of-Week": "{1} {0}",
                "Era": "{1} {0}",
                "Hour": "{0} ({2}: {1})",
                "Minute": "{0} ({2}: {1})",
                "Month": "{0} ({2}: {1})",
                "Quarter": "{0} ({2}: {1})",
                "Second": "{0} ({2}: {1})",
                "Timezone": "{0} ({1})",
                "Week": "{0} ({2}: {1})",
                "Year": "{1} {0}"
              },
              "intervalFormats": {
                "intervalFormatFallback": "{0} تا {1}",
                "Bh": {
                  "B": "h B تا h B",
                  "h": "h تا h B"
                },
                "Bhm": {
                  "B": "h:mm B تا h:mm B",
                  "h": "h:mm تا h:mm B",
                  "m": "h:mm تا h:mm B"
                },
                "d": {
                  "d": "d تا d"
                },
                "Gy": {
                  "G": "y G تا y G",
                  "y": "y تا y G"
                },
                "GyM": {
                  "G": "y/M GGGGG تا y/M GGGGG",
                  "M": "y/M تا y/M GGGGG",
                  "y": "y/M تا y/M GGGGG"
                },
                "GyMd": {
                  "d": "y/M/d تا y/M/d GGGGG",
                  "G": "y/M/d GGGGG تا y/M/d GGGGG",
                  "M": "y/M/d تا y/M/d GGGGG",
                  "y": "y/M/d تا y/M/d GGGGG"
                },
                "GyMEd": {
                  "d": "E y/M/d تا E y/M/d GGGGG",
                  "G": "E y/M/d GGGGG تا E y/M/d GGGGG",
                  "M": "E y/M/d تا E y/M/d GGGGG",
                  "y": "E y/M/d تا E y/M/d GGGGG"
                },
                "GyMMM": {
                  "G": "MMM y G تا MMM y G",
                  "M": "LLL تا MMM y G",
                  "y": "MMM y تا MMM y G"
                },
                "GyMMMd": {
                  "d": "d تا d MMM y G",
                  "G": "d MMM y G تا d MMM y G",
                  "M": "d LLL تا d MMM y G",
                  "y": "d MMM y تا d MMM y G"
                },
                "GyMMMEd": {
                  "d": "E d LLL تا E d MMM y G",
                  "G": "E d MMM y G تا E d MMM y G",
                  "M": "E d LLL تا E d MMM y G",
                  "y": "E d MMM y تا E d MMM y G"
                },
                "h": {
                  "a": "h a تا h a",
                  "h": "h تا h a"
                },
                "H": {
                  "H": "H تا H"
                },
                "hm": {
                  "a": "h:mm a تا h:mm a",
                  "h": "h:mm تا h:mm a",
                  "m": "h:mm تا h:mm a"
                },
                "Hm": {
                  "H": "H:mm تا H:mm",
                  "m": "H:mm تا H:mm"
                },
                "hmv": {
                  "a": "h:mm a تا h:mm a (v)",
                  "h": "h:mm تا h:mm a (v)",
                  "m": "h:mm تا h:mm a (v)"
                },
                "Hmv": {
                  "H": "H:mm تا H:mm (v)",
                  "m": "H:mm تا H:mm (v)"
                },
                "hv": {
                  "a": "h a تا h a (v)",
                  "h": "h تا h a (v)"
                },
                "Hv": {
                  "H": "H تا H (v)"
                },
                "M": {
                  "M": "M تا M"
                },
                "Md": {
                  "d": "M/d تا M/d",
                  "M": "M/d تا M/d"
                },
                "MEd": {
                  "d": "E M/d تا E M/d",
                  "M": "E M/d تا E M/d"
                },
                "MMM": {
                  "M": "LLL تا LLL"
                },
                "MMMd": {
                  "d": "d تا d LLL",
                  "M": "d LLL تا d LLL"
                },
                "MMMEd": {
                  "d": "E d LLL تا E d LLL",
                  "M": "E d LLL تا E d LLL"
                },
                "y": {
                  "y": "y تا y G"
                },
                "yM": {
                  "M": "y/M تا y/M GGGGG",
                  "y": "y/M تا y/M GGGGG"
                },
                "yMd": {
                  "d": "y/M/d تا y/M/d GGGGG",
                  "M": "y/M/d تا y/M/d GGGGG",
                  "y": "y/M/d تا y/M/d GGGGG"
                },
                "yMEd": {
                  "d": "E y/M/d تا E y/M/d GGGGG",
                  "M": "E y/M/d تا E y/M/d GGGGG",
                  "y": "E y/M/d تا E y/M/d GGGGG"
                },
                "yMMM": {
                  "M": "LLL تا MMM y G",
                  "y": "MMM y تا MMM y G"
                },
                "yMMMd": {
                  "d": "d تا d MMM y G",
                  "M": "d LLL تا d MMM y G",
                  "y": "d MMM y تا d MMM y G"
                },
                "yMMMEd": {
                  "d": "E d LLL تا E d MMM y G",
                  "M": "E d LLL تا E d MMM y G",
                  "y": "E d MMM y تا E d MMM y G"
                },
                "yMMMM": {
                  "M": "LLLL تا MMMM y G",
                  "y": "MMMM y تا MMMM y G"
                }
              }
            }
          }
        }
      }
    }
  }
}
