{
  "main": {
    "sw": {
      "identity": {
        "version": {
          "_cldrVersion": "39"
        },
        "language": "sw"
      },
      "dates": {
        "calendars": {
          "buddhist": {
            "months": {
              "format": {
                "abbreviated": {
                  "1": "Jan",
                  "2": "Feb",
                  "3": "Mac",
                  "4": "Apr",
                  "5": "Mei",
                  "6": "Jun",
                  "7": "Jul",
                  "8": "Ago",
                  "9": "Sep",
                  "10": "Okt",
                  "11": "Nov",
                  "12": "Des"
                },
                "narrow": {
                  "1": "J",
                  "2": "F",
                  "3": "M",
                  "4": "A",
                  "5": "M",
                  "6": "J",
                  "7": "J",
                  "8": "A",
                  "9": "S",
                  "10": "O",
                  "11": "N",
                  "12": "D"
                },
                "wide": {
                  "1": "Januari",
                  "2": "Februari",
                  "3": "Machi",
                  "4": "Aprili",
                  "5": "Mei",
                  "6": "Juni",
                  "7": "Julai",
                  "8": "Agosti",
                  "9": "Septemba",
                  "10": "Oktoba",
                  "11": "Novemba",
                  "12": "Desemba"
                }
              },
              "stand-alone": {
                "abbreviated": {
                  "1": "Jan",
                  "2": "Feb",
                  "3": "Mac",
                  "4": "Apr",
                  "5": "Mei",
                  "6": "Jun",
                  "7": "Jul",
                  "8": "Ago",
                  "9": "Sep",
                  "10": "Okt",
                  "11": "Nov",
                  "12": "Des"
                },
                "narrow": {
                  "1": "J",
                  "2": "F",
                  "3": "M",
                  "4": "A",
                  "5": "M",
                  "6": "J",
                  "7": "J",
                  "8": "A",
                  "9": "S",
                  "10": "O",
                  "11": "N",
                  "12": "D"
                },
                "wide": {
                  "1": "Januari",
                  "2": "Februari",
                  "3": "Machi",
                  "4": "Aprili",
                  "5": "Mei",
                  "6": "Juni",
                  "7": "Julai",
                  "8": "Agosti",
                  "9": "Septemba",
                  "10": "Oktoba",
                  "11": "Novemba",
                  "12": "Desemba"
                }
              }
            },
            "days": {
              "format": {
                "abbreviated": {
                  "sun": "Jumapili",
                  "mon": "Jumatatu",
                  "tue": "Jumanne",
                  "wed": "Jumatano",
                  "thu": "Alhamisi",
                  "fri": "Ijumaa",
                  "sat": "Jumamosi"
                },
                "narrow": {
                  "sun": "S",
                  "mon": "M",
                  "tue": "T",
                  "wed": "W",
                  "thu": "T",
                  "fri": "F",
                  "sat": "S"
                },
                "short": {
                  "sun": "Jumapili",
                  "mon": "Jumatatu",
                  "tue": "Jumanne",
                  "wed": "Jumatano",
                  "thu": "Alhamisi",
                  "fri": "Ijumaa",
                  "sat": "Jumamosi"
                },
                "wide": {
                  "sun": "Jumapili",
                  "mon": "Jumatatu",
                  "tue": "Jumanne",
                  "wed": "Jumatano",
                  "thu": "Alhamisi",
                  "fri": "Ijumaa",
                  "sat": "Jumamosi"
                }
              },
              "stand-alone": {
                "abbreviated": {
                  "sun": "Jumapili",
                  "mon": "Jumatatu",
                  "tue": "Jumanne",
                  "wed": "Jumatano",
                  "thu": "Alhamisi",
                  "fri": "Ijumaa",
                  "sat": "Jumamosi"
                },
                "narrow": {
                  "sun": "S",
                  "mon": "M",
                  "tue": "T",
                  "wed": "W",
                  "thu": "T",
                  "fri": "F",
                  "sat": "S"
                },
                "short": {
                  "sun": "Jumapili",
                  "mon": "Jumatatu",
                  "tue": "Jumanne",
                  "wed": "Jumatano",
                  "thu": "Alhamisi",
                  "fri": "Ijumaa",
                  "sat": "Jumamosi"
                },
                "wide": {
                  "sun": "Jumapili",
                  "mon": "Jumatatu",
                  "tue": "Jumanne",
                  "wed": "Jumatano",
                  "thu": "Alhamisi",
                  "fri": "Ijumaa",
                  "sat": "Jumamosi"
                }
              }
            },
            "quarters": {
              "format": {
                "abbreviated": {
                  "1": "Robo ya 1",
                  "2": "Robo ya 2",
                  "3": "Robo ya 3",
                  "4": "Robo ya 4"
                },
                "narrow": {
                  "1": "1",
                  "2": "2",
                  "3": "3",
                  "4": "4"
                },
                "wide": {
                  "1": "Robo ya 1",
                  "2": "Robo ya 2",
                  "3": "Robo ya 3",
                  "4": "Robo ya 4"
                }
              },
              "stand-alone": {
                "abbreviated": {
                  "1": "Robo ya 1",
                  "2": "Robo ya 2",
                  "3": "Robo ya 3",
                  "4": "Robo ya 4"
                },
                "narrow": {
                  "1": "1",
                  "2": "2",
                  "3": "3",
                  "4": "4"
                },
                "wide": {
                  "1": "Robo ya 1",
                  "2": "Robo ya 2",
                  "3": "Robo ya 3",
                  "4": "Robo ya 4"
                }
              }
            },
            "dayPeriods": {
              "format": {
                "abbreviated": {
                  "midnight": "saa sita za usiku",
                  "am": "AM",
                  "noon": "adhuhuri",
                  "pm": "PM",
                  "morning1": "alfajiri",
                  "morning2": "asubuhi",
                  "afternoon1": "mchana",
                  "evening1": "jioni",
                  "night1": "usiku"
                },
                "narrow": {
                  "midnight": "usiku",
                  "am": "am",
                  "noon": "mchana",
                  "pm": "pm",
                  "morning1": "alfajiri",
                  "morning2": "asubuhi",
                  "afternoon1": "mchana",
                  "evening1": "jioni",
                  "night1": "usiku"
                },
                "wide": {
                  "midnight": "saa sita za usiku",
                  "am": "AM",
                  "noon": "saa sita za mchana",
                  "pm": "PM",
                  "morning1": "alfajiri",
                  "morning2": "asubuhi",
                  "afternoon1": "mchana",
                  "evening1": "jioni",
                  "night1": "usiku"
                }
              },
              "stand-alone": {
                "abbreviated": {
                  "midnight": "saa sita za usiku",
                  "am": "AM",
                  "noon": "adhuhuri",
                  "pm": "PM",
                  "morning1": "alfajiri",
                  "morning2": "asubuhi",
                  "afternoon1": "alasiri",
                  "evening1": "jioni",
                  "night1": "usiku"
                },
                "narrow": {
                  "midnight": "saa sita za usiku",
                  "am": "AM",
                  "noon": "saa sita za mchana",
                  "pm": "PM",
                  "morning1": "alfajiri",
                  "morning2": "asubuhi",
                  "afternoon1": "mchana",
                  "evening1": "jioni",
                  "night1": "usiku"
                },
                "wide": {
                  "midnight": "saa sita za usiku",
                  "am": "AM",
                  "noon": "saa sita za mchana",
                  "pm": "PM",
                  "morning1": "alfajiri",
                  "morning2": "asubuhi",
                  "afternoon1": "mchana",
                  "evening1": "jioni",
                  "night1": "usiku"
                }
              }
            },
            "eras": {
              "eraNames": {
                "0": "BE"
              },
              "eraAbbr": {
                "0": "BE"
              },
              "eraNarrow": {
                "0": "BE"
              }
            },
            "dateFormats": {
              "full": "EEEE, d MMMM y G",
              "long": "d MMMM y G",
              "medium": "d MMM y G",
              "short": "dd/MM/y GGGGG"
            },
            "timeFormats": {
              "full": "HH:mm:ss zzzz",
              "long": "HH:mm:ss z",
              "medium": "HH:mm:ss",
              "short": "HH:mm"
            },
            "dateTimeFormats": {
              "full": "{1} {0}",
              "long": "{1} {0}",
              "medium": "{1} {0}",
              "short": "{1} {0}",
              "availableFormats": {
                "Bh": "h B",
                "Bhm": "h:mm B",
                "Bhms": "h:mm:ss B",
                "d": "d",
                "E": "ccc",
                "EBhm": "E h:mm B",
                "EBhms": "E h:mm:ss B",
                "Ed": "E d",
                "Ehm": "E h:mm a",
                "EHm": "E HH:mm",
                "Ehms": "E h:mm:ss a",
                "EHms": "E HH:mm:ss",
                "Gy": "y G",
                "GyMMM": "MMM y G",
                "GyMMMd": "d MMM y G",
                "GyMMMEd": "E, d MMM y G",
                "h": "h a",
                "H": "HH",
                "hm": "h:mm a",
                "Hm": "HH:mm",
                "hms": "h:mm:ss a",
                "Hms": "HH:mm:ss",
                "M": "L",
                "Md": "d-M",
                "MEd": "E, d/M",
                "MMM": "LLL",
                "MMMd": "d MMM",
                "MMMEd": "E, d MMM",
                "MMMMd": "d MMMM",
                "MMMMEd": "E, d MMMM",
                "ms": "mm:ss",
                "y": "y G",
                "yyyy": "y G",
                "yyyyM": "M/y G",
                "yyyyMd": "d/M/y G",
                "yyyyMEd": "E, d/M/y G",
                "yyyyMMM": "MMM y G",
                "yyyyMMMd": "d MMM y G",
                "yyyyMMMEd": "E, d MMM y G",
                "yyyyMMMM": "MMMM y G",
                "yyyyQQQ": "QQQ y G",
                "yyyyQQQQ": "QQQQ y G"
              },
              "appendItems": {
                "Day": "{0} ({2}: {1})",
                "Day-Of-Week": "{0} {1}",
                "Era": "{1} {0}",
                "Hour": "{0} ({2}: {1})",
                "Minute": "{0} ({2}: {1})",
                "Month": "{0} ({2}: {1})",
                "Quarter": "{0} ({2}: {1})",
                "Second": "{0} ({2}: {1})",
                "Timezone": "{0} {1}",
                "Week": "{0} ({2}: {1})",
                "Year": "{1} {0}"
              },
              "intervalFormats": {
                "intervalFormatFallback": "{0} – {1}",
                "Bh": {
                  "B": "h B – h B",
                  "h": "h–h B"
                },
                "Bhm": {
                  "B": "h:mm B – h:mm B",
                  "h": "h:mm–h:mm B",
                  "m": "h:mm–h:mm B"
                },
                "d": {
                  "d": "d – d"
                },
                "Gy": {
                  "G": "y G – y G",
                  "y": "y – y G"
                },
                "GyM": {
                  "G": "M/y GGGGG – M/y GGGGG",
                  "M": "M/y – M/y GGGGG",
                  "y": "M/y – M/y GGGGG"
                },
                "GyMd": {
                  "d": "d/M/y – d/M/y GGGGG",
                  "G": "d/M/y GGGGG – d/M/y GGGGG",
                  "M": "d/M/y – d/M/y GGGGG",
                  "y": "d/M/y – d/M/y GGGGG"
                },
                "GyMEd": {
                  "d": "E, d/M/y – E, d/M/y GGGGG",
                  "G": "E, d/M/y GGGGG – E, d/M/y GGGGG",
                  "M": "E, d/M/y – E, d/M/y GGGGG",
                  "y": "E, d/M/y – E, d/M/y GGGGG"
                },
                "GyMMM": {
                  "G": "MMM y G – MMM y G",
                  "M": "MMM – MMM y G",
                  "y": "MMM y – MMM y G"
                },
                "GyMMMd": {
                  "d": "MMM d – d, y G",
                  "G": "MMM d, y G – MMM d, y G",
                  "M": "MMM d – MMM d, y G",
                  "y": "MMM d, y – MMM d, y G"
                },
                "GyMMMEd": {
                  "d": "E, MMM d – E, MMM d, y G",
                  "G": "E, MMM d, y G – E, MMM d, y G",
                  "M": "E, MMM d – E, MMM d, y G",
                  "y": "E, MMM d, y – E, MMM d, y G"
                },
                "h": {
                  "a": "h a – h a",
                  "h": "h – h a"
                },
                "H": {
                  "H": "HH – HH"
                },
                "hm": {
                  "a": "h:mm a – h:mm a",
                  "h": "h:mm – h:mm a",
                  "m": "h:mm – h:mm a"
                },
                "Hm": {
                  "H": "HH:mm – HH:mm",
                  "m": "HH:mm – HH:mm"
                },
                "hmv": {
                  "a": "h:mm a – h:mm a v",
                  "h": "h:mm – h:mm a v",
                  "m": "h:mm – h:mm a v"
                },
                "Hmv": {
                  "H": "HH:mm – HH:mm v",
                  "m": "HH:mm – HH:mm v"
                },
                "hv": {
                  "a": "h a – h a v",
                  "h": "h – h a v"
                },
                "Hv": {
                  "H": "HH – HH v"
                },
                "M": {
                  "M": "M – M"
                },
                "Md": {
                  "d": "d/M – d/M",
                  "M": "d/M – d/M"
                },
                "MEd": {
                  "d": "E, d/M – E, d/M",
                  "M": "E, d/M – E, d/M"
                },
                "MMM": {
                  "M": "MMM – MMM"
                },
                "MMMd": {
                  "d": "d – d MMM",
                  "M": "d MMM – d MMM"
                },
                "MMMEd": {
                  "d": "E, d MMM – E, d MMM",
                  "M": "E, d MMM – E, d MMM"
                },
                "y": {
                  "y": "y – y G"
                },
                "yM": {
                  "M": "M/y – M/y G",
                  "y": "M/y – M/y G"
                },
                "yMd": {
                  "d": "d/M/y – d/M/y G",
                  "M": "d/M/y – d/M/y G",
                  "y": "d/M/y – d/M/y G"
                },
                "yMEd": {
                  "d": "E, d/M/y – E, d/M/y G",
                  "M": "E, d/M/y – E, d/M/y G",
                  "y": "E, d/M/y – E, d/M/y G"
                },
                "yMMM": {
                  "M": "MMM – MMM y G",
                  "y": "MMM y – MMM y G"
                },
                "yMMMd": {
                  "d": "d – d MMM y G",
                  "M": "d MMM – d MMM y G",
                  "y": "d MMM y – d MMM y G"
                },
                "yMMMEd": {
                  "d": "E, d MMM – E, d MMM y G",
                  "M": "E, d MMM – E, d MMM y",
                  "y": "E, d MMM y – E, d MMM y"
                },
                "yMMMM": {
                  "M": "MMMM–MMMM y G",
                  "y": "MMMM y – MMMM y G"
                }
              }
            }
          }
        }
      }
    }
  }
}
