{
  "main": {
    "mk": {
      "identity": {
        "version": {
          "_cldrVersion": "39"
        },
        "language": "mk"
      },
      "dates": {
        "calendars": {
          "buddhist": {
            "months": {
              "format": {
                "abbreviated": {
                  "1": "јан.",
                  "2": "фев.",
                  "3": "мар.",
                  "4": "апр.",
                  "5": "мај",
                  "6": "јун.",
                  "7": "јул.",
                  "8": "авг.",
                  "9": "септ.",
                  "10": "окт.",
                  "11": "ноем.",
                  "12": "дек."
                },
                "narrow": {
                  "1": "ј",
                  "2": "ф",
                  "3": "м",
                  "4": "а",
                  "5": "м",
                  "6": "ј",
                  "7": "ј",
                  "8": "а",
                  "9": "с",
                  "10": "о",
                  "11": "н",
                  "12": "д"
                },
                "wide": {
                  "1": "јануари",
                  "2": "февруари",
                  "3": "март",
                  "4": "април",
                  "5": "мај",
                  "6": "јуни",
                  "7": "јули",
                  "8": "август",
                  "9": "септември",
                  "10": "октомври",
                  "11": "ноември",
                  "12": "декември"
                }
              },
              "stand-alone": {
                "abbreviated": {
                  "1": "јан.",
                  "2": "фев.",
                  "3": "мар.",
                  "4": "апр.",
                  "5": "мај",
                  "6": "јун.",
                  "7": "јул.",
                  "8": "авг.",
                  "9": "септ.",
                  "10": "окт.",
                  "11": "ноем.",
                  "12": "дек."
                },
                "narrow": {
                  "1": "ј",
                  "2": "ф",
                  "3": "м",
                  "4": "а",
                  "5": "м",
                  "6": "ј",
                  "7": "ј",
                  "8": "а",
                  "9": "с",
                  "10": "о",
                  "11": "н",
                  "12": "д"
                },
                "wide": {
                  "1": "јануари",
                  "2": "февруари",
                  "3": "март",
                  "4": "април",
                  "5": "мај",
                  "6": "јуни",
                  "7": "јули",
                  "8": "август",
                  "9": "септември",
                  "10": "октомври",
                  "11": "ноември",
                  "12": "декември"
                }
              }
            },
            "days": {
              "format": {
                "abbreviated": {
                  "sun": "нед.",
                  "mon": "пон.",
                  "tue": "вт.",
                  "wed": "сре.",
                  "thu": "чет.",
                  "fri": "пет.",
                  "sat": "саб."
                },
                "narrow": {
                  "sun": "н",
                  "mon": "п",
                  "tue": "в",
                  "wed": "с",
                  "thu": "ч",
                  "fri": "п",
                  "sat": "с"
                },
                "short": {
                  "sun": "нед.",
                  "mon": "пон.",
                  "tue": "вто.",
                  "wed": "сре.",
                  "thu": "чет.",
                  "fri": "пет.",
                  "sat": "саб."
                },
                "wide": {
                  "sun": "недела",
                  "mon": "понеделник",
                  "tue": "вторник",
                  "wed": "среда",
                  "thu": "четврток",
                  "fri": "петок",
                  "sat": "сабота"
                }
              },
              "stand-alone": {
                "abbreviated": {
                  "sun": "нед.",
                  "mon": "пон.",
                  "tue": "вто.",
                  "wed": "сре.",
                  "thu": "чет.",
                  "fri": "пет.",
                  "sat": "саб."
                },
                "narrow": {
                  "sun": "н",
                  "mon": "п",
                  "tue": "в",
                  "wed": "с",
                  "thu": "ч",
                  "fri": "п",
                  "sat": "с"
                },
                "short": {
                  "sun": "нед.",
                  "mon": "пон.",
                  "tue": "вто.",
                  "wed": "сре.",
                  "thu": "чет.",
                  "fri": "пет.",
                  "sat": "саб."
                },
                "wide": {
                  "sun": "недела",
                  "mon": "понеделник",
                  "tue": "вторник",
                  "wed": "среда",
                  "thu": "четврток",
                  "fri": "петок",
                  "sat": "сабота"
                }
              }
            },
            "quarters": {
              "format": {
                "abbreviated": {
                  "1": "јан-мар",
                  "2": "апр-јун",
                  "3": "јул-сеп",
                  "4": "окт-дек"
                },
                "narrow": {
                  "1": "1",
                  "2": "2",
                  "3": "3",
                  "4": "4"
                },
                "wide": {
                  "1": "прво тромесечје",
                  "2": "второ тромесечје",
                  "3": "трето тромесечје",
                  "4": "четврто тромесечје"
                }
              },
              "stand-alone": {
                "abbreviated": {
                  "1": "јан-мар",
                  "2": "апр-јун",
                  "3": "јул-сеп",
                  "4": "окт-дек"
                },
                "narrow": {
                  "1": "1",
                  "2": "2",
                  "3": "3",
                  "4": "4"
                },
                "wide": {
                  "1": "прво тромесечје",
                  "2": "второ тромесечје",
                  "3": "трето тромесечје",
                  "4": "четврто тромесечје"
                }
              }
            },
            "dayPeriods": {
              "format": {
                "abbreviated": {
                  "midnight": "полноќ",
                  "am": "претпл.",
                  "noon": "напладне",
                  "pm": "попл.",
                  "morning1": "наутро",
                  "morning2": "претпладне",
                  "afternoon1": "попладне",
                  "evening1": "навечер",
                  "night1": "ноќе"
                },
                "narrow": {
                  "midnight": "полн.",
                  "am": "претпл.",
                  "noon": "напл.",
                  "pm": "попл.",
                  "morning1": "утро",
                  "morning2": "претпл.",
                  "afternoon1": "попл.",
                  "evening1": "веч.",
                  "night1": "ноќе"
                },
                "wide": {
                  "midnight": "полноќ",
                  "am": "претпладне",
                  "noon": "напладне",
                  "pm": "попладне",
                  "morning1": "наутро",
                  "morning2": "претпладне",
                  "afternoon1": "попладне",
                  "evening1": "навечер",
                  "night1": "по полноќ"
                }
              },
              "stand-alone": {
                "abbreviated": {
                  "midnight": "полноќ",
                  "am": "претпл.",
                  "noon": "напладне",
                  "pm": "попл.",
                  "morning1": "наутро",
                  "morning2": "претпл.",
                  "afternoon1": "попл.",
                  "evening1": "навечер",
                  "night1": "по полноќ"
                },
                "narrow": {
                  "midnight": "полноќ",
                  "am": "претпл.",
                  "noon": "пладне",
                  "pm": "попл.",
                  "morning1": "наутро",
                  "morning2": "претпл.",
                  "afternoon1": "попл.",
                  "evening1": "навечер",
                  "night1": "по полноќ"
                },
                "wide": {
                  "midnight": "на полноќ",
                  "am": "претпладне",
                  "noon": "напладне",
                  "pm": "попладне",
                  "morning1": "наутро",
                  "morning2": "претпладне",
                  "afternoon1": "попладне",
                  "evening1": "навечер",
                  "night1": "по полноќ"
                }
              }
            },
            "eras": {
              "eraNames": {
                "0": "BE"
              },
              "eraAbbr": {
                "0": "BE"
              },
              "eraNarrow": {
                "0": "BE"
              }
            },
            "dateFormats": {
              "full": "EEEE, dd MMMM y 'г'. G",
              "long": "dd MMMM y 'г'. G",
              "medium": "dd.M.y G",
              "short": "dd.M.y GGGGG"
            },
            "timeFormats": {
              "full": "HH:mm:ss zzzz",
              "long": "HH:mm:ss z",
              "medium": "HH:mm:ss",
              "short": "HH:mm"
            },
            "dateTimeFormats": {
              "full": "{1} {0}",
              "long": "{1} {0}",
              "medium": "{1} {0}",
              "short": "{1} {0}",
              "availableFormats": {
                "Bh": "h B",
                "Bhm": "h:mm B",
                "Bhms": "h:mm:ss B",
                "d": "d",
                "E": "E",
                "EBhm": "E h:mm B",
                "EBhms": "E h:mm:ss B",
                "Ed": "d E",
                "Ehm": "E h:mm a",
                "EHm": "E HH:mm",
                "Ehms": "E h:mm:ss a",
                "EHms": "E HH:mm:ss",
                "Gy": "y 'г'. G",
                "GyMMM": "MMM y 'г'. G",
                "GyMMMd": "dd MMM y 'г'. G",
                "GyMMMEd": "E, dd MMM y 'г'. G",
                "h": "h a",
                "H": "HH",
                "hm": "h:mm a",
                "Hm": "HH:mm",
                "hms": "h:mm:ss a",
                "Hms": "HH:mm:ss",
                "M": "L",
                "Md": "dd.M",
                "MEd": "E, dd.M",
                "MMM": "LLL",
                "MMMd": "dd MMM",
                "MMMEd": "E, dd MMM",
                "MMMMd": "dd MMMM",
                "MMMMEd": "E, dd MMMM",
                "ms": "mm:ss",
                "y": "y 'г'. G",
                "yyyy": "y 'г'. G",
                "yyyyM": "M.y G",
                "yyyyMd": "dd.M.y G",
                "yyyyMEd": "E, dd.M.y G",
                "yyyyMMM": "MMM y 'г'. G",
                "yyyyMMMd": "dd MMM y 'г'. G",
                "yyyyMMMEd": "E, dd MMM y 'г'. G",
                "yyyyMMMM": "MMMM y 'г'. G",
                "yyyyQQQ": "QQQ y G",
                "yyyyQQQQ": "QQQ y G"
              },
              "appendItems": {
                "Day": "{0} ({2}: {1})",
                "Day-Of-Week": "{0} {1}",
                "Era": "{1} {0}",
                "Hour": "{0} ({2}: {1})",
                "Minute": "{0} ({2}: {1})",
                "Month": "{0} ({2}: {1})",
                "Quarter": "{0} ({2}: {1})",
                "Second": "{0} ({2}: {1})",
                "Timezone": "{0} {1}",
                "Week": "{0} ({2}: {1})",
                "Year": "{1} {0}"
              },
              "intervalFormats": {
                "intervalFormatFallback": "{0} - {1}",
                "Bh": {
                  "B": "h B – h B",
                  "h": "h – h B"
                },
                "Bhm": {
                  "B": "h:mm B – h:mm B",
                  "h": "h:mm – h:mm B",
                  "m": "h:mm – h:mm B"
                },
                "d": {
                  "d": "d–d"
                },
                "Gy": {
                  "G": "G y – G y",
                  "y": "G y – y"
                },
                "GyM": {
                  "G": "GGGGG y-MM – GGGGG y-MM",
                  "M": "GGGGG y-MM – y-MM",
                  "y": "GGGGG y-MM – y-MM"
                },
                "GyMd": {
                  "d": "GGGGG y-MM-dd – y-MM-dd",
                  "G": "GGGGG y-MM-dd – GGGGG y-MM-dd",
                  "M": "GGGGG y-MM-dd – y-MM-dd",
                  "y": "GGGGG y-MM-dd – y-MM-dd"
                },
                "GyMEd": {
                  "d": "GGGGG y-MM-dd, E – y-MM-dd, E",
                  "G": "GGGGG y-MM-dd, E – GGGGG y-MM-dd, E",
                  "M": "GGGGG y-MM-dd, E – y-MM-dd, E",
                  "y": "GGGGG y-MM-dd, E – y-MM-dd, E"
                },
                "GyMMM": {
                  "G": "G y MMM – G y MMM",
                  "M": "G y MMM – MMM",
                  "y": "G y MMM – y MMM"
                },
                "GyMMMd": {
                  "d": "G y MMM d–d",
                  "G": "G y MMM d – G y MMM d",
                  "M": "G y MMM d – MMM d",
                  "y": "G y MMM d – y MMM d"
                },
                "GyMMMEd": {
                  "d": "G y MMM d, E – MMM d, E",
                  "G": "G y MMM d, E – G y MMM d, E",
                  "M": "G y MMM d, E – MMM d, E",
                  "y": "G y MMM d, E – y MMM d, E"
                },
                "h": {
                  "a": "h a – h a",
                  "h": "h–h a"
                },
                "H": {
                  "H": "HH–HH"
                },
                "hm": {
                  "a": "h:mm a – h:mm a",
                  "h": "h:mm–h:mm a",
                  "m": "h:mm–h:mm a"
                },
                "Hm": {
                  "H": "HH:mm–HH:mm",
                  "m": "HH:mm–HH:mm"
                },
                "hmv": {
                  "a": "h:mm a – h:mm a v",
                  "h": "h:mm–h:mm a v",
                  "m": "h:mm–h:mm a v"
                },
                "Hmv": {
                  "H": "HH:mm–HH:mm v",
                  "m": "HH:mm–HH:mm v"
                },
                "hv": {
                  "a": "h a – h a v",
                  "h": "h–h a v"
                },
                "Hv": {
                  "H": "HH–HH v"
                },
                "M": {
                  "M": "M–M"
                },
                "Md": {
                  "d": "dd.M – dd.M",
                  "M": "dd.M – dd.M"
                },
                "MEd": {
                  "d": "E, dd.M – E, dd.M",
                  "M": "E, dd.M – E, dd.M"
                },
                "MMM": {
                  "M": "MMM–MMM"
                },
                "MMMd": {
                  "d": "dd–dd MMM",
                  "M": "dd MMM – dd MMM"
                },
                "MMMEd": {
                  "d": "E, dd – E, dd MMM",
                  "M": "E, dd MMM – E, dd MMM"
                },
                "MMMM": {
                  "M": "LLLL–LLLL"
                },
                "y": {
                  "y": "y–y G"
                },
                "yM": {
                  "M": "M.y – M.y G",
                  "y": "M.y – M.y G"
                },
                "yMd": {
                  "d": "dd.M.y – dd.M.y G",
                  "M": "dd.M.y – dd.M.y G",
                  "y": "dd.M.y – dd.M.y G"
                },
                "yMEd": {
                  "d": "E, dd.M.y – E, dd.M.y G",
                  "M": "E, dd.M.y – E, dd.M.y G",
                  "y": "E, dd.M.y – E, dd.M.y G"
                },
                "yMMM": {
                  "M": "MMM–MMM y G",
                  "y": "MMM y – MMM y G"
                },
                "yMMMd": {
                  "d": "dd–dd MMM y G",
                  "M": "dd MMM – dd MMM y G",
                  "y": "dd MMM y – dd MMM y G"
                },
                "yMMMEd": {
                  "d": "E, dd – E, dd MMM y G",
                  "M": "E, dd MMM – E, dd MMM y G",
                  "y": "E, dd MMM y – E, dd MMM y G"
                },
                "yMMMM": {
                  "M": "MMMM–MMMM y G",
                  "y": "MMMM y – MMMM y G"
                }
              }
            }
          }
        }
      }
    }
  }
}
