{
  "main": {
    "km": {
      "identity": {
        "version": {
          "_cldrVersion": "39"
        },
        "language": "km"
      },
      "dates": {
        "calendars": {
          "buddhist": {
            "months": {
              "format": {
                "abbreviated": {
                  "1": "មករា",
                  "2": "កុម្ភៈ",
                  "3": "មីនា",
                  "4": "មេសា",
                  "5": "ឧសភា",
                  "6": "មិថុនា",
                  "7": "កក្កដា",
                  "8": "សីហា",
                  "9": "កញ្ញា",
                  "10": "តុលា",
                  "11": "វិច្ឆិកា",
                  "12": "ធ្នូ"
                },
                "narrow": {
                  "1": "ម",
                  "2": "ក",
                  "3": "ម",
                  "4": "ម",
                  "5": "ឧ",
                  "6": "ម",
                  "7": "ក",
                  "8": "ស",
                  "9": "ក",
                  "10": "ត",
                  "11": "វ",
                  "12": "ធ"
                },
                "wide": {
                  "1": "មករា",
                  "2": "កុម្ភៈ",
                  "3": "មីនា",
                  "4": "មេសា",
                  "5": "ឧសភា",
                  "6": "មិថុនា",
                  "7": "កក្កដា",
                  "8": "សីហា",
                  "9": "កញ្ញា",
                  "10": "តុលា",
                  "11": "វិច្ឆិកា",
                  "12": "ធ្នូ"
                }
              },
              "stand-alone": {
                "abbreviated": {
                  "1": "មករា",
                  "2": "កុម្ភៈ",
                  "3": "មីនា",
                  "4": "មេសា",
                  "5": "ឧសភា",
                  "6": "មិថុនា",
                  "7": "កក្កដា",
                  "8": "សីហា",
                  "9": "កញ្ញា",
                  "10": "តុលា",
                  "11": "វិច្ឆិកា",
                  "12": "ធ្នូ"
                },
                "narrow": {
                  "1": "ម",
                  "2": "ក",
                  "3": "ម",
                  "4": "ម",
                  "5": "ឧ",
                  "6": "ម",
                  "7": "ក",
                  "8": "ស",
                  "9": "ក",
                  "10": "ត",
                  "11": "វ",
                  "12": "ធ"
                },
                "wide": {
                  "1": "មករា",
                  "2": "កុម្ភៈ",
                  "3": "មីនា",
                  "4": "មេសា",
                  "5": "ឧសភា",
                  "6": "មិថុនា",
                  "7": "កក្កដា",
                  "8": "សីហា",
                  "9": "កញ្ញា",
                  "10": "តុលា",
                  "11": "វិច្ឆិកា",
                  "12": "ធ្នូ"
                }
              }
            },
            "days": {
              "format": {
                "abbreviated": {
                  "sun": "អាទិត្យ",
                  "mon": "ចន្ទ",
                  "tue": "អង្គារ",
                  "wed": "ពុធ",
                  "thu": "ព្រហ",
                  "fri": "សុក្រ",
                  "sat": "សៅរ៍"
                },
                "narrow": {
                  "sun": "អ",
                  "mon": "ច",
                  "tue": "អ",
                  "wed": "ព",
                  "thu": "ព",
                  "fri": "ស",
                  "sat": "ស"
                },
                "short": {
                  "sun": "អា",
                  "mon": "ច",
                  "tue": "អ",
                  "wed": "ពុ",
                  "thu": "ព្រ",
                  "fri": "សុ",
                  "sat": "ស"
                },
                "wide": {
                  "sun": "អាទិត្យ",
                  "mon": "ច័ន្ទ",
                  "tue": "អង្គារ",
                  "wed": "ពុធ",
                  "thu": "ព្រហស្បតិ៍",
                  "fri": "សុក្រ",
                  "sat": "សៅរ៍"
                }
              },
              "stand-alone": {
                "abbreviated": {
                  "sun": "អាទិត្យ",
                  "mon": "ចន្ទ",
                  "tue": "អង្គារ",
                  "wed": "ពុធ",
                  "thu": "ព្រហ",
                  "fri": "សុក្រ",
                  "sat": "សៅរ៍"
                },
                "narrow": {
                  "sun": "អ",
                  "mon": "ច",
                  "tue": "អ",
                  "wed": "ព",
                  "thu": "ព",
                  "fri": "ស",
                  "sat": "ស"
                },
                "short": {
                  "sun": "អា",
                  "mon": "ច",
                  "tue": "អ",
                  "wed": "ពុ",
                  "thu": "ព្រ",
                  "fri": "សុ",
                  "sat": "ស"
                },
                "wide": {
                  "sun": "អាទិត្យ",
                  "mon": "ចន្ទ",
                  "tue": "អង្គារ",
                  "wed": "ពុធ",
                  "thu": "ព្រហស្បតិ៍",
                  "fri": "សុក្រ",
                  "sat": "សៅរ៍"
                }
              }
            },
            "quarters": {
              "format": {
                "abbreviated": {
                  "1": "ត្រីមាសទី 1",
                  "2": "ត្រីមាសទី 2",
                  "3": "ត្រីមាសទី 3",
                  "4": "ត្រីមាសទី 4"
                },
                "narrow": {
                  "1": "1",
                  "2": "2",
                  "3": "3",
                  "4": "4"
                },
                "wide": {
                  "1": "ត្រីមាសទី 1",
                  "2": "ត្រីមាសទី 2",
                  "3": "ត្រីមាសទី 3",
                  "4": "ត្រីមាសទី 4"
                }
              },
              "stand-alone": {
                "abbreviated": {
                  "1": "ត្រីមាសទី 1",
                  "2": "ត្រីមាសទី 2",
                  "3": "ត្រីមាសទី 3",
                  "4": "ត្រីមាសទី 4"
                },
                "narrow": {
                  "1": "1",
                  "2": "2",
                  "3": "3",
                  "4": "4"
                },
                "wide": {
                  "1": "ត្រីមាសទី 1",
                  "2": "ត្រីមាសទី 2",
                  "3": "ត្រីមាសទី 3",
                  "4": "ត្រីមាសទី 4"
                }
              }
            },
            "dayPeriods": {
              "format": {
                "abbreviated": {
                  "midnight": "អធ្រាត្រ",
                  "am": "AM",
                  "noon": "ថ្ងៃត្រង់",
                  "pm": "PM",
                  "morning1": "នៅពេល​ព្រឹក",
                  "afternoon1": "នៅពេលរសៀល",
                  "evening1": "នៅពេល​ល្ងាច",
                  "night1": "នៅពេល​យប់"
                },
                "narrow": {
                  "midnight": "អធ្រាត្រ",
                  "am": "a",
                  "noon": "ថ្ងៃត្រង់",
                  "pm": "p",
                  "morning1": "នៅពេល​ព្រឹក",
                  "afternoon1": "នៅពេលរសៀល",
                  "evening1": "នៅពេល​ល្ងាច",
                  "night1": "នៅពេល​យប់"
                },
                "wide": {
                  "midnight": "អធ្រាត្រ",
                  "am": "AM",
                  "noon": "ថ្ងៃត្រង់",
                  "pm": "PM",
                  "morning1": "នៅពេល​ព្រឹក",
                  "afternoon1": "នៅពេលរសៀល",
                  "evening1": "នៅពេល​ល្ងាច",
                  "night1": "នៅពេល​យប់"
                }
              },
              "stand-alone": {
                "abbreviated": {
                  "midnight": "អធ្រាត្រ",
                  "am": "AM",
                  "noon": "ថ្ងៃ​ត្រង់",
                  "pm": "PM",
                  "morning1": "ព្រឹក",
                  "afternoon1": "រសៀល",
                  "evening1": "ល្ងាច",
                  "night1": "យប់"
                },
                "narrow": {
                  "midnight": "អធ្រាត្រ",
                  "am": "AM",
                  "noon": "ថ្ងៃ​ត្រង់",
                  "pm": "PM",
                  "morning1": "ព្រឹក",
                  "afternoon1": "រសៀល",
                  "evening1": "ល្ងាច",
                  "night1": "យប់"
                },
                "wide": {
                  "midnight": "អធ្រាត្រ",
                  "am": "AM",
                  "noon": "ថ្ងៃ​ត្រង់",
                  "pm": "PM",
                  "morning1": "ព្រឹក",
                  "afternoon1": "រសៀល",
                  "evening1": "ល្ងាច",
                  "night1": "យប់"
                }
              }
            },
            "eras": {
              "eraNames": {
                "0": "BE"
              },
              "eraAbbr": {
                "0": "BE"
              },
              "eraNarrow": {
                "0": "BE"
              }
            },
            "dateFormats": {
              "full": "EEEE d MMMM y G",
              "long": "d MMMM y G",
              "medium": "d MMM y G",
              "short": "d/M/y GGGGG"
            },
            "timeFormats": {
              "full": "h:mm:ss a zzzz",
              "long": "h:mm:ss a z",
              "medium": "h:mm:ss a",
              "short": "h:mm a"
            },
            "dateTimeFormats": {
              "full": "{1} នៅ​ម៉ោង {0}",
              "long": "{1} នៅ​ម៉ោង {0}",
              "medium": "{1}, {0}",
              "short": "{1}, {0}",
              "availableFormats": {
                "Bh": "h B",
                "Bhm": "h:mm B",
                "Bhms": "h:mm:ss B",
                "d": "d",
                "E": "ccc",
                "EBhm": "E h:mm B",
                "EBhms": "E h:mm:ss B",
                "Ed": "d E",
                "Ehm": "E h:mm a",
                "EHm": "E HH:mm",
                "Ehms": "E h:mm:ss a",
                "EHms": "E HH:mm:ss",
                "Gy": "y G",
                "GyMMM": "MMM y G",
                "GyMMMd": "d MMM y G",
                "GyMMMEd": "E, d MMM y G",
                "h": "h a",
                "H": "HH",
                "hm": "h:mm a",
                "Hm": "HH:mm",
                "hms": "h:mm:ss a",
                "Hms": "HH:mm:ss",
                "M": "L",
                "Md": "d/M",
                "MEd": "E d/M",
                "MMM": "LLL",
                "MMMd": "d MMM",
                "MMMEd": "E d MMM",
                "MMMMd": "d MMMM",
                "ms": "mm:ss",
                "y": "y G",
                "yyyy": "y G",
                "yyyyM": "M/y GGGGG",
                "yyyyMd": "d/M/y GGGGG",
                "yyyyMEd": "E d/M/y GGGGG",
                "yyyyMMM": "MMM y G",
                "yyyyMMMd": "d MMM y G",
                "yyyyMMMEd": "E, d MMM y G",
                "yyyyMMMM": "G y MMMM",
                "yyyyQQQ": "QQQ y G",
                "yyyyQQQQ": "QQQQ y G"
              },
              "appendItems": {
                "Day": "{0} ({2}: {1})",
                "Day-Of-Week": "{0} {1}",
                "Era": "{1} {0}",
                "Hour": "{0} ({2}: {1})",
                "Minute": "{0} ({2}: {1})",
                "Month": "{0} ({2}: {1})",
                "Quarter": "{0} ({2}: {1})",
                "Second": "{0} ({2}: {1})",
                "Timezone": "{0} {1}",
                "Week": "{0} ({2}: {1})",
                "Year": "{1} {0}"
              },
              "intervalFormats": {
                "intervalFormatFallback": "{0} - {1}",
                "Bh": {
                  "B": "h B – h B",
                  "h": "h – h B"
                },
                "Bhm": {
                  "B": "h:mm B – h:mm B",
                  "h": "h:mm – h:mm B",
                  "m": "h:mm – h:mm B"
                },
                "d": {
                  "d": "d – d"
                },
                "Gy": {
                  "G": "y G – y G",
                  "y": "y – y G"
                },
                "GyM": {
                  "G": "M/y GGGGG – M/y GGGGG",
                  "M": "M/y – M/y GGGGG",
                  "y": "M/y – M/y GGGGG"
                },
                "GyMd": {
                  "d": "d/M/y – d/M/y GGGGG",
                  "G": "d/M/y GGGGG – d/M/y GGGGG",
                  "M": "d/M/y – d/M/y GGGGG",
                  "y": "d/M/y – d/M/y GGGGG"
                },
                "GyMEd": {
                  "d": "E d/M/y – E d/M/y GGGGG",
                  "G": "E d/M/y GGGGG – E d/M/y GGGGG",
                  "M": "E d/M/y – E d/M/y GGGGG",
                  "y": "E d/M/y – E d/M/y GGGGG"
                },
                "GyMMM": {
                  "G": "MMM y G – MMM y G",
                  "M": "MMM – MMM y G",
                  "y": "MMM y – MMM y G"
                },
                "GyMMMd": {
                  "d": "d – d MMM y G",
                  "G": "d MMM y G – d MMM y G",
                  "M": "d MMM – d MMM y G",
                  "y": "d MMM y – d MMM y G"
                },
                "GyMMMEd": {
                  "d": "E d MMM – E d MMM y G",
                  "G": "E d MMM y G – E d MMM y G",
                  "M": "E d MMM – E d MMM y G",
                  "y": "E d MMM y – E d MMM y G"
                },
                "h": {
                  "a": "h a – h a",
                  "h": "h–h a"
                },
                "H": {
                  "H": "H–H"
                },
                "hm": {
                  "a": "h:mm a – h:mm a",
                  "h": "h:mm–h:mm a",
                  "m": "h:mm–h:mm a"
                },
                "Hm": {
                  "H": "H:mm–H:mm",
                  "m": "H:mm–H:mm"
                },
                "hmv": {
                  "a": "h:mm a – h:mm a v",
                  "h": "h:mm–h:mm a v",
                  "m": "h:mm–h:mm a v"
                },
                "Hmv": {
                  "H": "H:mm–H:mm v",
                  "m": "H:mm–H:mm v"
                },
                "hv": {
                  "a": "h a – h a v",
                  "h": "h–h a v"
                },
                "Hv": {
                  "H": "H–H v"
                },
                "M": {
                  "M": "M – M"
                },
                "Md": {
                  "d": "d/M – d/M",
                  "M": "d/M – d/M"
                },
                "MEd": {
                  "d": "E, d/M– E, d/M",
                  "M": "E, d/M – E, d/M"
                },
                "MMM": {
                  "M": "MMM – MMM"
                },
                "MMMd": {
                  "d": "d – d MMM",
                  "M": "d MMM – d MMM"
                },
                "MMMEd": {
                  "d": "E, d MMM – E, d MMM",
                  "M": "E, d MMM – E, d MMM"
                },
                "y": {
                  "y": "y – y G"
                },
                "yM": {
                  "M": "M/y – M/y GGGGG",
                  "y": "M/y – M/y GGGGG"
                },
                "yMd": {
                  "d": "d/M/y – d/M/y G",
                  "M": "d/M/y – d/M/y GGGGG",
                  "y": "d/M/y – d/M/y GGGGG"
                },
                "yMEd": {
                  "d": "E, d/M/y – E, d/M/y GGGGG",
                  "M": "E, d/M/y – E, d/M/y GGGGG",
                  "y": "E, d/M/y – E, d/M/y GGGGG"
                },
                "yMMM": {
                  "M": "MMM – MMM y G",
                  "y": "MM-y – MM-y G"
                },
                "yMMMd": {
                  "d": "d–d MMM y G",
                  "M": "d MMM – d MMM y G",
                  "y": "d MMM, y – d MMM, y G"
                },
                "yMMMEd": {
                  "d": "E, d MMM – E, d MMM, y G",
                  "M": "E, d MMM – E, d MMM, y G",
                  "y": "E, d MMM, y – E, d MMM, y G"
                },
                "yMMMM": {
                  "M": "MMMM – MMMM y G",
                  "y": "MMMM y – MMMM y G"
                }
              }
            }
          }
        }
      }
    }
  }
}
