{
  "bootstrap-sha": "76f43140ae57964c871bb654d70d88ecc2210cb1",
  "packages": {
    ".": {
      "release-type": "ruby",
      "changelog-path": "CHANGELOG.md",
      "bump-minor-pre-major": true,
      "bump-patch-for-minor-pre-major": true,
      "draft": false,
      "prerelease": false,
      "include-v-in-tag": false,
      "changelog-sections": [
        {
          "type": "feat",
          "section": "Features"
        },
        {
          "type": "feature",
          "section": "Features"
        },
        {
          "type": "fix",
          "section": "Bug Fixes"
        },
        {
          "type": "perf",
          "section": "Performance Improvements"
        },
        {
          "type": "revert",
          "section": "Reverts"
        },
        {
          "type": "docs",
          "section": "Documentation"
        },
        {
          "type": "style",
          "section": "Styles"
        },
        {
          "type": "chore",
          "section": "Miscellaneous Chores"
        },
        {
          "type": "refactor",
          "section": "Code Refactoring"
        },
        {
          "type": "test",
          "section": "Tests"
        },
        {
          "type": "build",
          "section": "Build System"
        },
        {
          "type": "ci",
          "section": "Continuous Integration"
        }
      ]
    }
  },
  "$schema": "https://raw.githubusercontent.com/googleapis/release-please/main/schemas/config.json"
}
