{
  "annotations": {
    "identity": {
      "version": {
        "_cldrVersion": "39"
      },
      "language": "sr",
      "script": "Cyrl",
      "territory": "BA"
    },
    "annotations": {
      "{": {
        "default": [
          "лијева витичаста заграда"
        ],
        "tts": [
          "лијева витичаста заграда"
        ]
      },
      "🏻": {
        "default": [
          "свијетла кожа"
        ],
        "tts": [
          "свијетла кожа"
        ]
      },
      "🏼": {
        "default": [
          "средње свијетла кожа"
        ],
        "tts": [
          "средње свијетла кожа"
        ]
      },
      "🏽": {
        "default": [
          "ни свијетла ни тамна кожа"
        ],
        "tts": [
          "ни свијетла ни тамна кожа"
        ]
      },
      ":": {
        "default": [
          "двије тачке"
        ],
        "tts": [
          "двије тачке"
        ]
      },
      "‘": {
        "default": [
          "лијеви апостроф"
        ],
        "tts": [
          "лијеви апостроф"
        ]
      },
      "“": {
        "default": [
          "лијеви наводник"
        ],
        "tts": [
          "лијеви наводник"
        ]
      },
      "«": {
        "default": [
          "лијеви француски наводник"
        ],
        "tts": [
          "лијеви француски наводник"
        ]
      },
      "[": {
        "default": [
          "лијева угласта заграда"
        ],
        "tts": [
          "лијева угласта заграда"
        ]
      },
      "〈": {
        "default": [
          "лијева тупоугла заграда"
        ],
        "tts": [
          "лијева тупоугла заграда"
        ]
      },
      "《": {
        "default": [
          "лијева двострука тупоугла заграда"
        ],
        "tts": [
          "лијева двострука тупоугла заграда"
        ]
      },
      "「": {
        "default": [
          "лијева једноугласта заграда"
        ],
        "tts": [
          "лијева једноугласта заграда"
        ]
      },
      "『": {
        "default": [
          "лијева шупља једноугласта заграда"
        ],
        "tts": [
          "лијева шупља једноугласта заграда"
        ]
      },
      "【": {
        "default": [
          "црна лијева конкавна заграда"
        ],
        "tts": [
          "црна лијева конкавна заграда"
        ]
      },
      "〔": {
        "default": [
          "лијева саћаста заграда"
        ],
        "tts": [
          "лијева саћаста заграда"
        ]
      },
      "〖": {
        "default": [
          "лијева конкавна шупља заграда"
        ],
        "tts": [
          "лијева конкавна шупља заграда"
        ]
      },
      "§": {
        "default": [
          "одјељак"
        ],
        "tts": [
          "одјељак"
        ]
      },
      "*": {
        "default": [
          "звјездица"
        ],
        "tts": [
          "звјездица"
        ]
      },
      "°": {
        "default": [
          "степен"
        ]
      },
      "℗": {
        "default": [
          "ауторско право о снимању звука"
        ]
      },
      "←": {
        "default": [
          "стрелица која показује налијево"
        ],
        "tts": [
          "стрелица која показује налијево"
        ]
      },
      "↚": {
        "default": [
          "коса црта са стрелицом налијево"
        ],
        "tts": [
          "коса црта са стрелицом налијево"
        ]
      },
      "↓": {
        "default": [
          "стрелица која показује надоље"
        ],
        "tts": [
          "стрелица која показује надоље"
        ]
      },
      "↞": {
        "default": [
          "стрелица налијево са два врха"
        ],
        "tts": [
          "стрелица налијево са два врха"
        ]
      },
      "↡": {
        "default": [
          "стрелица надоље са два врха"
        ],
        "tts": [
          "стрелица надоље са два врха"
        ]
      },
      "↰": {
        "default": [
          "стрелица нагоре са врхом налијево"
        ],
        "tts": [
          "стрелица нагоре са врхом налијево"
        ]
      },
      "↲": {
        "default": [
          "стрелица надоље са врхом налијево"
        ],
        "tts": [
          "стрелица надоље са врхом налијево"
        ]
      },
      "↳": {
        "default": [
          "стрелица надоље са врхом надесно"
        ],
        "tts": [
          "стрелица надоље са врхом надесно"
        ]
      },
      "⇄": {
        "default": [
          "стрелица удесно изнад стрелице налијево"
        ],
        "tts": [
          "стрелица удесно изнад стрелице налијево"
        ]
      },
      "⇅": {
        "default": [
          "стрелица нагоре и стрелица надоље"
        ],
        "tts": [
          "стрелица нагоре и стрелица надоље"
        ]
      },
      "⇆": {
        "default": [
          "стрелица налијево изнад стрелице надесно"
        ],
        "tts": [
          "стрелица налијево изнад стрелице надесно"
        ]
      },
      "⇇": {
        "default": [
          "упарене стрелице налијево"
        ],
        "tts": [
          "упарене стрелице налијево"
        ]
      },
      "⇊": {
        "default": [
          "упарене стрелице надоље"
        ],
        "tts": [
          "упарене стрелице надоље"
        ]
      },
      "⇐": {
        "default": [
          "двострука стрелца налијево"
        ],
        "tts": [
          "двострука стрелца налијево"
        ]
      },
      "⇓": {
        "default": [
          "двострука стрелица надоље"
        ],
        "tts": [
          "двострука стрелица надоље"
        ]
      },
      "⇔": {
        "default": [
          "двострука стрелица налијево и надесно"
        ],
        "tts": [
          "двострука стрелица налијево и надесно"
        ]
      },
      "⇖": {
        "default": [
          "двострука стрелица нагоре и налијево"
        ],
        "tts": [
          "двострука стрелица нагоре и налијево"
        ]
      },
      "⇘": {
        "default": [
          "двострука стрелица надоље и надесно"
        ],
        "tts": [
          "двострука стрелица надоље и надесно"
        ]
      },
      "⇙": {
        "default": [
          "двострука стрелица надоље и налијево"
        ],
        "tts": [
          "двострука стрелица надоље и налијево"
        ]
      },
      "⇚": {
        "default": [
          "трострука стрелица налијево"
        ],
        "tts": [
          "трострука стрелица налијево"
        ]
      },
      "⇠": {
        "default": [
          "испрекидана цртица налијево"
        ],
        "tts": [
          "испрекидана цртица налијево"
        ]
      },
      "⇣": {
        "default": [
          "испрекидана цртица надоље"
        ],
        "tts": [
          "испрекидана цртица надоље"
        ]
      },
      "÷": {
        "default": [
          "знак дијељења"
        ],
        "tts": [
          "знак дијељења"
        ]
      },
      "√": {
        "default": [
          "квадратни коријен"
        ],
        "tts": [
          "квадратни коријен"
        ]
      },
      "∩": {
        "default": [
          "пресјек"
        ],
        "tts": [
          "пресјек"
        ]
      },
      "▼": {
        "default": [
          "испуњен троугао окренут надоље"
        ],
        "tts": [
          "испуњен троугао окренут надоље"
        ]
      },
      "😀": {
        "default": [
          "лице са широким осмијехом"
        ],
        "tts": [
          "лице са широким осмијехом"
        ]
      },
      "😃": {
        "default": [
          "лице са одушевљеним осмијехом"
        ],
        "tts": [
          "лице са одушевљеним осмијехом"
        ]
      },
      "😄": {
        "default": [
          "лице које се слатко смије"
        ],
        "tts": [
          "лице које се слатко смије"
        ]
      },
      "😁": {
        "default": [
          "лице са кезом"
        ]
      },
      "😆": {
        "default": [
          "лице са злочестим осмијехом"
        ],
        "tts": [
          "лице са злочестим осмијехом"
        ]
      },
      "😅": {
        "default": [
          "лице са нервозним осмијехом"
        ],
        "tts": [
          "лице са нервозним осмијехом"
        ]
      },
      "🤣": {
        "default": [
          "ваљање од смијеха"
        ],
        "tts": [
          "ваљање од смијеха"
        ]
      },
      "😂": {
        "default": [
          "лице са сузама радосницама"
        ]
      },
      "🙂": {
        "default": [
          "благо насмијано лице"
        ],
        "tts": [
          "благо насмијано лице"
        ]
      },
      "🙃": {
        "default": [
          "лице окренуто наопако"
        ]
      },
      "😊": {
        "default": [
          "насмијано лице са насмијаним очима"
        ],
        "tts": [
          "насмијано лице са насмијаним очима"
        ]
      },
      "😇": {
        "default": [
          "насмијано лице са ореолом"
        ],
        "tts": [
          "насмијано лице са ореолом"
        ]
      },
      "😍": {
        "default": [
          "насмијано лице са очима у облику срца"
        ],
        "tts": [
          "насмијано лице са очима у облику срца"
        ]
      },
      "🤩": {
        "default": [
          "под срећном звијездом"
        ],
        "tts": [
          "под срећном звијездом"
        ]
      },
      "😘": {
        "default": [
          "лице које шаље пољубац"
        ]
      },
      "☺": {
        "default": [
          "насмијано лице"
        ],
        "tts": [
          "насмијано лице"
        ]
      },
      "😙": {
        "default": [
          "лице које љуби са насмијаним очима"
        ],
        "tts": [
          "лице које љуби са насмијаним очима"
        ]
      },
      "🥲": {
        "default": [
          "насмијано лице са сузом"
        ],
        "tts": [
          "насмијано лице са сузом"
        ]
      },
      "😋": {
        "default": [
          "лице које ужива у укусној храни"
        ]
      },
      "🤪": {
        "default": [
          "лудачко лице"
        ]
      },
      "🤑": {
        "default": [
          "похлепно лице"
        ]
      },
      "🤗": {
        "default": [
          "лице које грли"
        ]
      },
      "🤔": {
        "default": [
          "лице које размишља"
        ]
      },
      "🤐": {
        "default": [
          "лице са запечаћеним устима"
        ]
      },
      "🤨": {
        "default": [
          "лице са уздигнутом обрвом"
        ]
      },
      "😐": {
        "default": [
          "лице са неутралним изразом"
        ]
      },
      "😶": {
        "default": [
          "лице без уста"
        ]
      },
      "😏": {
        "default": [
          "лице које се злобно смјешка"
        ],
        "tts": [
          "лице које се злобно смјешка"
        ]
      },
      "😒": {
        "default": [
          "сморено лице"
        ]
      },
      "🙄": {
        "default": [
          "лице које колута очима"
        ]
      },
      "🤥": {
        "default": [
          "лажљивац"
        ]
      },
      "😌": {
        "default": [
          "спокојно лице"
        ]
      },
      "😔": {
        "default": [
          "замишљено лице"
        ]
      },
      "🤤": {
        "default": [
          "лице којем иде вода на уста"
        ]
      },
      "😷": {
        "default": [
          "лице са медицинском маском"
        ]
      },
      "🤒": {
        "default": [
          "лице са топломјером"
        ],
        "tts": [
          "лице са топломјером"
        ]
      },
      "🤢": {
        "default": [
          "лице којем је мука"
        ]
      },
      "🥵": {
        "default": [
          "вруће лице"
        ]
      },
      "🥶": {
        "default": [
          "хладно лице"
        ]
      },
      "🤯": {
        "default": [
          "глава експлодира"
        ]
      },
      "🤠": {
        "default": [
          "лице каубоја"
        ]
      },
      "🥳": {
        "default": [
          "лице на журци"
        ]
      },
      "🥸": {
        "default": [
          "прерушено лице"
        ]
      },
      "😎": {
        "default": [
          "насмијано лице са наочарима за сунце"
        ],
        "tts": [
          "насмијано лице са наочарима за сунце"
        ]
      },
      "🤓": {
        "default": [
          "штреберско лице"
        ]
      },
      "😟": {
        "default": [
          "забринуто лице"
        ]
      },
      "😮": {
        "default": [
          "лице са отвореним устима"
        ]
      },
      "😯": {
        "default": [
          "изненађено лице"
        ]
      },
      "😲": {
        "default": [
          "запањено лице"
        ]
      },
      "😳": {
        "default": [
          "зајапурено лице"
        ]
      },
      "😧": {
        "default": [
          "избезумљено лице"
        ]
      },
      "😨": {
        "default": [
          "уплашено лице"
        ]
      },
      "😰": {
        "default": [
          "лице са отвореним устима, обливено хладним знојем"
        ]
      },
      "😱": {
        "default": [
          "лице које вришти од страха"
        ]
      },
      "😖": {
        "default": [
          "лице у недоумици"
        ]
      },
      "😣": {
        "default": [
          "измучено лице"
        ]
      },
      "😞": {
        "default": [
          "разочарано лице"
        ]
      },
      "😓": {
        "default": [
          "лице обливено хладним знојем"
        ]
      },
      "😩": {
        "default": [
          "преморено лице"
        ]
      },
      "😫": {
        "default": [
          "уморно лице"
        ]
      },
      "🥱": {
        "default": [
          "лице зијева"
        ],
        "tts": [
          "лице зијева"
        ]
      },
      "😡": {
        "default": [
          "надурено лице"
        ]
      },
      "😠": {
        "default": [
          "љутито лице"
        ]
      },
      "😈": {
        "default": [
          "насмијано лице са роговима"
        ],
        "tts": [
          "насмијано лице са роговима"
        ]
      },
      "👿": {
        "default": [
          "ђаволчић"
        ]
      },
      "💀": {
        "default": [
          "лобања"
        ]
      },
      "☠": {
        "default": [
          "лобања са укрштеним костима"
        ]
      },
      "🤡": {
        "default": [
          "лице кловна"
        ]
      },
      "👹": {
        "default": [
          "чудовиште"
        ]
      },
      "👺": {
        "default": [
          "гоблин"
        ]
      },
      "👻": {
        "default": [
          "дух"
        ]
      },
      "👽": {
        "default": [
          "ванземаљац"
        ]
      },
      "👾": {
        "default": [
          "ванземаљско чудовиште"
        ]
      },
      "🤖": {
        "default": [
          "роботско лице"
        ]
      },
      "😺": {
        "default": [
          "насмијана мачка са отвореним устима"
        ],
        "tts": [
          "насмијана мачка са отвореним устима"
        ]
      },
      "😸": {
        "default": [
          "мачка са широким осмијехом и насмијаним очима"
        ],
        "tts": [
          "мачка са широким осмијехом и насмијаним очима"
        ]
      },
      "😻": {
        "default": [
          "насмијана мачка са очима у облику срца"
        ],
        "tts": [
          "насмијана мачка са очима у облику срца"
        ]
      },
      "😼": {
        "default": [
          "мачка са киселим осмијехом"
        ],
        "tts": [
          "мачка са киселим осмијехом"
        ]
      },
      "😽": {
        "default": [
          "мачка која љуби са затвореним очима"
        ]
      },
      "😿": {
        "default": [
          "уплакана мачка"
        ]
      },
      "😾": {
        "default": [
          "надурена мачка"
        ]
      },
      "🙈": {
        "default": [
          "не види зло"
        ]
      },
      "🙉": {
        "default": [
          "не чује зло"
        ]
      },
      "🙊": {
        "default": [
          "не говори зло"
        ]
      },
      "💋": {
        "default": [
          "отисак пољупца"
        ]
      },
      "💌": {
        "default": [
          "љубавно писмо"
        ]
      },
      "💘": {
        "default": [
          "срце прободено стријелом"
        ],
        "tts": [
          "срце прободено стријелом"
        ]
      },
      "💝": {
        "default": [
          "срце са машницом"
        ]
      },
      "💖": {
        "default": [
          "блиставо срце"
        ]
      },
      "💗": {
        "default": [
          "срце које расте"
        ]
      },
      "💓": {
        "default": [
          "срце које куца"
        ]
      },
      "💞": {
        "default": [
          "срца која се окрећу"
        ]
      },
      "💕": {
        "default": [
          "два срца"
        ]
      },
      "❣": {
        "default": [
          "украсни узвичник у облику великог срца"
        ]
      },
      "💔": {
        "default": [
          "сломљено срце"
        ]
      },
      "❤‍🩹": {
        "default": [
          "срце које зацјељује"
        ],
        "tts": [
          "срце које зацјељује"
        ]
      },
      "🧡": {
        "default": [
          "наранџасто срце"
        ]
      },
      "💛": {
        "default": [
          "жуто срце"
        ]
      },
      "💚": {
        "default": [
          "зелено срце"
        ]
      },
      "💙": {
        "default": [
          "плаво срце"
        ]
      },
      "💜": {
        "default": [
          "љубичасто срце"
        ]
      },
      "🖤": {
        "default": [
          "црно срце"
        ]
      },
      "🤍": {
        "default": [
          "бијело срце"
        ],
        "tts": [
          "бијело срце"
        ]
      },
      "💢": {
        "default": [
          "симбол љутње"
        ]
      },
      "💥": {
        "default": [
          "судар"
        ]
      },
      "💫": {
        "default": [
          "вртоглавица"
        ]
      },
      "💦": {
        "default": [
          "капљице зноја"
        ]
      },
      "💨": {
        "default": [
          "бјежање"
        ],
        "tts": [
          "бјежање"
        ]
      },
      "🕳": {
        "default": [
          "рупа"
        ]
      },
      "💣": {
        "default": [
          "бомба"
        ]
      },
      "💬": {
        "default": [
          "облачић за говор"
        ]
      },
      "👁‍🗨": {
        "default": [
          "око у облачићу дијалога"
        ]
      },
      "🗨": {
        "default": [
          "облачић за говор усмјерен налијево"
        ],
        "tts": [
          "облачић за говор усмјерен налијево"
        ]
      },
      "🗯": {
        "default": [
          "облачић за љутити говор усмјерен десно"
        ],
        "tts": [
          "облачић за љутити говор усмјерен десно"
        ]
      },
      "💭": {
        "default": [
          "облачић за мисли"
        ]
      },
      "💤": {
        "default": [
          "спавање"
        ]
      },
      "👋": {
        "default": [
          "рука која маше"
        ]
      },
      "🖐": {
        "default": [
          "шака са раширеним прстима"
        ]
      },
      "✋": {
        "default": [
          "подигнута рука"
        ]
      },
      "🖖": {
        "default": [
          "вулкански поздрав"
        ]
      },
      "👌": {
        "default": [
          "знак руком „у реду“"
        ]
      },
      "✌": {
        "default": [
          "знак побједе"
        ],
        "tts": [
          "знак побједе"
        ]
      },
      "🤘": {
        "default": [
          "знак рогова"
        ]
      },
      "🤙": {
        "default": [
          "знак руком за телефон"
        ]
      },
      "👈": {
        "default": [
          "кажипрст који показује улијево"
        ],
        "tts": [
          "кажипрст који показује улијево"
        ]
      },
      "👉": {
        "default": [
          "кажипрст који показује удесно"
        ]
      },
      "👆": {
        "default": [
          "кажипрст који показује нагоре отпозади"
        ]
      },
      "🖕": {
        "default": [
          "средњи прст"
        ]
      },
      "👇": {
        "default": [
          "кажипрст који показује надоље отпозади"
        ],
        "tts": [
          "кажипрст који показује надоље отпозади"
        ]
      },
      "☝": {
        "default": [
          "кажипрст који показује нагоре"
        ]
      },
      "👍": {
        "default": [
          "палац нагоре"
        ]
      },
      "👎": {
        "default": [
          "палац надоље"
        ],
        "tts": [
          "палац надоље"
        ]
      },
      "✊": {
        "default": [
          "песница"
        ]
      },
      "👊": {
        "default": [
          "усмјерена песница"
        ],
        "tts": [
          "усмјерена песница"
        ]
      },
      "🤛": {
        "default": [
          "песница улијево"
        ],
        "tts": [
          "песница улијево"
        ]
      },
      "👏": {
        "default": [
          "руке које тапшу"
        ]
      },
      "👐": {
        "default": [
          "расклопљене шаке"
        ]
      },
      "🤝": {
        "default": [
          "руковање"
        ]
      },
      "🙏": {
        "default": [
          "спојени дланови"
        ]
      },
      "✍": {
        "default": [
          "рука која пише"
        ]
      },
      "💅": {
        "default": [
          "лак за нокте"
        ]
      },
      "🤳": {
        "default": [
          "селфи"
        ]
      },
      "💪": {
        "default": [
          "стегнути бицепс"
        ]
      },
      "🦿": {
        "default": [
          "механичка нога"
        ],
        "tts": [
          "механичка нога"
        ]
      },
      "👂": {
        "default": [
          "уво"
        ]
      },
      "👃": {
        "default": [
          "нос"
        ]
      },
      "🫀": {
        "default": [
          "анатомско срце"
        ]
      },
      "👁": {
        "default": [
          "око"
        ]
      },
      "👅": {
        "default": [
          "језик"
        ]
      },
      "👶": {
        "default": [
          "беба"
        ]
      },
      "🧒": {
        "default": [
          "дијете"
        ],
        "tts": [
          "дијете"
        ]
      },
      "👦": {
        "default": [
          "дјечак"
        ],
        "tts": [
          "дјечак"
        ]
      },
      "👧": {
        "default": [
          "дјевојчица"
        ],
        "tts": [
          "дјевојчица"
        ]
      },
      "🧔‍♂": {
        "default": [
          "мушкарац: брада"
        ]
      },
      "👴": {
        "default": [
          "старац"
        ]
      },
      "👵": {
        "default": [
          "старица"
        ]
      },
      "💁‍♂": {
        "default": [
          "мушкарац открива намјере"
        ],
        "tts": [
          "мушкарац открива намјере"
        ]
      },
      "💁‍♀": {
        "default": [
          "жена открива намјере"
        ],
        "tts": [
          "жена открива намјере"
        ]
      },
      "🧏": {
        "default": [
          "глува особа"
        ]
      },
      "🧏‍♂": {
        "default": [
          "глув човјек"
        ],
        "tts": [
          "глув човјек"
        ]
      },
      "🤷": {
        "default": [
          "слијегање раменима"
        ],
        "tts": [
          "слијегање раменима"
        ]
      },
      "🤷‍♂": {
        "default": [
          "мушкарац слијеже раменима"
        ],
        "tts": [
          "мушкарац слијеже раменима"
        ]
      },
      "🤷‍♀": {
        "default": [
          "жена слијеже раменима"
        ],
        "tts": [
          "жена слијеже раменима"
        ]
      },
      "🧑‍⚕": {
        "default": [
          "здравствени радник"
        ]
      },
      "👨‍⚕": {
        "default": [
          "мушкарац здравствени радник"
        ]
      },
      "👩‍⚕": {
        "default": [
          "здравствена радница"
        ]
      },
      "🧑‍🎓": {
        "default": [
          "студент(киња)"
        ],
        "tts": [
          "студент(киња)"
        ]
      },
      "👨‍🏫": {
        "default": [
          "професор"
        ]
      },
      "👨‍🍳": {
        "default": [
          "мушкарац кувар"
        ]
      },
      "👨‍🔧": {
        "default": [
          "мушкарац механичар"
        ]
      },
      "🧑‍🎤": {
        "default": [
          "пјевач"
        ],
        "tts": [
          "пјевач"
        ]
      },
      "👨‍🎤": {
        "default": [
          "мушкарац пјевач"
        ],
        "tts": [
          "мушкарац пјевач"
        ]
      },
      "👩‍🎤": {
        "default": [
          "пјевачица"
        ],
        "tts": [
          "пјевачица"
        ]
      },
      "🧑‍🎨": {
        "default": [
          "умјетник"
        ],
        "tts": [
          "умјетник"
        ]
      },
      "👨‍🎨": {
        "default": [
          "мушкарац умјетник"
        ],
        "tts": [
          "мушкарац умјетник"
        ]
      },
      "👩‍🎨": {
        "default": [
          "умјетница"
        ],
        "tts": [
          "умјетница"
        ]
      },
      "🧑‍✈": {
        "default": [
          "пилот(киња)"
        ],
        "tts": [
          "пилот(киња)"
        ]
      },
      "👨‍🚀": {
        "default": [
          "космонаут"
        ]
      },
      "👷": {
        "default": [
          "грађевински радник"
        ]
      },
      "👷‍♂": {
        "default": [
          "грађевинар"
        ]
      },
      "👷‍♀": {
        "default": [
          "грађевинарка"
        ]
      },
      "👳‍♂": {
        "default": [
          "човјек са турбаном"
        ],
        "tts": [
          "човјек са турбаном"
        ]
      },
      "👲": {
        "default": [
          "човјек са кинеском капом"
        ],
        "tts": [
          "човјек са кинеском капом"
        ]
      },
      "🤵": {
        "default": [
          "човјек у смокингу"
        ],
        "tts": [
          "човјек у смокингу"
        ]
      },
      "👰": {
        "default": [
          "невјеста са велом"
        ],
        "tts": [
          "невјеста са велом"
        ]
      },
      "🤱": {
        "default": [
          "дојење"
        ]
      },
      "👨‍🍼": {
        "default": [
          "мушкарац храни бебу"
        ]
      },
      "👼": {
        "default": [
          "беба анђео"
        ]
      },
      "🎅": {
        "default": [
          "Дјед Мраз"
        ],
        "tts": [
          "Дјед Мраз"
        ]
      },
      "🦸": {
        "default": [
          "суперхерој"
        ],
        "tts": [
          "суперхерој"
        ]
      },
      "🦸‍♂": {
        "default": [
          "мушкарац суперхерој"
        ],
        "tts": [
          "мушкарац суперхерој"
        ]
      },
      "🦸‍♀": {
        "default": [
          "жена суперхерој"
        ],
        "tts": [
          "жена суперхерој"
        ]
      },
      "🦹": {
        "default": [
          "негативац"
        ]
      },
      "🦹‍♂": {
        "default": [
          "мушкарац негативац"
        ]
      },
      "🦹‍♀": {
        "default": [
          "жена негативац"
        ]
      },
      "🧙‍♂": {
        "default": [
          "чаробњак"
        ]
      },
      "🧙‍♀": {
        "default": [
          "чаробница"
        ]
      },
      "🧟‍♀": {
        "default": [
          "жена зомби"
        ]
      },
      "💆": {
        "default": [
          "масажа лица"
        ]
      },
      "💇": {
        "default": [
          "шишање"
        ]
      },
      "💇‍♂": {
        "default": [
          "мушко шишање"
        ]
      },
      "💇‍♀": {
        "default": [
          "женско шишање"
        ]
      },
      "🚶": {
        "default": [
          "пјешак"
        ],
        "tts": [
          "пјешак"
        ]
      },
      "🧍‍♂": {
        "default": [
          "човјек стоји"
        ],
        "tts": [
          "човјек стоји"
        ]
      },
      "🧑‍🦯": {
        "default": [
          "особа са помоћним штапом"
        ]
      },
      "👨‍🦯": {
        "default": [
          "човјек са помоћним штапом"
        ],
        "tts": [
          "човјек са помоћним штапом"
        ]
      },
      "👩‍🦯": {
        "default": [
          "жена са помоћним штапом"
        ]
      },
      "👨‍🦼": {
        "default": [
          "човјек у моторним колицима"
        ],
        "tts": [
          "човјек у моторним колицима"
        ]
      },
      "👩‍🦼": {
        "default": [
          "жена у моторним колицима"
        ]
      },
      "👨‍🦽": {
        "default": [
          "човјек у механичким колицима"
        ],
        "tts": [
          "човјек у механичким колицима"
        ]
      },
      "👩‍🦽": {
        "default": [
          "жена у механичким колицима"
        ]
      },
      "🏃‍♂": {
        "default": [
          "мушкарац трчи"
        ]
      },
      "🏃‍♀": {
        "default": [
          "жена трчи"
        ]
      },
      "💃": {
        "default": [
          "плесачица"
        ]
      },
      "🕺": {
        "default": [
          "плесач"
        ]
      },
      "🕴": {
        "default": [
          "мушкарац у пословном одијелу који лебди"
        ],
        "tts": [
          "мушкарац у пословном одијелу који лебди"
        ]
      },
      "👯": {
        "default": [
          "особе у проводу"
        ]
      },
      "🏇": {
        "default": [
          "трке коња"
        ]
      },
      "⛷": {
        "default": [
          "скијаш"
        ]
      },
      "🏂": {
        "default": [
          "возач сноуборда"
        ]
      },
      "🏌‍♂": {
        "default": [
          "голфер"
        ]
      },
      "🏌‍♀": {
        "default": [
          "голферка"
        ]
      },
      "🏄‍♂": {
        "default": [
          "сурфер"
        ]
      },
      "🏄‍♀": {
        "default": [
          "сурферка"
        ]
      },
      "🤸": {
        "default": [
          "гимнастичарска звезда"
        ]
      },
      "🤸‍♂": {
        "default": [
          "гимнастичар"
        ]
      },
      "🤸‍♀": {
        "default": [
          "гимнастичарка"
        ]
      },
      "🤹": {
        "default": [
          "особа жонглира"
        ]
      },
      "🤹‍♂": {
        "default": [
          "жонглер"
        ]
      },
      "🤹‍♀": {
        "default": [
          "жонглерка"
        ]
      },
      "💏": {
        "default": [
          "пољубац"
        ]
      },
      "💑": {
        "default": [
          "пар са срцем"
        ]
      },
      "👤": {
        "default": [
          "силуета човјека"
        ],
        "tts": [
          "силуета човјека"
        ]
      },
      "👥": {
        "default": [
          "силуете људи"
        ]
      },
      "👣": {
        "default": [
          "отисци стопала"
        ]
      },
      "🦰": {
        "default": [
          "црвена коса"
        ]
      },
      "🦳": {
        "default": [
          "сиједа коса"
        ],
        "tts": [
          "сиједа коса"
        ]
      },
      "🐵": {
        "default": [
          "лице мајмуна"
        ]
      },
      "🐒": {
        "default": [
          "мајмун"
        ]
      },
      "🐶": {
        "default": [
          "лице пса"
        ]
      },
      "🦮": {
        "default": [
          "пас водич"
        ]
      },
      "🐩": {
        "default": [
          "пудла"
        ]
      },
      "🦊": {
        "default": [
          "лисица"
        ]
      },
      "🐱": {
        "default": [
          "лице мачке"
        ]
      },
      "🐈‍⬛": {
        "default": [
          "црна мачка"
        ]
      },
      "🦁": {
        "default": [
          "лав"
        ]
      },
      "🐯": {
        "default": [
          "лице тигра"
        ]
      },
      "🐅": {
        "default": [
          "тигар"
        ]
      },
      "🐆": {
        "default": [
          "леопард"
        ]
      },
      "🐴": {
        "default": [
          "лице коња"
        ]
      },
      "🐎": {
        "default": [
          "коњ"
        ]
      },
      "🦬": {
        "default": [
          "бизон"
        ]
      },
      "🐮": {
        "default": [
          "лице краве"
        ]
      },
      "🐃": {
        "default": [
          "водени биво"
        ]
      },
      "🐄": {
        "default": [
          "крава"
        ]
      },
      "🐷": {
        "default": [
          "лице свиње"
        ]
      },
      "🐗": {
        "default": [
          "вепар"
        ]
      },
      "🐽": {
        "default": [
          "свињска њушка"
        ]
      },
      "🐏": {
        "default": [
          "ован"
        ]
      },
      "🐑": {
        "default": [
          "овца"
        ]
      },
      "🦒": {
        "default": [
          "жирафа"
        ]
      },
      "🐘": {
        "default": [
          "слон"
        ]
      },
      "🦣": {
        "default": [
          "мамут"
        ]
      },
      "🐭": {
        "default": [
          "лице миша"
        ]
      },
      "🐹": {
        "default": [
          "хрчак"
        ],
        "tts": [
          "хрчак"
        ]
      },
      "🐰": {
        "default": [
          "лице зеца"
        ]
      },
      "🐿": {
        "default": [
          "вјеверица"
        ],
        "tts": [
          "вјеверица"
        ]
      },
      "🦇": {
        "default": [
          "шишмиш"
        ]
      },
      "🐻": {
        "default": [
          "медвјед"
        ],
        "tts": [
          "медвјед"
        ]
      },
      "🐻‍❄": {
        "default": [
          "поларни медвјед"
        ],
        "tts": [
          "поларни медвјед"
        ]
      },
      "🐨": {
        "default": [
          "коала"
        ]
      },
      "🐼": {
        "default": [
          "панда"
        ]
      },
      "🦥": {
        "default": [
          "љењивац"
        ],
        "tts": [
          "љењивац"
        ]
      },
      "🐓": {
        "default": [
          "пијевац"
        ],
        "tts": [
          "пијевац"
        ]
      },
      "🐥": {
        "default": [
          "пиле сприједа"
        ],
        "tts": [
          "пиле сприједа"
        ]
      },
      "🐧": {
        "default": [
          "пингвин"
        ]
      },
      "🦉": {
        "default": [
          "сова"
        ]
      },
      "🦤": {
        "default": [
          "додо"
        ]
      },
      "🐸": {
        "default": [
          "жаба"
        ]
      },
      "🐊": {
        "default": [
          "крокодил"
        ]
      },
      "🦎": {
        "default": [
          "гуштер"
        ]
      },
      "🐍": {
        "default": [
          "змија"
        ]
      },
      "🐲": {
        "default": [
          "лице змаја"
        ]
      },
      "🐳": {
        "default": [
          "кит који прска"
        ]
      },
      "🐠": {
        "default": [
          "тропска риба"
        ]
      },
      "🐙": {
        "default": [
          "октопод"
        ]
      },
      "🐚": {
        "default": [
          "спирална шкољка"
        ]
      },
      "🦋": {
        "default": [
          "лептир"
        ]
      },
      "🐛": {
        "default": [
          "гусјеница"
        ],
        "tts": [
          "гусјеница"
        ]
      },
      "🐝": {
        "default": [
          "пчела"
        ]
      },
      "🕸": {
        "default": [
          "паукова мрежа"
        ]
      },
      "🦂": {
        "default": [
          "шкорпион"
        ]
      },
      "🦟": {
        "default": [
          "комарац"
        ]
      },
      "🪰": {
        "default": [
          "мува"
        ]
      },
      "💐": {
        "default": [
          "букет"
        ]
      },
      "🌸": {
        "default": [
          "цвијет трешње"
        ],
        "tts": [
          "цвијет трешње"
        ]
      },
      "💮": {
        "default": [
          "бијели цвијет"
        ],
        "tts": [
          "бијели цвијет"
        ]
      },
      "🌹": {
        "default": [
          "ружа"
        ]
      },
      "🥀": {
        "default": [
          "увели цвијет"
        ],
        "tts": [
          "увели цвијет"
        ]
      },
      "🌺": {
        "default": [
          "хибискус"
        ]
      },
      "🌻": {
        "default": [
          "сунцокрет"
        ]
      },
      "🌼": {
        "default": [
          "цвијет"
        ],
        "tts": [
          "цвијет"
        ]
      },
      "🌷": {
        "default": [
          "лала"
        ]
      },
      "🌱": {
        "default": [
          "младица"
        ]
      },
      "🪴": {
        "default": [
          "биљка у саксији"
        ]
      },
      "🌲": {
        "default": [
          "четинар"
        ]
      },
      "🌳": {
        "default": [
          "листопадно дрво"
        ]
      },
      "🌴": {
        "default": [
          "палма"
        ]
      },
      "🌾": {
        "default": [
          "сноп риже"
        ],
        "tts": [
          "сноп риже"
        ]
      },
      "🌿": {
        "default": [
          "биљка"
        ]
      },
      "☘": {
        "default": [
          "дјетелина"
        ],
        "tts": [
          "дјетелина"
        ]
      },
      "🍀": {
        "default": [
          "дјетелина са четири листа"
        ],
        "tts": [
          "дјетелина са четири листа"
        ]
      },
      "🍁": {
        "default": [
          "јаворов лист"
        ]
      },
      "🍂": {
        "default": [
          "опали лист"
        ]
      },
      "🍃": {
        "default": [
          "лист који лепрша на вјетру"
        ],
        "tts": [
          "лист који лепрша на вјетру"
        ]
      },
      "🥕": {
        "default": [
          "мрква"
        ],
        "tts": [
          "мрква"
        ]
      },
      "🧄": {
        "default": [
          "бијели лук"
        ],
        "tts": [
          "бијели лук"
        ]
      },
      "🍞": {
        "default": [
          "хљеб"
        ],
        "tts": [
          "хљеб"
        ]
      },
      "🫓": {
        "default": [
          "пљоснат хљеб"
        ],
        "tts": [
          "пљоснат хљеб"
        ]
      },
      "🥪": {
        "default": [
          "сендвич"
        ]
      },
      "🧈": {
        "default": [
          "путер"
        ]
      },
      "🍘": {
        "default": [
          "крекер од риже"
        ],
        "tts": [
          "крекер од риже"
        ]
      },
      "🍙": {
        "default": [
          "куглица од риже"
        ],
        "tts": [
          "куглица од риже"
        ]
      },
      "🍚": {
        "default": [
          "кувана рижа"
        ],
        "tts": [
          "кувана рижа"
        ]
      },
      "🍛": {
        "default": [
          "рижа са каријем"
        ],
        "tts": [
          "рижа са каријем"
        ]
      },
      "🍝": {
        "default": [
          "шпагете"
        ]
      },
      "🍥": {
        "default": [
          "рибља пљескавица са спиралом"
        ]
      },
      "🥮": {
        "default": [
          "мјесечев колач"
        ],
        "tts": [
          "мјесечев колач"
        ]
      },
      "🦞": {
        "default": [
          "јастог"
        ]
      },
      "🎂": {
        "default": [
          "рођенданска торта"
        ]
      },
      "🍰": {
        "default": [
          "парче торте"
        ]
      },
      "🍼": {
        "default": [
          "флашица за бебе"
        ]
      },
      "🥛": {
        "default": [
          "чаша млијека"
        ],
        "tts": [
          "чаша млијека"
        ]
      },
      "🍾": {
        "default": [
          "боца из које излијеће чеп"
        ],
        "tts": [
          "боца из које излијеће чеп"
        ]
      },
      "🥂": {
        "default": [
          "чаше наздрављају"
        ]
      },
      "🧋": {
        "default": [
          "чај са бобицама"
        ]
      },
      "🧊": {
        "default": [
          "коцка леда"
        ]
      },
      "🌍": {
        "default": [
          "глобус са Европом и Африком"
        ]
      },
      "🌎": {
        "default": [
          "глобус са Америком"
        ]
      },
      "🌏": {
        "default": [
          "глобус са Азијом и Аустралијом"
        ]
      },
      "🌐": {
        "default": [
          "глобус са меридијанима"
        ]
      },
      "🗺": {
        "default": [
          "мапа свијета"
        ],
        "tts": [
          "мапа свијета"
        ]
      },
      "🗾": {
        "default": [
          "мапа Јапана"
        ]
      },
      "🏔": {
        "default": [
          "сњежни врх планине"
        ],
        "tts": [
          "сњежни врх планине"
        ]
      },
      "⛰": {
        "default": [
          "планина"
        ]
      },
      "🌋": {
        "default": [
          "вулкан"
        ]
      },
      "🏕": {
        "default": [
          "камповање"
        ]
      },
      "🏜": {
        "default": [
          "пустиња"
        ]
      },
      "🏝": {
        "default": [
          "пусто острво"
        ]
      },
      "🏟": {
        "default": [
          "стадион"
        ]
      },
      "🏛": {
        "default": [
          "античка грађевина"
        ]
      },
      "🏗": {
        "default": [
          "градилиште"
        ]
      },
      "🧱": {
        "default": [
          "цигла"
        ]
      },
      "🪨": {
        "default": [
          "камен"
        ]
      },
      "🪵": {
        "default": [
          "дрво"
        ]
      },
      "🏚": {
        "default": [
          "запуштена кућа"
        ]
      },
      "🏠": {
        "default": [
          "кућа"
        ]
      },
      "🏡": {
        "default": [
          "кућа са баштом"
        ]
      },
      "🏣": {
        "default": [
          "јапанска пошта"
        ]
      },
      "🏤": {
        "default": [
          "пошта"
        ]
      },
      "🏥": {
        "default": [
          "болница"
        ]
      },
      "🏩": {
        "default": [
          "љубaв"
        ],
        "tts": [
          "љубaв"
        ]
      },
      "🏪": {
        "default": [
          "продавница мјешовите робе"
        ],
        "tts": [
          "продавница мјешовите робе"
        ]
      },
      "🏯": {
        "default": [
          "јапански дворац"
        ]
      },
      "🏰": {
        "default": [
          "дворац"
        ]
      },
      "💒": {
        "default": [
          "вјенчање"
        ],
        "tts": [
          "вјенчање"
        ]
      },
      "🗼": {
        "default": [
          "токијски торањ"
        ]
      },
      "🗽": {
        "default": [
          "кип слободе"
        ]
      },
      "⛪": {
        "default": [
          "црква"
        ]
      },
      "⛩": {
        "default": [
          "шинтоистички храм"
        ]
      },
      "⛲": {
        "default": [
          "фонтана"
        ]
      },
      "🌁": {
        "default": [
          "магловито"
        ]
      },
      "🌃": {
        "default": [
          "звјездана ноћ"
        ],
        "tts": [
          "звјездана ноћ"
        ]
      },
      "🏙": {
        "default": [
          "градски пејзаж"
        ]
      },
      "🌄": {
        "default": [
          "излазак сунца изнад планина"
        ]
      },
      "🌅": {
        "default": [
          "излазак сунца"
        ]
      },
      "🌆": {
        "default": [
          "град у сумрак"
        ]
      },
      "🌇": {
        "default": [
          "залазак сунца"
        ]
      },
      "🌉": {
        "default": [
          "мост ноћу"
        ]
      },
      "🎠": {
        "default": [
          "коњ са вртешке"
        ]
      },
      "🎡": {
        "default": [
          "панорамска вртешка"
        ]
      },
      "💈": {
        "default": [
          "знак за берберницу"
        ]
      },
      "🎪": {
        "default": [
          "циркуски шатор"
        ]
      },
      "🚂": {
        "default": [
          "локомотива"
        ]
      },
      "🚃": {
        "default": [
          "вагон"
        ]
      },
      "🚄": {
        "default": [
          "брзи воз"
        ]
      },
      "🚅": {
        "default": [
          "брзи воз са заобљеним врхом"
        ]
      },
      "🚆": {
        "default": [
          "воз"
        ]
      },
      "🚇": {
        "default": [
          "метро"
        ]
      },
      "🚈": {
        "default": [
          "градска жељезница"
        ],
        "tts": [
          "градска жељезница"
        ]
      },
      "🚉": {
        "default": [
          "станица"
        ]
      },
      "🚊": {
        "default": [
          "трамвај"
        ]
      },
      "🚞": {
        "default": [
          "планинска жељезница"
        ],
        "tts": [
          "планинска жељезница"
        ]
      },
      "🚋": {
        "default": [
          "вагон трамваја"
        ]
      },
      "🚍": {
        "default": [
          "аутобус сприједа"
        ],
        "tts": [
          "аутобус сприједа"
        ]
      },
      "🚎": {
        "default": [
          "тролејбус"
        ]
      },
      "🚐": {
        "default": [
          "минибус"
        ]
      },
      "🚒": {
        "default": [
          "ватрогасни камион"
        ]
      },
      "🚓": {
        "default": [
          "полицијски аутомобил"
        ]
      },
      "🚔": {
        "default": [
          "полицијски аутомобил сприједа"
        ],
        "tts": [
          "полицијски аутомобил сприједа"
        ]
      },
      "🚖": {
        "default": [
          "такси спреда"
        ]
      },
      "🚗": {
        "default": [
          "аутомобил"
        ]
      },
      "🚘": {
        "default": [
          "аутомобил сприједа"
        ],
        "tts": [
          "аутомобил сприједа"
        ]
      },
      "🚚": {
        "default": [
          "теретни камион"
        ]
      },
      "🚛": {
        "default": [
          "камион са приколицом"
        ]
      },
      "🏎": {
        "default": [
          "тркачки аутомобил"
        ]
      },
      "🛺": {
        "default": [
          "ауто-рикша"
        ],
        "tts": [
          "ауто-рикша"
        ]
      },
      "🛣": {
        "default": [
          "ауто-пут"
        ],
        "tts": [
          "ауто-пут"
        ]
      },
      "🛤": {
        "default": [
          "жељезничка пруга"
        ],
        "tts": [
          "жељезничка пруга"
        ]
      },
      "🛢": {
        "default": [
          "буре нафте"
        ]
      },
      "🚨": {
        "default": [
          "полицијска ротација"
        ]
      },
      "🚥": {
        "default": [
          "хоризонтални семафор"
        ]
      },
      "🚦": {
        "default": [
          "вертикални семафор"
        ]
      },
      "🛑": {
        "default": [
          "знак стоп"
        ]
      },
      "🛶": {
        "default": [
          "кану"
        ]
      },
      "🚤": {
        "default": [
          "глисер"
        ]
      },
      "🛳": {
        "default": [
          "путнички брод"
        ]
      },
      "🛫": {
        "default": [
          "полијетање авиона"
        ],
        "tts": [
          "полијетање авиона"
        ]
      },
      "🛬": {
        "default": [
          "слијетање авиона"
        ],
        "tts": [
          "слијетање авиона"
        ]
      },
      "💺": {
        "default": [
          "сједиште"
        ],
        "tts": [
          "сједиште"
        ]
      },
      "🚟": {
        "default": [
          "висећа жељезница"
        ],
        "tts": [
          "висећа жељезница"
        ]
      },
      "🛰": {
        "default": [
          "сателит"
        ]
      },
      "🚀": {
        "default": [
          "ракета"
        ]
      },
      "⌛": {
        "default": [
          "пјешчани сат"
        ],
        "tts": [
          "пјешчани сат"
        ]
      },
      "⏳": {
        "default": [
          "пјешчани сат са пијеском који тече"
        ],
        "tts": [
          "пјешчани сат са пијеском који тече"
        ]
      },
      "🌑": {
        "default": [
          "млад мјесец"
        ],
        "tts": [
          "млад мјесец"
        ]
      },
      "🌒": {
        "default": [
          "мјесечев срп у порасту"
        ],
        "tts": [
          "мјесечев срп у порасту"
        ]
      },
      "🌓": {
        "default": [
          "мјесец у првој четврти"
        ],
        "tts": [
          "мјесец у првој четврти"
        ]
      },
      "🌔": {
        "default": [
          "скоро па пун мјесец"
        ],
        "tts": [
          "скоро па пун мјесец"
        ]
      },
      "🌕": {
        "default": [
          "пун мјесец"
        ],
        "tts": [
          "пун мјесец"
        ]
      },
      "🌖": {
        "default": [
          "мјесец послије пуног мјесеца"
        ],
        "tts": [
          "мјесец послије пуног мјесеца"
        ]
      },
      "🌗": {
        "default": [
          "мјесец у посљедњој четврти"
        ],
        "tts": [
          "мјесец у посљедњој четврти"
        ]
      },
      "🌘": {
        "default": [
          "мјесечев срп у опадању"
        ],
        "tts": [
          "мјесечев срп у опадању"
        ]
      },
      "🌙": {
        "default": [
          "мјесечев срп"
        ],
        "tts": [
          "мјесечев срп"
        ]
      },
      "🌚": {
        "default": [
          "млад мјесец са лицем"
        ],
        "tts": [
          "млад мјесец са лицем"
        ]
      },
      "🌛": {
        "default": [
          "мјесец у првој четврти са лицем"
        ],
        "tts": [
          "мјесец у првој четврти са лицем"
        ]
      },
      "🌜": {
        "default": [
          "мјесец у посљедњој четврти са лицем"
        ],
        "tts": [
          "мјесец у посљедњој четврти са лицем"
        ]
      },
      "🌡": {
        "default": [
          "термометар"
        ]
      },
      "☀": {
        "default": [
          "сунце"
        ]
      },
      "🌝": {
        "default": [
          "пун мјесец са лицем"
        ],
        "tts": [
          "пун мјесец са лицем"
        ]
      },
      "🌞": {
        "default": [
          "сунце са лицем"
        ]
      },
      "⭐": {
        "default": [
          "звијезда"
        ],
        "tts": [
          "звијезда"
        ]
      },
      "🌟": {
        "default": [
          "звијезда која свијетли"
        ],
        "tts": [
          "звијезда која свијетли"
        ]
      },
      "🌠": {
        "default": [
          "звијезда падалица"
        ],
        "tts": [
          "звијезда падалица"
        ]
      },
      "🌌": {
        "default": [
          "млијечни пут"
        ],
        "tts": [
          "млијечни пут"
        ]
      },
      "☁": {
        "default": [
          "облак"
        ]
      },
      "⛅": {
        "default": [
          "сунце иза облака"
        ]
      },
      "⛈": {
        "default": [
          "облак са муњом и кишом"
        ]
      },
      "🌤": {
        "default": [
          "сунце иза малог облака"
        ]
      },
      "🌥": {
        "default": [
          "сунце иза великог облака"
        ]
      },
      "🌦": {
        "default": [
          "сунце иза кишног облака"
        ]
      },
      "🌧": {
        "default": [
          "облак са кишом"
        ]
      },
      "🌨": {
        "default": [
          "облак са снијегом"
        ],
        "tts": [
          "облак са снијегом"
        ]
      },
      "🌩": {
        "default": [
          "облак са муњом"
        ]
      },
      "🌪": {
        "default": [
          "торнадо"
        ]
      },
      "🌫": {
        "default": [
          "магла"
        ]
      },
      "🌬": {
        "default": [
          "лице вјетра"
        ],
        "tts": [
          "лице вјетра"
        ]
      },
      "🌀": {
        "default": [
          "циклон"
        ]
      },
      "🌈": {
        "default": [
          "дуга"
        ]
      },
      "🌂": {
        "default": [
          "затворени кишобран"
        ]
      },
      "☂": {
        "default": [
          "кишобран"
        ]
      },
      "☔": {
        "default": [
          "кишобран са капима кише"
        ]
      },
      "⛱": {
        "default": [
          "сунцобран на земљи"
        ]
      },
      "❄": {
        "default": [
          "пахуља"
        ]
      },
      "☃": {
        "default": [
          "сњешко бијелић"
        ],
        "tts": [
          "сњешко бијелић"
        ]
      },
      "⛄": {
        "default": [
          "сњешко бијелић без снијега"
        ],
        "tts": [
          "сњешко бијелић без снијега"
        ]
      },
      "💧": {
        "default": [
          "капљица"
        ]
      },
      "🌊": {
        "default": [
          "талас"
        ]
      },
      "🎃": {
        "default": [
          "свјетиљка од бундеве"
        ],
        "tts": [
          "свјетиљка од бундеве"
        ]
      },
      "🎄": {
        "default": [
          "божићна јелка"
        ]
      },
      "✨": {
        "default": [
          "искре"
        ]
      },
      "🎉": {
        "default": [
          "конфете у туби"
        ]
      },
      "🎊": {
        "default": [
          "конфете у лопти"
        ]
      },
      "🎍": {
        "default": [
          "декорација боровима"
        ]
      },
      "🎏": {
        "default": [
          "вјетроказ у облику шарана"
        ],
        "tts": [
          "вјетроказ у облику шарана"
        ]
      },
      "🎐": {
        "default": [
          "еолска звона"
        ]
      },
      "🎑": {
        "default": [
          "церемонија у част мјесеца"
        ],
        "tts": [
          "церемонија у част мјесеца"
        ]
      },
      "🎁": {
        "default": [
          "упакован поклон"
        ]
      },
      "🎗": {
        "default": [
          "спомен-трака"
        ]
      },
      "🎖": {
        "default": [
          "орден"
        ]
      },
      "🏆": {
        "default": [
          "пехар"
        ]
      },
      "🏒": {
        "default": [
          "штап и пак за хокеј"
        ]
      },
      "🥍": {
        "default": [
          "лакрос"
        ]
      },
      "🥊": {
        "default": [
          "боксерска рукавица"
        ]
      },
      "🥋": {
        "default": [
          "борилачки кимоно"
        ]
      },
      "🥅": {
        "default": [
          "гол"
        ]
      },
      "⛸": {
        "default": [
          "клизаљка"
        ]
      },
      "🎽": {
        "default": [
          "мајица за трчање"
        ]
      },
      "🎿": {
        "default": [
          "скије"
        ]
      },
      "🎯": {
        "default": [
          "погодак у центар"
        ]
      },
      "🪁": {
        "default": [
          "змај на вјетар"
        ],
        "tts": [
          "змај на вјетар"
        ]
      },
      "🎱": {
        "default": [
          "билијар"
        ]
      },
      "🔮": {
        "default": [
          "кристална кугла"
        ]
      },
      "🪄": {
        "default": [
          "чаробни штапић"
        ]
      },
      "🧿": {
        "default": [
          "назар"
        ]
      },
      "🎲": {
        "default": [
          "коцкица за игру"
        ]
      },
      "🧩": {
        "default": [
          "дио слагалице"
        ],
        "tts": [
          "дио слагалице"
        ]
      },
      "🧸": {
        "default": [
          "медвједић"
        ],
        "tts": [
          "медвједић"
        ]
      },
      "♟": {
        "default": [
          "шаховски пјешак"
        ],
        "tts": [
          "шаховски пјешак"
        ]
      },
      "🎴": {
        "default": [
          "карте за играње са цвијетом"
        ],
        "tts": [
          "карте за играње са цвијетом"
        ]
      },
      "🎭": {
        "default": [
          "сценска умјетност"
        ],
        "tts": [
          "сценска умјетност"
        ]
      },
      "🖼": {
        "default": [
          "рам са сликом"
        ]
      },
      "🎨": {
        "default": [
          "сликарска палета"
        ]
      },
      "🧵": {
        "default": [
          "конац"
        ]
      },
      "🪢": {
        "default": [
          "чвор"
        ]
      },
      "👓": {
        "default": [
          "наочари"
        ]
      },
      "🥽": {
        "default": [
          "заштитне наочари"
        ]
      },
      "🥼": {
        "default": [
          "бијели мантил",
          "доктор",
          "експеримент",
          "научник"
        ],
        "tts": [
          "бијели мантил"
        ]
      },
      "🦺": {
        "default": [
          "прслук за спасавање"
        ]
      },
      "👔": {
        "default": [
          "кравата"
        ]
      },
      "👕": {
        "default": [
          "мајица"
        ]
      },
      "👖": {
        "default": [
          "фармерке"
        ]
      },
      "🧦": {
        "default": [
          "чарапе"
        ]
      },
      "👗": {
        "default": [
          "хаљина"
        ]
      },
      "👘": {
        "default": [
          "кимоно"
        ]
      },
      "🥻": {
        "default": [
          "сари"
        ]
      },
      "🩱": {
        "default": [
          "једнодијелни купаћи"
        ],
        "tts": [
          "једнодијелни купаћи"
        ]
      },
      "🩳": {
        "default": [
          "шорц"
        ]
      },
      "👙": {
        "default": [
          "бикини"
        ]
      },
      "👚": {
        "default": [
          "женска одјећа"
        ],
        "tts": [
          "женска одјећа"
        ]
      },
      "👛": {
        "default": [
          "ташница"
        ]
      },
      "👜": {
        "default": [
          "ташна"
        ]
      },
      "👝": {
        "default": [
          "несесер"
        ]
      },
      "👞": {
        "default": [
          "мушка ципела"
        ]
      },
      "👟": {
        "default": [
          "патика"
        ]
      },
      "🥾": {
        "default": [
          "ципела за планинарење"
        ]
      },
      "🥿": {
        "default": [
          "равна ципела"
        ]
      },
      "👠": {
        "default": [
          "ципела са штиклом"
        ]
      },
      "👡": {
        "default": [
          "женска сандала"
        ]
      },
      "👑": {
        "default": [
          "круна"
        ]
      },
      "👒": {
        "default": [
          "женски шешир"
        ]
      },
      "🎩": {
        "default": [
          "цилиндар"
        ]
      },
      "🎓": {
        "default": [
          "капа за дипломце"
        ]
      },
      "🪖": {
        "default": [
          "шљем"
        ],
        "tts": [
          "шљем"
        ]
      },
      "⛑": {
        "default": [
          "кацига са бијелим крстом"
        ],
        "tts": [
          "кацига са бијелим крстом"
        ]
      },
      "📿": {
        "default": [
          "бројаница"
        ]
      },
      "💍": {
        "default": [
          "прстен"
        ]
      },
      "💎": {
        "default": [
          "драгуљ"
        ]
      },
      "🔇": {
        "default": [
          "искључен звучник"
        ]
      },
      "🔈": {
        "default": [
          "звучник"
        ]
      },
      "🔉": {
        "default": [
          "укључен звучник"
        ]
      },
      "🔊": {
        "default": [
          "појачан звучник"
        ]
      },
      "📯": {
        "default": [
          "поштанска труба"
        ]
      },
      "🎵": {
        "default": [
          "нота"
        ]
      },
      "🎶": {
        "default": [
          "ноте"
        ]
      },
      "🎙": {
        "default": [
          "студијски микрофон"
        ]
      },
      "🎚": {
        "default": [
          "клизач за подешавање"
        ]
      },
      "🎛": {
        "default": [
          "контролна дугмад"
        ]
      },
      "📻": {
        "default": [
          "радио"
        ]
      },
      "🥁": {
        "default": [
          "добош"
        ]
      },
      "📞": {
        "default": [
          "телефонска слушалица"
        ]
      },
      "🔌": {
        "default": [
          "струјни утикач"
        ]
      },
      "💻": {
        "default": [
          "лаптоп рачунар"
        ]
      },
      "🖥": {
        "default": [
          "стони рачунар"
        ]
      },
      "🖱": {
        "default": [
          "рачунарски миш"
        ]
      },
      "💾": {
        "default": [
          "дискета"
        ]
      },
      "💿": {
        "default": [
          "оптички диск"
        ]
      },
      "📀": {
        "default": [
          "dvd"
        ]
      },
      "🎥": {
        "default": [
          "филмска камера"
        ]
      },
      "🎞": {
        "default": [
          "кадрови филма"
        ]
      },
      "📽": {
        "default": [
          "филмски пројектор"
        ]
      },
      "🎬": {
        "default": [
          "режисерска клапа"
        ]
      },
      "📹": {
        "default": [
          "видео камера"
        ]
      },
      "🔍": {
        "default": [
          "лупа усмјерена налијево"
        ],
        "tts": [
          "лупа усмјерена налијево"
        ]
      },
      "🔎": {
        "default": [
          "лупа усмјерена надесно"
        ],
        "tts": [
          "лупа усмјерена надесно"
        ]
      },
      "🕯": {
        "default": [
          "свијећа"
        ],
        "tts": [
          "свијећа"
        ]
      },
      "💡": {
        "default": [
          "сијалица"
        ]
      },
      "🔦": {
        "default": [
          "батеријска лампа"
        ]
      },
      "🏮": {
        "default": [
          "лампион од црвеног папира"
        ]
      },
      "📕": {
        "default": [
          "затворена књига"
        ]
      },
      "📖": {
        "default": [
          "отворена књига"
        ]
      },
      "📗": {
        "default": [
          "зелена књига"
        ]
      },
      "📘": {
        "default": [
          "плава књига"
        ]
      },
      "📙": {
        "default": [
          "наранџаста књига"
        ]
      },
      "📒": {
        "default": [
          "биљежница"
        ],
        "tts": [
          "биљежница"
        ]
      },
      "📰": {
        "default": [
          "новине"
        ]
      },
      "🗞": {
        "default": [
          "умотане новине"
        ]
      },
      "📑": {
        "default": [
          "странице са биљешкама"
        ],
        "tts": [
          "странице са биљешкама"
        ]
      },
      "🔖": {
        "default": [
          "обиљеживач страница у књизи"
        ],
        "tts": [
          "обиљеживач страница у књизи"
        ]
      },
      "💴": {
        "default": [
          "новчаница са знаком јена"
        ]
      },
      "💵": {
        "default": [
          "новчаница са знаком долара"
        ]
      },
      "💶": {
        "default": [
          "новчаница са знаком евра"
        ]
      },
      "💷": {
        "default": [
          "новчаница са знаком фунте"
        ]
      },
      "💳": {
        "default": [
          "кредитна картица"
        ]
      },
      "💹": {
        "default": [
          "графикон пораста са знаком јена"
        ]
      },
      "✉": {
        "default": [
          "коверта"
        ]
      },
      "📨": {
        "default": [
          "коверта која стиже"
        ]
      },
      "📩": {
        "default": [
          "коверта са стрелицом"
        ]
      },
      "📤": {
        "default": [
          "преграда са одлазном поштом"
        ]
      },
      "📥": {
        "default": [
          "преграда са долазном поштом"
        ]
      },
      "🖋": {
        "default": [
          "наливперо"
        ]
      },
      "📂": {
        "default": [
          "отворена фасцикла"
        ]
      },
      "🗂": {
        "default": [
          "раздјелници за каталог картица"
        ],
        "tts": [
          "раздјелници за каталог картица"
        ]
      },
      "🗒": {
        "default": [
          "биљежница са спиралом"
        ],
        "tts": [
          "биљежница са спиралом"
        ]
      },
      "🗓": {
        "default": [
          "календар са спиралом"
        ]
      },
      "📇": {
        "default": [
          "каталог картица"
        ]
      },
      "📈": {
        "default": [
          "графикон са узлазним трендом"
        ]
      },
      "📉": {
        "default": [
          "графикон са опадајућим трендом"
        ]
      },
      "📊": {
        "default": [
          "тракасти графикон"
        ]
      },
      "📌": {
        "default": [
          "прибадача"
        ]
      },
      "📏": {
        "default": [
          "лењир"
        ]
      },
      "📐": {
        "default": [
          "троугаони лењир"
        ]
      },
      "✂": {
        "default": [
          "маказе"
        ]
      },
      "🗃": {
        "default": [
          "кутија са картицама"
        ]
      },
      "🔓": {
        "default": [
          "откључано"
        ],
        "tts": [
          "откључано"
        ]
      },
      "🔐": {
        "default": [
          "затворен катанац са кључем"
        ]
      },
      "🗝": {
        "default": [
          "стари кључ"
        ]
      },
      "🪓": {
        "default": [
          "сјекира"
        ],
        "tts": [
          "сјекира"
        ]
      },
      "⚔": {
        "default": [
          "укрштени мачеви"
        ]
      },
      "🪃": {
        "default": [
          "бумеранг"
        ]
      },
      "🏹": {
        "default": [
          "лук и стријела"
        ],
        "tts": [
          "лук и стријела"
        ]
      },
      "🪚": {
        "default": [
          "тестера"
        ]
      },
      "⚖": {
        "default": [
          "теразије"
        ]
      },
      "🦯": {
        "default": [
          "бијели штап"
        ],
        "tts": [
          "бијели штап"
        ]
      },
      "🪝": {
        "default": [
          "кука"
        ]
      },
      "🪜": {
        "default": [
          "мердевине"
        ]
      },
      "🔬": {
        "default": [
          "микроскоп"
        ]
      },
      "🔭": {
        "default": [
          "телескоп"
        ]
      },
      "📡": {
        "default": [
          "сателитска антена"
        ]
      },
      "💉": {
        "default": [
          "шприц"
        ]
      },
      "🩸": {
        "default": [
          "кап крви"
        ]
      },
      "💊": {
        "default": [
          "пилула"
        ]
      },
      "🩺": {
        "default": [
          "стетоскоп"
        ]
      },
      "🪟": {
        "default": [
          "прозор"
        ]
      },
      "🪑": {
        "default": [
          "столица"
        ]
      },
      "🛁": {
        "default": [
          "када"
        ]
      },
      "🪤": {
        "default": [
          "мишоловка"
        ]
      },
      "🧹": {
        "default": [
          "метла"
        ]
      },
      "🛒": {
        "default": [
          "колица за куповину"
        ]
      },
      "🚰": {
        "default": [
          "вода за пиће"
        ]
      },
      "♿": {
        "default": [
          "инвалидска колица"
        ]
      },
      "🛂": {
        "default": [
          "контрола пасоша"
        ]
      },
      "🛃": {
        "default": [
          "царина"
        ]
      },
      "🛄": {
        "default": [
          "преузимање пртљага"
        ]
      },
      "🛅": {
        "default": [
          "остављени пртљаг"
        ]
      },
      "🚸": {
        "default": [
          "прелаз за дјецу"
        ],
        "tts": [
          "прелаз за дјецу"
        ]
      },
      "🚭": {
        "default": [
          "забрањено пушење"
        ]
      },
      "🚱": {
        "default": [
          "вода није за пиће"
        ]
      },
      "🚷": {
        "default": [
          "забрањено за пјешаке"
        ],
        "tts": [
          "забрањено за пјешаке"
        ]
      },
      "📵": {
        "default": [
          "забрањени мобилни телефони"
        ]
      },
      "🔞": {
        "default": [
          "забрањено за малољетне"
        ],
        "tts": [
          "забрањено за малољетне"
        ]
      },
      "☢": {
        "default": [
          "радиоактивно"
        ]
      },
      "☣": {
        "default": [
          "опасно по живот"
        ]
      },
      "⬆": {
        "default": [
          "стрелица нагоре"
        ]
      },
      "↗": {
        "default": [
          "стрелица нагоре и надесно"
        ]
      },
      "➡": {
        "default": [
          "стрелица надесно"
        ]
      },
      "↘": {
        "default": [
          "стрелица надоље и надесно"
        ],
        "tts": [
          "стрелица надоље и надесно"
        ]
      },
      "⬇": {
        "default": [
          "стрелица надоље"
        ],
        "tts": [
          "стрелица надоље"
        ]
      },
      "↙": {
        "default": [
          "стрелица надоље и налијево"
        ],
        "tts": [
          "стрелица надоље и налијево"
        ]
      },
      "⬅": {
        "default": [
          "стрелица налијево"
        ],
        "tts": [
          "стрелица налијево"
        ]
      },
      "↖": {
        "default": [
          "стрелица нагоре и налијево"
        ],
        "tts": [
          "стрелица нагоре и налијево"
        ]
      },
      "↕": {
        "default": [
          "стрелица нагоре и надоље"
        ],
        "tts": [
          "стрелица нагоре и надоље"
        ]
      },
      "↔": {
        "default": [
          "стрелица налијево и надесно"
        ],
        "tts": [
          "стрелица налијево и надесно"
        ]
      },
      "↮": {
        "default": [
          "стрелица са врхом надесно и налијево и са косом цртом"
        ],
        "tts": [
          "стрелица са врхом надесно и налијево и са косом цртом"
        ]
      },
      "↪": {
        "default": [
          "стрелица за полукружни окрет улијево"
        ],
        "tts": [
          "стрелица за полукружни окрет улијево"
        ]
      },
      "⤵": {
        "default": [
          "стрелица која скреће надоље"
        ],
        "tts": [
          "стрелица која скреће надоље"
        ]
      },
      "🔃": {
        "default": [
          "стрелице које се врте удесно"
        ]
      },
      "🔄": {
        "default": [
          "стрелице које се врте улијево"
        ],
        "tts": [
          "стрелице које се врте улијево"
        ]
      },
      "🛐": {
        "default": [
          "вјерски објекат"
        ],
        "tts": [
          "вјерски објекат"
        ]
      },
      "✡": {
        "default": [
          "давидова звијезда"
        ],
        "tts": [
          "давидова звијезда"
        ]
      },
      "☪": {
        "default": [
          "звијезда и полумјесец"
        ],
        "tts": [
          "звијезда и полумјесец"
        ]
      },
      "🕎": {
        "default": [
          "менора"
        ]
      },
      "🔯": {
        "default": [
          "шестокрака звијезда са тачком"
        ],
        "tts": [
          "шестокрака звијезда са тачком"
        ]
      },
      "♍": {
        "default": [
          "дјевица у хороскопу"
        ],
        "tts": [
          "дјевица у хороскопу"
        ]
      },
      "♐": {
        "default": [
          "стријелац у хороскопу"
        ],
        "tts": [
          "стријелац у хороскопу"
        ]
      },
      "🔂": {
        "default": [
          "дугме за понављање једне пјесме"
        ],
        "tts": [
          "дугме за понављање једне пјесме"
        ]
      },
      "⏩": {
        "default": [
          "дугме за премотавање унапријед"
        ],
        "tts": [
          "дугме за премотавање унапријед"
        ]
      },
      "⏭": {
        "default": [
          "дугме за сљедећу пјесму"
        ],
        "tts": [
          "дугме за сљедећу пјесму"
        ]
      },
      "◀": {
        "default": [
          "дугме за репродукцију уназад"
        ]
      },
      "⏮": {
        "default": [
          "дугме за посљедњу пјесму"
        ],
        "tts": [
          "дугме за посљедњу пјесму"
        ]
      },
      "🔼": {
        "default": [
          "дугме за кретање нагоре"
        ]
      },
      "⏫": {
        "default": [
          "дугме за брзо кретање нагоре"
        ]
      },
      "🔽": {
        "default": [
          "дугме за кретање надоље"
        ],
        "tts": [
          "дугме за кретање надоље"
        ]
      },
      "⏬": {
        "default": [
          "дугме за брзо кретање надоље"
        ],
        "tts": [
          "дугме за брзо кретање надоље"
        ]
      },
      "⏹": {
        "default": [
          "дугме за заустављање"
        ]
      },
      "🔅": {
        "default": [
          "дугме за затамњивање"
        ]
      },
      "🔆": {
        "default": [
          "дугме за повећавање освијетљености"
        ],
        "tts": [
          "дугме за повећавање освијетљености"
        ]
      },
      "📴": {
        "default": [
          "искључен мобилни телефон"
        ]
      },
      "♀": {
        "default": [
          "женски знак"
        ]
      },
      "♂": {
        "default": [
          "мушки знак"
        ]
      },
      "➗": {
        "default": [
          "црни знак за дијељење"
        ],
        "tts": [
          "црни знак за дијељење"
        ]
      },
      "♾": {
        "default": [
          "бесконачност"
        ]
      },
      "❔": {
        "default": [
          "бијели упитник"
        ],
        "tts": [
          "бијели упитник"
        ]
      },
      "❕": {
        "default": [
          "бијели узвичник"
        ],
        "tts": [
          "бијели узвичник"
        ]
      },
      "〰": {
        "default": [
          "таласаста црта"
        ]
      },
      "💱": {
        "default": [
          "конверзија валута"
        ]
      },
      "🔰": {
        "default": [
          "јапански симбол за почетника"
        ]
      },
      "〽": {
        "default": [
          "знак за раздвајање дијелова"
        ],
        "tts": [
          "знак за раздвајање дијелова"
        ]
      },
      "✳": {
        "default": [
          "осмокрака звијезда"
        ],
        "tts": [
          "осмокрака звијезда"
        ]
      },
      "✴": {
        "default": [
          "осмокрака звјездица"
        ],
        "tts": [
          "осмокрака звјездица"
        ]
      },
      "🔠": {
        "default": [
          "унос великих слова"
        ]
      },
      "🔡": {
        "default": [
          "унос малих слова"
        ]
      },
      "🔢": {
        "default": [
          "унос бројева"
        ]
      },
      "🔣": {
        "default": [
          "унос симбола"
        ]
      },
      "🔤": {
        "default": [
          "унос латиничних слова"
        ]
      },
      "🅰": {
        "default": [
          "дугме са словом а"
        ]
      },
      "🆎": {
        "default": [
          "дугме са словима а и б"
        ]
      },
      "🅱": {
        "default": [
          "дугме са словом б"
        ]
      },
      "ℹ": {
        "default": [
          "извор информација"
        ]
      },
      "🅾": {
        "default": [
          "дугме o"
        ]
      },
      "🅿": {
        "default": [
          "знак за паркинг"
        ]
      },
      "🈁": {
        "default": [
          "катакана коко у квадрату"
        ]
      },
      "🈂": {
        "default": [
          "катакана са у квадрату"
        ]
      },
      "🈷": {
        "default": [
          "идеограф „мјесец“ у квадрату"
        ],
        "tts": [
          "идеограф „мјесец“ у квадрату"
        ]
      },
      "🈶": {
        "default": [
          "идеограф „постоји“ у квадрату"
        ]
      },
      "🉐": {
        "default": [
          "идеограф „предност“ у кругу"
        ]
      },
      "🈹": {
        "default": [
          "идеограф „раздвајање“ у квадрату"
        ]
      },
      "🈚": {
        "default": [
          "идеограф за негацију у квадрату"
        ]
      },
      "🈲": {
        "default": [
          "идеограф „забрањено“ у квадрату"
        ]
      },
      "🉑": {
        "default": [
          "идеограф „прихватити“ у кругу"
        ]
      },
      "🈸": {
        "default": [
          "идеограф „применити“ у квадрату"
        ]
      },
      "🈴": {
        "default": [
          "идеограф „заједно“ у квадрату"
        ]
      },
      "🈳": {
        "default": [
          "идеограф „празно“ квадрату"
        ]
      },
      "㊗": {
        "default": [
          "идеограф „честитати“ у кругу"
        ]
      },
      "㊙": {
        "default": [
          "идеограф „тајна“ у кругу"
        ]
      },
      "🈺": {
        "default": [
          "идеограф за операцију у квадрату"
        ]
      },
      "🈵": {
        "default": [
          "идеограф „попуњеност“ у квадрату"
        ]
      },
      "🔴": {
        "default": [
          "црвени круг"
        ]
      },
      "🟠": {
        "default": [
          "наранџаст круг"
        ]
      },
      "🟡": {
        "default": [
          "жут круг"
        ]
      },
      "🟢": {
        "default": [
          "зелен круг"
        ]
      },
      "🔵": {
        "default": [
          "плави круг"
        ]
      },
      "🟣": {
        "default": [
          "љубичаст круг"
        ]
      },
      "⚪": {
        "default": [
          "бијели круг"
        ],
        "tts": [
          "бијели круг"
        ]
      },
      "🟥": {
        "default": [
          "црвени квадрат"
        ]
      },
      "🟧": {
        "default": [
          "наранџасти квадрат"
        ]
      },
      "🟨": {
        "default": [
          "жути квадрат"
        ]
      },
      "🟩": {
        "default": [
          "зелени квадрат"
        ]
      },
      "🟦": {
        "default": [
          "плави квадрат"
        ]
      },
      "🟪": {
        "default": [
          "љубичасти квадрат"
        ]
      },
      "⬜": {
        "default": [
          "велики бијели квадрат"
        ],
        "tts": [
          "велики бијели квадрат"
        ]
      },
      "◻": {
        "default": [
          "бијели квадрат средње величине"
        ],
        "tts": [
          "бијели квадрат средње величине"
        ]
      },
      "◽": {
        "default": [
          "средњемали бијели квадрат"
        ],
        "tts": [
          "средњемали бијели квадрат"
        ]
      },
      "▫": {
        "default": [
          "мали бијели квадрат"
        ],
        "tts": [
          "мали бијели квадрат"
        ]
      },
      "🔺": {
        "default": [
          "црвени троугао окренут нагоре"
        ]
      },
      "🔻": {
        "default": [
          "црвени троугао окренут надоље"
        ],
        "tts": [
          "црвени троугао окренут надоље"
        ]
      },
      "🔘": {
        "default": [
          "дугме за избор"
        ]
      },
      "🔳": {
        "default": [
          "бијело квадратно дугме"
        ],
        "tts": [
          "бијело квадратно дугме"
        ]
      },
      "🏁": {
        "default": [
          "застава за крај трке"
        ]
      },
      "🎌": {
        "default": [
          "укрштене заставе"
        ]
      },
      "🏴": {
        "default": [
          "црна застава"
        ]
      },
      "🏳": {
        "default": [
          "бијела застава"
        ],
        "tts": [
          "бијела застава"
        ]
      },
      "🏳‍🌈": {
        "default": [
          "дугина застава"
        ]
      },
      "🏳‍⚧": {
        "default": [
          "трансродна застава"
        ],
        "tts": [
          "трансродна застава"
        ]
      },
      "₩": {
        "default": [
          "вон"
        ]
      },
      "µ": {
        "default": [
          "знак за микро"
        ]
      }
    }
  }
}
