{
  "main": {
    "uz": {
      "identity": {
        "version": {
          "_cldrVersion": "39"
        },
        "language": "uz"
      },
      "dates": {
        "calendars": {
          "buddhist": {
            "months": {
              "format": {
                "abbreviated": {
                  "1": "yan",
                  "2": "fev",
                  "3": "mar",
                  "4": "apr",
                  "5": "may",
                  "6": "iyn",
                  "7": "iyl",
                  "8": "avg",
                  "9": "sen",
                  "10": "okt",
                  "11": "noy",
                  "12": "dek"
                },
                "narrow": {
                  "1": "Y",
                  "2": "F",
                  "3": "M",
                  "4": "A",
                  "5": "M",
                  "6": "I",
                  "7": "I",
                  "8": "A",
                  "9": "S",
                  "10": "O",
                  "11": "N",
                  "12": "D"
                },
                "wide": {
                  "1": "yanvar",
                  "2": "fevral",
                  "3": "mart",
                  "4": "aprel",
                  "5": "may",
                  "6": "iyun",
                  "7": "iyul",
                  "8": "avgust",
                  "9": "sentabr",
                  "10": "oktabr",
                  "11": "noyabr",
                  "12": "dekabr"
                }
              },
              "stand-alone": {
                "abbreviated": {
                  "1": "Yan",
                  "2": "Fev",
                  "3": "Mar",
                  "4": "Apr",
                  "5": "May",
                  "6": "Iyn",
                  "7": "Iyl",
                  "8": "Avg",
                  "9": "Sen",
                  "10": "Okt",
                  "11": "Noy",
                  "12": "Dek"
                },
                "narrow": {
                  "1": "Y",
                  "2": "F",
                  "3": "M",
                  "4": "A",
                  "5": "M",
                  "6": "I",
                  "7": "I",
                  "8": "A",
                  "9": "S",
                  "10": "O",
                  "11": "N",
                  "12": "D"
                },
                "wide": {
                  "1": "Yanvar",
                  "2": "Fevral",
                  "3": "Mart",
                  "4": "Aprel",
                  "5": "May",
                  "6": "Iyun",
                  "7": "Iyul",
                  "8": "Avgust",
                  "9": "Sentabr",
                  "10": "Oktabr",
                  "11": "Noyabr",
                  "12": "Dekabr"
                }
              }
            },
            "days": {
              "format": {
                "abbreviated": {
                  "sun": "Yak",
                  "mon": "Dush",
                  "tue": "Sesh",
                  "wed": "Chor",
                  "thu": "Pay",
                  "fri": "Jum",
                  "sat": "Shan"
                },
                "narrow": {
                  "sun": "Y",
                  "mon": "D",
                  "tue": "S",
                  "wed": "C",
                  "thu": "P",
                  "fri": "J",
                  "sat": "S"
                },
                "short": {
                  "sun": "Ya",
                  "mon": "Du",
                  "tue": "Se",
                  "wed": "Ch",
                  "thu": "Pa",
                  "fri": "Ju",
                  "sat": "Sh"
                },
                "wide": {
                  "sun": "yakshanba",
                  "mon": "dushanba",
                  "tue": "seshanba",
                  "wed": "chorshanba",
                  "thu": "payshanba",
                  "fri": "juma",
                  "sat": "shanba"
                }
              },
              "stand-alone": {
                "abbreviated": {
                  "sun": "Yak",
                  "mon": "Dush",
                  "tue": "Sesh",
                  "wed": "Chor",
                  "thu": "Pay",
                  "fri": "Jum",
                  "sat": "Shan"
                },
                "narrow": {
                  "sun": "Y",
                  "mon": "D",
                  "tue": "S",
                  "wed": "C",
                  "thu": "P",
                  "fri": "J",
                  "sat": "S"
                },
                "short": {
                  "sun": "Ya",
                  "mon": "Du",
                  "tue": "Se",
                  "wed": "Ch",
                  "thu": "Pa",
                  "fri": "Ju",
                  "sat": "Sh"
                },
                "wide": {
                  "sun": "yakshanba",
                  "mon": "dushanba",
                  "tue": "seshanba",
                  "wed": "chorshanba",
                  "thu": "payshanba",
                  "fri": "juma",
                  "sat": "shanba"
                }
              }
            },
            "quarters": {
              "format": {
                "abbreviated": {
                  "1": "1-ch",
                  "2": "2-ch",
                  "3": "3-ch",
                  "4": "4-ch"
                },
                "narrow": {
                  "1": "1",
                  "2": "2",
                  "3": "3",
                  "4": "4"
                },
                "wide": {
                  "1": "1-chorak",
                  "2": "2-chorak",
                  "3": "3-chorak",
                  "4": "4-chorak"
                }
              },
              "stand-alone": {
                "abbreviated": {
                  "1": "1-ch",
                  "2": "2-ch",
                  "3": "3-ch",
                  "4": "4-ch"
                },
                "narrow": {
                  "1": "1",
                  "2": "2",
                  "3": "3",
                  "4": "4"
                },
                "wide": {
                  "1": "1-chorak",
                  "2": "2-chorak",
                  "3": "3-chorak",
                  "4": "4-chorak"
                }
              }
            },
            "dayPeriods": {
              "format": {
                "abbreviated": {
                  "midnight": "yarim tun",
                  "am": "TO",
                  "noon": "tush payti",
                  "pm": "TK",
                  "morning1": "ertalab",
                  "afternoon1": "kunduzi",
                  "evening1": "kechqurun",
                  "night1": "kechasi"
                },
                "narrow": {
                  "midnight": "yarim tun",
                  "am": "TO",
                  "noon": "tush payti",
                  "pm": "TK",
                  "morning1": "ertalab",
                  "afternoon1": "kunduzi",
                  "evening1": "kechqurun",
                  "night1": "kechasi"
                },
                "wide": {
                  "midnight": "yarim tun",
                  "am": "TO",
                  "noon": "tush payti",
                  "pm": "TK",
                  "morning1": "ertalab",
                  "afternoon1": "kunduzi",
                  "evening1": "kechqurun",
                  "night1": "kechasi"
                }
              },
              "stand-alone": {
                "abbreviated": {
                  "midnight": "yarim tun",
                  "am": "TO",
                  "noon": "tush payti",
                  "pm": "TK",
                  "morning1": "ertalab",
                  "afternoon1": "kunduzi",
                  "evening1": "kechqurun",
                  "night1": "kechasi"
                },
                "narrow": {
                  "midnight": "yarim tun",
                  "am": "TO",
                  "noon": "tush payti",
                  "pm": "TK",
                  "morning1": "ertalab",
                  "afternoon1": "kunduzi",
                  "evening1": "kechqurun",
                  "night1": "kechasi"
                },
                "wide": {
                  "midnight": "yarim tun",
                  "am": "TO",
                  "noon": "tush payti",
                  "pm": "TK",
                  "morning1": "ertalab",
                  "afternoon1": "kunduzi",
                  "evening1": "kechqurun",
                  "night1": "kechasi"
                }
              }
            },
            "eras": {
              "eraNames": {
                "0": "BE"
              },
              "eraAbbr": {
                "0": "BE"
              },
              "eraNarrow": {
                "0": "BE"
              }
            },
            "dateFormats": {
              "full": "EEEE, d-MMMM, y (G)",
              "long": "d-MMMM, y (G)",
              "medium": "d-MMM, y (G)",
              "short": "dd.MM.y (GGGGG)"
            },
            "timeFormats": {
              "full": "H:mm:ss (zzzz)",
              "long": "H:mm:ss (z)",
              "medium": "HH:mm:ss",
              "short": "HH:mm"
            },
            "dateTimeFormats": {
              "full": "{1}, {0}",
              "long": "{1}, {0}",
              "medium": "{1}, {0}",
              "short": "{1}, {0}",
              "availableFormats": {
                "Bh": "B h",
                "Bhm": "B h:mm",
                "Bhms": "B h:mm:ss",
                "d": "d",
                "E": "ccc",
                "EBhm": "E, B h:mm",
                "EBhms": "E, B h:mm:ss",
                "Ed": "E, d",
                "Ehm": "E, h:mm (a)",
                "EHm": "E, HH:mm",
                "Ehms": "E, h:mm:ss (a)",
                "EHms": "E, HH:mm:ss",
                "Gy": "y (G)",
                "GyMMM": "MMM, y (G)",
                "GyMMMd": "d-MMM, y (G)",
                "GyMMMEd": "E, d-MMM, y (G)",
                "h": "h (a)",
                "H": "HH",
                "hm": "h:mm (a)",
                "Hm": "HH:mm",
                "hms": "h:mm:ss (a)",
                "Hms": "HH:mm:ss",
                "M": "L",
                "Md": "dd.MM",
                "MEd": "E, dd.MM",
                "MMM": "LLL",
                "MMMd": "d-MMM",
                "MMMEd": "E, d-MMM",
                "MMMMd": "d-MMMM",
                "ms": "mm:ss",
                "y": "y (G)",
                "yyyy": "y (G)",
                "yyyyM": "MM.y (GGGGG)",
                "yyyyMd": "dd.MM.y (GGGGG)",
                "yyyyMEd": "E, dd.MM.y (GGGGG)",
                "yyyyMMM": "y (G), MMM",
                "yyyyMMMd": "d-MMM, y (G)",
                "yyyyMMMEd": "E, d-MMM, y (G)",
                "yyyyMMMM": "y (G), MMMM",
                "yyyyQQQ": "y (G), QQQ",
                "yyyyQQQQ": "y (G), QQQQ"
              },
              "appendItems": {
                "Day": "{0} ({2}: {1})",
                "Day-Of-Week": "{0} {1}",
                "Era": "{1} {0}",
                "Hour": "{0} ({2}: {1})",
                "Minute": "{0} ({2}: {1})",
                "Month": "{0} ({2}: {1})",
                "Quarter": "{0} ({2}: {1})",
                "Second": "{0} ({2}: {1})",
                "Timezone": "{0} {1}",
                "Week": "{0} ({2}: {1})",
                "Year": "{1} {0}"
              },
              "intervalFormats": {
                "intervalFormatFallback": "{0} – {1}",
                "Bh": {
                  "B": "B h – B h",
                  "h": "B h – h"
                },
                "Bhm": {
                  "B": "B h:mm – B h:mm",
                  "h": "B h:mm–h:mm",
                  "m": "B h:mm – h:mm"
                },
                "d": {
                  "d": "d–d"
                },
                "Gy": {
                  "G": "G y – G y",
                  "y": "G y–y"
                },
                "GyM": {
                  "G": "M/y (GGGGG) – M/y (GGGGG)",
                  "M": "M/y – M/y (GGGGG)",
                  "y": "M/y – M/y (GGGGG)"
                },
                "GyMd": {
                  "d": "d/M/y – d/M/y (GGGGG)",
                  "G": "d/M/y (GGGGG) – d/M/y (GGGGG)",
                  "M": "d/M/y – d/M/y (GGGGG)",
                  "y": "d/M/y – d/M/y (GGGGG)"
                },
                "GyMEd": {
                  "d": "E, d/M/y – E, d/M/y (GGGGG)",
                  "G": "E, d/M/y (GGGGG) – E, d/M/y (GGGGG)",
                  "M": "E, d/M/y – E, d/M/y (GGGGG)",
                  "y": "E, d/M/y – E, d/M/y (GGGGG)"
                },
                "GyMMM": {
                  "G": "MMM G y – MMM G y",
                  "M": "MMM – MMM, G y",
                  "y": "MMM y – MMM y (G)"
                },
                "GyMMMd": {
                  "d": "d – d-MMM, G y",
                  "G": "d-MMM, G y – d-MMM, G y",
                  "M": "d-MMM – d-MMM, G y",
                  "y": "d-MMM, y – d-MMM, y (G)"
                },
                "GyMMMEd": {
                  "d": "E, d-MMM – E, d-MMM, G y",
                  "G": "E, d-MMM, G y – E, d-MMM, G y",
                  "M": "E, d-MMM – E, d-MMM, G y",
                  "y": "E, d-MMM, y – E, d-MMM, y (G)"
                },
                "h": {
                  "a": "h a – h a",
                  "h": "h–h a"
                },
                "H": {
                  "H": "HH–HH"
                },
                "hm": {
                  "a": "h:mm a – h:mm a",
                  "h": "h:mm–h:mm a",
                  "m": "h:mm–h:mm a"
                },
                "Hm": {
                  "H": "HH:mm–HH:mm",
                  "m": "HH:mm–HH:mm"
                },
                "hmv": {
                  "a": "h:mm a – h:mm a v",
                  "h": "h:mm–h:mm a v",
                  "m": "h:mm–h:mm a v"
                },
                "Hmv": {
                  "H": "HH:mm–HH:mm v",
                  "m": "HH:mm–HH:mm v"
                },
                "hv": {
                  "a": "h a – h a v",
                  "h": "h–h a v"
                },
                "Hv": {
                  "H": "HH–HH v"
                },
                "M": {
                  "M": "MM–MM"
                },
                "Md": {
                  "d": "dd.MM – dd.MM",
                  "M": "dd.MM – dd.MM"
                },
                "MEd": {
                  "d": "E, dd.MM – E, dd.MM",
                  "M": "E, dd.MM – E, dd.MM"
                },
                "MMM": {
                  "M": "MMM – MMM"
                },
                "MMMd": {
                  "d": "d – d-MMM",
                  "M": "d-MMM – d-MMM"
                },
                "MMMEd": {
                  "d": "E, d-MMM – E, d-MMM",
                  "M": "E, d-MMM – E, d-MMM"
                },
                "y": {
                  "y": "y–y (G)"
                },
                "yM": {
                  "M": "MM.y – MM.y (GGGGG)",
                  "y": "MM.y – MM.y (GGGGG)"
                },
                "yMd": {
                  "d": "dd.MM.y – dd.MM.y (GGGGG)",
                  "M": "dd.MM.y – dd.MM.y (GGGGG)",
                  "y": "dd.MM.y – dd.MM.y (GGGGG)"
                },
                "yMEd": {
                  "d": "E, dd.MM.y – E, dd.MM.y (GGGGG)",
                  "M": "E, dd.MM.y – E, dd.MM.y (GGGGG)",
                  "y": "E, dd.MM.y – E, dd.MM.y (GGGGG)"
                },
                "yMMM": {
                  "M": "y (G), MMM – MMM",
                  "y": "y (G), MMM – y, MMM"
                },
                "yMMMd": {
                  "d": "d – d-MMM, y (G)",
                  "M": "d-MMM – d-MMM, y (G)",
                  "y": "d-MMM, y – d-MMM, y (G)"
                },
                "yMMMEd": {
                  "d": "E, d-MMM – E, d-MMM, y (G)",
                  "M": "E, d-MMM – E, d-MMM, y (G)",
                  "y": "E, d-MMM, y – E, d-MMM, y (G)"
                },
                "yMMMM": {
                  "M": "MMMM – MMMM, y (G)",
                  "y": "MMMM, y – MMMM, y (G)"
                }
              }
            }
          }
        }
      }
    }
  }
}
