{
  "main": {
    "gl": {
      "identity": {
        "version": {
          "_cldrVersion": "39"
        },
        "language": "gl"
      },
      "dates": {
        "calendars": {
          "buddhist": {
            "months": {
              "format": {
                "abbreviated": {
                  "1": "xan.",
                  "2": "feb.",
                  "3": "mar.",
                  "4": "abr.",
                  "5": "maio",
                  "6": "xuño",
                  "7": "xul.",
                  "8": "ago.",
                  "9": "set.",
                  "10": "out.",
                  "11": "nov.",
                  "12": "dec."
                },
                "narrow": {
                  "1": "x.",
                  "2": "f.",
                  "3": "m.",
                  "4": "a.",
                  "5": "m.",
                  "6": "x.",
                  "7": "x.",
                  "8": "a.",
                  "9": "s.",
                  "10": "o.",
                  "11": "n.",
                  "12": "d."
                },
                "wide": {
                  "1": "xaneiro",
                  "2": "febreiro",
                  "3": "marzo",
                  "4": "abril",
                  "5": "maio",
                  "6": "xuño",
                  "7": "xullo",
                  "8": "agosto",
                  "9": "setembro",
                  "10": "outubro",
                  "11": "novembro",
                  "12": "decembro"
                }
              },
              "stand-alone": {
                "abbreviated": {
                  "1": "Xan.",
                  "2": "Feb.",
                  "3": "Mar.",
                  "4": "Abr.",
                  "5": "Maio",
                  "6": "Xuño",
                  "7": "Xul.",
                  "8": "Ago.",
                  "9": "Set.",
                  "10": "Out.",
                  "11": "Nov.",
                  "12": "Dec."
                },
                "narrow": {
                  "1": "X",
                  "2": "F",
                  "3": "M",
                  "4": "A",
                  "5": "M",
                  "6": "X",
                  "7": "X",
                  "8": "A",
                  "9": "S",
                  "10": "O",
                  "11": "N",
                  "12": "D"
                },
                "wide": {
                  "1": "Xaneiro",
                  "2": "Febreiro",
                  "3": "Marzo",
                  "4": "Abril",
                  "5": "Maio",
                  "6": "Xuño",
                  "7": "Xullo",
                  "8": "Agosto",
                  "9": "Setembro",
                  "10": "Outubro",
                  "11": "Novembro",
                  "12": "Decembro"
                }
              }
            },
            "days": {
              "format": {
                "abbreviated": {
                  "sun": "dom.",
                  "mon": "luns",
                  "tue": "mar.",
                  "wed": "mér.",
                  "thu": "xov.",
                  "fri": "ven.",
                  "sat": "sáb."
                },
                "narrow": {
                  "sun": "d.",
                  "mon": "l.",
                  "tue": "m.",
                  "wed": "m.",
                  "thu": "x.",
                  "fri": "v.",
                  "sat": "s."
                },
                "short": {
                  "sun": "do.",
                  "mon": "lu.",
                  "tue": "ma.",
                  "wed": "mé.",
                  "thu": "xo.",
                  "fri": "ve.",
                  "sat": "sá."
                },
                "wide": {
                  "sun": "domingo",
                  "mon": "luns",
                  "tue": "martes",
                  "wed": "mércores",
                  "thu": "xoves",
                  "fri": "venres",
                  "sat": "sábado"
                }
              },
              "stand-alone": {
                "abbreviated": {
                  "sun": "Dom.",
                  "mon": "Luns",
                  "tue": "Mar.",
                  "wed": "Mér.",
                  "thu": "Xov.",
                  "fri": "Ven.",
                  "sat": "Sáb."
                },
                "narrow": {
                  "sun": "D",
                  "mon": "L",
                  "tue": "M",
                  "wed": "M",
                  "thu": "X",
                  "fri": "V",
                  "sat": "S"
                },
                "short": {
                  "sun": "Do",
                  "mon": "Lu",
                  "tue": "Ma",
                  "wed": "Mé",
                  "thu": "Xo",
                  "fri": "Ve",
                  "sat": "Sá"
                },
                "wide": {
                  "sun": "Domingo",
                  "mon": "Luns",
                  "tue": "Martes",
                  "wed": "Mércores",
                  "thu": "Xoves",
                  "fri": "Venres",
                  "sat": "Sábado"
                }
              }
            },
            "quarters": {
              "format": {
                "abbreviated": {
                  "1": "T1",
                  "2": "T2",
                  "3": "T3",
                  "4": "T4"
                },
                "narrow": {
                  "1": "1",
                  "2": "2",
                  "3": "3",
                  "4": "4"
                },
                "wide": {
                  "1": "1.º trimestre",
                  "2": "2.º trimestre",
                  "3": "3.º trimestre",
                  "4": "4.º trimestre"
                }
              },
              "stand-alone": {
                "abbreviated": {
                  "1": "T1",
                  "2": "T2",
                  "3": "T3",
                  "4": "T4"
                },
                "narrow": {
                  "1": "1",
                  "2": "2",
                  "3": "3",
                  "4": "4"
                },
                "wide": {
                  "1": "1.º trimestre",
                  "2": "2.º trimestre",
                  "3": "3.º trimestre",
                  "4": "4.º trimestre"
                }
              }
            },
            "dayPeriods": {
              "format": {
                "abbreviated": {
                  "midnight": "da noite",
                  "am": "a.m.",
                  "pm": "p.m.",
                  "morning1": "da madrugada",
                  "morning2": "da mañá",
                  "afternoon1": "do mediodía",
                  "evening1": "da tarde",
                  "night1": "da noite"
                },
                "narrow": {
                  "midnight": "da noite",
                  "am": "a.m.",
                  "pm": "p.m.",
                  "morning1": "da madrugada",
                  "morning2": "da mañá",
                  "afternoon1": "do mediodía",
                  "evening1": "da tarde",
                  "night1": "da noite"
                },
                "wide": {
                  "midnight": "da noite",
                  "am": "a.m.",
                  "pm": "p.m.",
                  "morning1": "da madrugada",
                  "morning2": "da mañá",
                  "afternoon1": "do mediodía",
                  "evening1": "da tarde",
                  "night1": "da noite"
                }
              },
              "stand-alone": {
                "abbreviated": {
                  "midnight": "medianoite",
                  "am": "a.m.",
                  "pm": "p.m.",
                  "morning1": "madrugada",
                  "morning2": "mañá",
                  "afternoon1": "mediodía",
                  "evening1": "tarde",
                  "night1": "noite"
                },
                "narrow": {
                  "midnight": "medianoite",
                  "am": "a.m.",
                  "pm": "p.m.",
                  "morning1": "madrugada",
                  "morning2": "mañá",
                  "afternoon1": "mediodía",
                  "evening1": "tarde",
                  "night1": "noite"
                },
                "wide": {
                  "midnight": "medianoite",
                  "am": "a.m.",
                  "pm": "p.m.",
                  "morning1": "madrugada",
                  "morning2": "mañá",
                  "afternoon1": "mediodía",
                  "evening1": "tarde",
                  "night1": "noite"
                }
              }
            },
            "eras": {
              "eraNames": {
                "0": "BE"
              },
              "eraAbbr": {
                "0": "BE"
              },
              "eraNarrow": {
                "0": "BE"
              }
            },
            "dateFormats": {
              "full": "EEEE, d 'de' MMMM 'de' Y G",
              "long": "d 'de' MMMM 'de' y G",
              "medium": "d 'de' MMM 'de' y G",
              "short": "dd/MM/y GGGGG"
            },
            "timeFormats": {
              "full": "HH:mm:ss zzzz",
              "long": "HH:mm:ss z",
              "medium": "HH:mm:ss",
              "short": "HH:mm"
            },
            "dateTimeFormats": {
              "full": "{1} 'ás' {0}",
              "long": "{1} 'ás' {0}",
              "medium": "{1}, {0}",
              "short": "{1}, {0}",
              "availableFormats": {
                "Bh": "h B",
                "Bhm": "h:mm B",
                "Bhms": "h:mm:ss B",
                "d": "d",
                "E": "ccc",
                "EBhm": "E, h:mm B",
                "EBhms": "E, h:mm:ss B",
                "Ed": "E d",
                "Ehm": "E, h:mm a",
                "EHm": "E, HH:mm",
                "Ehms": "E, h:mm:ss a",
                "EHms": "E, HH:mm:ss",
                "Gy": "y G",
                "GyMMM": "MMM 'de' y G",
                "GyMMMd": "d 'de' MMM 'de' y G",
                "GyMMMEd": "E, d 'de' MMM 'de' y G",
                "h": "h a",
                "H": "HH",
                "hm": "h:mm a",
                "Hm": "HH:mm",
                "hms": "h:mm:ss a",
                "Hms": "HH:mm:ss",
                "M": "L",
                "Md": "dd/MM",
                "MEd": "E, d/M",
                "MMdd": "dd/MM",
                "MMM": "LLL",
                "MMMd": "d 'de' MMM",
                "MMMEd": "E, d 'de' MMM",
                "MMMMd": "d 'de' MMMM",
                "MMMMEd": "E, d 'de' MMMM",
                "ms": "mm:ss",
                "y": "y G",
                "yM": "M-y",
                "yMd": "d/M/y",
                "yMEd": "E, d/M/y",
                "yMM": "MM/y",
                "yMMM": "MMM 'de' y",
                "yMMMd": "d 'de' MMMM 'de' y",
                "yMMMEd": "E, d 'de' MMMM 'de' y",
                "yMMMM": "MMMM 'de' y",
                "yQQQ": "QQQ y",
                "yQQQQ": "QQQQ 'de' y",
                "yyyy": "y G",
                "yyyyM": "M/y GGGGG",
                "yyyyMd": "d/M/y GGGGG",
                "yyyyMEd": "E, d/M/y GGGGG",
                "yyyyMMM": "MMM 'de' y G",
                "yyyyMMMd": "d 'de' MMM 'de' y G",
                "yyyyMMMEd": "E, d 'de' MMM 'de' y G",
                "yyyyMMMM": "MMMM 'de' y G",
                "yyyyQQQ": "QQQ y G",
                "yyyyQQQQ": "QQQQ 'de' y G"
              },
              "appendItems": {
                "Day": "{0} ({2}: {1})",
                "Day-Of-Week": "{0} {1}",
                "Era": "{1} {0}",
                "Hour": "{0} ({2}: {1})",
                "Minute": "{0} ({2}: {1})",
                "Month": "{0} ({2}: {1})",
                "Quarter": "{0} ({2}: {1})",
                "Second": "{0} ({2}: {1})",
                "Timezone": "{0} {1}",
                "Week": "{0} ({2}: {1})",
                "Year": "{1} {0}"
              },
              "intervalFormats": {
                "intervalFormatFallback": "{0} – {1}",
                "Bh": {
                  "B": "h B – h B",
                  "h": "h–h B"
                },
                "Bhm": {
                  "B": "h:mm B – h:mm B",
                  "h": "h:mm–h:mm B",
                  "m": "h:mm–h:mm B"
                },
                "d": {
                  "d": "d–d"
                },
                "Gy": {
                  "G": "y G – y G",
                  "y": "y–y G"
                },
                "GyM": {
                  "G": "MM/y GGGGG – MM/y GGGGG",
                  "M": "MM/y – MM/y GGGGG",
                  "y": "MM/y – MM/y GGGGG"
                },
                "GyMd": {
                  "d": "dd/MM/y – dd/MM/y GGGGG",
                  "G": "dd/MM/y GGGGG – dd/MM/y GGGGG",
                  "M": "dd/MM/y – dd/MM/y GGGGG",
                  "y": "dd/MM/y – dd/MM/y GGGGG"
                },
                "GyMEd": {
                  "d": "E, dd/MM/y – E, dd/MM/y GGGGG",
                  "G": "E, dd/MM/y GGGGG – E, dd/MM/y GGGGG",
                  "M": "E, dd/MM/y – E, dd/MM/y GGGGG",
                  "y": "E, dd/MM/y – E, dd/MM/y GGGGG"
                },
                "GyMMM": {
                  "G": "MMM 'de' y G – MMM 'de' y G",
                  "M": "MMM–MMM 'de' y G",
                  "y": "MMM 'de' y – MMM 'de' y G"
                },
                "GyMMMd": {
                  "d": "d–d 'de' MMM 'de' y G",
                  "G": "d 'de' MMM 'de' y G – d 'de' MMM 'de' y G",
                  "M": "d 'de' MMM – d 'de' MMM 'de' y G",
                  "y": "d 'de' MMM 'de' y – d 'de' MMM 'de' y G"
                },
                "GyMMMEd": {
                  "d": "E, d 'de' MMM – E, d 'de' MMM 'de' y G",
                  "G": "E, d 'de' MMM 'de' y G – E, d 'de' MMM 'de' y G",
                  "M": "E, d 'de' MMM – E, d 'de' MMM 'de' y G",
                  "y": "E, d 'de' MMM 'de' y – E, d 'de' MMM 'de' y G"
                },
                "h": {
                  "a": "h a – h a",
                  "h": "h–h a"
                },
                "H": {
                  "H": "HH–HH"
                },
                "hm": {
                  "a": "h:mm a – h:mm a",
                  "h": "h:mm–h:mm a",
                  "m": "h:mm–h:mm a"
                },
                "Hm": {
                  "H": "HH:mm–HH:mm",
                  "m": "HH:mm–HH:mm"
                },
                "hmv": {
                  "a": "h:mm a – h:mm a v",
                  "h": "h:mm–h:mm a v",
                  "m": "h:mm–h:mm a v"
                },
                "Hmv": {
                  "H": "HH:mm–HH:mm v",
                  "m": "HH:mm–HH:mm v"
                },
                "hv": {
                  "a": "h a – h a v",
                  "h": "h–h a v"
                },
                "Hv": {
                  "H": "HH–HH v"
                },
                "M": {
                  "M": "M–M"
                },
                "Md": {
                  "d": "d/M – d/M",
                  "M": "d/M – d/M"
                },
                "MEd": {
                  "d": "E, d/M – E, d/M",
                  "M": "E, d/M – E, d/M"
                },
                "MMM": {
                  "M": "MMM–MMM"
                },
                "MMMd": {
                  "d": "d–d 'de' MMM",
                  "M": "d 'de' MMM – d 'de' MMM"
                },
                "MMMEd": {
                  "d": "E, d 'de' MMM – E, d 'de' MMM",
                  "M": "E, d 'de' MMM – E, d 'de' MMM"
                },
                "y": {
                  "y": "y–y G"
                },
                "yM": {
                  "M": "M/y – M/y GGGGG",
                  "y": "MM/y – MM/y GGGGG"
                },
                "yMd": {
                  "d": "d/M/y – d/M/y GGGGG",
                  "M": "dd/MM/y – dd/MM/y GGGGG",
                  "y": "dd/MM/y – dd/MM/y GGGGG"
                },
                "yMEd": {
                  "d": "E, d/M/y – E, d/M/y GGGGG",
                  "M": "E, dd/MM/y – E, dd/MM/y GGGGG",
                  "y": "E, dd/MM/y – E, dd/MM/y GGGGG"
                },
                "yMMM": {
                  "M": "MMM–MMM 'de' y G",
                  "y": "MMM 'de' y – MMM 'de' y G"
                },
                "yMMMd": {
                  "d": "d–d 'de' MMM 'de' y G",
                  "M": "d 'de' MMM – d 'de' MMM 'de' y G",
                  "y": "d 'de' MMM 'de' y – d 'de' MMM 'de' y G"
                },
                "yMMMEd": {
                  "d": "E, d 'de' MMM – E, d 'de' MMM 'de' y G",
                  "M": "E, d 'de' MMM – E, d 'de' MMM 'de' y G",
                  "y": "E, d 'de' MMM 'de' y – E, d 'de' MMM 'de' y G"
                },
                "yMMMM": {
                  "M": "MMMM–MMMM 'de' y G",
                  "y": "MMMM 'de' y – MMMM 'de' y G"
                }
              }
            }
          }
        }
      }
    }
  }
}
