{
  "annotations": {
    "identity": {
      "version": {
        "_cldrVersion": "39"
      },
      "language": "de",
      "territory": "CH"
    },
    "annotations": {
      "{": {
        "default": [
          "eckige Klammer"
        ],
        "tts": [
          "eckige Klammer"
        ]
      },
      "_": {
        "default": [
          "Unterstrich"
        ]
      },
      "‐": {
        "default": [
          "Bindestrich"
        ]
      },
      ".": {
        "default": [
          "Punkt"
        ]
      },
      "…": {
        "default": [
          "Ellipse"
        ]
      },
      "”": {
        "default": [
          "schliessendes doppeltes Anführungszeichen"
        ],
        "tts": [
          "schliessendes doppeltes Anführungszeichen"
        ]
      },
      ")": {
        "default": [
          "schliessende Klammer"
        ],
        "tts": [
          "schliessende Klammer"
        ]
      },
      "[": {
        "default": [
          "öffnende eckige Klammer"
        ]
      },
      "]": {
        "default": [
          "schliessende eckige Klammer"
        ],
        "tts": [
          "schliessende eckige Klammer"
        ]
      },
      "}": {
        "default": [
          "schliessende geschwungene Klammer"
        ],
        "tts": [
          "schliessende geschwungene Klammer"
        ]
      },
      "〉": {
        "default": [
          "schliessende spitze Klammer"
        ],
        "tts": [
          "schliessende spitze Klammer"
        ]
      },
      "》": {
        "default": [
          "schliessende doppelte spitze Klammer"
        ],
        "tts": [
          "schliessende doppelte spitze Klammer"
        ]
      },
      "」": {
        "default": [
          "schliessende rechtwinklige Klammer"
        ],
        "tts": [
          "schliessende rechtwinklige Klammer"
        ]
      },
      "『": {
        "default": [
          "Klammer",
          "öffnende weisse Eckklammer",
          "weisse Eckklammer"
        ],
        "tts": [
          "öffnende weisse Eckklammer"
        ]
      },
      "』": {
        "default": [
          "schliessende rechtwinklige Klammer hohl"
        ],
        "tts": [
          "schliessende rechtwinklige Klammer hohl"
        ]
      },
      "】": {
        "default": [
          "Klammer",
          "konkave Klammer",
          "schliessende schwarze konkave Klammer",
          "schwarze konkave Klammer"
        ],
        "tts": [
          "schliessende schwarze konkave Klammer"
        ]
      },
      "〕": {
        "default": [
          "schliessende Klammer mit stumpfen Winkeln"
        ],
        "tts": [
          "schliessende Klammer mit stumpfen Winkeln"
        ]
      },
      "〗": {
        "default": [
          "schliessende linsenförmige Klammer hohl"
        ],
        "tts": [
          "schliessende linsenförmige Klammer hohl"
        ]
      },
      "§": {
        "tts": [
          "Paragraph"
        ]
      },
      "@": {
        "default": [
          "At-Zeichen"
        ]
      },
      "*": {
        "default": [
          "Sternchen"
        ]
      },
      "`": {
        "default": [
          "Accent grave"
        ],
        "tts": [
          "Accent grave"
        ]
      },
      "´": {
        "default": [
          "Accent aigu"
        ],
        "tts": [
          "Accent aigu"
        ]
      },
      "^": {
        "default": [
          "Zirkumflex"
        ]
      },
      "=": {
        "default": [
          "gleich"
        ],
        "tts": [
          "gleich"
        ]
      },
      "≠": {
        "default": [
          "ungleich"
        ]
      },
      ">": {
        "default": [
          "grösser als"
        ],
        "tts": [
          "grösser als"
        ]
      },
      "|": {
        "default": [
          "Längsstrich"
        ],
        "tts": [
          "Längsstrich"
        ]
      },
      "~": {
        "default": [
          "Tilde"
        ]
      },
      "−": {
        "default": [
          "Minuszeichen"
        ]
      },
      "≈": {
        "default": [
          "fast gleich wie"
        ],
        "tts": [
          "fast gleich wie"
        ]
      },
      "≤": {
        "default": [
          "kleiner als oder gleich"
        ]
      },
      "≥": {
        "default": [
          "grösser als oder gleich"
        ],
        "tts": [
          "grösser als oder gleich"
        ]
      },
      "◯": {
        "default": [
          "grosser hohler Kreis",
          "Kreis",
          "Ring"
        ],
        "tts": [
          "grosser hohler Kreis"
        ]
      },
      "♪": {
        "default": [
          "Achtelsnote"
        ],
        "tts": [
          "Achtelsnote"
        ]
      },
      "♭": {
        "default": [
          "Erniedrigungszeichen"
        ]
      },
      "♯": {
        "default": [
          "Erhöhungszeichen"
        ]
      },
      "😃": {
        "default": [
          "Gesicht",
          "grinsendes Gesicht mit grossen Augen",
          "lol",
          "lustig"
        ],
        "tts": [
          "grinsendes Gesicht mit grossen Augen"
        ]
      },
      "😅": {
        "default": [
          "Gesicht",
          "Lachender Smiley mit kaltem Schweiss",
          "lustig",
          "Schweiss",
          "schwitzen"
        ],
        "tts": [
          "Lachender Smiley mit kaltem Schweiss"
        ]
      },
      "🤪": {
        "default": [
          "irres Gesicht"
        ]
      },
      "🤐": {
        "default": [
          "Gesicht",
          "Mund",
          "Reissverschluss",
          "Smiley mit Reissverschlussmund"
        ],
        "tts": [
          "Smiley mit Reissverschlussmund"
        ]
      },
      "😶‍🌫": {
        "default": [
          "Kopf in den Wolken"
        ],
        "tts": [
          "Kopf in den Wolken"
        ]
      },
      "😮‍💨": {
        "default": [
          "ausatmendes Gesicht"
        ],
        "tts": [
          "ausatmendes Gesicht"
        ]
      },
      "🥵": {
        "default": [
          "schwitzendes Gesicht"
        ]
      },
      "😵‍💫": {
        "default": [
          "Gesicht mit Spiralaugen"
        ],
        "tts": [
          "Gesicht mit Spiralaugen"
        ]
      },
      "🥸": {
        "default": [
          "Brille",
          "Gesicht",
          "Gesicht mit Maske",
          "incognito",
          "Maske",
          "Nase"
        ],
        "tts": [
          "Gesicht mit Maske"
        ]
      },
      "😳": {
        "default": [
          "Erröteter Smiley mit grossen Augen",
          "Gesicht",
          "rote Wangen",
          "überrascht"
        ],
        "tts": [
          "Erröteter Smiley mit grossen Augen"
        ]
      },
      "😰": {
        "default": [
          "Gesicht",
          "kalter Schweiss",
          "offener Mund",
          "Smiley mit offenem Mund und kaltem Schweiss"
        ],
        "tts": [
          "Smiley mit offenem Mund und kaltem Schweiss"
        ]
      },
      "😥": {
        "default": [
          "trauriges aber erleichtertes Gesicht"
        ]
      },
      "😓": {
        "default": [
          "geschlossene Augen",
          "Gesicht",
          "Smiley mit kaltem Schweiss"
        ],
        "tts": [
          "Smiley mit kaltem Schweiss"
        ]
      },
      "👽": {
        "default": [
          "Alien",
          "Ausserirdischer",
          "Ausserirdisches Wesen",
          "Gesicht",
          "UFO"
        ],
        "tts": [
          "Ausserirdisches Wesen"
        ]
      },
      "❤‍🔥": {
        "default": [
          "brennendes Herz"
        ],
        "tts": [
          "brennendes Herz"
        ]
      },
      "❤‍🩹": {
        "default": [
          "Herz mit Pflaster"
        ],
        "tts": [
          "Herz mit Pflaster"
        ]
      },
      "🤎": {
        "default": [
          "braunes Herz"
        ]
      },
      "🤍": {
        "default": [
          "weisses Herz"
        ],
        "tts": [
          "weisses Herz"
        ]
      },
      "💥": {
        "default": [
          "Comic",
          "Kollision",
          "Zusammenstoss"
        ],
        "tts": [
          "Zusammenstoss"
        ]
      },
      "💦": {
        "default": [
          "Comic",
          "Schweiss",
          "Schweisstropfen"
        ],
        "tts": [
          "Schweisstropfen"
        ]
      },
      "🖖": {
        "default": [
          "Finger",
          "Hand",
          "Spock",
          "Vulkanier(in)",
          "vulkanisch",
          "Vulkanischer Gruss"
        ],
        "tts": [
          "Vulkanischer Gruss"
        ]
      },
      "🤘": {
        "default": [
          "Finger",
          "Hand",
          "Hörner",
          "Rock",
          "Teufel",
          "Teufelsgruss"
        ],
        "tts": [
          "Teufelsgruss"
        ]
      },
      "🦶": {
        "default": [
          "Fuss",
          "Kick",
          "stampfen"
        ],
        "tts": [
          "Fuss"
        ]
      },
      "🧑‍🔧": {
        "default": [
          "Mechaniker(in)"
        ]
      },
      "🧑‍🏭": {
        "default": [
          "Fabrikarbeiter(in)"
        ]
      },
      "🧑‍💼": {
        "default": [
          "Architekt",
          "Büroangestellte(r)",
          "Business",
          "Manager"
        ]
      },
      "🧑‍🔬": {
        "default": [
          "Wissenschaftler(in)"
        ]
      },
      "🥷": {
        "default": [
          "Ninja"
        ]
      },
      "🧟‍♂": {
        "default": [
          "Zombiemann"
        ],
        "tts": [
          "Zombiemann"
        ]
      },
      "🚶": {
        "default": [
          "Fussgänger(in)",
          "gehen",
          "gehend",
          "wandern"
        ],
        "tts": [
          "Fussgänger(in)"
        ]
      },
      "🚶‍♂": {
        "default": [
          "Fussgänger",
          "gehen",
          "Mann",
          "Spaziergang"
        ],
        "tts": [
          "Fussgänger"
        ]
      },
      "🚶‍♀": {
        "default": [
          "Frau",
          "Fussgängerin",
          "gehen",
          "Spaziergang"
        ],
        "tts": [
          "Fussgängerin"
        ]
      },
      "🧑‍🦯": {
        "default": [
          "Barrierefreiheit",
          "blind",
          "Person mit Langstock"
        ],
        "tts": [
          "Person mit Langstock"
        ]
      },
      "👨‍🦯": {
        "default": [
          "Mann mit Gehstock"
        ]
      },
      "👣": {
        "default": [
          "Abdruck",
          "Fuss",
          "Fussabdrücke"
        ],
        "tts": [
          "Fussabdrücke"
        ]
      },
      "🦳": {
        "default": [
          "weisses Haar"
        ],
        "tts": [
          "weisses Haar"
        ]
      },
      "🦣": {
        "default": [
          "Mammut"
        ]
      },
      "🐻‍❄": {
        "default": [
          "Eisbär"
        ]
      },
      "🦤": {
        "default": [
          "Dodo"
        ]
      },
      "🦭": {
        "default": [
          "Seehund"
        ]
      },
      "💐": {
        "default": [
          "Blumen",
          "Blumenstrauss",
          "Bouquet"
        ],
        "tts": [
          "Blumenstrauss"
        ]
      },
      "🌶": {
        "tts": [
          "Chili"
        ]
      },
      "🫑": {
        "default": [
          "Gemüse",
          "Paprika",
          "Peperoni"
        ],
        "tts": [
          "Peperoni"
        ]
      },
      "🥨": {
        "default": [
          "Brezel"
        ]
      },
      "🍗": {
        "default": [
          "Pouletschenkel"
        ],
        "tts": [
          "Pouletschenkel"
        ]
      },
      "🍝": {
        "default": [
          "Spaghetti"
        ]
      },
      "🍠": {
        "default": [
          "geröstet",
          "Geröstete Süsskartoffel",
          "Süsskartoffel"
        ],
        "tts": [
          "Geröstete Süsskartoffel"
        ]
      },
      "🍡": {
        "default": [
          "Dango"
        ]
      },
      "🧁": {
        "default": [
          "Cupcake"
        ]
      },
      "🍬": {
        "default": [
          "Bonbon"
        ]
      },
      "🍭": {
        "default": [
          "Lutscher"
        ]
      },
      "🍮": {
        "default": [
          "Pudding"
        ]
      },
      "☕": {
        "default": [
          "dampfend",
          "Getränk",
          "heiss",
          "Heissgetränk",
          "Kaffee",
          "Tee",
          "trinken"
        ],
        "tts": [
          "Heissgetränk"
        ]
      },
      "🫖": {
        "default": [
          "Teekrug"
        ],
        "tts": [
          "Teekrug"
        ]
      },
      "🍻": {
        "default": [
          "Bierkrüge"
        ]
      },
      "🥂": {
        "default": [
          "Sektgläser"
        ]
      },
      "🏺": {
        "default": [
          "Amphore"
        ]
      },
      "♨": {
        "default": [
          "Dampf",
          "dampfend",
          "heiss",
          "heisse Quellen",
          "Heisse Quellen",
          "Quellen"
        ],
        "tts": [
          "Heisse Quellen"
        ]
      },
      "🚃": {
        "default": [
          "Eisenbahnwagen",
          "Fahrzeug",
          "Strassenbahn",
          "Strassenbahnwagen",
          "Tram",
          "Wagen",
          "Wagon",
          "Zug"
        ]
      },
      "🚊": {
        "default": [
          "Strassenbahn",
          "Tram"
        ],
        "tts": [
          "Strassenbahn"
        ]
      },
      "🚋": {
        "default": [
          "Tramwagen"
        ],
        "tts": [
          "Tramwagen"
        ]
      },
      "🛣": {
        "default": [
          "Autobahn"
        ]
      },
      "⭐": {
        "default": [
          "Stern",
          "weisser mittelgrosser Stern"
        ],
        "tts": [
          "weisser mittelgrosser Stern"
        ]
      },
      "🌌": {
        "default": [
          "Galaxie",
          "Milchstrasse"
        ],
        "tts": [
          "Milchstrasse"
        ]
      },
      "🌥": {
        "default": [
          "grosse Wolke",
          "Sonne",
          "Sonne hinter grosser Wolke",
          "Wetter",
          "Wolke"
        ],
        "tts": [
          "Sonne hinter grosser Wolke"
        ]
      },
      "🔥": {
        "default": [
          "Feuer"
        ]
      },
      "💧": {
        "default": [
          "Tropfen"
        ]
      },
      "⚽": {
        "default": [
          "Ball",
          "Fussball"
        ],
        "tts": [
          "Fussball"
        ]
      },
      "🥌": {
        "default": [
          "Curlingstein"
        ]
      },
      "🥽": {
        "default": [
          "Schutzbrille"
        ]
      },
      "🩴": {
        "default": [
          "Flipflops",
          "Zehensandale",
          "Zehensandalen"
        ],
        "tts": [
          "Flipflops"
        ]
      },
      "⛑": {
        "default": [
          "Helm",
          "Helm mit weissem Kreuz",
          "Hilfe",
          "Kreuz"
        ],
        "tts": [
          "Helm mit weissem Kreuz"
        ]
      },
      "🔍": {
        "default": [
          "Lupe nach links"
        ]
      },
      "🔎": {
        "default": [
          "Lupe nach rechts"
        ]
      },
      "📆": {
        "default": [
          "Abreisskalender",
          "Kalender"
        ],
        "tts": [
          "Abreisskalender"
        ]
      },
      "📌": {
        "default": [
          "anpinnen",
          "Reisszwecke"
        ],
        "tts": [
          "Reisszwecke"
        ]
      },
      "📍": {
        "default": [
          "anpinnen",
          "Reisszwecke",
          "rund",
          "runde Reisszwecke"
        ],
        "tts": [
          "runde Reisszwecke"
        ]
      },
      "🔫": {
        "default": [
          "Wasserpistole"
        ]
      },
      "🛗": {
        "tts": [
          "Lift"
        ]
      },
      "🪠": {
        "default": [
          "Klempner",
          "Pümpel",
          "Sanitär",
          "Saugglocke",
          "WC"
        ]
      },
      "🚼": {
        "default": [
          "Baby-Symbol",
          "Symbol „Baby“",
          "Wickelraum"
        ],
        "tts": [
          "Baby-Symbol"
        ]
      },
      "🛅": {
        "default": [
          "Gepäckaufbewahrung"
        ]
      },
      "🚸": {
        "default": [
          "Kinder",
          "Kinder-queren-die-Strasse-Schild",
          "Vorsicht"
        ],
        "tts": [
          "Kinder-queren-die-Strasse-Schild"
        ]
      },
      "🚷": {
        "default": [
          "Fussgänger-verboten-Schild",
          "verboten"
        ],
        "tts": [
          "Fussgänger-verboten-Schild"
        ]
      },
      "☢": {
        "default": [
          "radioaktiv"
        ],
        "tts": [
          "radioaktiv"
        ]
      },
      "➕": {
        "default": [
          "Plus"
        ],
        "tts": [
          "Plus"
        ]
      },
      "➖": {
        "default": [
          "Minus"
        ],
        "tts": [
          "Minus"
        ]
      },
      "❔": {
        "default": [
          "Satzzeichen",
          "weiss",
          "weisses Fragezeichen"
        ],
        "tts": [
          "weisses Fragezeichen"
        ]
      },
      "❕": {
        "default": [
          "Satzzeichen",
          "weiss",
          "weisses Ausrufezeichen"
        ],
        "tts": [
          "weisses Ausrufezeichen"
        ]
      },
      "💲": {
        "default": [
          "fettes Dollarzeichen"
        ],
        "tts": [
          "fettes Dollarzeichen"
        ]
      },
      "⭕": {
        "default": [
          "Grosser Kreis",
          "Kreis",
          "o",
          "rot"
        ],
        "tts": [
          "Grosser Kreis"
        ]
      },
      "✅": {
        "default": [
          "abgehakt",
          "erledigt",
          "Weisses Häkchen"
        ],
        "tts": [
          "Weisses Häkchen"
        ]
      },
      "🔠": {
        "default": [
          "Eingabesymbol lateinische Grossbuchstaben",
          "Grossbuchstaben",
          "lateinische Grossbuchstaben"
        ],
        "tts": [
          "Eingabesymbol lateinische Grossbuchstaben"
        ]
      },
      "🅰": {
        "default": [
          "a",
          "Blut",
          "Blutgruppe",
          "Grossbuchstabe A in Quadrat",
          "negativ",
          "positiv"
        ],
        "tts": [
          "Grossbuchstabe A in Quadrat"
        ]
      },
      "🆎": {
        "default": [
          "ab",
          "Blut",
          "Blutgruppe",
          "Grossbuchstaben AB in rotem Quadrat",
          "negativ",
          "positiv"
        ],
        "tts": [
          "Grossbuchstaben AB in rotem Quadrat"
        ]
      },
      "🅱": {
        "default": [
          "b",
          "Blut",
          "Blutgruppe",
          "Grossbuchstabe B in Quadrat",
          "negativ",
          "positiv"
        ],
        "tts": [
          "Grossbuchstabe B in Quadrat"
        ]
      },
      "🆑": {
        "default": [
          "CL",
          "Grossbuchstaben CL in rotem Quadrat"
        ],
        "tts": [
          "Grossbuchstaben CL in rotem Quadrat"
        ]
      },
      "🆔": {
        "default": [
          "Grossbuchstaben ID in lila Quadrat",
          "ID"
        ],
        "tts": [
          "Grossbuchstaben ID in lila Quadrat"
        ]
      },
      "🆖": {
        "default": [
          "Grossbuchstaben NG in blauem Quadrat",
          "NG"
        ],
        "tts": [
          "Grossbuchstaben NG in blauem Quadrat"
        ]
      },
      "🅾": {
        "default": [
          "0",
          "Blut",
          "Blutgruppe",
          "Grossbuchstabe O in Quadrat",
          "negativ",
          "positiv"
        ],
        "tts": [
          "Grossbuchstabe O in Quadrat"
        ]
      },
      "🆗": {
        "default": [
          "Grossbuchstaben OK in blauem Quadrat",
          "OK"
        ],
        "tts": [
          "Grossbuchstaben OK in blauem Quadrat"
        ]
      },
      "🅿": {
        "default": [
          "Grossbuchstabe P in Quadrat",
          "Parkplatz",
          "Quadrat"
        ],
        "tts": [
          "Grossbuchstabe P in Quadrat"
        ]
      },
      "🆚": {
        "default": [
          "Grossbuchstaben VS in orangefarbenem Quadrat",
          "versus",
          "VS"
        ],
        "tts": [
          "Grossbuchstaben VS in orangefarbenem Quadrat"
        ]
      },
      "🔴": {
        "default": [
          "Ball",
          "Grosser roter Kreis",
          "Kreis",
          "rot"
        ],
        "tts": [
          "Grosser roter Kreis"
        ]
      },
      "🔵": {
        "default": [
          "Ball",
          "blau",
          "Grosser blauer Kreis",
          "Kreis"
        ],
        "tts": [
          "Grosser blauer Kreis"
        ]
      },
      "⚫": {
        "default": [
          "Ball",
          "Grosser schwarzer Kreis",
          "Kreis",
          "schwarz"
        ],
        "tts": [
          "Grosser schwarzer Kreis"
        ]
      },
      "⚪": {
        "default": [
          "Ball",
          "Grosser weisser Kreis",
          "Kreis",
          "weiss"
        ],
        "tts": [
          "Grosser weisser Kreis"
        ]
      },
      "⬛": {
        "default": [
          "Grosses schwarzes Quadrat",
          "Quadrat",
          "schwarz"
        ],
        "tts": [
          "Grosses schwarzes Quadrat"
        ]
      },
      "⬜": {
        "default": [
          "Grosses weisses Quadrat",
          "Quadrat",
          "weiss"
        ],
        "tts": [
          "Grosses weisses Quadrat"
        ]
      },
      "◼": {
        "default": [
          "Mittelgrosses schwarzes Quadrat",
          "Quadrat",
          "schwarz"
        ],
        "tts": [
          "Mittelgrosses schwarzes Quadrat"
        ]
      },
      "◻": {
        "default": [
          "Mittelgrosses weisses Quadrat",
          "Quadrat",
          "weiss"
        ],
        "tts": [
          "Mittelgrosses weisses Quadrat"
        ]
      },
      "◽": {
        "default": [
          "Mittelkleines weisses Quadrat",
          "Quadrat",
          "weiss"
        ],
        "tts": [
          "Mittelkleines weisses Quadrat"
        ]
      },
      "▫": {
        "default": [
          "Kleines weisses Quadrat",
          "Quadrat",
          "weiss"
        ],
        "tts": [
          "Kleines weisses Quadrat"
        ]
      },
      "🔶": {
        "default": [
          "Grosse orangefarbene Raute",
          "orangefarben",
          "Raute"
        ],
        "tts": [
          "Grosse orangefarbene Raute"
        ]
      },
      "🔷": {
        "default": [
          "blau",
          "Grosse blaue Raute",
          "Raute"
        ],
        "tts": [
          "Grosse blaue Raute"
        ]
      },
      "🔳": {
        "default": [
          "quadratisch",
          "Schaltfläche",
          "weiss",
          "Weisse quadratische Schaltfläche"
        ],
        "tts": [
          "Weisse quadratische Schaltfläche"
        ]
      },
      "🏳": {
        "default": [
          "Fahne",
          "wehen",
          "Wehende weisse Fahne",
          "weisse Fahne"
        ],
        "tts": [
          "Wehende weisse Fahne"
        ]
      },
      "🏳‍⚧": {
        "default": [
          "Flagge",
          "hellblau",
          "pink",
          "Transgender",
          "Transgenderflagge",
          "weiss"
        ],
        "tts": [
          "Transgenderflagge"
        ]
      },
      "$": {
        "default": [
          "Dollarzeichen"
        ],
        "tts": [
          "Dollarzeichen"
        ]
      },
      "₿": {
        "default": [
          "Bitcoin"
        ],
        "tts": [
          "Bitcoin"
        ]
      },
      "µ": {
        "default": [
          "Mikro-Zeichen"
        ]
      }
    }
  }
}
