{
  "main": {
    "fil": {
      "identity": {
        "version": {
          "_cldrVersion": "39"
        },
        "language": "fil"
      },
      "dates": {
        "calendars": {
          "buddhist": {
            "months": {
              "format": {
                "abbreviated": {
                  "1": "Ene",
                  "2": "Peb",
                  "3": "Mar",
                  "4": "Abr",
                  "5": "May",
                  "6": "Hun",
                  "7": "Hul",
                  "8": "Ago",
                  "9": "Set",
                  "10": "Okt",
                  "11": "Nob",
                  "12": "Dis"
                },
                "narrow": {
                  "1": "Ene",
                  "2": "Peb",
                  "3": "Mar",
                  "4": "Abr",
                  "5": "May",
                  "6": "Hun",
                  "7": "Hul",
                  "8": "Ago",
                  "9": "Set",
                  "10": "Okt",
                  "11": "Nob",
                  "12": "Dis"
                },
                "wide": {
                  "1": "Enero",
                  "2": "Pebrero",
                  "3": "Marso",
                  "4": "Abril",
                  "5": "Mayo",
                  "6": "Hunyo",
                  "7": "Hulyo",
                  "8": "Agosto",
                  "9": "Setyembre",
                  "10": "Oktubre",
                  "11": "Nobyembre",
                  "12": "Disyembre"
                }
              },
              "stand-alone": {
                "abbreviated": {
                  "1": "Ene",
                  "2": "Peb",
                  "3": "Mar",
                  "4": "Abr",
                  "5": "May",
                  "6": "Hun",
                  "7": "Hul",
                  "8": "Ago",
                  "9": "Set",
                  "10": "Okt",
                  "11": "Nob",
                  "12": "Dis"
                },
                "narrow": {
                  "1": "E",
                  "2": "P",
                  "3": "M",
                  "4": "A",
                  "5": "M",
                  "6": "Hun",
                  "7": "Hul",
                  "8": "Ago",
                  "9": "Set",
                  "10": "Okt",
                  "11": "Nob",
                  "12": "Dis"
                },
                "wide": {
                  "1": "Enero",
                  "2": "Pebrero",
                  "3": "Marso",
                  "4": "Abril",
                  "5": "Mayo",
                  "6": "Hunyo",
                  "7": "Hulyo",
                  "8": "Agosto",
                  "9": "Setyembre",
                  "10": "Oktubre",
                  "11": "Nobyembre",
                  "12": "Disyembre"
                }
              }
            },
            "days": {
              "format": {
                "abbreviated": {
                  "sun": "Lin",
                  "mon": "Lun",
                  "tue": "Mar",
                  "wed": "Miy",
                  "thu": "Huw",
                  "fri": "Biy",
                  "sat": "Sab"
                },
                "narrow": {
                  "sun": "Lin",
                  "mon": "Lun",
                  "tue": "Mar",
                  "wed": "Miy",
                  "thu": "Huw",
                  "fri": "Biy",
                  "sat": "Sab"
                },
                "short": {
                  "sun": "Li",
                  "mon": "Lu",
                  "tue": "Ma",
                  "wed": "Mi",
                  "thu": "Hu",
                  "fri": "Bi",
                  "sat": "Sa"
                },
                "wide": {
                  "sun": "Linggo",
                  "mon": "Lunes",
                  "tue": "Martes",
                  "wed": "Miyerkules",
                  "thu": "Huwebes",
                  "fri": "Biyernes",
                  "sat": "Sabado"
                }
              },
              "stand-alone": {
                "abbreviated": {
                  "sun": "Lin",
                  "mon": "Lun",
                  "tue": "Mar",
                  "wed": "Miy",
                  "thu": "Huw",
                  "fri": "Biy",
                  "sat": "Sab"
                },
                "narrow": {
                  "sun": "Lin",
                  "mon": "Lun",
                  "tue": "Mar",
                  "wed": "Miy",
                  "thu": "Huw",
                  "fri": "Biy",
                  "sat": "Sab"
                },
                "short": {
                  "sun": "Li",
                  "mon": "Lu",
                  "tue": "Ma",
                  "wed": "Mi",
                  "thu": "Hu",
                  "fri": "Bi",
                  "sat": "Sa"
                },
                "wide": {
                  "sun": "Linggo",
                  "mon": "Lunes",
                  "tue": "Martes",
                  "wed": "Miyerkules",
                  "thu": "Huwebes",
                  "fri": "Biyernes",
                  "sat": "Sabado"
                }
              }
            },
            "quarters": {
              "format": {
                "abbreviated": {
                  "1": "Q1",
                  "2": "Q2",
                  "3": "Q3",
                  "4": "Q4"
                },
                "narrow": {
                  "1": "1",
                  "2": "2",
                  "3": "3",
                  "4": "4"
                },
                "wide": {
                  "1": "ika-1 quarter",
                  "2": "ika-2 quarter",
                  "3": "ika-3 quarter",
                  "4": "ika-4 na quarter"
                }
              },
              "stand-alone": {
                "abbreviated": {
                  "1": "Q1",
                  "2": "Q2",
                  "3": "Q3",
                  "4": "Q4"
                },
                "narrow": {
                  "1": "1",
                  "2": "2",
                  "3": "3",
                  "4": "4"
                },
                "wide": {
                  "1": "ika-1 quarter",
                  "2": "ika-2 quarter",
                  "3": "ika-3 quarter",
                  "4": "ika-4 na quarter"
                }
              }
            },
            "dayPeriods": {
              "format": {
                "abbreviated": {
                  "midnight": "hatinggabi",
                  "am": "AM",
                  "noon": "tanghaling-tapat",
                  "pm": "PM",
                  "morning1": "nang umaga",
                  "morning2": "madaling-araw",
                  "afternoon1": "tanghali",
                  "evening1": "ng hapon",
                  "night1": "gabi"
                },
                "narrow": {
                  "midnight": "hatinggabi",
                  "am": "am",
                  "noon": "tanghaling-tapat",
                  "pm": "pm",
                  "morning1": "umaga",
                  "morning2": "madaling-araw",
                  "afternoon1": "sa hapon",
                  "evening1": "sa gabi",
                  "night1": "gabi"
                },
                "wide": {
                  "midnight": "hatinggabi",
                  "am": "AM",
                  "noon": "tanghaling-tapat",
                  "pm": "PM",
                  "morning1": "nang umaga",
                  "morning2": "madaling-araw",
                  "afternoon1": "tanghali",
                  "evening1": "ng hapon",
                  "night1": "ng gabi"
                }
              },
              "stand-alone": {
                "abbreviated": {
                  "midnight": "hatinggabi",
                  "am": "AM",
                  "noon": "tanghaling-tapat",
                  "pm": "PM",
                  "morning1": "umaga",
                  "morning2": "madaling-araw",
                  "afternoon1": "tanghali",
                  "evening1": "hapon",
                  "night1": "gabi"
                },
                "narrow": {
                  "midnight": "hatinggabi",
                  "am": "AM",
                  "noon": "tanghaling-tapat",
                  "pm": "PM",
                  "morning1": "umaga",
                  "morning2": "madaling-araw",
                  "afternoon1": "tanghali",
                  "evening1": "gabi",
                  "night1": "gabi"
                },
                "wide": {
                  "midnight": "hatinggabi",
                  "am": "AM",
                  "noon": "tanghaling-tapat",
                  "pm": "PM",
                  "morning1": "umaga",
                  "morning2": "madaling-araw",
                  "afternoon1": "tanghali",
                  "evening1": "hapon",
                  "night1": "gabi"
                }
              }
            },
            "eras": {
              "eraNames": {
                "0": "BE"
              },
              "eraAbbr": {
                "0": "BE"
              },
              "eraNarrow": {
                "0": "BE"
              }
            },
            "dateFormats": {
              "full": "EEEE, MMMM d, y G",
              "long": "MMMM d, y G",
              "medium": "MMM d, y G",
              "short": "M/d/y GGGGG"
            },
            "timeFormats": {
              "full": "h:mm:ss a zzzz",
              "long": "h:mm:ss a z",
              "medium": "h:mm:ss a",
              "short": "h:mm a"
            },
            "dateTimeFormats": {
              "full": "{1} 'nang' {0}",
              "long": "{1} 'nang' {0}",
              "medium": "{1}, {0}",
              "short": "{1}, {0}",
              "availableFormats": {
                "Bh": "h B",
                "Bhm": "h:mm B",
                "Bhms": "h:mm:ss B",
                "d": "d",
                "E": "ccc",
                "EBhm": "E h:mm B",
                "EBhms": "E h:mm:ss B",
                "Ed": "d E",
                "Ehm": "E h:mm a",
                "EHm": "E HH:mm",
                "Ehms": "E h:mm:ss a",
                "EHms": "E HH:mm:ss",
                "Gy": "y G",
                "GyMMM": "MMM y G",
                "GyMMMd": "MMM d, y G",
                "GyMMMEd": "E, MMM d, y G",
                "h": "h a",
                "H": "HH",
                "hm": "h:mm a",
                "Hm": "HH:mm",
                "hms": "h:mm:ss a",
                "Hms": "HH:mm:ss",
                "M": "L",
                "Md": "M/d",
                "MEd": "E, M/d",
                "MMM": "LLL",
                "MMMd": "MMM d",
                "MMMEd": "E, MMM d",
                "MMMMd": "MMMM d",
                "MMMMEd": "E, MMMM d",
                "ms": "mm:ss",
                "y": "y G",
                "yyyy": "y G",
                "yyyyM": "M/y GGGGG",
                "yyyyMd": "M/d/y GGGGG",
                "yyyyMEd": "E, M/d/y GGGGG",
                "yyyyMM": "MM-y G",
                "yyyyMMM": "MMM y G",
                "yyyyMMMd": "MMM d, y G",
                "yyyyMMMEd": "E, MMM d, y G",
                "yyyyMMMM": "MMMM y G",
                "yyyyQQQ": "QQQ y G",
                "yyyyQQQQ": "QQQQ y G"
              },
              "appendItems": {
                "Day": "{0} ({2}: {1})",
                "Day-Of-Week": "{0} {1}",
                "Era": "{1} {0}",
                "Hour": "{0} ({2}: {1})",
                "Minute": "{0} ({2}: {1})",
                "Month": "{0} ({2}: {1})",
                "Quarter": "{0} ({2}: {1})",
                "Second": "{0} ({2}: {1})",
                "Timezone": "{0} {1}",
                "Week": "{0} ({2}: {1})",
                "Year": "{1} {0}"
              },
              "intervalFormats": {
                "intervalFormatFallback": "{0} – {1}",
                "Bh": {
                  "B": "h B – h B",
                  "h": "h – h B"
                },
                "Bhm": {
                  "B": "h:mm B – h:mm B",
                  "h": "h:mm – h:mm B",
                  "m": "h:mm – h:mm B"
                },
                "d": {
                  "d": "d–d"
                },
                "Gy": {
                  "G": "y G – y G",
                  "y": "y – y G"
                },
                "GyM": {
                  "G": "M/y GGGGG – M/y GGGGG",
                  "M": "M/y – M/y GGGGG",
                  "y": "M/y – M/y GGGGG"
                },
                "GyMd": {
                  "d": "M/d/y – M/d/y GGGGG",
                  "G": "M/d/y GGGGG – M/d/y GGGGG",
                  "M": "M/d/y – M/d/y GGGGG",
                  "y": "M/d/y – M/d/y GGGGG"
                },
                "GyMEd": {
                  "d": "E, M/d/y – E, M/d/y GGGGG",
                  "G": "E, M/d/y GGGGG – E, M/d/y GGGGG",
                  "M": "E, M/d/y – E, M/d/y GGGGG",
                  "y": "E, M/d/y – E, M/d/y GGGGG"
                },
                "GyMMM": {
                  "G": "MMM y G – MMM y G",
                  "M": "MMM – MMM y G",
                  "y": "MMM y – MMM y G"
                },
                "GyMMMd": {
                  "d": "MMM d – d, y G",
                  "G": "MMM d, y G – MMM d, y G",
                  "M": "MMM d – MMM d, y G",
                  "y": "MMM d, y – MMM d, y G"
                },
                "GyMMMEd": {
                  "d": "E, MMM d – E, MMM d, y G",
                  "G": "E, MMM d, y G – E, MMM d, y G",
                  "M": "E, MMM d – E, MMM d, y G",
                  "y": "E, MMM d, y – E, MMM d, y G"
                },
                "h": {
                  "a": "h a – h a",
                  "h": "h–h a"
                },
                "H": {
                  "H": "HH–HH"
                },
                "hm": {
                  "a": "h:mm a – h:mm a",
                  "h": "h:mm–h:mm a",
                  "m": "h:mm–h:mm a"
                },
                "Hm": {
                  "H": "HH:mm–HH:mm",
                  "m": "HH:mm–HH:mm"
                },
                "hmv": {
                  "a": "h:mm a – h:mm a v",
                  "h": "h:mm–h:mm a v",
                  "m": "h:mm–h:mm a v"
                },
                "Hmv": {
                  "H": "HH:mm–HH:mm v",
                  "m": "HH:mm–HH:mm v"
                },
                "hv": {
                  "a": "h a – h a v",
                  "h": "h–h a v"
                },
                "Hv": {
                  "H": "HH–HH v"
                },
                "M": {
                  "M": "M–M"
                },
                "Md": {
                  "d": "M/d – M/d",
                  "M": "M/d – M/d"
                },
                "MEd": {
                  "d": "E, M/d – E, M/d",
                  "M": "E, M/d – E, M/d"
                },
                "MMM": {
                  "M": "MMM–MMM"
                },
                "MMMd": {
                  "d": "MMM d–d",
                  "M": "MMM d – MMM d"
                },
                "MMMEd": {
                  "d": "E, MMM d – E, MMM d",
                  "M": "E, MMM d – E, MMM d"
                },
                "y": {
                  "y": "y–y G"
                },
                "yM": {
                  "M": "M/y – M/y GGGGG",
                  "y": "M/y – M/y GGGGG"
                },
                "yMd": {
                  "d": "M/d/y – M/d/y GGGGG",
                  "M": "M/d/y – M/d/y GGGGG",
                  "y": "M/d/y – M/d/y GGGGG"
                },
                "yMEd": {
                  "d": "E, M/d/y – E, M/d/y GGGGG",
                  "M": "E, M/d/y – E, M/d/y GGGGG",
                  "y": "E, M/d/y – E, M/d/y GGGGG"
                },
                "yMMM": {
                  "M": "MMM–MMM y G",
                  "y": "MMM y – MMM y G"
                },
                "yMMMd": {
                  "d": "MMM d–d, y G",
                  "M": "MMM d – MMM d, y G",
                  "y": "MMM d, y – MMM d, y G"
                },
                "yMMMEd": {
                  "d": "E, MMM d – E, MMM d, y G",
                  "M": "E, MMM d – E, MMM d, y G",
                  "y": "E, MMM d, y – E, MMM d, y G"
                },
                "yMMMM": {
                  "M": "MMMM–MMMM y G",
                  "y": "MMMM y – MMMM y G"
                }
              }
            }
          }
        }
      }
    }
  }
}
