{
  "supplemental": {
    "version": {
      "_unicodeVersion": "13.0.0",
      "_cldrVersion": "39"
    },
    "grammaticalGenderData": {
      "am-targets-nominal": {
        "grammaticalGender": [
          "masculine",
          "feminine"
        ]
      },
      "ar-targets-nominal": {
        "grammaticalGender": [
          "masculine",
          "feminine"
        ]
      },
      "bn-targets-nominal": {
        "grammaticalGender": [
          "masculine",
          "feminine"
        ]
      },
      "ca-targets-nominal": {
        "grammaticalGender": [
          "masculine",
          "feminine"
        ]
      },
      "es-targets-nominal": {
        "grammaticalGender": [
          "masculine",
          "feminine"
        ]
      },
      "fr-targets-nominal": {
        "grammaticalGender": [
          "masculine",
          "feminine"
        ]
      },
      "it-targets-nominal": {
        "grammaticalGender": [
          "masculine",
          "feminine"
        ]
      },
      "lij-targets-nominal": {
        "grammaticalGender": [
          "masculine",
          "feminine"
        ]
      },
      "pt-targets-nominal": {
        "grammaticalGender": [
          "masculine",
          "feminine"
        ]
      },
      "cs-targets-nominal": {
        "grammaticalGender": [
          "animate",
          "inanimate",
          "feminine",
          "neuter"
        ]
      },
      "hr-targets-nominal": {
        "grammaticalGender": [
          "animate",
          "inanimate",
          "feminine",
          "neuter"
        ]
      },
      "sk-targets-nominal": {
        "grammaticalGender": [
          "animate",
          "inanimate",
          "feminine",
          "neuter"
        ]
      },
      "sr-targets-nominal": {
        "grammaticalGender": [
          "animate",
          "inanimate",
          "feminine",
          "neuter"
        ]
      },
      "da-targets-nominal": {
        "grammaticalGender": [
          "common",
          "neuter"
        ]
      },
      "de-targets-nominal": {
        "grammaticalGender": [
          "masculine",
          "feminine",
          "neuter"
        ]
      },
      "el-targets-nominal": {
        "grammaticalGender": [
          "masculine",
          "feminine",
          "neuter"
        ]
      },
      "gu-targets-nominal": {
        "grammaticalGender": [
          "masculine",
          "feminine",
          "neuter"
        ]
      },
      "kn-targets-nominal": {
        "grammaticalGender": [
          "masculine",
          "feminine",
          "neuter"
        ]
      },
      "he-targets-nominal": {
        "grammaticalGender": [
          "masculine",
          "feminine"
        ]
      },
      "hi-targets-nominal": {
        "grammaticalGender": [
          "masculine",
          "feminine"
        ]
      },
      "pa-targets-nominal": {
        "grammaticalGender": [
          "masculine",
          "feminine"
        ]
      },
      "ur-targets-nominal": {
        "grammaticalGender": [
          "masculine",
          "feminine"
        ]
      },
      "is-targets-nominal": {
        "grammaticalGender": [
          "masculine",
          "feminine",
          "neuter"
        ]
      },
      "lt-targets-nominal": {
        "grammaticalGender": [
          "masculine",
          "feminine"
        ]
      },
      "lv-targets-nominal": {
        "grammaticalGender": [
          "masculine",
          "feminine"
        ]
      },
      "ml-targets-nominal": {
        "grammaticalGender": [
          "animate",
          "inanimate",
          "feminine",
          "neuter"
        ]
      },
      "mr-targets-nominal": {
        "grammaticalGender": [
          "masculine",
          "feminine",
          "neuter"
        ]
      },
      "nb-targets-nominal": {
        "grammaticalGender": [
          "masculine",
          "feminine",
          "neuter"
        ]
      },
      "no-targets-nominal": {
        "grammaticalGender": [
          "masculine",
          "feminine",
          "neuter"
        ]
      },
      "nb-targets-nominal": {
        "grammaticalGender-scope-units": [
          "masculine",
          "neuter"
        ]
      },
      "no-targets-nominal": {
        "grammaticalGender-scope-units": [
          "masculine",
          "neuter"
        ]
      },
      "nl-targets-nominal": {
        "grammaticalGender": [
          "common",
          "neuter"
        ]
      },
      "pl-targets-nominal": {
        "grammaticalGender": [
          "animate",
          "inanimate",
          "personal",
          "feminine",
          "neuter"
        ],
        "grammaticalGender-scope-units": [
          "inanimate",
          "feminine",
          "neuter"
        ]
      },
      "ro-targets-nominal": {
        "grammaticalGender": [
          "masculine",
          "feminine",
          "neuter"
        ]
      },
      "ru-targets-nominal": {
        "grammaticalGender": [
          "masculine",
          "feminine",
          "neuter"
        ],
        "grammaticalGender-scope-units": [
          "masculine",
          "feminine"
        ]
      },
      "si-targets-nominal": {
        "grammaticalGender": [
          "masculine",
          "feminine",
          "neuter"
        ]
      },
      "sl-targets-nominal": {
        "grammaticalGender": [
          "masculine",
          "feminine",
          "neuter"
        ]
      },
      "sv-targets-nominal": {
        "grammaticalGender": [
          "common",
          "neuter"
        ]
      },
      "uk-targets-nominal": {
        "grammaticalGender": [
          "masculine",
          "feminine",
          "neuter"
        ]
      }
    }
  }
}
