{
  "supplemental": {
    "version": {
      "_unicodeVersion": "13.0.0",
      "_cldrVersion": "39"
    },
    "unitConstants": {
      "ft_to_m": {
        "_value": "0.3048"
      },
      "ft2_to_m2": {
        "_value": "ft_to_m*ft_to_m"
      },
      "ft3_to_m3": {
        "_value": "ft_to_m*ft_to_m*ft_to_m"
      },
      "G": {
        "_value": "6.67408E-11",
        "_status": "approximate"
      },
      "gal_imp_to_m3": {
        "_value": "0.00454609"
      },
      "gal_to_m3": {
        "_value": "231*in3_to_m3"
      },
      "glucose_molar_mass": {
        "_description": "derivation from the mean atomic weights according to STANDARD ATOMIC WEIGHTS 2019 on https://ciaaw.org/atomic-weights.htm",
        "_value": "180.1557"
      },
      "gravity": {
        "_value": "9.80665"
      },
      "in3_to_m3": {
        "_value": "ft3_to_m3/12*12*12"
      },
      "item_per_mole": {
        "_value": "6.02214076E+23"
      },
      "lb_to_kg": {
        "_value": "0.45359237"
      },
      "PI": {
        "_value": "411557987 / 131002976",
        "_status": "approximate"
      }
    },
    "unitQuantities": {
      "ampere": {
        "_quantity": "electric-current",
        "_status": "simple"
      },
      "ampere-per-meter": {
        "_quantity": "magnetic-field-strength"
      },
      "ampere-per-square-meter": {
        "_quantity": "current-density"
      },
      "bit": {
        "_quantity": "digital",
        "_status": "simple"
      },
      "candela": {
        "_quantity": "luminous-intensity",
        "_status": "simple"
      },
      "candela-per-square-meter": {
        "_quantity": "illuminance"
      },
      "candela-square-meter-per-square-meter": {
        "_quantity": "luminous-flux"
      },
      "cubic-meter": {
        "_quantity": "volume"
      },
      "cubic-meter-per-kilogram": {
        "_quantity": "specific-volume"
      },
      "cubic-meter-per-meter": {
        "_quantity": "consumption"
      },
      "cubic-second-square-ampere-per-kilogram-square-meter": {
        "_quantity": "electric-conductance"
      },
      "em": {
        "_quantity": "typewidth",
        "_status": "simple"
      },
      "item": {
        "_quantity": "substance-amount",
        "_status": "simple"
      },
      "item-per-cubic-meter": {
        "_quantity": "concentration"
      },
      "item-per-kilogram": {
        "_quantity": "concentration-mass"
      },
      "kelvin": {
        "_quantity": "temperature",
        "_status": "simple"
      },
      "kilogram": {
        "_quantity": "mass",
        "_status": "simple"
      },
      "kilogram-meter-per-square-second": {
        "_quantity": "force"
      },
      "kilogram-per-cubic-meter": {
        "_quantity": "mass-density"
      },
      "kilogram-per-kilogram": {
        "_quantity": "mass-fraction"
      },
      "kilogram-per-meter-square-second": {
        "_quantity": "pressure"
      },
      "kilogram-per-square-meter-square-second": {
        "_quantity": "pressure-per-length"
      },
      "kilogram-per-square-second-ampere": {
        "_quantity": "magnetic-induction"
      },
      "kilogram-square-meter-per-cubic-second": {
        "_quantity": "power"
      },
      "kilogram-square-meter-per-cubic-second-ampere": {
        "_quantity": "voltage"
      },
      "kilogram-square-meter-per-cubic-second-square-ampere": {
        "_quantity": "electric-resistance"
      },
      "kilogram-square-meter-per-square-second": {
        "_quantity": "energy"
      },
      "kilogram-square-meter-per-square-second-ampere": {
        "_quantity": "magnetic-flux"
      },
      "kilogram-square-meter-per-square-second-square-ampere": {
        "_quantity": "electric-inductance"
      },
      "meter": {
        "_quantity": "length",
        "_status": "simple"
      },
      "meter-per-second": {
        "_quantity": "speed"
      },
      "meter-per-square-second": {
        "_quantity": "acceleration"
      },
      "pixel": {
        "_quantity": "graphics",
        "_status": "simple"
      },
      "pixel-per-meter": {
        "_quantity": "resolution"
      },
      "portion": {
        "_quantity": "portion",
        "_status": "simple"
      },
      "pow4-second-square-ampere-per-kilogram-square-meter": {
        "_quantity": "electric-capacitance"
      },
      "revolution": {
        "_quantity": "angle",
        "_status": "simple"
      },
      "revolution-per-meter": {
        "_quantity": "wave-number"
      },
      "revolution-per-second": {
        "_quantity": "frequency"
      },
      "second": {
        "_quantity": "duration",
        "_status": "simple"
      },
      "second-ampere": {
        "_quantity": "electric-charge"
      },
      "square-meter": {
        "_quantity": "area"
      },
      "square-meter-per-square-second": {
        "_quantity": "dose"
      },
      "square-revolution": {
        "_quantity": "solid-angle"
      },
      "year": {
        "_quantity": "year-duration",
        "_status": "simple"
      }
    },
    "convertUnits": {
      "100-kilometer": {
        "_baseUnit": "meter",
        "_systems": [
          "metric"
        ],
        "_factor": "100000"
      },
      "acre": {
        "_baseUnit": "square-meter",
        "_systems": [
          "ussystem",
          "uksystem"
        ],
        "_factor": "ft2_to_m2 * 43560"
      },
      "ampere": {
        "_baseUnit": "ampere",
        "_systems": [
          "metric",
          "si"
        ]
      },
      "arc-minute": {
        "_baseUnit": "revolution",
        "_factor": "1/360*60"
      },
      "arc-second": {
        "_baseUnit": "revolution",
        "_factor": "1/360*60*60"
      },
      "astronomical-unit": {
        "_baseUnit": "meter",
        "_factor": "149597900000"
      },
      "atmosphere": {
        "_baseUnit": "kilogram-per-meter-square-second",
        "_factor": "101325"
      },
      "bar": {
        "_baseUnit": "kilogram-per-meter-square-second",
        "_systems": [
          "metric"
        ],
        "_factor": "100000"
      },
      "barrel": {
        "_baseUnit": "cubic-meter",
        "_systems": [
          "ussystem"
        ],
        "_factor": "42*gal_to_m3"
      },
      "bit": {
        "_baseUnit": "bit"
      },
      "british-thermal-unit": {
        "_baseUnit": "kilogram-square-meter-per-square-second",
        "_systems": [
          "ussystem",
          "uksystem"
        ],
        "_factor": "4.184*2267.96185/9"
      },
      "bushel": {
        "_baseUnit": "cubic-meter",
        "_systems": [
          "ussystem"
        ],
        "_factor": "2150.42*in3_to_m3"
      },
      "byte": {
        "_baseUnit": "bit",
        "_factor": "8"
      },
      "calorie": {
        "_baseUnit": "kilogram-square-meter-per-square-second",
        "_factor": "4.184"
      },
      "candela": {
        "_baseUnit": "candela",
        "_systems": [
          "metric",
          "si"
        ]
      },
      "carat": {
        "_baseUnit": "kilogram",
        "_systems": [
          "metric"
        ],
        "_factor": "0.0002"
      },
      "celsius": {
        "_baseUnit": "kelvin",
        "_offset": "273.15",
        "_systems": [
          "metric"
        ]
      },
      "century": {
        "_baseUnit": "year",
        "_factor": "100"
      },
      "cup": {
        "_baseUnit": "cubic-meter",
        "_systems": [
          "ussystem"
        ],
        "_factor": "gal_to_m3/16"
      },
      "cup-metric": {
        "_baseUnit": "cubic-meter",
        "_systems": [
          "metric"
        ],
        "_factor": "0.00025"
      },
      "dalton": {
        "_baseUnit": "kilogram-square-meter-per-square-second",
        "_factor": "1.49241808560E-10"
      },
      "day": {
        "_baseUnit": "second",
        "_systems": [
          "metric",
          "ussystem",
          "uksystem"
        ],
        "_factor": "86400"
      },
      "day-person": {
        "_baseUnit": "second",
        "_systems": [
          "metric",
          "ussystem",
          "uksystem"
        ],
        "_factor": "86400"
      },
      "decade": {
        "_baseUnit": "year",
        "_factor": "10"
      },
      "degree": {
        "_baseUnit": "revolution",
        "_factor": "1/360"
      },
      "dessert-spoon": {
        "_baseUnit": "cubic-meter",
        "_systems": [
          "ussystem"
        ],
        "_factor": "gal_to_m3/16*128"
      },
      "dessert-spoon-imperial": {
        "_baseUnit": "cubic-meter",
        "_systems": [
          "uksystem"
        ],
        "_factor": "gal_imp_to_m3/16*128"
      },
      "dot": {
        "_baseUnit": "pixel"
      },
      "dram": {
        "_baseUnit": "cubic-meter",
        "_systems": [
          "ussystem"
        ],
        "_factor": "gal_to_m3/128*8"
      },
      "drop": {
        "_baseUnit": "cubic-meter",
        "_systems": [
          "ussystem"
        ],
        "_factor": "gal_to_m3/128*576"
      },
      "dunam": {
        "_baseUnit": "square-meter",
        "_factor": "1000"
      },
      "earth-mass": {
        "_baseUnit": "kilogram",
        "_factor": "5.9722E+24"
      },
      "earth-radius": {
        "_baseUnit": "meter",
        "_factor": "6.3781E6"
      },
      "electronvolt": {
        "_baseUnit": "kilogram-square-meter-per-square-second",
        "_factor": "1.602177E-19"
      },
      "em": {
        "_baseUnit": "em"
      },
      "fahrenheit": {
        "_baseUnit": "kelvin",
        "_offset": "2298.35/9",
        "_systems": [
          "ussystem",
          "uksystem"
        ],
        "_factor": "5/9"
      },
      "fathom": {
        "_baseUnit": "meter",
        "_systems": [
          "ussystem",
          "uksystem"
        ],
        "_factor": "ft_to_m * 6"
      },
      "fluid-ounce": {
        "_baseUnit": "cubic-meter",
        "_systems": [
          "ussystem"
        ],
        "_factor": "gal_to_m3/128"
      },
      "fluid-ounce-imperial": {
        "_baseUnit": "cubic-meter",
        "_systems": [
          "uksystem"
        ],
        "_factor": "gal_imp_to_m3/160"
      },
      "foodcalorie": {
        "_baseUnit": "kilogram-square-meter-per-square-second",
        "_systems": [
          "ussystem",
          "uksystem"
        ],
        "_factor": "4184"
      },
      "foot": {
        "_baseUnit": "meter",
        "_systems": [
          "ussystem",
          "uksystem"
        ],
        "_factor": "ft_to_m"
      },
      "furlong": {
        "_baseUnit": "meter",
        "_systems": [
          "ussystem",
          "uksystem"
        ],
        "_factor": "ft_to_m*660"
      },
      "g-force": {
        "_baseUnit": "meter-per-square-second",
        "_factor": "gravity"
      },
      "gallon": {
        "_baseUnit": "cubic-meter",
        "_systems": [
          "ussystem"
        ],
        "_factor": "gal_to_m3"
      },
      "gallon-imperial": {
        "_baseUnit": "cubic-meter",
        "_systems": [
          "uksystem"
        ],
        "_factor": "gal_imp_to_m3"
      },
      "grain": {
        "_baseUnit": "kilogram",
        "_systems": [
          "ussystem",
          "uksystem"
        ],
        "_factor": "lb_to_kg/7000"
      },
      "gram": {
        "_baseUnit": "kilogram",
        "_systems": [
          "metric",
          "si"
        ],
        "_factor": "0.001"
      },
      "hectare": {
        "_baseUnit": "square-meter",
        "_systems": [
          "metric"
        ],
        "_factor": "10000"
      },
      "hertz": {
        "_baseUnit": "revolution-per-second",
        "_systems": [
          "metric",
          "si"
        ]
      },
      "horsepower": {
        "_baseUnit": "kilogram-square-meter-per-cubic-second",
        "_systems": [
          "ussystem",
          "uksystem"
        ],
        "_factor": "ft_to_m * lb_to_kg * gravity * 550"
      },
      "hour": {
        "_baseUnit": "second",
        "_systems": [
          "metric",
          "ussystem",
          "uksystem"
        ],
        "_factor": "3600"
      },
      "inch": {
        "_baseUnit": "meter",
        "_systems": [
          "ussystem",
          "uksystem"
        ],
        "_factor": "ft_to_m/12"
      },
      "item": {
        "_baseUnit": "item"
      },
      "jigger": {
        "_baseUnit": "cubic-meter",
        "_systems": [
          "ussystem"
        ],
        "_factor": "gal_to_m3*3/128*2"
      },
      "joule": {
        "_baseUnit": "kilogram-square-meter-per-square-second",
        "_systems": [
          "metric",
          "si"
        ]
      },
      "karat": {
        "_baseUnit": "portion",
        "_factor": "1/24"
      },
      "kelvin": {
        "_baseUnit": "kelvin",
        "_systems": [
          "metric",
          "si"
        ]
      },
      "kilogram": {
        "_baseUnit": "kilogram",
        "_systems": [
          "metric",
          "si"
        ]
      },
      "knot": {
        "_baseUnit": "meter-per-second",
        "_systems": [
          "ussystem",
          "uksystem"
        ],
        "_factor": "1852/3600"
      },
      "light-year": {
        "_baseUnit": "meter",
        "_factor": "9460730000000000"
      },
      "liter": {
        "_baseUnit": "cubic-meter",
        "_systems": [
          "metric"
        ],
        "_factor": "0.001"
      },
      "lumen": {
        "_baseUnit": "candela-square-meter-per-square-meter",
        "_systems": [
          "metric",
          "si"
        ]
      },
      "lux": {
        "_baseUnit": "candela-per-square-meter",
        "_systems": [
          "metric",
          "si"
        ]
      },
      "meter": {
        "_baseUnit": "meter",
        "_systems": [
          "metric",
          "si"
        ]
      },
      "metric-ton": {
        "_baseUnit": "kilogram",
        "_systems": [
          "metric"
        ],
        "_factor": "1000"
      },
      "mile": {
        "_baseUnit": "meter",
        "_systems": [
          "ussystem",
          "uksystem"
        ],
        "_factor": "ft_to_m*5280"
      },
      "mile-scandinavian": {
        "_baseUnit": "meter",
        "_systems": [
          "metric"
        ],
        "_factor": "10000"
      },
      "minute": {
        "_baseUnit": "second",
        "_systems": [
          "metric",
          "ussystem",
          "uksystem"
        ],
        "_factor": "60"
      },
      "mole": {
        "_baseUnit": "item",
        "_systems": [
          "metric",
          "si"
        ],
        "_factor": "item_per_mole"
      },
      "month": {
        "_baseUnit": "year",
        "_factor": "1/12"
      },
      "month-person": {
        "_baseUnit": "year",
        "_factor": "1/12"
      },
      "nautical-mile": {
        "_baseUnit": "meter",
        "_systems": [
          "ussystem",
          "uksystem"
        ],
        "_factor": "1852"
      },
      "newton": {
        "_baseUnit": "kilogram-meter-per-square-second",
        "_systems": [
          "metric",
          "si"
        ]
      },
      "ofglucose": {
        "_baseUnit": "item-per-kilogram",
        "_factor": "1000*item_per_mole/glucose_molar_mass"
      },
      "ofhg": {
        "_baseUnit": "kilogram-per-square-meter-square-second",
        "_factor": "13595.1*gravity"
      },
      "ohm": {
        "_baseUnit": "kilogram-square-meter-per-cubic-second-square-ampere",
        "_systems": [
          "metric",
          "si"
        ]
      },
      "ounce": {
        "_baseUnit": "kilogram",
        "_systems": [
          "ussystem",
          "uksystem"
        ],
        "_factor": "lb_to_kg/16"
      },
      "ounce-troy": {
        "_baseUnit": "kilogram",
        "_systems": [
          "ussystem",
          "uksystem"
        ],
        "_factor": "0.03110348"
      },
      "parsec": {
        "_baseUnit": "meter",
        "_factor": "30856780000000000"
      },
      "pascal": {
        "_baseUnit": "kilogram-per-meter-square-second",
        "_systems": [
          "metric",
          "si"
        ]
      },
      "percent": {
        "_baseUnit": "portion",
        "_factor": "1/100"
      },
      "permille": {
        "_baseUnit": "portion",
        "_factor": "1/1000"
      },
      "permillion": {
        "_baseUnit": "portion",
        "_factor": "1/1000000"
      },
      "permyriad": {
        "_baseUnit": "portion",
        "_factor": "1/10000"
      },
      "pinch": {
        "_baseUnit": "cubic-meter",
        "_systems": [
          "ussystem"
        ],
        "_factor": "gal_to_m3/128*128"
      },
      "pint": {
        "_baseUnit": "cubic-meter",
        "_systems": [
          "ussystem"
        ],
        "_factor": "gal_to_m3/8"
      },
      "pint-metric": {
        "_baseUnit": "cubic-meter",
        "_systems": [
          "metric"
        ],
        "_factor": "0.0005"
      },
      "pixel": {
        "_baseUnit": "pixel"
      },
      "point": {
        "_baseUnit": "meter",
        "_systems": [
          "ussystem",
          "uksystem"
        ],
        "_factor": "ft_to_m/864"
      },
      "portion": {
        "_baseUnit": "portion"
      },
      "pound": {
        "_baseUnit": "kilogram",
        "_systems": [
          "ussystem",
          "uksystem"
        ],
        "_factor": "lb_to_kg"
      },
      "pound-force": {
        "_baseUnit": "kilogram-meter-per-square-second",
        "_systems": [
          "ussystem",
          "uksystem"
        ],
        "_factor": "lb_to_kg * gravity"
      },
      "quart": {
        "_baseUnit": "cubic-meter",
        "_systems": [
          "ussystem"
        ],
        "_factor": "gal_to_m3/4"
      },
      "quart-imperial": {
        "_baseUnit": "cubic-meter",
        "_systems": [
          "uksystem"
        ],
        "_factor": "gal_imp_to_m3/4"
      },
      "radian": {
        "_baseUnit": "revolution",
        "_systems": [
          "metric",
          "si"
        ],
        "_factor": "1/2*PI"
      },
      "revolution": {
        "_baseUnit": "revolution"
      },
      "second": {
        "_baseUnit": "second",
        "_systems": [
          "si",
          "metric",
          "ussystem",
          "uksystem"
        ]
      },
      "solar-luminosity": {
        "_baseUnit": "kilogram-square-meter-per-cubic-second",
        "_factor": "3.828E+26"
      },
      "solar-mass": {
        "_baseUnit": "kilogram",
        "_factor": "1.98847E+30"
      },
      "solar-radius": {
        "_baseUnit": "meter",
        "_factor": "695700000"
      },
      "stone": {
        "_baseUnit": "kilogram",
        "_systems": [
          "uksystem"
        ],
        "_factor": "lb_to_kg*14"
      },
      "tablespoon": {
        "_baseUnit": "cubic-meter",
        "_systems": [
          "ussystem"
        ],
        "_factor": "gal_to_m3/256"
      },
      "teaspoon": {
        "_baseUnit": "cubic-meter",
        "_systems": [
          "ussystem"
        ],
        "_factor": "gal_to_m3/16*48"
      },
      "therm-us": {
        "_baseUnit": "kilogram-square-meter-per-square-second",
        "_systems": [
          "ussystem"
        ],
        "_factor": "105480400"
      },
      "ton": {
        "_baseUnit": "kilogram",
        "_systems": [
          "ussystem",
          "uksystem"
        ],
        "_factor": "lb_to_kg*2000"
      },
      "volt": {
        "_baseUnit": "kilogram-square-meter-per-cubic-second-ampere",
        "_systems": [
          "metric",
          "si"
        ]
      },
      "watt": {
        "_baseUnit": "kilogram-square-meter-per-cubic-second",
        "_systems": [
          "metric",
          "si"
        ]
      },
      "week": {
        "_baseUnit": "second",
        "_factor": "604800"
      },
      "week-person": {
        "_baseUnit": "second",
        "_factor": "604800"
      },
      "yard": {
        "_baseUnit": "meter",
        "_systems": [
          "ussystem",
          "uksystem"
        ],
        "_factor": "ft_to_m*3"
      },
      "year": {
        "_baseUnit": "year"
      },
      "year-person": {
        "_baseUnit": "year"
      }
    }
  }
}
