{
  "supplemental": {
    "version": {
      "_unicodeVersion": "13.0.0",
      "_cldrVersion": "39"
    },
    "unitPreferenceData": {
      "area": {
        "default": {
          "001": [
            {
              "unit": "square-kilometer"
            },
            {
              "unit": "hectare"
            },
            {
              "unit": "square-meter"
            },
            {
              "unit": "square-centimeter"
            }
          ],
          "GB": [
            {
              "unit": "square-mile"
            },
            {
              "unit": "acre"
            },
            {
              "unit": "square-foot"
            },
            {
              "unit": "square-inch"
            }
          ],
          "US": [
            {
              "unit": "square-mile"
            },
            {
              "unit": "acre"
            },
            {
              "unit": "square-foot"
            },
            {
              "unit": "square-inch"
            }
          ]
        },
        "geograph": {
          "001": [
            {
              "unit": "square-kilometer"
            }
          ],
          "GB": [
            {
              "unit": "square-mile"
            }
          ],
          "US": [
            {
              "unit": "square-mile"
            }
          ]
        },
        "land": {
          "001": [
            {
              "unit": "hectare"
            }
          ],
          "GB": [
            {
              "unit": "acre"
            }
          ],
          "US": [
            {
              "unit": "acre"
            }
          ]
        }
      },
      "concentration": {
        "blood-glucose": {
          "001": [
            {
              "unit": "milligram-ofglucose-per-deciliter"
            }
          ],
          "AG": [
            {
              "unit": "millimole-per-liter"
            }
          ],
          "AI": [
            {
              "unit": "millimole-per-liter"
            }
          ],
          "AO": [
            {
              "unit": "millimole-per-liter"
            }
          ],
          "AU": [
            {
              "unit": "millimole-per-liter"
            }
          ],
          "BA": [
            {
              "unit": "millimole-per-liter"
            }
          ],
          "BG": [
            {
              "unit": "millimole-per-liter"
            }
          ],
          "BH": [
            {
              "unit": "millimole-per-liter"
            }
          ],
          "BM": [
            {
              "unit": "millimole-per-liter"
            }
          ],
          "BN": [
            {
              "unit": "millimole-per-liter"
            }
          ],
          "BW": [
            {
              "unit": "millimole-per-liter"
            }
          ],
          "BY": [
            {
              "unit": "millimole-per-liter"
            }
          ],
          "CA": [
            {
              "unit": "millimole-per-liter"
            }
          ],
          "CH": [
            {
              "unit": "millimole-per-liter"
            }
          ],
          "CM": [
            {
              "unit": "millimole-per-liter"
            }
          ],
          "CN": [
            {
              "unit": "millimole-per-liter"
            }
          ],
          "CZ": [
            {
              "unit": "millimole-per-liter"
            }
          ],
          "DK": [
            {
              "unit": "millimole-per-liter"
            }
          ],
          "DM": [
            {
              "unit": "millimole-per-liter"
            }
          ],
          "EE": [
            {
              "unit": "millimole-per-liter"
            }
          ],
          "FI": [
            {
              "unit": "millimole-per-liter"
            }
          ],
          "FJ": [
            {
              "unit": "millimole-per-liter"
            }
          ],
          "GB": [
            {
              "unit": "millimole-per-liter"
            }
          ],
          "GD": [
            {
              "unit": "millimole-per-liter"
            }
          ],
          "HK": [
            {
              "unit": "millimole-per-liter"
            }
          ],
          "HR": [
            {
              "unit": "millimole-per-liter"
            }
          ],
          "HU": [
            {
              "unit": "millimole-per-liter"
            }
          ],
          "IE": [
            {
              "unit": "millimole-per-liter"
            }
          ],
          "IM": [
            {
              "unit": "millimole-per-liter"
            }
          ],
          "IS": [
            {
              "unit": "millimole-per-liter"
            }
          ],
          "KE": [
            {
              "unit": "millimole-per-liter"
            }
          ],
          "KN": [
            {
              "unit": "millimole-per-liter"
            }
          ],
          "KW": [
            {
              "unit": "millimole-per-liter"
            }
          ],
          "KZ": [
            {
              "unit": "millimole-per-liter"
            }
          ],
          "LC": [
            {
              "unit": "millimole-per-liter"
            }
          ],
          "LI": [
            {
              "unit": "millimole-per-liter"
            }
          ],
          "LT": [
            {
              "unit": "millimole-per-liter"
            }
          ],
          "LU": [
            {
              "unit": "millimole-per-liter"
            }
          ],
          "LV": [
            {
              "unit": "millimole-per-liter"
            }
          ],
          "ME": [
            {
              "unit": "millimole-per-liter"
            }
          ],
          "MG": [
            {
              "unit": "millimole-per-liter"
            }
          ],
          "MK": [
            {
              "unit": "millimole-per-liter"
            }
          ],
          "MO": [
            {
              "unit": "millimole-per-liter"
            }
          ],
          "MS": [
            {
              "unit": "millimole-per-liter"
            }
          ],
          "MT": [
            {
              "unit": "millimole-per-liter"
            }
          ],
          "MU": [
            {
              "unit": "millimole-per-liter"
            }
          ],
          "MY": [
            {
              "unit": "millimole-per-liter"
            }
          ],
          "MZ": [
            {
              "unit": "millimole-per-liter"
            }
          ],
          "NA": [
            {
              "unit": "millimole-per-liter"
            }
          ],
          "NL": [
            {
              "unit": "millimole-per-liter"
            }
          ],
          "NO": [
            {
              "unit": "millimole-per-liter"
            }
          ],
          "NZ": [
            {
              "unit": "millimole-per-liter"
            }
          ],
          "OM": [
            {
              "unit": "millimole-per-liter"
            }
          ],
          "PG": [
            {
              "unit": "millimole-per-liter"
            }
          ],
          "RS": [
            {
              "unit": "millimole-per-liter"
            }
          ],
          "RU": [
            {
              "unit": "millimole-per-liter"
            }
          ],
          "SE": [
            {
              "unit": "millimole-per-liter"
            }
          ],
          "SG": [
            {
              "unit": "millimole-per-liter"
            }
          ],
          "SI": [
            {
              "unit": "millimole-per-liter"
            }
          ],
          "SK": [
            {
              "unit": "millimole-per-liter"
            }
          ],
          "TC": [
            {
              "unit": "millimole-per-liter"
            }
          ],
          "TO": [
            {
              "unit": "millimole-per-liter"
            }
          ],
          "UA": [
            {
              "unit": "millimole-per-liter"
            }
          ],
          "UG": [
            {
              "unit": "millimole-per-liter"
            }
          ],
          "VC": [
            {
              "unit": "millimole-per-liter"
            }
          ],
          "VG": [
            {
              "unit": "millimole-per-liter"
            }
          ],
          "VN": [
            {
              "unit": "millimole-per-liter"
            }
          ],
          "VU": [
            {
              "unit": "millimole-per-liter"
            }
          ],
          "ZA": [
            {
              "unit": "millimole-per-liter"
            }
          ]
        },
        "default": {
          "001": [
            {
              "unit": "item-per-cubic-meter"
            }
          ]
        }
      },
      "consumption": {
        "default": {
          "001": [
            {
              "unit": "liter-per-100-kilometer"
            }
          ]
        },
        "vehicle-fuel": {
          "001": [
            {
              "unit": "liter-per-100-kilometer"
            }
          ],
          "BR": [
            {
              "unit": "liter-per-kilometer"
            }
          ],
          "CA": [
            {
              "unit": "mile-per-gallon-imperial"
            }
          ],
          "GB": [
            {
              "unit": "mile-per-gallon-imperial"
            }
          ],
          "IT": [
            {
              "unit": "liter-per-kilometer"
            }
          ],
          "JP": [
            {
              "unit": "liter-per-kilometer"
            }
          ],
          "KR": [
            {
              "unit": "liter-per-kilometer"
            }
          ],
          "MX": [
            {
              "unit": "liter-per-kilometer"
            }
          ],
          "MY": [
            {
              "unit": "liter-per-kilometer"
            }
          ],
          "NL": [
            {
              "unit": "liter-per-kilometer"
            }
          ],
          "TH": [
            {
              "unit": "liter-per-kilometer"
            }
          ],
          "TR": [
            {
              "unit": "liter-per-kilometer"
            }
          ],
          "US": [
            {
              "unit": "mile-per-gallon"
            }
          ]
        }
      },
      "duration": {
        "default": {
          "001": [
            {
              "unit": "day"
            },
            {
              "unit": "hour"
            },
            {
              "unit": "minute"
            },
            {
              "unit": "second"
            },
            {
              "unit": "millisecond"
            },
            {
              "unit": "microsecond"
            },
            {
              "unit": "nanosecond"
            }
          ]
        },
        "media": {
          "001": [
            {
              "unit": "minute-and-second"
            },
            {
              "unit": "second"
            }
          ]
        }
      },
      "energy": {
        "default": {
          "001": [
            {
              "unit": "kilowatt-hour"
            }
          ]
        },
        "food": {
          "001": [
            {
              "unit": "kilocalorie"
            }
          ],
          "US": [
            {
              "unit": "foodcalorie"
            }
          ]
        }
      },
      "length": {
        "default": {
          "001": [
            {
              "unit": "kilometer"
            },
            {
              "unit": "meter"
            },
            {
              "unit": "centimeter"
            }
          ],
          "GB": [
            {
              "unit": "mile"
            },
            {
              "unit": "foot"
            },
            {
              "unit": "inch"
            }
          ],
          "US": [
            {
              "unit": "mile"
            },
            {
              "unit": "foot"
            },
            {
              "unit": "inch"
            }
          ]
        },
        "focal-length": {
          "001": [
            {
              "unit": "millimeter"
            }
          ]
        },
        "person": {
          "001": [
            {
              "unit": "centimeter"
            }
          ],
          "CA": [
            {
              "unit": "inch"
            }
          ],
          "GB": [
            {
              "unit": "inch"
            }
          ],
          "IN": [
            {
              "unit": "inch"
            }
          ],
          "US": [
            {
              "unit": "inch"
            }
          ]
        },
        "person-height": {
          "001": [
            {
              "unit": "centimeter"
            }
          ],
          "AT": [
            {
              "unit": "meter-and-centimeter"
            }
          ],
          "BE": [
            {
              "unit": "meter-and-centimeter"
            }
          ],
          "CA": [
            {
              "unit": "foot-and-inch",
              "geq": 3.0
            },
            {
              "unit": "inch"
            }
          ],
          "DZ": [
            {
              "unit": "meter-and-centimeter"
            }
          ],
          "EG": [
            {
              "unit": "meter-and-centimeter"
            }
          ],
          "ES": [
            {
              "unit": "meter-and-centimeter"
            }
          ],
          "FR": [
            {
              "unit": "meter-and-centimeter"
            }
          ],
          "GB": [
            {
              "unit": "foot-and-inch",
              "geq": 3.0
            },
            {
              "unit": "inch"
            }
          ],
          "HK": [
            {
              "unit": "meter-and-centimeter"
            }
          ],
          "ID": [
            {
              "unit": "meter-and-centimeter"
            }
          ],
          "IL": [
            {
              "unit": "meter-and-centimeter"
            }
          ],
          "IN": [
            {
              "unit": "foot-and-inch",
              "geq": 3.0
            },
            {
              "unit": "inch"
            }
          ],
          "IT": [
            {
              "unit": "meter-and-centimeter"
            }
          ],
          "JO": [
            {
              "unit": "meter-and-centimeter"
            }
          ],
          "MY": [
            {
              "unit": "meter-and-centimeter"
            }
          ],
          "SA": [
            {
              "unit": "meter-and-centimeter"
            }
          ],
          "SE": [
            {
              "unit": "meter-and-centimeter"
            }
          ],
          "TR": [
            {
              "unit": "meter-and-centimeter"
            }
          ],
          "US": [
            {
              "unit": "foot-and-inch",
              "geq": 3.0
            },
            {
              "unit": "inch"
            }
          ],
          "VN": [
            {
              "unit": "meter-and-centimeter"
            }
          ]
        },
        "rainfall": {
          "001": [
            {
              "unit": "millimeter"
            }
          ],
          "BR": [
            {
              "unit": "centimeter"
            }
          ],
          "US": [
            {
              "unit": "inch"
            }
          ]
        },
        "road": {
          "001": [
            {
              "unit": "kilometer",
              "geq": 0.9
            },
            {
              "unit": "meter",
              "geq": 300.0
            },
            {
              "unit": "meter",
              "geq": 10.0
            },
            {
              "unit": "meter"
            }
          ],
          "GB": [
            {
              "unit": "mile",
              "geq": 0.5
            },
            {
              "unit": "yard",
              "geq": 100.0
            },
            {
              "unit": "yard",
              "geq": 10.0
            },
            {
              "unit": "yard"
            }
          ],
          "SE": [
            {
              "unit": "mile-scandinavian"
            },
            {
              "unit": "kilometer"
            },
            {
              "unit": "meter",
              "geq": 300.0
            },
            {
              "unit": "meter",
              "geq": 10.0
            },
            {
              "unit": "meter"
            }
          ],
          "US": [
            {
              "unit": "mile",
              "geq": 0.5
            },
            {
              "unit": "foot",
              "geq": 100.0
            },
            {
              "unit": "foot",
              "geq": 10.0
            },
            {
              "unit": "foot"
            }
          ]
        },
        "snowfall": {
          "001": [
            {
              "unit": "centimeter"
            }
          ],
          "US": [
            {
              "unit": "inch"
            }
          ]
        },
        "vehicle": {
          "001": [
            {
              "unit": "meter"
            }
          ],
          "GB": [
            {
              "unit": "foot-and-inch"
            }
          ],
          "US": [
            {
              "unit": "foot-and-inch"
            }
          ]
        },
        "visiblty": {
          "001": [
            {
              "unit": "kilometer",
              "geq": 0.1
            },
            {
              "unit": "meter"
            }
          ],
          "DE": [
            {
              "unit": "meter"
            }
          ],
          "GB": [
            {
              "unit": "mile"
            },
            {
              "unit": "foot"
            }
          ],
          "NL": [
            {
              "unit": "meter"
            }
          ],
          "US": [
            {
              "unit": "mile"
            },
            {
              "unit": "foot"
            }
          ]
        }
      },
      "mass": {
        "default": {
          "001": [
            {
              "unit": "metric-ton"
            },
            {
              "unit": "kilogram"
            },
            {
              "unit": "gram"
            },
            {
              "unit": "milligram"
            },
            {
              "unit": "microgram"
            }
          ],
          "GB": [
            {
              "unit": "ton"
            },
            {
              "unit": "pound"
            },
            {
              "unit": "ounce"
            }
          ],
          "US": [
            {
              "unit": "ton"
            },
            {
              "unit": "pound"
            },
            {
              "unit": "ounce"
            }
          ]
        },
        "person": {
          "001": [
            {
              "unit": "kilogram"
            },
            {
              "unit": "gram"
            }
          ],
          "GB": [
            {
              "unit": "stone-and-pound"
            },
            {
              "unit": "pound-and-ounce"
            }
          ],
          "HK": [
            {
              "unit": "pound-and-ounce"
            }
          ],
          "US": [
            {
              "unit": "pound"
            },
            {
              "unit": "pound-and-ounce"
            }
          ]
        }
      },
      "mass-density": {
        "default": {
          "001": [
            {
              "unit": "kilogram-per-cubic-meter"
            }
          ]
        }
      },
      "power": {
        "default": {
          "001": [
            {
              "unit": "gigawatt"
            },
            {
              "unit": "megawatt"
            },
            {
              "unit": "kilowatt"
            },
            {
              "unit": "watt"
            },
            {
              "unit": "milliwatt"
            }
          ]
        },
        "engine": {
          "001": [
            {
              "unit": "kilowatt"
            }
          ],
          "GB": [
            {
              "unit": "horsepower"
            }
          ],
          "US": [
            {
              "unit": "horsepower"
            }
          ]
        }
      },
      "pressure": {
        "baromtrc": {
          "001": [
            {
              "unit": "hectopascal"
            }
          ],
          "BR": [
            {
              "unit": "millibar"
            }
          ],
          "EG": [
            {
              "unit": "millibar"
            }
          ],
          "GB": [
            {
              "unit": "millibar"
            }
          ],
          "IL": [
            {
              "unit": "millibar"
            }
          ],
          "IN": [
            {
              "unit": "inch-ofhg"
            }
          ],
          "MX": [
            {
              "unit": "millimeter-ofhg"
            }
          ],
          "RU": [
            {
              "unit": "millimeter-ofhg"
            }
          ],
          "TH": [
            {
              "unit": "millibar"
            }
          ],
          "US": [
            {
              "unit": "inch-ofhg"
            }
          ]
        },
        "default": {
          "001": [
            {
              "unit": "megapascal"
            },
            {
              "unit": "pascal"
            }
          ],
          "GB": [
            {
              "unit": "pound-force-per-square-inch"
            }
          ],
          "US": [
            {
              "unit": "pound-force-per-square-inch"
            }
          ]
        }
      },
      "speed": {
        "default": {
          "001": [
            {
              "unit": "kilometer-per-hour"
            }
          ],
          "GB": [
            {
              "unit": "mile-per-hour"
            }
          ],
          "US": [
            {
              "unit": "mile-per-hour"
            }
          ]
        },
        "wind": {
          "001": [
            {
              "unit": "kilometer-per-hour"
            }
          ],
          "FI": [
            {
              "unit": "meter-per-second"
            }
          ],
          "KR": [
            {
              "unit": "meter-per-second"
            }
          ],
          "NO": [
            {
              "unit": "meter-per-second"
            }
          ],
          "PL": [
            {
              "unit": "meter-per-second"
            }
          ],
          "RU": [
            {
              "unit": "meter-per-second"
            }
          ],
          "SE": [
            {
              "unit": "meter-per-second"
            }
          ],
          "US": [
            {
              "unit": "mile-per-hour"
            }
          ]
        }
      },
      "temperature": {
        "default": {
          "001": [
            {
              "unit": "celsius"
            }
          ],
          "US": [
            {
              "unit": "fahrenheit"
            }
          ]
        },
        "weather": {
          "001": [
            {
              "unit": "celsius"
            }
          ],
          "BS": [
            {
              "unit": "fahrenheit"
            }
          ],
          "BZ": [
            {
              "unit": "fahrenheit"
            }
          ],
          "KY": [
            {
              "unit": "fahrenheit"
            }
          ],
          "PR": [
            {
              "unit": "fahrenheit"
            }
          ],
          "PW": [
            {
              "unit": "fahrenheit"
            }
          ],
          "US": [
            {
              "unit": "fahrenheit"
            }
          ]
        }
      },
      "volume": {
        "default": {
          "001": [
            {
              "unit": "cubic-meter"
            },
            {
              "unit": "cubic-centimeter"
            }
          ],
          "GB": [
            {
              "unit": "cubic-foot"
            },
            {
              "unit": "cubic-inch"
            }
          ],
          "US": [
            {
              "unit": "cubic-foot"
            },
            {
              "unit": "cubic-inch"
            }
          ]
        },
        "fluid": {
          "001": [
            {
              "unit": "liter"
            },
            {
              "unit": "milliliter"
            }
          ],
          "GB": [
            {
              "unit": "gallon-imperial"
            },
            {
              "unit": "fluid-ounce-imperial"
            }
          ],
          "US": [
            {
              "unit": "gallon"
            },
            {
              "unit": "quart"
            },
            {
              "unit": "pint"
            },
            {
              "unit": "cup"
            },
            {
              "unit": "fluid-ounce"
            },
            {
              "unit": "tablespoon"
            },
            {
              "unit": "teaspoon"
            }
          ]
        },
        "oil": {
          "001": [
            {
              "unit": "barrel"
            }
          ]
        },
        "vehicle": {
          "001": [
            {
              "unit": "liter"
            }
          ],
          "US": [
            {
              "unit": "gallon"
            }
          ]
        }
      },
      "year-duration": {
        "default": {
          "001": [
            {
              "unit": "year"
            },
            {
              "unit": "month"
            }
          ]
        },
        "person-age": {
          "001": [
            {
              "unit": "year-person",
              "geq": 2.5
            },
            {
              "unit": "year-person-and-month-person"
            },
            {
              "unit": "month-person"
            }
          ]
        }
      }
    }
  }
}
