{
  "main": {
    "ga-GB": {
      "identity": {
        "version": {
          "_cldrVersion": "39"
        },
        "language": "ga",
        "territory": "GB"
      },
      "dates": {
        "calendars": {
          "buddhist": {
            "months": {
              "format": {
                "abbreviated": {
                  "1": "Ean",
                  "2": "Feabh",
                  "3": "Márta",
                  "4": "Aib",
                  "5": "Beal",
                  "6": "Meith",
                  "7": "Iúil",
                  "8": "Lún",
                  "9": "MFómh",
                  "10": "DFómh",
                  "11": "Samh",
                  "12": "Noll"
                },
                "narrow": {
                  "1": "E",
                  "2": "F",
                  "3": "M",
                  "4": "A",
                  "5": "B",
                  "6": "M",
                  "7": "I",
                  "8": "L",
                  "9": "M",
                  "10": "D",
                  "11": "S",
                  "12": "N"
                },
                "wide": {
                  "1": "Eanáir",
                  "2": "Feabhra",
                  "3": "Márta",
                  "4": "Aibreán",
                  "5": "Bealtaine",
                  "6": "Meitheamh",
                  "7": "Iúil",
                  "8": "Lúnasa",
                  "9": "Meán Fómhair",
                  "10": "Deireadh Fómhair",
                  "11": "Samhain",
                  "12": "Nollaig"
                }
              },
              "stand-alone": {
                "abbreviated": {
                  "1": "Ean",
                  "2": "Feabh",
                  "3": "Márta",
                  "4": "Aib",
                  "5": "Beal",
                  "6": "Meith",
                  "7": "Iúil",
                  "8": "Lún",
                  "9": "MFómh",
                  "10": "DFómh",
                  "11": "Samh",
                  "12": "Noll"
                },
                "narrow": {
                  "1": "E",
                  "2": "F",
                  "3": "M",
                  "4": "A",
                  "5": "B",
                  "6": "M",
                  "7": "I",
                  "8": "L",
                  "9": "M",
                  "10": "D",
                  "11": "S",
                  "12": "N"
                },
                "wide": {
                  "1": "Eanáir",
                  "2": "Feabhra",
                  "3": "Márta",
                  "4": "Aibreán",
                  "5": "Bealtaine",
                  "6": "Meitheamh",
                  "7": "Iúil",
                  "8": "Lúnasa",
                  "9": "Meán Fómhair",
                  "10": "Deireadh Fómhair",
                  "11": "Samhain",
                  "12": "Nollaig"
                }
              }
            },
            "days": {
              "format": {
                "abbreviated": {
                  "sun": "Domh",
                  "mon": "Luan",
                  "tue": "Máirt",
                  "wed": "Céad",
                  "thu": "Déar",
                  "fri": "Aoine",
                  "sat": "Sath"
                },
                "narrow": {
                  "sun": "D",
                  "mon": "L",
                  "tue": "M",
                  "wed": "C",
                  "thu": "D",
                  "fri": "A",
                  "sat": "S"
                },
                "short": {
                  "sun": "Do",
                  "mon": "Lu",
                  "tue": "Má",
                  "wed": "Cé",
                  "thu": "Dé",
                  "fri": "Ao",
                  "sat": "Sa"
                },
                "wide": {
                  "sun": "Dé Domhnaigh",
                  "mon": "Dé Luain",
                  "tue": "Dé Máirt",
                  "wed": "Dé Céadaoin",
                  "thu": "Déardaoin",
                  "fri": "Dé hAoine",
                  "sat": "Dé Sathairn"
                }
              },
              "stand-alone": {
                "abbreviated": {
                  "sun": "Domh",
                  "mon": "Luan",
                  "tue": "Máirt",
                  "wed": "Céad",
                  "thu": "Déar",
                  "fri": "Aoine",
                  "sat": "Sath"
                },
                "narrow": {
                  "sun": "D",
                  "mon": "L",
                  "tue": "M",
                  "wed": "C",
                  "thu": "D",
                  "fri": "A",
                  "sat": "S"
                },
                "short": {
                  "sun": "Do",
                  "mon": "Lu",
                  "tue": "Má",
                  "wed": "Cé",
                  "thu": "Dé",
                  "fri": "Ao",
                  "sat": "Sa"
                },
                "wide": {
                  "sun": "Dé Domhnaigh",
                  "mon": "Dé Luain",
                  "tue": "Dé Máirt",
                  "wed": "Dé Céadaoin",
                  "thu": "Déardaoin",
                  "fri": "Dé hAoine",
                  "sat": "Dé Sathairn"
                }
              }
            },
            "quarters": {
              "format": {
                "abbreviated": {
                  "1": "R1",
                  "2": "R2",
                  "3": "R3",
                  "4": "R4"
                },
                "narrow": {
                  "1": "1",
                  "2": "2",
                  "3": "3",
                  "4": "4"
                },
                "wide": {
                  "1": "1ú ráithe",
                  "2": "2ú ráithe",
                  "3": "3ú ráithe",
                  "4": "4ú ráithe"
                }
              },
              "stand-alone": {
                "abbreviated": {
                  "1": "R1",
                  "2": "R2",
                  "3": "R3",
                  "4": "R4"
                },
                "narrow": {
                  "1": "1",
                  "2": "2",
                  "3": "3",
                  "4": "4"
                },
                "wide": {
                  "1": "1ú ráithe",
                  "2": "2ú ráithe",
                  "3": "3ú ráithe",
                  "4": "4ú ráithe"
                }
              }
            },
            "dayPeriods": {
              "format": {
                "abbreviated": {
                  "am": "r.n.",
                  "pm": "i.n."
                },
                "narrow": {
                  "am": "r.n.",
                  "pm": "i.n."
                },
                "wide": {
                  "am": "r.n.",
                  "pm": "i.n."
                }
              },
              "stand-alone": {
                "abbreviated": {
                  "am": "r.n.",
                  "pm": "i.n."
                },
                "narrow": {
                  "am": "r.n.",
                  "pm": "i.n."
                },
                "wide": {
                  "am": "r.n.",
                  "pm": "i.n."
                }
              }
            },
            "eras": {
              "eraNames": {
                "0": "RB"
              },
              "eraAbbr": {
                "0": "RB"
              },
              "eraNarrow": {
                "0": "RB"
              }
            },
            "dateFormats": {
              "full": "EEEE d MMMM y G",
              "long": "d MMMM y G",
              "medium": "d MMM y G",
              "short": "dd/MM/y GGGGG"
            },
            "timeFormats": {
              "full": "HH:mm:ss zzzz",
              "long": "HH:mm:ss z",
              "medium": "HH:mm:ss",
              "short": "HH:mm"
            },
            "dateTimeFormats": {
              "full": "{1} {0}",
              "long": "{1} {0}",
              "medium": "{1} {0}",
              "short": "{1} {0}",
              "availableFormats": {
                "Bh": "h B",
                "Bhm": "h:mm B",
                "Bhms": "h:mm:ss B",
                "d": "d",
                "E": "ccc",
                "EBhm": "E h:mm B",
                "EBhms": "E h:mm:ss B",
                "Ed": "E d",
                "Ehm": "E h:mm a",
                "EHm": "E HH:mm",
                "Ehms": "E h:mm:ss a",
                "EHms": "E HH:mm:ss",
                "Gy": "y G",
                "GyMMM": "MMM y G",
                "GyMMMd": "d MMM y G",
                "GyMMMEd": "E d MMM y G",
                "h": "h a",
                "H": "HH",
                "hm": "h:mm a",
                "Hm": "HH:mm",
                "hms": "h:mm:ss a",
                "Hms": "HH:mm:ss",
                "M": "LL",
                "Md": "dd/MM",
                "MEd": "E dd/MM",
                "MMM": "LLL",
                "MMMd": "d MMM",
                "MMMEd": "E d MMM",
                "MMMMd": "d MMMM",
                "ms": "mm:ss",
                "y": "y G",
                "yyyy": "y G",
                "yyyyM": "MM/y GGGGG",
                "yyyyMd": "dd/MM/y GGGGG",
                "yyyyMEd": "E dd/MM/y GGGGG",
                "yyyyMMM": "MMM y G",
                "yyyyMMMd": "d MMM y G",
                "yyyyMMMEd": "E d MMM y G",
                "yyyyMMMM": "MMMM y G",
                "yyyyQQQ": "QQQ y G",
                "yyyyQQQQ": "QQQQ y G"
              },
              "appendItems": {
                "Day": "{0} ({2}: {1})",
                "Day-Of-Week": "{0} {1}",
                "Era": "{1} {0}",
                "Hour": "{0} ({2}: {1})",
                "Minute": "{0} ({2}: {1})",
                "Month": "{0} ({2}: {1})",
                "Quarter": "{0} ({2}: {1})",
                "Second": "{0} ({2}: {1})",
                "Timezone": "{0} {1}",
                "Week": "{0} ({2}: {1})",
                "Year": "{1} {0}"
              },
              "intervalFormats": {
                "intervalFormatFallback": "{0} – {1}",
                "Bh": {
                  "B": "h B – h B",
                  "h": "h – h B"
                },
                "Bhm": {
                  "B": "h:mm B – h:mm B",
                  "h": "h:mm – h:mm B",
                  "m": "h:mm – h:mm B"
                },
                "d": {
                  "d": "d – d"
                },
                "Gy": {
                  "G": "y G – y G",
                  "y": "y – y G"
                },
                "GyM": {
                  "G": "MM/y GGGGG – MM/y GGGGG",
                  "M": "GGGGG y-MM – y-MM",
                  "y": "GGGGG y-MM – y-MM"
                },
                "GyMd": {
                  "d": "GGGGG y-MM-dd – y-MM-dd",
                  "G": "GGGGG y-MM-dd – GGGGG y-MM-dd",
                  "M": "GGGGG y-MM-dd – y-MM-dd",
                  "y": "GGGGG y-MM-dd – y-MM-dd"
                },
                "GyMEd": {
                  "d": "GGGGG y-MM-dd, E – y-MM-dd, E",
                  "G": "GGGGG y-MM-dd, E – GGGGG y-MM-dd, E",
                  "M": "GGGGG y-MM-dd, E – y-MM-dd, E",
                  "y": "GGGGG y-MM-dd, E – y-MM-dd, E"
                },
                "GyMMM": {
                  "G": "MMM y G – MMM y G",
                  "M": "MMM – MMM y G",
                  "y": "MMM y – MMM y G"
                },
                "GyMMMd": {
                  "d": "G y MMM d–d",
                  "G": "G y MMM d – G y MMM d",
                  "M": "G y MMM d – MMM d",
                  "y": "G y MMM d – y MMM d"
                },
                "GyMMMEd": {
                  "d": "G y MMM d, E – MMM d, E",
                  "G": "G y MMM d, E – G y MMM d, E",
                  "M": "G y MMM d, E – MMM d, E",
                  "y": "G y MMM d, E – y MMM d, E"
                },
                "h": {
                  "a": "h a – h a",
                  "h": "h – h a"
                },
                "H": {
                  "H": "HH – HH"
                },
                "hm": {
                  "a": "h:mm a – h:mm a",
                  "h": "h:mm – h:mm a",
                  "m": "h:mm – h:mm a"
                },
                "Hm": {
                  "H": "HH:mm – HH:mm",
                  "m": "HH:mm – HH:mm"
                },
                "hmv": {
                  "a": "h:mm a – h:mm a v",
                  "h": "h:mm – h:mm a v",
                  "m": "h:mm – h:mm a v"
                },
                "Hmv": {
                  "H": "HH:mm – HH:mm v",
                  "m": "HH:mm – HH:mm v"
                },
                "hv": {
                  "a": "h a – h a v",
                  "h": "h – h a v"
                },
                "Hv": {
                  "H": "HH – HH v"
                },
                "M": {
                  "M": "MM – MM"
                },
                "Md": {
                  "d": "dd/MM – dd/MM",
                  "M": "dd/MM – dd/MM"
                },
                "MEd": {
                  "d": "E dd/MM – E dd/MM",
                  "M": "E dd/MM – E dd/MM"
                },
                "MMM": {
                  "M": "MMM – MMM"
                },
                "MMMd": {
                  "d": "d – d MMM",
                  "M": "d MMM – d MMM"
                },
                "MMMEd": {
                  "d": "E d MMM – E d MMM",
                  "M": "E d MMM – E d MMM"
                },
                "y": {
                  "y": "y – y G"
                },
                "yM": {
                  "M": "MM/y – MM/y GGGGG",
                  "y": "MM/y – MM/y GGGGG"
                },
                "yMd": {
                  "d": "dd/MM/y – dd/MM/y GGGGG",
                  "M": "dd/MM/y – dd/MM/y GGGGG",
                  "y": "dd/MM/y – dd/MM/y GGGGG"
                },
                "yMEd": {
                  "d": "E dd/MM/y – E dd/MM/y GGGGG",
                  "M": "E dd/MM/y – E dd/MM/y GGGGG",
                  "y": "E dd/MM/y – E dd/MM/y GGGGG"
                },
                "yMMM": {
                  "M": "MMM – MMM y G",
                  "y": "MMM y – MMM y G"
                },
                "yMMMd": {
                  "d": "d – d MMM y G",
                  "M": "d MMM – d MMM y G",
                  "y": "d MMM y – d MMM y G"
                },
                "yMMMEd": {
                  "d": "E d MMM – E d MMM y G",
                  "M": "E d MMM – E d MMM y G",
                  "y": "E d MMM y – E d MMM y G"
                },
                "yMMMM": {
                  "M": "MMMM – MMMM y G",
                  "y": "MMMM y – MMMM y G"
                }
              }
            }
          }
        }
      }
    }
  }
}
