{
  "main": {
    "nn": {
      "identity": {
        "version": {
          "_cldrVersion": "39"
        },
        "language": "nn"
      },
      "dates": {
        "calendars": {
          "buddhist": {
            "months": {
              "format": {
                "abbreviated": {
                  "1": "jan.",
                  "2": "feb.",
                  "3": "mars",
                  "4": "apr.",
                  "5": "mai",
                  "6": "juni",
                  "7": "juli",
                  "8": "aug.",
                  "9": "sep.",
                  "10": "okt.",
                  "11": "nov.",
                  "12": "des."
                },
                "narrow": {
                  "1": "J",
                  "2": "F",
                  "3": "M",
                  "4": "A",
                  "5": "M",
                  "6": "J",
                  "7": "J",
                  "8": "A",
                  "9": "S",
                  "10": "O",
                  "11": "N",
                  "12": "D"
                },
                "wide": {
                  "1": "januar",
                  "2": "februar",
                  "3": "mars",
                  "4": "april",
                  "5": "mai",
                  "6": "juni",
                  "7": "juli",
                  "8": "august",
                  "9": "september",
                  "10": "oktober",
                  "11": "november",
                  "12": "desember"
                }
              },
              "stand-alone": {
                "abbreviated": {
                  "1": "jan",
                  "2": "feb",
                  "3": "mar",
                  "4": "apr",
                  "5": "mai",
                  "6": "jun",
                  "7": "jul",
                  "8": "aug",
                  "9": "sep",
                  "10": "okt",
                  "11": "nov",
                  "12": "des"
                },
                "narrow": {
                  "1": "J",
                  "2": "F",
                  "3": "M",
                  "4": "A",
                  "5": "M",
                  "6": "J",
                  "7": "J",
                  "8": "A",
                  "9": "S",
                  "10": "O",
                  "11": "N",
                  "12": "D"
                },
                "wide": {
                  "1": "januar",
                  "2": "februar",
                  "3": "mars",
                  "4": "april",
                  "5": "mai",
                  "6": "juni",
                  "7": "juli",
                  "8": "august",
                  "9": "september",
                  "10": "oktober",
                  "11": "november",
                  "12": "desember"
                }
              }
            },
            "days": {
              "format": {
                "abbreviated": {
                  "sun": "sø.",
                  "mon": "må.",
                  "tue": "ty.",
                  "wed": "on.",
                  "thu": "to.",
                  "fri": "fr.",
                  "sat": "la."
                },
                "narrow": {
                  "sun": "S",
                  "mon": "M",
                  "tue": "T",
                  "wed": "O",
                  "thu": "T",
                  "fri": "F",
                  "sat": "L"
                },
                "short": {
                  "sun": "sø.",
                  "mon": "må.",
                  "tue": "ty.",
                  "wed": "on.",
                  "thu": "to.",
                  "fri": "fr.",
                  "sat": "la."
                },
                "wide": {
                  "sun": "søndag",
                  "mon": "måndag",
                  "tue": "tysdag",
                  "wed": "onsdag",
                  "thu": "torsdag",
                  "fri": "fredag",
                  "sat": "laurdag"
                }
              },
              "stand-alone": {
                "abbreviated": {
                  "sun": "søn",
                  "mon": "mån",
                  "tue": "tys",
                  "wed": "ons",
                  "thu": "tor",
                  "fri": "fre",
                  "sat": "lau"
                },
                "narrow": {
                  "sun": "S",
                  "mon": "M",
                  "tue": "T",
                  "wed": "O",
                  "thu": "T",
                  "fri": "F",
                  "sat": "L"
                },
                "short": {
                  "sun": "sø.",
                  "mon": "må.",
                  "tue": "ty.",
                  "wed": "on.",
                  "thu": "to.",
                  "fri": "fr.",
                  "sat": "la."
                },
                "wide": {
                  "sun": "søndag",
                  "mon": "måndag",
                  "tue": "tysdag",
                  "wed": "onsdag",
                  "thu": "torsdag",
                  "fri": "fredag",
                  "sat": "laurdag"
                }
              }
            },
            "quarters": {
              "format": {
                "abbreviated": {
                  "1": "K1",
                  "2": "K2",
                  "3": "K3",
                  "4": "K4"
                },
                "narrow": {
                  "1": "1",
                  "2": "2",
                  "3": "3",
                  "4": "4"
                },
                "wide": {
                  "1": "1. kvartal",
                  "2": "2. kvartal",
                  "3": "3. kvartal",
                  "4": "4. kvartal"
                }
              },
              "stand-alone": {
                "abbreviated": {
                  "1": "K1",
                  "2": "K2",
                  "3": "K3",
                  "4": "K4"
                },
                "narrow": {
                  "1": "1",
                  "2": "2",
                  "3": "3",
                  "4": "4"
                },
                "wide": {
                  "1": "1. kvartal",
                  "2": "2. kvartal",
                  "3": "3. kvartal",
                  "4": "4. kvartal"
                }
              }
            },
            "dayPeriods": {
              "format": {
                "abbreviated": {
                  "midnight": "midn.",
                  "am": "f.m.",
                  "pm": "e.m.",
                  "morning1": "morg.",
                  "morning2": "form.",
                  "afternoon1": "etterm.",
                  "evening1": "kveld",
                  "night1": "natt"
                },
                "narrow": {
                  "midnight": "mn.",
                  "am": "f.m.",
                  "pm": "e.m.",
                  "morning1": "mg.",
                  "morning2": "fm.",
                  "afternoon1": "em.",
                  "evening1": "kv.",
                  "night1": "nt."
                },
                "wide": {
                  "midnight": "midnatt",
                  "am": "formiddag",
                  "pm": "ettermiddag",
                  "morning1": "på morgenen",
                  "morning2": "på formiddagen",
                  "afternoon1": "på ettermiddagen",
                  "evening1": "på kvelden",
                  "night1": "på natten"
                }
              },
              "stand-alone": {
                "abbreviated": {
                  "midnight": "midn.",
                  "am": "f.m.",
                  "pm": "e.m.",
                  "morning1": "morg.",
                  "morning2": "form.",
                  "afternoon1": "etterm.",
                  "evening1": "kveld",
                  "night1": "natt"
                },
                "narrow": {
                  "midnight": "mn.",
                  "am": "f.m.",
                  "pm": "e.m.",
                  "morning1": "mg.",
                  "morning2": "fm.",
                  "afternoon1": "em.",
                  "evening1": "kv.",
                  "night1": "nt."
                },
                "wide": {
                  "midnight": "midnatt",
                  "am": "f.m.",
                  "pm": "e.m.",
                  "morning1": "morgen",
                  "morning2": "formiddag",
                  "afternoon1": "ettermiddag",
                  "evening1": "kveld",
                  "night1": "natt"
                }
              }
            },
            "eras": {
              "eraNames": {
                "0": "BE"
              },
              "eraAbbr": {
                "0": "BE"
              },
              "eraNarrow": {
                "0": "BE"
              }
            },
            "dateFormats": {
              "full": "EEEE d. MMMM y G",
              "long": "d. MMMM y G",
              "medium": "d. MMM y G",
              "short": "d.M.y G"
            },
            "timeFormats": {
              "full": "'kl'. HH:mm:ss zzzz",
              "full-alt-variant": "'kl'. HH.mm.ss zzzz",
              "long": "HH:mm:ss z",
              "long-alt-variant": "HH.mm.ss z",
              "medium": "HH:mm:ss",
              "medium-alt-variant": "HH.mm.ss",
              "short": "HH:mm",
              "short-alt-variant": "HH.mm"
            },
            "dateTimeFormats": {
              "full": "{1} {0}",
              "long": "{1} {0}",
              "medium": "{1} {0}",
              "short": "{1} {0}",
              "availableFormats": {
                "Bh": "h B",
                "Bhm": "h:mm B",
                "Bhms": "h:mm:ss B",
                "d": "d.",
                "E": "ccc",
                "EBhm": "E h:mm B",
                "EBhms": "E h:mm:ss B",
                "Ed": "E d.",
                "Ehm": "E h:mm a",
                "EHm": "E HH:mm",
                "Ehms": "E h:mm:ss a",
                "EHms": "E HH:mm:ss",
                "Gy": "y G",
                "GyMMM": "MMM y G",
                "GyMMMd": "d. MMM y G",
                "GyMMMEd": "E d. MMM y G",
                "h": "h a",
                "H": "HH",
                "hm": "h:mm a",
                "Hm": "HH:mm",
                "hms": "h:mm:ss a",
                "Hms": "HH:mm:ss",
                "M": "L.",
                "Md": "d.M.",
                "MEd": "E d.M",
                "MMdd": "d.M.",
                "MMM": "LLL",
                "MMMd": "d. MMM",
                "MMMEd": "E d. MMM",
                "MMMMd": "d. MMMM",
                "ms": "mm:ss",
                "y": "y G",
                "yyyy": "y G",
                "yyyyM": "M.y G",
                "yyyyMd": "d.M.y G",
                "yyyyMEd": "E d.M.y G",
                "yyyyMM": "MM.y G",
                "yyyyMMM": "MMM y G",
                "yyyyMMMd": "d. MMM y G",
                "yyyyMMMEd": "E d. MMM y G",
                "yyyyMMMM": "MMMM y G",
                "yyyyQQQ": "QQQ y G",
                "yyyyQQQQ": "QQQQ y G"
              },
              "appendItems": {
                "Day": "{0} ({2}: {1})",
                "Day-Of-Week": "{0} {1}",
                "Era": "{1} {0}",
                "Hour": "{0} ({2}: {1})",
                "Minute": "{0} ({2}: {1})",
                "Month": "{0} ({2}: {1})",
                "Quarter": "{0} ({2}: {1})",
                "Second": "{0} ({2}: {1})",
                "Timezone": "{0} {1}",
                "Week": "{0} ({2}: {1})",
                "Year": "{1} {0}"
              },
              "intervalFormats": {
                "intervalFormatFallback": "{0}–{1}",
                "Bh": {
                  "B": "h B–h B",
                  "h": "h–h B"
                },
                "Bhm": {
                  "B": "h:mm B–h:mm B",
                  "h": "h:mm–h:mm B",
                  "m": "h:mm–h:mm B"
                },
                "d": {
                  "d": "d.–d."
                },
                "Gy": {
                  "G": "y G–y G",
                  "y": "y–y G"
                },
                "GyM": {
                  "G": "MM.y GGGGG–MM.y GGGGG",
                  "M": "MM.y–MM.y GGGGG",
                  "y": "MM.y–MM.y GGGGG"
                },
                "GyMd": {
                  "d": "dd.MM.y–dd.MM.y GGGGG",
                  "G": "dd.MM.y GGGGG–dd.MM.y GGGGG",
                  "M": "dd.MM.y–dd.MM.y GGGGG",
                  "y": "dd.MM.y–dd.MM.y GGGGG"
                },
                "GyMEd": {
                  "d": "E dd.MM.y–E dd.MM.y GGGGG",
                  "G": "E dd.MM.y GGGGG–E dd.MM.y GGGGG",
                  "M": "E dd.MM.y–E dd.MM.y GGGGG",
                  "y": "E dd.MM.y–E dd.MM.y GGGGG"
                },
                "GyMMM": {
                  "G": "MMM y G–MMM y G",
                  "M": "MMM–MMM y G",
                  "y": "MMM y–MMM y G"
                },
                "GyMMMd": {
                  "d": "d.–d. MMM y G",
                  "G": "d. MMM y G–d. MMM y G",
                  "M": "d. MMM–d. MMM y G",
                  "y": "d. MMM y–d. MMM y G"
                },
                "GyMMMEd": {
                  "d": "E d. MMM–E d. MMM y G",
                  "G": "E d. MMM y G–E d. MMM y G",
                  "M": "E d. MMM–E d. MMM y G",
                  "y": "E d. MMM y–E d. MMM y G"
                },
                "h": {
                  "a": "h a–h a",
                  "h": "h–h a"
                },
                "H": {
                  "H": "HH–HH"
                },
                "hm": {
                  "a": "h:mm a – h:mm a",
                  "h": "h:mm–h:mm a",
                  "m": "h:mm–h:mm a"
                },
                "Hm": {
                  "H": "HH:mm–HH:mm",
                  "m": "HH:mm–HH:mm"
                },
                "hmv": {
                  "a": "h:mm a – h:mm a v",
                  "h": "h:mm–h:mm a v",
                  "m": "h:mm–h:mm a v"
                },
                "Hmv": {
                  "H": "HH:mm–HH:mm v",
                  "m": "HH:mm–HH:mm v"
                },
                "hv": {
                  "a": "h a–h a v",
                  "h": "h–h a v"
                },
                "Hv": {
                  "H": "HH–HH v"
                },
                "M": {
                  "M": "M.–M."
                },
                "Md": {
                  "d": "d.M.–d.M.",
                  "M": "d.M.–d.M."
                },
                "MEd": {
                  "d": "E d.M.–E d.M.",
                  "M": "E d.M.–E d.M."
                },
                "MMM": {
                  "M": "MMM–MMM"
                },
                "MMMd": {
                  "d": "d.–d. MMM",
                  "M": "d. MMM–d. MMM"
                },
                "MMMEd": {
                  "d": "E d. MMM–E d. MMM",
                  "M": "E d. MMM–E d. MMM"
                },
                "y": {
                  "y": "y–y G"
                },
                "yM": {
                  "M": "M.y–M.y G",
                  "y": "M.y–M.y G"
                },
                "yMd": {
                  "d": "d.M.y–d.M.y G",
                  "M": "d.M.y–d.M.y G",
                  "y": "d.M.y–d.M.y G"
                },
                "yMEd": {
                  "d": "E d.M.y–E d.M.y G",
                  "M": "E d.M.y–E d.M.y G",
                  "y": "E d.M.y–E d.M.y G"
                },
                "yMMM": {
                  "M": "MMM–MMM y G",
                  "y": "MMM y–MMM y G"
                },
                "yMMMd": {
                  "d": "d.–d. MMM y G",
                  "M": "d. MMM–d. MMM y G",
                  "y": "d. MMM y–d. MMM y G"
                },
                "yMMMEd": {
                  "d": "E d. MMM–E d. MMM y G",
                  "M": "E d. MMM–E d. MMM y G",
                  "y": "E d. MMM y–E d. MMM y G"
                },
                "yMMMM": {
                  "M": "MMMM–MMMM y G",
                  "y": "MMMM y–MMMM y G"
                }
              }
            }
          }
        }
      }
    }
  }
}
