{
    "description": "Amazon Corretto is a no-cost, multiplatform, production-ready distribution of the Open Java Development Kit (OpenJDK)",
    "homepage": "https://aws.amazon.com/corretto/",
    "version": "19.0.2.7.1",
    "license": "GPL-2.0-only WITH Classpath-exception-2.0",
    "architecture": {
        "64bit": {
            "url": "https://corretto.aws/downloads/resources/19.0.2.7.1/amazon-corretto-19.0.2.7.1-windows-x64-jdk.zip",
            "hash": "57745d92bb3e078a7217721ddd4202a601e9ae34d8a18f51ae8c46828621b470"
        }
    },
    "extract_dir": "jdk19.0.2_7",
    "env_add_path": "bin",
    "env_set": {
        "JAVA_HOME": "$dir"
    },
    "checkver": {
        "url": "https://github.com/corretto/corretto-downloads/raw/main/latest_links/indexmap_with_checksum.json",
        "jsonpath": "$.windows.x64.jdk.19.zip.resource",
        "regex": "/([\\d.]+)/"
    },
    "autoupdate": {
        "architecture": {
            "64bit": {
                "url": "https://corretto.aws/downloads/resources/$version/amazon-corretto-$version-windows-x64-jdk.zip",
                "hash": {
                    "url": "https://github.com/corretto/corretto-downloads/raw/main/latest_links/indexmap_with_checksum.json",
                    "jsonpath": "$.windows.x64.jdk.19.zip.checksum_sha256"
                }
            }
        },
        "extract_dir": "jdk$matchHead_$buildVersion"
    }
}
