{
    "description": "Amazon Corretto is a no-cost, multiplatform, production-ready distribution of the Open Java Development Kit (OpenJDK)",
    "homepage": "https://aws.amazon.com/corretto/",
    "version": "17.0.12.7.1",
    "license": "GPL-2.0-only WITH Classpath-exception-2.0",
    "architecture": {
        "64bit": {
            "url": "https://corretto.aws/downloads/resources/17.0.12.7.1/amazon-corretto-17.0.12.7.1-windows-x64-jdk.zip",
            "hash": "df6cb295eb17ba7e898f99657da977bb96389c5e97de94f3a06053650d7c4e16"
        }
    },
    "extract_dir": "jdk17.0.12_7",
    "env_add_path": "bin",
    "env_set": {
        "JAVA_HOME": "$dir"
    },
    "checkver": {
        "url": "https://github.com/corretto/corretto-downloads/raw/main/latest_links/indexmap_with_checksum.json",
        "jsonpath": "$.windows.x64.jdk.17.zip.resource",
        "regex": "/([\\d.]+)/"
    },
    "autoupdate": {
        "architecture": {
            "64bit": {
                "url": "https://corretto.aws/downloads/resources/$version/amazon-corretto-$version-windows-x64-jdk.zip",
                "hash": {
                    "url": "https://github.com/corretto/corretto-downloads/raw/main/latest_links/indexmap_with_checksum.json",
                    "jsonpath": "$.windows.x64.jdk.17.zip.checksum_sha256"
                }
            }
        },
        "extract_dir": "jdk$matchHead_$buildVersion"
    }
}
