{
    "description": "Amazon Corretto is a no-cost, multiplatform, production-ready distribution of the Open Java Development Kit (OpenJDK)",
    "homepage": "https://aws.amazon.com/corretto/",
    "version": "8.422.05.1",
    "license": "GPL-2.0-only WITH Classpath-exception-2.0",
    "architecture": {
        "64bit": {
            "url": "https://corretto.aws/downloads/resources/8.422.05.1/amazon-corretto-8.422.05.1-windows-x64-jre.zip",
            "hash": "66aafd2259ba8a1f80b295259e78dea69fd73b319d047039b81ab06353c56881"
        },
        "32bit": {
            "url": "https://corretto.aws/downloads/resources/8.422.05.1/amazon-corretto-8.422.05.1-windows-x86-jre.zip",
            "hash": "5f6778f42f5d5c12cd7ad426a280f51e9ba1f22287cbcfc832904e2e402c72d8"
        }
    },
    "extract_dir": "jre8",
    "env_add_path": "bin",
    "env_set": {
        "JAVA_HOME": "$dir"
    },
    "checkver": {
        "url": "https://github.com/corretto/corretto-downloads/raw/main/latest_links/indexmap_with_checksum.json",
        "jsonpath": "$.windows.x64.jre.8.zip.resource",
        "regex": "/([\\d.]+)/"
    },
    "autoupdate": {
        "architecture": {
            "64bit": {
                "url": "https://corretto.aws/downloads/resources/$version/amazon-corretto-$version-windows-x64-jre.zip",
                "hash": {
                    "url": "https://github.com/corretto/corretto-downloads/raw/main/latest_links/indexmap_with_checksum.json",
                    "jsonpath": "$.windows.x64.jre.8.zip.checksum_sha256"
                }
            },
            "32bit": {
                "url": "https://corretto.aws/downloads/resources/$version/amazon-corretto-$version-windows-x86-jre.zip",
                "hash": {
                    "url": "https://github.com/corretto/corretto-downloads/raw/main/latest_links/indexmap_with_checksum.json",
                    "jsonpath": "$.windows.x86.jre.8.zip.checksum_sha256"
                }
            }
        }
    }
}
