{
    "description": "Amazon Corretto is a no-cost, multiplatform, production-ready distribution of the Open Java Development Kit (OpenJDK)",
    "homepage": "https://aws.amazon.com/corretto/",
    "version": "8.422.05.1",
    "license": "GPL-2.0-only WITH Classpath-exception-2.0",
    "architecture": {
        "64bit": {
            "url": "https://corretto.aws/downloads/resources/8.422.05.1/amazon-corretto-8.422.05.1-windows-x64-jdk.zip",
            "hash": "cdeeb2653927d8fcb0b031e06114775018777d9b97ddf53c7e249711b94be0d8"
        },
        "32bit": {
            "url": "https://corretto.aws/downloads/resources/8.422.05.1/amazon-corretto-8.422.05.1-windows-x86-jdk.zip",
            "hash": "908d9f62c09d462c791cbabb809b0e53bbdc4fa0a9ff9e14716c9d42f204bc75"
        }
    },
    "extract_dir": "jdk1.8.0_422",
    "env_add_path": "bin",
    "env_set": {
        "JAVA_HOME": "$dir"
    },
    "checkver": {
        "url": "https://github.com/corretto/corretto-downloads/raw/main/latest_links/indexmap_with_checksum.json",
        "jsonpath": "$.windows.x64.jdk.8.zip.resource",
        "regex": "/([\\d.]+)/"
    },
    "autoupdate": {
        "architecture": {
            "64bit": {
                "url": "https://corretto.aws/downloads/resources/$version/amazon-corretto-$version-windows-x64-jdk.zip",
                "hash": {
                    "url": "https://github.com/corretto/corretto-downloads/raw/main/latest_links/indexmap_with_checksum.json",
                    "jsonpath": "$.windows.x64.jdk.8.zip.checksum_sha256"
                }
            },
            "32bit": {
                "url": "https://corretto.aws/downloads/resources/$version/amazon-corretto-$version-windows-x86-jdk.zip",
                "hash": {
                    "url": "https://github.com/corretto/corretto-downloads/raw/main/latest_links/indexmap_with_checksum.json",
                    "jsonpath": "$.windows.x86.jdk.8.zip.checksum_sha256"
                }
            }
        },
        "extract_dir": "jdk1.8.0_$minorVersion"
    }
}
