{
    "description": "Amazon Corretto is a no-cost, multiplatform, production-ready distribution of the Open Java Development Kit (OpenJDK)",
    "homepage": "https://aws.amazon.com/corretto/",
    "version": "11.0.24.8.1",
    "license": "GPL-2.0-only WITH Classpath-exception-2.0",
    "architecture": {
        "64bit": {
            "url": "https://corretto.aws/downloads/resources/11.0.24.8.1/amazon-corretto-11.0.24.8.1-windows-x64-jdk.zip",
            "hash": "26f3d4ffcd3c59f9e5f620d9c99dd66c54c89e02f0df1153f243e9597243eade"
        },
        "32bit": {
            "url": "https://corretto.aws/downloads/resources/11.0.24.8.1/amazon-corretto-11.0.24.8.1-windows-x86-jre.zip",
            "hash": "7492e4f7d988abcb0498dcc06c395e0a007c03712e99a2f2a872108b219077a9"
        }
    },
    "extract_dir": "jdk11.0.24_8",
    "env_add_path": "bin",
    "env_set": {
        "JAVA_HOME": "$dir"
    },
    "checkver": {
        "url": "https://github.com/corretto/corretto-downloads/raw/main/latest_links/indexmap_with_checksum.json",
        "jsonpath": "$.windows.x64.jdk.11.zip.resource",
        "regex": "/([\\d.]+)/"
    },
    "autoupdate": {
        "architecture": {
            "64bit": {
                "url": "https://corretto.aws/downloads/resources/$version/amazon-corretto-$version-windows-x64-jdk.zip",
                "hash": {
                    "url": "https://github.com/corretto/corretto-downloads/raw/main/latest_links/indexmap_with_checksum.json",
                    "jsonpath": "$.windows.x64.jdk.11.zip.checksum_sha256"
                }
            },
            "32bit": {
                "url": "https://corretto.aws/downloads/resources/$version/amazon-corretto-$version-windows-x86-jre.zip",
                "hash": {
                    "url": "https://github.com/corretto/corretto-downloads/raw/main/latest_links/indexmap_with_checksum.json",
                    "jsonpath": "$.windows.x86.jdk.11.zip.checksum_sha256"
                }
            }
        },
        "extract_dir": "jdk$matchHead_$buildVersion"
    }
}
