{
    "description": "Alibaba Dragonwell, a downstream version of OpenJDK, is the in-house OpenJDK implementation at Alibaba (with extensive custom features optimized for cloud computing environments)",
    "version": "8.20.21-8.0.422",
    "homepage": "https://dragonwell-jdk.io/",
    "license": "GPL-2.0-only WITH Classpath-exception-2.0",
    "architecture": {
        "64bit": {
            "url": "https://github.com/dragonwell-project/dragonwell8/releases/download/dragonwell-extended-8.20.21_jdk8u422-ga/Alibaba_Dragonwell_Extended_8.20.21_x64_windows.zip",
            "hash": "12e883366db943ee6aff593e2761115167cfc1550bd401d32b1eaafaf5dca540"
        }
    },
    "extract_to": "tmp",
    "installer": {
        "script": [
            "(Get-ChildItem -Directory \"$dir\\tmp\").FullName | % { Move-Item \"$_\\*\" \"$dir\" }",
            "Remove-Item -Recurse \"$dir\\tmp\""
        ]
    },
    "env_add_path": "bin",
    "env_set": {
        "JAVA_HOME": "$dir"
    },
    "checkver": {
        "github": "https://github.com/dragonwell-project/dragonwell8",
        "regex": "(dragonwell-standard-(?<dragon>[\\d.]+)_jdk8u(?<jdk>[\\d]+)(?:(?<b>-[\\d+])|-ga))",
        "replace": "${dragon}-8.0.${jdk}${b}"
    },
    "autoupdate": {
        "architecture": {
            "64bit": {
                "url": "https://github.com/dragonwell-project/dragonwell8/releases/download/dragonwell-extended-$matchDragon_jdk8u$matchJdk-ga/Alibaba_Dragonwell_Extended_$matchDragon_x64_windows.zip"
            }
        },
        "hash": {
            "url": "$url.sha256.txt",
            "regex": "$sha256"
        }
    }
}
