{
    "description": "Alibaba Dragonwell, a downstream version of OpenJDK, is the in-house OpenJDK implementation at Alibaba",
    "version": "8.20.21-8.0.422",
    "homepage": "https://dragonwell-jdk.io/",
    "license": "GPL-2.0-only WITH Classpath-exception-2.0",
    "architecture": {
        "64bit": {
            "url": "https://github.com/dragonwell-project/dragonwell8/releases/download/dragonwell-standard-8.20.21_jdk8u422-ga/Alibaba_Dragonwell_Standard_8.20.21_x64_windows.zip",
            "hash": "023bcc6e1141360c3464495385d3c2c434e4c76c284570d18a22b0d16e7f4a2d"
        }
    },
    "extract_to": "tmp",
    "installer": {
        "script": [
            "(Get-ChildItem -Directory \"$dir\\tmp\").FullName | % { Move-Item \"$_\\*\" \"$dir\" }",
            "Remove-Item -Recurse \"$dir\\tmp\""
        ]
    },
    "env_add_path": "bin",
    "env_set": {
        "JAVA_HOME": "$dir"
    },
    "checkver": {
        "github": "https://github.com/dragonwell-project/dragonwell8",
        "regex": "(?<tag>dragonwell-standard-(?<dragon>[\\d.]+)_jdk8u(?<jdk>[\\d]+)(?:(?<b>-[\\d+])|-ga))",
        "replace": "${dragon}-8.0.${jdk}${b}"
    },
    "autoupdate": {
        "architecture": {
            "64bit": {
                "url": "https://github.com/dragonwell-project/dragonwell8/releases/download/$matchTag/Alibaba_Dragonwell_Standard_$matchDragon_x64_windows.zip"
            }
        },
        "hash": {
            "url": "$url.sha256.txt",
            "regex": "$sha256"
        }
    }
}
