{
    "description": "Alibaba Dragonwell, a downstream version of OpenJDK, is the in-house OpenJDK implementation at Alibaba",
    "version": "11.0.24.20-11.0.24",
    "homepage": "https://dragonwell-jdk.io/",
    "license": "GPL-2.0-only WITH Classpath-exception-2.0",
    "architecture": {
        "64bit": {
            "url": "https://github.com/dragonwell-project/dragonwell11/releases/download/dragonwell-standard-11.0.24.20_jdk-11.0.24-ga/Alibaba_Dragonwell_Standard_11.0.24.20.8_x64_windows.zip",
            "hash": "b157c4560c51511330811070b3693a1eed7da582c99d4faf8a743cd17c34b0a1"
        }
    },
    "extract_to": "tmp",
    "installer": {
        "script": [
            "(Get-ChildItem -Directory \"$dir\\tmp\").FullName | % { Move-Item \"$_\\*\" \"$dir\" }",
            "Remove-Item -Recurse \"$dir\\tmp\""
        ]
    },
    "env_add_path": "bin",
    "env_set": {
        "JAVA_HOME": "$dir"
    },
    "checkver": {
        "github": "https://github.com/dragonwell-project/dragonwell11",
        "regex": "(?<tag>dragonwell-standard-(?<dragon>[\\d.]+)(?<build>(?:\\%2B|\\+)?[\\d]*)?_jdk-(?<jdk>[\\d.]+)(?:(?<b>-[\\d+])|-ga))/(?<filename>Alibaba_Dragonwell_Standard_(?:[\\d.+]+)_x64_windows)\\.zip",
        "replace": "${dragon}-${jdk}${b}"
    },
    "autoupdate": {
        "architecture": {
            "64bit": {
                "url": "https://github.com/dragonwell-project/dragonwell11/releases/download/$matchTag/$matchFilename.zip"
            }
        },
        "hash": {
            "url": "$url.sha256.txt",
            "regex": "$sha256"
        }
    }
}
