{
    "description": "Alibaba Dragonwell, a downstream version of OpenJDK, is the in-house OpenJDK implementation at Alibaba",
    "version": "17.0.12.0.13-17.0.12",
    "homepage": "https://dragonwell-jdk.io/",
    "license": "GPL-2.0-only WITH Classpath-exception-2.0",
    "architecture": {
        "64bit": {
            "url": "https://github.com/dragonwell-project/dragonwell17/releases/download/dragonwell-standard-17.0.12.0.13%2B7_jdk-17.0.12-ga/Alibaba_Dragonwell_Standard_17.0.12.0.13.7_x64_windows.zip",
            "hash": "bb3df4354040ecac7783e839cb69636f1e6f4433f8aa248e63abe6f76f71c7bf"
        }
    },
    "extract_to": "tmp",
    "installer": {
        "script": [
            "(Get-ChildItem -Directory \"$dir\\tmp\").FullName | % { Move-Item \"$_\\*\" \"$dir\" }",
            "Remove-Item -Recurse \"$dir\\tmp\""
        ]
    },
    "env_add_path": "bin",
    "env_set": {
        "JAVA_HOME": "$dir"
    },
    "checkver": {
        "github": "https://github.com/dragonwell-project/dragonwell17",
        "regex": "(?<tag>dragonwell-standard-(?<dragon>[\\d.]+)(?<build>(?:\\%2B|\\+)?[\\d]*)?_jdk-(?<jdk>[\\d.]+)(?:(?<b>-[\\d+])|-ga))/(?<filename>Alibaba_Dragonwell_Standard_(?:[\\d.+]+)_x64_windows)\\.zip",
        "replace": "${dragon}-${jdk}${b}"
    },
    "autoupdate": {
        "architecture": {
            "64bit": {
                "url": "https://github.com/dragonwell-project/dragonwell17/releases/download/$matchTag/$matchFilename.zip"
            }
        },
        "hash": {
            "url": "$url.sha256.txt",
            "regex": "$sha256"
        }
    }
}
