{
    "description": "OpenJFX is an open source, next generation client application platform for desktop, mobile and embedded systems built on Java.",
    "homepage": "https://openjfx.io/",
    "version": "18-12",
    "license": "GPL-2.0-only WITH Classpath-exception-2.0",
    "suggest": {
        "JDK": "java/openjdk"
    },
    "architecture": {
        "64bit": {
            "url": "https://download2.gluonhq.com/openjfx/18/openjfx-18-ea%2B12_monocle-windows-x64_bin-sdk.zip",
            "hash": "cbb04def4d270352b03161071777017d506b111699f0804f155f26ad2570deec"
        },
        "32bit": {
            "url": "https://download2.gluonhq.com/openjfx/18/openjfx-18-ea%2B12_monocle-windows-x86_bin-sdk.zip",
            "hash": "e608b7435cc61996353a76621d1e8bb0f2bb0db9443efa9aa56617ddd107f307"
        }
    },
    "extract_dir": "javafx-sdk-18-12",
    "env_set": {
        "PATH_TO_FX": "$dir\\lib"
    },
    "checkver": {
        "url": "https://gluonhq.com/wp-content/uploads/custom-css-js/119502.js",
        "regex": "\"(?<major>[\\d.]+)-ea\\+(?<build>[\\d]+).*?\"#ea\"",
        "replace": "${major}-${build}"
    },
    "autoupdate": {
        "architecture": {
            "64bit": {
                "url": "https://download2.gluonhq.com/openjfx/$matchMajor/openjfx-$matchMajor-ea%2B$matchBuild_monocle-windows-x64_bin-sdk.zip"
            },
            "32bit": {
                "url": "https://download2.gluonhq.com/openjfx/$matchMajor/openjfx-$matchMajor-ea%2B$matchBuild_monocle-windows-x86_bin-sdk.zip"
            }
        },
        "extract_dir": "javafx-sdk-$version",
        "hash": {
            "url": "$url.sha256"
        }
    }
}
