{
    "description": "High-performance, embeddable, polyglot Virtual Machine for JVM-langs (Java, Scala, Kotlin), JavaScript/NodeJS, Python, Ruby, R, and LLVM-langs (C, C++, Rust)",
    "version": "21.0.2",
    "homepage": "https://www.graalvm.org/",
    "license": "GPL-2.0",
    "url": "https://github.com/graalvm/graalvm-ce-builds/releases/download/jdk-21.0.2/graalvm-community-jdk-21.0.2_windows-x64_bin.zip",
    "hash": "e17b7bead097bf372a5c75df17815b0a2f30b777a019d25eff7706b21421f7fa",
    "extract_to": "tmp",
    "installer": {
        "script": [
            "(Get-ChildItem -Directory \"$dir\\tmp\").FullName | % { Move-Item \"$_\\*\" \"$dir\" }",
            "Remove-Item -Recurse \"$dir\\tmp\""
        ]
    },
    "env_add_path": "bin",
    "env_set": {
        "JAVA_HOME": "$dir",
        "GRAALVM_HOME": "$dir"
    },
    "checkver": {
        "url": "https://github.com/graalvm/graalvm-ce-builds/releases/latest",
        "regex": "jdk-(21[\\d.]+)"
    },
    "autoupdate": {
        "url": "https://github.com/graalvm/graalvm-ce-builds/releases/download/jdk-$version/graalvm-community-jdk-$version_windows-x64_bin.zip",
        "hash": {
            "url": "$url.sha256"
        }
    }
}
