{
    "description": "High-performance, embeddable, polyglot Virtual Machine for JVM-langs (Java, Scala, Kotlin), JavaScript/NodeJS, Python, Ruby, R, and LLVM-langs (C, C++, Rust)",
    "version": "17.0.12",
    "homepage": "https://www.graalvm.org/",
    "license": {
        "identifier": "Freeware",
        "url": "https://www.oracle.com/downloads/licenses/graal-free-license.html"
    },
    "url": "https://download.oracle.com/graalvm/17/archive/graalvm-jdk-17.0.12_windows-x64_bin.zip",
    "hash": "8b978e56dddc0edc60db99794b56975740d9c52293b31549cfc3f7516fc18b43",
    "extract_to": "tmp",
    "installer": {
        "script": [
            "(Get-ChildItem -Directory \"$dir\\tmp\").FullName | % { Move-Item \"$_\\*\" \"$dir\" }",
            "Remove-Item -Recurse \"$dir\\tmp\""
        ]
    },
    "env_add_path": "bin",
    "env_set": {
        "JAVA_HOME": "$dir",
        "GRAALVM_HOME": "$dir"
    },
    "checkver": {
        "url": "https://www.oracle.com/java/technologies/downloads/",
        "useragent": "Mozilla/5.0",
        "regex": "GraalVM for JDK ((?<ver>17)\\.[\\d.]+) downloads"
    },
    "autoupdate": {
        "url": "https://download.oracle.com/graalvm/$matchVer/archive/graalvm-jdk-$version_windows-x64_bin.zip",
        "hash": {
            "url": "https://download.oracle.com/graalvm/$matchVer/archive/graalvm-jdk-$version_windows-x64_bin.zip.sha256"
        }
    }
}
