{
    "description": "High-performance, embeddable, polyglot Virtual Machine for JVM-langs (Java, Scala, Kotlin), JavaScript/NodeJS, Python, Ruby, R, and LLVM-langs (C, C++, Rust)",
    "version": "19.3.6",
    "homepage": "https://www.graalvm.org/",
    "license": "GPL-2.0",
    "url": "https://github.com/graalvm/graalvm-ce-builds/releases/download/vm-19.3.6/graalvm-ce-java11-windows-amd64-19.3.6.zip",
    "hash": "115d273158bb62370be65f0052eb76e2a719d42e896ea43c36a08401b3369826",
    "extract_dir": "graalvm-ce-java11-19.3.6",
    "env_add_path": "bin",
    "env_set": {
        "JAVA_HOME": "$dir",
        "GRAALVM_HOME": "$dir"
    }
}
