{
    "description": "High-performance, embeddable, polyglot Virtual Machine for JVM-langs (Java, Scala, Kotlin), JavaScript/NodeJS, Python, Ruby, R, and LLVM-langs (C, C++, Rust)",
    "version": "19.3.6",
    "homepage": "https://www.graalvm.org/",
    "license": "GPL-2.0",
    "url": "https://github.com/graalvm/graalvm-ce-builds/releases/download/vm-19.3.6/graalvm-ce-java8-windows-amd64-19.3.6.zip",
    "hash": "77e5e6db836ee8c9ba470f5c401bf8216ba3df0ad1766b4e426216c432f7ae6e",
    "extract_dir": "graalvm-ce-java8-19.3.6",
    "env_add_path": "bin",
    "env_set": {
        "JAVA_HOME": "$dir",
        "GRAALVM_HOME": "$dir"
    }
}
