{
    "description": "High-performance, embeddable, polyglot Virtual Machine for JVM-langs (Java, Scala, Kotlin), JavaScript/NodeJS, Python, Ruby, R, and LLVM-langs (C, C++, Rust)",
    "version": "20.3.3",
    "homepage": "https://www.graalvm.org/",
    "license": "GPL-2.0",
    "url": "https://github.com/graalvm/graalvm-ce-builds/releases/download/vm-20.3.3/graalvm-ce-java8-windows-amd64-20.3.3.zip",
    "hash": "d09f75c5b24d89dfd7e4ccd0a79db77a35f402fdf25589ba8c0a7d7a217d0322",
    "extract_dir": "graalvm-ce-java8-20.3.3",
    "env_add_path": "bin",
    "env_set": {
        "JAVA_HOME": "$dir",
        "GRAALVM_HOME": "$dir"
    }
}
