{
    "description": "High-performance, embeddable, polyglot Virtual Machine for JVM-langs (Java, Scala, Kotlin), JavaScript/NodeJS, Python, Ruby, R, and LLVM-langs (C, C++, Rust)",
    "version": "23.1.0-dev-20230328_0529",
    "homepage": "https://www.graalvm.org/",
    "license": "GPL-2.0",
    "url": "https://github.com/graalvm/graalvm-ce-dev-builds/releases/download/23.1.0-dev-20230328_0529/graalvm-ce-java20-windows-amd64-dev.zip",
    "hash": "f7ade761616d9e60b4b01b8331b257af5d5f1b509fa6789a24f2e8f37241c2c1",
    "extract_dir": "graalvm-ce-java20-23.1.0-dev",
    "env_add_path": "bin",
    "env_set": {
        "JAVA_HOME": "$dir",
        "GRAALVM_HOME": "$dir"
    },
    "checkver": {
        "github": "https://github.com/graalvm/graalvm-ce-dev-builds",
        "regex": "/(?<release>[\\d\\w.-]+)-dev-(?<build>[\\d\\w.-]+)/graalvm-ce-java(?<java>\\d[\\d]+)-windows-amd64-dev",
        "replace": "${release}-dev-${build}",
        "reverse": true
    },
    "autoupdate": {
        "url": "https://github.com/graalvm/graalvm-ce-dev-builds/releases/download/$version/graalvm-ce-java$matchJava-windows-amd64-dev.zip",
        "extract_dir": "graalvm-ce-java$matchJava-$matchRelease-dev"
    }
}
