{
    "description": "High-performance, embeddable, polyglot Virtual Machine for JVM-langs (Java, Scala, Kotlin), JavaScript/NodeJS, Python, Ruby, R, and LLVM-langs (C, C++, Rust)",
    "version": "23.1.0-dev-20230328_0529",
    "homepage": "https://www.graalvm.org/",
    "license": "GPL-2.0",
    "url": "https://github.com/graalvm/graalvm-ce-dev-builds/releases/download/23.1.0-dev-20230328_0529/graalvm-ce-java17-windows-amd64-dev.zip",
    "hash": "60dbfb5c307f18a33a3b2ca2219c34f6a4f40373774d71e464264987a32443b8",
    "extract_dir": "graalvm-ce-java17-23.1.0-dev",
    "env_add_path": "bin",
    "env_set": {
        "JAVA_HOME": "$dir",
        "GRAALVM_HOME": "$dir"
    },
    "checkver": {
        "github": "https://github.com/graalvm/graalvm-ce-dev-builds",
        "regex": "GraalVM CE (?<release>[\\d\\w.-]+)-dev-(?<build>[\\d\\w.-]+)",
        "replace": "${release}-dev-${build}"
    },
    "autoupdate": {
        "url": "https://github.com/graalvm/graalvm-ce-dev-builds/releases/download/$version/graalvm-ce-java17-windows-amd64-dev.zip",
        "extract_dir": "graalvm-ce-java17-$matchRelease-dev"
    }
}
