{
    "description": "High-performance, embeddable, polyglot Virtual Machine for JVM-langs (Java, Scala, Kotlin), JavaScript/NodeJS, Python, Ruby, R, and LLVM-langs (C, C++, Rust)",
    "version": "22.3.1",
    "homepage": "https://www.graalvm.org/",
    "license": "GPL-2.0",
    "url": "https://github.com/graalvm/graalvm-ce-builds/releases/download/vm-22.3.1/graalvm-ce-java19-windows-amd64-22.3.1.zip",
    "hash": "f7250a997f0c251a78a447d38e9bd791ba2e35240d70338694cc6b9003a1ff4b",
    "extract_dir": "graalvm-ce-java19-22.3.1",
    "env_add_path": "bin",
    "env_set": {
        "JAVA_HOME": "$dir",
        "GRAALVM_HOME": "$dir"
    },
    "checkver": {
        "url": "https://www.graalvm.org/downloads/",
        "regex": "vm-([\\d.]+)"
    },
    "autoupdate": {
        "url": "https://github.com/graalvm/graalvm-ce-builds/releases/download/vm-$version/graalvm-ce-java19-windows-amd64-$version.zip",
        "extract_dir": "graalvm-ce-java19-$version",
        "hash": {
            "url": "$url.sha256"
        }
    }
}
