{
    "description": "High-performance, embeddable, polyglot Virtual Machine for JVM-langs (Java, Scala, Kotlin), JavaScript/NodeJS, Python, Ruby, R, and LLVM-langs (C, C++, Rust)",
    "version": "21.0.4",
    "homepage": "https://www.graalvm.org/",
    "license": {
        "identifier": "Freeware",
        "url": "https://www.oracle.com/downloads/licenses/graal-free-license.html"
    },
    "url": "https://download.oracle.com/graalvm/21/archive/graalvm-jdk-21.0.4_windows-x64_bin.zip",
    "hash": "4ec2221e3382777cff8a6a64c5d00973045e4245f4c912e36d2a07c61fb63920",
    "extract_to": "tmp",
    "installer": {
        "script": [
            "(Get-ChildItem -Directory \"$dir\\tmp\").FullName | % { Move-Item \"$_\\*\" \"$dir\" }",
            "Remove-Item -Recurse \"$dir\\tmp\""
        ]
    },
    "env_add_path": "bin",
    "env_set": {
        "JAVA_HOME": "$dir",
        "GRAALVM_HOME": "$dir"
    },
    "checkver": {
        "url": "https://www.oracle.com/java/technologies/downloads/",
        "useragent": "Mozilla/5.0",
        "regex": "GraalVM for JDK ((?<ver>21)\\.(?<build>[\\d.]+)) downloads"
    },
    "autoupdate": {
        "url": "https://download.oracle.com/graalvm/$matchVer/archive/graalvm-jdk-$version_windows-x64_bin.zip",
        "hash": {
            "url": "https://download.oracle.com/graalvm/$matchVer/archive/graalvm-jdk-$version_windows-x64_bin.zip.sha256"
        }
    }
}
