{
    "description": "High-performance, embeddable, polyglot Virtual Machine for JVM-langs (Java, Scala, Kotlin), JavaScript/NodeJS, Python, Ruby, R, and LLVM-langs (C, C++, Rust)",
    "version": "22.3.2",
    "homepage": "https://www.graalvm.org/",
    "license": "GPL-2.0",
    "url": "https://github.com/graalvm/graalvm-ce-builds/releases/download/vm-22.3.2/graalvm-ce-java11-windows-amd64-22.3.2.zip",
    "hash": "ce02ce51f3339895cfeef5afe5e6caf6a61a165534a4995981de837f4da2e3c6",
    "extract_dir": "graalvm-ce-java11-22.3.2",
    "env_add_path": "bin",
    "env_set": {
        "JAVA_HOME": "$dir",
        "GRAALVM_HOME": "$dir"
    },
    "checkver": {
        "url": "https://www.graalvm.org/downloads/",
        "regex": "vm-([\\d.]+)"
    },
    "autoupdate": {
        "url": "https://github.com/graalvm/graalvm-ce-builds/releases/download/vm-$version/graalvm-ce-java11-windows-amd64-$version.zip",
        "extract_dir": "graalvm-ce-java11-$version",
        "hash": {
            "url": "$url.sha256"
        }
    }
}
