{
    "version": "21.0.3-b509.15",
    "homepage": "https://github.com/JetBrains/JetBrainsRuntime",
    "description": "A fork of OpenJDK that includes a number enhancements in font rendering, HiDPI support, ligatures, performance improvements, and bugfixes. These are mainly for running IntelliJ Platform-based products",
    "license": "GPL-2.0",
    "architecture": {
        "64bit": {
            "url": "https://cache-redirector.jetbrains.com/intellij-jbr/jbr_jcef-21.0.3-windows-x64-b509.15.tar.gz",
            "hash": "sha512:ee8d8930cb46dc5b1ec9cb4dde2953a7c34151cde0a23a44ae9ecbe9763ae045c8615d8ca25a7dfbd42fc949ede9c8ec23c76debbd7708f32a767f48ed64ce12",
            "extract_dir": "jbr_jcef-21.0.3-windows-x64-b509.15"
        }
    },
    "env_set": {
        "JAVA_HOME": "$dir"
    },
    "env_add_path": "bin",
    "checkver": {
        "url": "https://github.com/JetBrains/JetBrainsRuntime/raw/main/.github/README.md",
        "regex": "\\[21\\.(?<Version>[\\d.]+)-(?<Build>[\\w]+)\\.(?<Patch>[\\d]+)]",
        "replace": "21.${Version}-${Build}.${Patch}"
    },
    "autoupdate": {
        "architecture": {
            "64bit": {
                "url": "https://cache-redirector.jetbrains.com/intellij-jbr/jbr_jcef-21.$matchVersion-windows-x64-$matchBuild.$matchPatch.tar.gz",
                "hash": {
                    "url": "$url.checksum",
                    "regex": "$sha512\\s"
                },
                "extract_dir": "jbr_jcef-21.$matchVersion-windows-x64-$matchBuild.$matchPatch"
            }
        }
    }
}
