{
    "version": "11_0_16-b2043.64",
    "homepage": "https://github.com/JetBrains/JetBrainsRuntime",
    "description": "A fork of OpenJDK that includes a number enhancements in font rendering, HiDPI support, ligatures, performance improvements, and bugfixes. These are mainly for running IntelliJ Platform-based products",
    "license": "GPL-2.0",
    "architecture": {
        "64bit": {
            "url": "https://cache-redirector.jetbrains.com/intellij-jbr/jbr_nomod-11_0_16-windows-x64-b2043.64.tar.gz",
            "hash": "c8d9bb608ab5fb5329dc6418c1074a13245d3f9f049c1034bb41a4fa0726fbc0"
        },
        "32bit": {
            "url": "https://cache-redirector.jetbrains.com/intellij-jbr/jbr-11_0_16-windows-x86-b2043.64.tar.gz",
            "hash": "297ae50f29ccfbcf1c5186eebd82b7a2185136b5492ac214a9000f08a67e4551"
        }
    },
    "extract_dir": "jbr",
    "env_set": {
        "JAVA_HOME": "$dir"
    },
    "env_add_path": "bin",
    "checkver": {
        "url": "https://github.com/JetBrains/JetBrainsRuntime/raw/main/.github/README.md",
        "regex": "\\[11_(?<Version>[\\d_]+)-(?<Build>[\\w]+)\\.(?<Patch>[\\d]+)]",
        "replace": "11_${Version}-${Build}.${Patch}"
    },
    "autoupdate": {
        "architecture": {
            "64bit": {
                "url": "https://cache-redirector.jetbrains.com/intellij-jbr/jbr_nomod-11_$matchVersion-windows-x64-$matchBuild.$matchPatch.tar.gz"
            },
            "32bit": {
                "url": "https://cache-redirector.jetbrains.com/intellij-jbr/jbr-11_$matchVersion-windows-x86-$matchBuild.$matchPatch.tar.gz"
            }
        },
        "hash": {
            "url": "$url.checksum",
            "regex": "$sha512\\s"
        }
    }
}
