{
    "version": "11_0_16-b2043.64",
    "homepage": "https://github.com/JetBrains/JetBrainsRuntime",
    "description": "A fork of OpenJDK that includes a number enhancements in font rendering, HiDPI support, ligatures, performance improvements, and bugfixes. These are mainly for running IntelliJ Platform-based products",
    "license": "GPL-2.0",
    "architecture": {
        "64bit": {
            "url": "https://cache-redirector.jetbrains.com/intellij-jbr/jbr_jcef-11_0_16-windows-x64-b2043.64.tar.gz",
            "hash": "4e23c52a5a23dba1cf9e2ea980d1ce31f2f34f39404eb4e5689359dfa9f28269"
        }
    },
    "extract_dir": "jbr",
    "env_set": {
        "JAVA_HOME": "$dir"
    },
    "env_add_path": "bin",
    "checkver": {
        "url": "https://github.com/JetBrains/JetBrainsRuntime/raw/main/.github/README.md",
        "regex": "\\[11_(?<Version>[\\d_]+)-(?<Build>[\\w]+)\\.(?<Patch>[\\d]+)]",
        "replace": "11_${Version}-${Build}.${Patch}"
    },
    "autoupdate": {
        "architecture": {
            "64bit": {
                "url": "https://cache-redirector.jetbrains.com/intellij-jbr/jbr_jcef-11_$matchVersion-windows-x64-$matchBuild.$matchPatch.tar.gz",
                "hash": {
                    "url": "$url.checksum",
                    "regex": "$sha512\\s"
                }
            }
        }
    }
}
