{
    "version": "11_0_16-b2043.64",
    "homepage": "https://github.com/JetBrains/JetBrainsRuntime",
    "description": "A fork of OpenJDK that includes a number enhancements in font rendering, HiDPI support, ligatures, performance improvements, and bugfixes. These are mainly for running IntelliJ Platform-based products",
    "license": "GPL-2.0",
    "architecture": {
        "64bit": {
            "url": "https://cache-redirector.jetbrains.com/intellij-jbr/jbrsdk_nomod-11_0_16-windows-x64-b2043.64.tar.gz",
            "hash": "88213eb14ba1c1f6dee1ebb7bb7221d8940d3168630345929c8a5b9b7a87e9e3",
            "extract_dir": "jbrsdk_nomod"
        },
        "32bit": {
            "url": "https://cache-redirector.jetbrains.com/intellij-jbr/jbrsdk-11_0_16-windows-x86-b2043.64.tar.gz",
            "hash": "03227f2e3e95e0709f9df630aaa3e6d38c21a2a356a4df298ffac5cfa2be40b8",
            "extract_dir": "jbrsdk"
        }
    },
    "env_set": {
        "JAVA_HOME": "$dir"
    },
    "env_add_path": "bin",
    "checkver": {
        "url": "https://github.com/JetBrains/JetBrainsRuntime/raw/main/.github/README.md",
        "regex": "\\[11_(?<Version>[\\d_]+)-(?<Build>[\\w]+)\\.(?<Patch>[\\d]+)]",
        "replace": "11_${Version}-${Build}.${Patch}"
    },
    "autoupdate": {
        "architecture": {
            "64bit": {
                "url": "https://cache-redirector.jetbrains.com/intellij-jbr/jbrsdk_nomod-11_$matchVersion-windows-x64-$matchBuild.$matchPatch.tar.gz"
            },
            "32bit": {
                "url": "https://cache-redirector.jetbrains.com/intellij-jbr/jbrsdk-11_$matchVersion-windows-x86-$matchBuild.$matchPatch.tar.gz"
            }
        },
        "hash": {
            "url": "$url.checksum",
            "regex": "$sha512\\s"
        }
    }
}
