{
    "version": "17.0.11-b1312.2",
    "homepage": "https://github.com/JetBrains/JetBrainsRuntime",
    "description": "A fork of OpenJDK that includes a number enhancements in font rendering, HiDPI support, ligatures, performance improvements, and bugfixes. These are mainly for running IntelliJ Platform-based products",
    "license": "GPL-2.0",
    "architecture": {
        "64bit": {
            "url": "https://cache-redirector.jetbrains.com/intellij-jbr/jbr-17.0.11-windows-x64-b1312.2.tar.gz",
            "hash": "sha512:fb35d633a9db89d20ff70d4160acf26b5c0de5444f422f62be1ba54e59e79d8a093fdf2256f4a523ac37ec904572d17aa4efd15e95b975a19b999bbf8fc03fce",
            "extract_dir": "jbr-17.0.11-windows-x64-b1312.2"
        }
    },
    "env_set": {
        "JAVA_HOME": "$dir"
    },
    "env_add_path": "bin",
    "checkver": {
        "url": "https://github.com/JetBrains/JetBrainsRuntime/raw/main/.github/README.md",
        "regex": "\\[17\\.(?<Version>[\\d.]+)-(?<Build>[\\w]+)\\.(?<Patch>[\\d]+)]",
        "replace": "17.${Version}-${Build}.${Patch}"
    },
    "autoupdate": {
        "architecture": {
            "64bit": {
                "url": "https://cache-redirector.jetbrains.com/intellij-jbr/jbr-17.$matchVersion-windows-x64-$matchBuild.$matchPatch.tar.gz",
                "hash": {
                    "url": "$url.checksum",
                    "regex": "$sha512\\s"
                },
                "extract_dir": "jbr-17.$matchVersion-windows-x64-$matchBuild.$matchPatch"
            }
        }
    }
}
