{
    "version": "17.0.11-b1312.2",
    "homepage": "https://github.com/JetBrains/JetBrainsRuntime",
    "description": "A fork of OpenJDK that includes a number enhancements in font rendering, HiDPI support, ligatures, performance improvements, and bugfixes. These are mainly for running IntelliJ Platform-based products",
    "license": "GPL-2.0",
    "architecture": {
        "64bit": {
            "url": "https://cache-redirector.jetbrains.com/intellij-jbr/jbrsdk_jcef-17.0.11-windows-x64-b1312.2.tar.gz",
            "hash": "sha512:6025ff976cee7269f4bb54bd5b847cae567b7876145c5c22d49e2fe9dd13f872bef3a539049d863acc14b5b44358f09285851343337fc65ad72a697c80c54472",
            "extract_dir": "jbrsdk_jcef-17.0.11-windows-x64-b1312.2"
        }
    },
    "env_set": {
        "JAVA_HOME": "$dir"
    },
    "env_add_path": "bin",
    "checkver": {
        "url": "https://github.com/JetBrains/JetBrainsRuntime/raw/main/.github/README.md",
        "regex": "\\[17\\.(?<Version>[\\d.]+)-(?<Build>[\\w]+)\\.(?<Patch>[\\d]+)]",
        "replace": "17.${Version}-${Build}.${Patch}"
    },
    "autoupdate": {
        "architecture": {
            "64bit": {
                "url": "https://cache-redirector.jetbrains.com/intellij-jbr/jbrsdk_jcef-17.$matchVersion-windows-x64-$matchBuild.$matchPatch.tar.gz",
                "hash": {
                    "url": "$url.checksum",
                    "regex": "$sha512\\s"
                },
                "extract_dir": "jbrsdk_jcef-17.$matchVersion-windows-x64-$matchBuild.$matchPatch"
            }
        }
    }
}
