{
    "version": "21.0.3-b509.15",
    "homepage": "https://github.com/JetBrains/JetBrainsRuntime",
    "description": "A fork of OpenJDK that includes a number enhancements in font rendering, HiDPI support, ligatures, performance improvements, and bugfixes. These are mainly for running IntelliJ Platform-based products",
    "license": "GPL-2.0",
    "architecture": {
        "64bit": {
            "url": "https://cache-redirector.jetbrains.com/intellij-jbr/jbrsdk-21.0.3-windows-x64-b509.15.tar.gz",
            "hash": "sha512:67ea2a52c576c26d93082d5a5aa692bce65ae43fed33b02bd7890443c381a66fea3816e7f7e88ec9630deba06b47968d4bf03949a4bceebf5eefc2c40c56919c",
            "extract_dir": "jbrsdk-21.0.3-windows-x64-b509.15"
        }
    },
    "env_set": {
        "JAVA_HOME": "$dir"
    },
    "env_add_path": "bin",
    "checkver": {
        "url": "https://github.com/JetBrains/JetBrainsRuntime/raw/main/.github/README.md",
        "regex": "\\[21\\.(?<Version>[\\d.]+)-(?<Build>[\\w]+)\\.(?<Patch>[\\d]+)]",
        "replace": "21.${Version}-${Build}.${Patch}"
    },
    "autoupdate": {
        "architecture": {
            "64bit": {
                "url": "https://cache-redirector.jetbrains.com/intellij-jbr/jbrsdk-21.$matchVersion-windows-x64-$matchBuild.$matchPatch.tar.gz",
                "hash": {
                    "url": "$url.checksum",
                    "regex": "$sha512\\s"
                },
                "extract_dir": "jbrsdk-21.$matchVersion-windows-x64-$matchBuild.$matchPatch"
            }
        }
    }
}
