{
    "version": "21.0.3-b509.15",
    "homepage": "https://github.com/JetBrains/JetBrainsRuntime",
    "description": "A fork of OpenJDK that includes a number enhancements in font rendering, HiDPI support, ligatures, performance improvements, and bugfixes. These are mainly for running IntelliJ Platform-based products",
    "license": "GPL-2.0",
    "architecture": {
        "64bit": {
            "url": "https://cache-redirector.jetbrains.com/intellij-jbr/jbrsdk_jcef-21.0.3-windows-x64-b509.15.tar.gz",
            "hash": "sha512:2a33a01a50993ec2042a185dffa7f620d957ab3ccf8f14bc892d2f44ecfb5f22505baf7fdba962f9949b6607d139a2a0c93ba239a2ad60fd42b570ac83364119",
            "extract_dir": "jbrsdk_jcef-21.0.3-windows-x64-b509.15"
        }
    },
    "env_set": {
        "JAVA_HOME": "$dir"
    },
    "env_add_path": "bin",
    "checkver": {
        "url": "https://github.com/JetBrains/JetBrainsRuntime/raw/main/.github/README.md",
        "regex": "\\[21\\.(?<Version>[\\d.]+)-(?<Build>[\\w]+)\\.(?<Patch>[\\d]+)]",
        "replace": "21.${Version}-${Build}.${Patch}"
    },
    "autoupdate": {
        "architecture": {
            "64bit": {
                "url": "https://cache-redirector.jetbrains.com/intellij-jbr/jbrsdk_jcef-21.$matchVersion-windows-x64-$matchBuild.$matchPatch.tar.gz",
                "hash": {
                    "url": "$url.checksum",
                    "regex": "$sha512\\s"
                },
                "extract_dir": "jbrsdk_jcef-21.$matchVersion-windows-x64-$matchBuild.$matchPatch"
            }
        }
    }
}
