{
    "version": "21.0.3-b509.15",
    "homepage": "https://github.com/JetBrains/JetBrainsRuntime",
    "description": "A fork of OpenJDK that includes a number enhancements in font rendering, HiDPI support, ligatures, performance improvements, and bugfixes. These are mainly for running IntelliJ Platform-based products",
    "license": "GPL-2.0",
    "architecture": {
        "64bit": {
            "url": "https://cache-redirector.jetbrains.com/intellij-jbr/jbr-21.0.3-windows-x64-b509.15.tar.gz",
            "hash": "sha512:1d9b82bcaa4d604ed70b7be9163421c22f80231fae3fe1184e5961909df5d04a8f714543853d0cfb7eab282d79b23bf05b1e9ab7095bd0cb9c4d76e8dc630cc3",
            "extract_dir": "jbr-21.0.3-windows-x64-b509.15"
        }
    },
    "env_set": {
        "JAVA_HOME": "$dir"
    },
    "env_add_path": "bin",
    "checkver": {
        "url": "https://github.com/JetBrains/JetBrainsRuntime/raw/main/.github/README.md",
        "regex": "\\[21\\.(?<Version>[\\d.]+)-(?<Build>[\\w]+)\\.(?<Patch>[\\d]+)]",
        "replace": "21.${Version}-${Build}.${Patch}"
    },
    "autoupdate": {
        "architecture": {
            "64bit": {
                "url": "https://cache-redirector.jetbrains.com/intellij-jbr/jbr-21.$matchVersion-windows-x64-$matchBuild.$matchPatch.tar.gz",
                "hash": {
                    "url": "$url.checksum",
                    "regex": "$sha512\\s"
                },
                "extract_dir": "jbr-21.$matchVersion-windows-x64-$matchBuild.$matchPatch"
            }
        }
    }
}
