{
    "version": "17.0.11-b1312.2",
    "homepage": "https://github.com/JetBrains/JetBrainsRuntime",
    "description": "A fork of OpenJDK that includes a number enhancements in font rendering, HiDPI support, ligatures, performance improvements, and bugfixes. These are mainly for running IntelliJ Platform-based products",
    "license": "GPL-2.0",
    "architecture": {
        "64bit": {
            "url": "https://cache-redirector.jetbrains.com/intellij-jbr/jbr_jcef-17.0.11-windows-x64-b1312.2.tar.gz",
            "hash": "sha512:15ba83290f19fa80be594a5ffe90f17757307194951b90a249c5fc92acd4b5d2539a8231a115dca9325ff7525a065878e31ee02c25dea93f5f1cf9d6ced34549",
            "extract_dir": "jbr_jcef-17.0.11-windows-x64-b1312.2"
        }
    },
    "env_set": {
        "JAVA_HOME": "$dir"
    },
    "env_add_path": "bin",
    "checkver": {
        "url": "https://github.com/JetBrains/JetBrainsRuntime/raw/main/.github/README.md",
        "regex": "\\[17\\.(?<Version>[\\d.]+)-(?<Build>[\\w]+)\\.(?<Patch>[\\d]+)]",
        "replace": "17.${Version}-${Build}.${Patch}"
    },
    "autoupdate": {
        "architecture": {
            "64bit": {
                "url": "https://cache-redirector.jetbrains.com/intellij-jbr/jbr_jcef-17.$matchVersion-windows-x64-$matchBuild.$matchPatch.tar.gz",
                "hash": {
                    "url": "$url.checksum",
                    "regex": "$sha512\\s"
                },
                "extract_dir": "jbr_jcef-17.$matchVersion-windows-x64-$matchBuild.$matchPatch"
            }
        }
    }
}
