{
    "version": "17.0.11-b1312.2",
    "homepage": "https://github.com/JetBrains/JetBrainsRuntime",
    "description": "A fork of OpenJDK that includes a number enhancements in font rendering, HiDPI support, ligatures, performance improvements, and bugfixes. These are mainly for running IntelliJ Platform-based products",
    "license": "GPL-2.0",
    "architecture": {
        "64bit": {
            "url": "https://cache-redirector.jetbrains.com/intellij-jbr/jbrsdk-17.0.11-windows-x64-b1312.2.tar.gz",
            "hash": "sha512:933db443f52af99b323a21c1cd86d1266f723c96dff16ad35aa39bd1de93c195cd7b49723254bb463a8cff731b5ed75c12e7dfe29181a2434006ea45ca480bc2",
            "extract_dir": "jbrsdk-17.0.11-windows-x64-b1312.2"
        }
    },
    "env_set": {
        "JAVA_HOME": "$dir"
    },
    "env_add_path": "bin",
    "checkver": {
        "url": "https://github.com/JetBrains/JetBrainsRuntime/raw/main/.github/README.md",
        "regex": "\\[17\\.(?<Version>[\\d.]+)-(?<Build>[\\w]+)\\.(?<Patch>[\\d]+)]",
        "replace": "17.${Version}-${Build}.${Patch}"
    },
    "autoupdate": {
        "architecture": {
            "64bit": {
                "url": "https://cache-redirector.jetbrains.com/intellij-jbr/jbrsdk-17.$matchVersion-windows-x64-$matchBuild.$matchPatch.tar.gz",
                "hash": {
                    "url": "$url.checksum",
                    "regex": "$sha512\\s"
                },
                "extract_dir": "jbrsdk-17.$matchVersion-windows-x64-$matchBuild.$matchPatch"
            }
        }
    }
}
