{
    "description": "BellSoft Liberica is a 100% open-source Java 17 implementation",
    "homepage": "https://bell-sw.com/java",
    "version": "17.0.12-10",
    "license": "GPL-2.0-only WITH Classpath-exception-2.0",
    "architecture": {
        "64bit": {
            "url": "https://github.com/bell-sw/Liberica/releases/download/17.0.12%2B10/bellsoft-jdk17.0.12%2B10-windows-amd64-full.zip",
            "hash": "90d578ecd0926c7eeff2bf0cfcf03a5425141c50233c42405a579132a65ea7cf"
        },
        "32bit": {
            "url": "https://github.com/bell-sw/Liberica/releases/download/17.0.12%2B10/bellsoft-jdk17.0.12%2B10-windows-i586-full.zip",
            "hash": "22592fd4c9a836360214aba9f1825c1b59637d9dfe0bdae6e4ba0847fc51119e"
        }
    },
    "extract_dir": "jdk-17.0.12-full",
    "env_add_path": "bin",
    "env_set": {
        "JAVA_HOME": "$dir"
    },
    "checkver": {
        "url": "https://api.bell-sw.com/v1/liberica/releases?version-feature=17&bundle-type=jdk-full&version-modifier=latest&release-type=all&os=windows&arch=x86&installation-type=archive&package-type=zip&output=json&fields=version",
        "jsonpath": "$.version",
        "regex": "(?<major>[\\d.]+)(?:\\+)(?<build>[\\d]+)",
        "replace": "${major}-${build}"
    },
    "autoupdate": {
        "architecture": {
            "64bit": {
                "url": "https://github.com/bell-sw/Liberica/releases/download/$matchMajor%2B$matchBuild/bellsoft-jdk$matchMajor%2B$matchBuild-windows-amd64-full.zip"
            },
            "32bit": {
                "url": "https://github.com/bell-sw/Liberica/releases/download/$matchMajor%2B$matchBuild/bellsoft-jdk$matchMajor%2B$matchBuild-windows-i586-full.zip"
            }
        },
        "hash": {
            "url": "https://api.bell-sw.com/v1/liberica/releases/$basename",
            "jsonpath": "$.sha1"
        },
        "extract_dir": "jdk-$matchMajor-full"
    }
}
