{
    "description": "BellSoft Liberica is a 100% open-source Java 17 implementation",
    "homepage": "https://bell-sw.com/java",
    "version": "17.0.12-10",
    "license": "GPL-2.0-only WITH Classpath-exception-2.0",
    "architecture": {
        "64bit": {
            "url": "https://github.com/bell-sw/Liberica/releases/download/17.0.12%2B10/bellsoft-jdk17.0.12%2B10-windows-amd64-lite.zip",
            "hash": "c98bfd17a37a1712cc3969f5232f784256ba4f532faee2c65b643e5bc868c44e"
        },
        "32bit": {
            "url": "https://github.com/bell-sw/Liberica/releases/download/17.0.12%2B10/bellsoft-jdk17.0.12%2B10-windows-i586-lite.zip",
            "hash": "5a38fe3025dc3f15005d82838c2bdf230400e6726c279c37ed54e9c3e071897c"
        }
    },
    "extract_dir": "jdk-17.0.12-lite",
    "env_add_path": "bin",
    "env_set": {
        "JAVA_HOME": "$dir"
    },
    "checkver": {
        "url": "https://api.bell-sw.com/v1/liberica/releases?version-feature=17&bundle-type=jdk-lite&version-modifier=latest&release-type=all&os=windows&arch=x86&installation-type=archive&package-type=zip&output=json&fields=version",
        "jsonpath": "$.version",
        "regex": "(?<major>[\\d.]+)(?:\\+)(?<build>[\\d]+)",
        "replace": "${major}-${build}"
    },
    "autoupdate": {
        "architecture": {
            "64bit": {
                "url": "https://github.com/bell-sw/Liberica/releases/download/$matchMajor%2B$matchBuild/bellsoft-jdk$matchMajor%2B$matchBuild-windows-amd64-lite.zip"
            },
            "32bit": {
                "url": "https://github.com/bell-sw/Liberica/releases/download/$matchMajor%2B$matchBuild/bellsoft-jdk$matchMajor%2B$matchBuild-windows-i586-lite.zip"
            }
        },
        "hash": {
            "url": "https://api.bell-sw.com/v1/liberica/releases/$basename",
            "jsonpath": "$.sha1"
        },
        "extract_dir": "jdk-$matchMajor-lite"
    }
}
