{
    "description": "BellSoft Liberica is a 100% open-source Java 17 implementation",
    "homepage": "https://bell-sw.com/java",
    "version": "17.0.12-10",
    "license": "GPL-2.0-only WITH Classpath-exception-2.0",
    "architecture": {
        "64bit": {
            "url": "https://github.com/bell-sw/Liberica/releases/download/17.0.12%2B10/bellsoft-jre17.0.12%2B10-windows-amd64-full.zip",
            "hash": "7a65d74cfa24d7926ff3912516bc65573f785eeff2308f1f87321e32432d374d"
        },
        "32bit": {
            "url": "https://github.com/bell-sw/Liberica/releases/download/17.0.12%2B10/bellsoft-jre17.0.12%2B10-windows-i586-full.zip",
            "hash": "20443a455847e62f9ab7bb859b817acb9f4a0ac78ee10ac3fc323b556a1564d5"
        }
    },
    "extract_dir": "jre-17.0.12-full",
    "env_add_path": "bin",
    "env_set": {
        "JAVA_HOME": "$dir"
    },
    "checkver": {
        "url": "https://api.bell-sw.com/v1/liberica/releases?version-feature=17&bundle-type=jre-full&version-modifier=latest&release-type=all&os=windows&arch=x86&installation-type=archive&package-type=zip&output=json&fields=version",
        "jsonpath": "$.version",
        "regex": "(?<major>[\\d.]+)(?:\\+)(?<build>[\\d]+)",
        "replace": "${major}-${build}"
    },
    "autoupdate": {
        "architecture": {
            "64bit": {
                "url": "https://github.com/bell-sw/Liberica/releases/download/$matchMajor%2B$matchBuild/bellsoft-jre$matchMajor%2B$matchBuild-windows-amd64-full.zip"
            },
            "32bit": {
                "url": "https://github.com/bell-sw/Liberica/releases/download/$matchMajor%2B$matchBuild/bellsoft-jre$matchMajor%2B$matchBuild-windows-i586-full.zip"
            }
        },
        "hash": {
            "url": "https://api.bell-sw.com/v1/liberica/releases/$basename",
            "jsonpath": "$.sha1"
        },
        "extract_dir": "jre-$matchMajor-full"
    }
}
