{
    "description": "BellSoft Liberica is a 100% open-source Java 13 implementation",
    "homepage": "https://bell-sw.com/java",
    "version": "13.0.2-9",
    "license": "GPL-2.0-only WITH Classpath-exception-2.0",
    "architecture": {
        "64bit": {
            "url": "https://github.com/bell-sw/Liberica/releases/download/13.0.2%2B9/bellsoft-jre13.0.2%2B9-windows-amd64.zip",
            "hash": "sha1:91e24e247d19ed3c7003ca7b9f2c29d5479ce4bb"
        },
        "32bit": {
            "url": "https://github.com/bell-sw/Liberica/releases/download/13.0.2%2B9/bellsoft-jre13.0.2%2B9-windows-i586.zip",
            "hash": "sha1:a5323f139b6a3b6b4d556563f3e4c5577e69e549"
        }
    },
    "extract_dir": "jre-13.0.2",
    "env_add_path": "bin",
    "env_set": {
        "JAVA_HOME": "$dir"
    }
}
