{
    "description": "BellSoft Liberica is a 100% open-source Java 11 implementation",
    "homepage": "https://bell-sw.com/java",
    "version": "11.0.24-9",
    "license": "GPL-2.0-only WITH Classpath-exception-2.0",
    "architecture": {
        "64bit": {
            "url": "https://github.com/bell-sw/Liberica/releases/download/11.0.24%2B9/bellsoft-jre11.0.24%2B9-windows-amd64.zip",
            "hash": "5f71deffea222137fa11092ec6861d5f4af5643b1365bd195c2e9245a2c504ca"
        },
        "32bit": {
            "url": "https://github.com/bell-sw/Liberica/releases/download/11.0.24%2B9/bellsoft-jre11.0.24%2B9-windows-i586.zip",
            "hash": "b61c2e3e6f694f501b2bb2c27d485b0df6d22049a24eb44209c2ee72b8626468"
        }
    },
    "extract_dir": "jre-11.0.24",
    "env_add_path": "bin",
    "env_set": {
        "JAVA_HOME": "$dir"
    },
    "checkver": {
        "url": "https://api.bell-sw.com/v1/liberica/releases?version-feature=11&bundle-type=jre&version-modifier=latest&release-type=all&os=windows&arch=x86&installation-type=archive&package-type=zip&output=json&fields=version",
        "jsonpath": "$.version",
        "regex": "(?<major>[\\d.]+)(?:\\+)(?<build>[\\d]+)",
        "replace": "${major}-${build}"
    },
    "autoupdate": {
        "architecture": {
            "64bit": {
                "url": "https://github.com/bell-sw/Liberica/releases/download/$matchMajor%2B$matchBuild/bellsoft-jre$matchMajor%2B$matchBuild-windows-amd64.zip"
            },
            "32bit": {
                "url": "https://github.com/bell-sw/Liberica/releases/download/$matchMajor%2B$matchBuild/bellsoft-jre$matchMajor%2B$matchBuild-windows-i586.zip"
            }
        },
        "hash": {
            "url": "https://api.bell-sw.com/v1/liberica/releases/$basename",
            "jsonpath": "$.sha1"
        },
        "extract_dir": "jre-$matchMajor"
    }
}
