{
    "description": "BellSoft Liberica is a 100% open-source Java 14 implementation",
    "homepage": "https://bell-sw.com/java",
    "version": "14.0.2-13",
    "license": "GPL-2.0-only WITH Classpath-exception-2.0",
    "architecture": {
        "64bit": {
            "url": "https://github.com/bell-sw/Liberica/releases/download/14.0.2%2B13/bellsoft-jre14.0.2%2B13-windows-amd64-full.zip",
            "hash": "sha1:e40ca6efcc174f20bf51537482b22e48d8d3460f"
        },
        "32bit": {
            "url": "https://github.com/bell-sw/Liberica/releases/download/14.0.2%2B13/bellsoft-jre14.0.2%2B13-windows-i586-full.zip",
            "hash": "sha1:1d529919cb153b6281d38bf71bf24104c530edce"
        }
    },
    "extract_dir": "jre-14.0.2-full",
    "env_add_path": "bin",
    "env_set": {
        "JAVA_HOME": "$dir"
    }
}
