{
    "description": "BellSoft Liberica is a 100% open-source Java 12 implementation",
    "homepage": "https://bell-sw.com/java",
    "version": "12.0.2-10",
    "license": "GPL-2.0-only WITH Classpath-exception-2.0",
    "architecture": {
        "64bit": {
            "url": "https://github.com/bell-sw/Liberica/releases/download/12.0.2/bellsoft-jdk12.0.2-windows-amd64.zip",
            "hash": "sha1:a6870289838b8529a3c3528395668a83705f6959"
        },
        "32bit": {
            "url": "https://github.com/bell-sw/Liberica/releases/download/12.0.2/bellsoft-jdk12.0.2-windows-i586.zip",
            "hash": "sha1:3d688d131c429a96c585f22f1318bc6a89d09c43"
        }
    },
    "extract_dir": "jdk-12.0.2",
    "env_add_path": "bin",
    "env_set": {
        "JAVA_HOME": "$dir"
    }
}
