{
    "description": "BellSoft Liberica is a 100% open-source Java implementation",
    "homepage": "https://bell-sw.com/java",
    "version": "21.0.4-9",
    "license": "GPL-2.0-only WITH Classpath-exception-2.0",
    "architecture": {
        "64bit": {
            "url": "https://github.com/bell-sw/Liberica/releases/download/21.0.4%2B9/bellsoft-jre21.0.4%2B9-windows-amd64.zip",
            "hash": "56084087284cf56ee616b1adf0d207a3aec3300a9f69232964a4f065f799d3c7"
        },
        "32bit": {
            "url": "https://github.com/bell-sw/Liberica/releases/download/21.0.4%2B9/bellsoft-jre21.0.4%2B9-windows-i586.zip",
            "hash": "02a7deb770ba84fcae7ae79e07411083b7349da271300883813c42edf332df3f"
        }
    },
    "extract_dir": "jre-21.0.4",
    "env_add_path": "bin",
    "env_set": {
        "JAVA_HOME": "$dir"
    },
    "checkver": {
        "url": "https://api.bell-sw.com/v1/liberica/releases?bundle-type=jre&version-modifier=latest&release-type=all&os=windows&arch=x86&installation-type=archive&package-type=zip&output=json&fields=version",
        "jsonpath": "$.version",
        "regex": "(?<major>[\\d.]+)(?:\\+)(?<build>[\\d]+)",
        "replace": "${major}-${build}"
    },
    "autoupdate": {
        "architecture": {
            "64bit": {
                "url": "https://github.com/bell-sw/Liberica/releases/download/$matchMajor%2B$matchBuild/bellsoft-jre$matchMajor%2B$matchBuild-windows-amd64.zip"
            },
            "32bit": {
                "url": "https://github.com/bell-sw/Liberica/releases/download/$matchMajor%2B$matchBuild/bellsoft-jre$matchMajor%2B$matchBuild-windows-i586.zip"
            }
        },
        "hash": {
            "url": "https://api.bell-sw.com/v1/liberica/releases/$basename",
            "jsonpath": "$.sha1"
        },
        "extract_dir": "jre-$matchMajor"
    }
}
