{
    "description": "BellSoft Liberica is a 100% open-source Java 15 implementation",
    "homepage": "https://bell-sw.com/java",
    "version": "15.0.2-10",
    "license": "GPL-2.0-only WITH Classpath-exception-2.0",
    "architecture": {
        "64bit": {
            "url": "https://github.com/bell-sw/Liberica/releases/download/15.0.2%2B10/bellsoft-jdk15.0.2%2B10-windows-amd64.zip",
            "hash": "sha1:5d29500deb98111073de8f70ba2b805ef5b02b98"
        },
        "32bit": {
            "url": "https://github.com/bell-sw/Liberica/releases/download/15.0.2%2B10/bellsoft-jdk15.0.2%2B10-windows-i586.zip",
            "hash": "sha1:dca8ede3b2a1fddacadfc74cd9b77e23436c7f78"
        }
    }
}
