{
    "description": "BellSoft Liberica is a 100% open-source Java 16 implementation",
    "homepage": "https://bell-sw.com/java",
    "version": "16.0.2-7",
    "license": "GPL-2.0-only WITH Classpath-exception-2.0",
    "architecture": {
        "64bit": {
            "url": "https://github.com/bell-sw/Liberica/releases/download/16.0.2%2B7/bellsoft-jdk16.0.2%2B7-windows-amd64-full.zip",
            "hash": "sha1:f8397de3251002c3ea225691448d72b1e80cc7b6"
        },
        "32bit": {
            "url": "https://github.com/bell-sw/Liberica/releases/download/16.0.2%2B7/bellsoft-jdk16.0.2%2B7-windows-i586-full.zip",
            "hash": "sha1:31e40f64f6e47b26579332e6fe9d38e854353cdd"
        }
    },
    "extract_dir": "jdk-16.0.2-full",
    "env_add_path": "bin",
    "env_set": {
        "JAVA_HOME": "$dir"
    },
    "checkver": {
        "url": "https://api.bell-sw.com/v1/liberica/releases?version-feature=16&bundle-type=jdk-full&version-modifier=latest&release-type=all&os=windows&arch=x86&installation-type=archive&package-type=zip&output=json&fields=version",
        "jsonpath": "$.version",
        "regex": "(?<major>[\\d.]+)(?:\\+)(?<build>[\\d]+)",
        "replace": "${major}-${build}"
    },
    "autoupdate": {
        "architecture": {
            "64bit": {
                "url": "https://github.com/bell-sw/Liberica/releases/download/$matchMajor%2B$matchBuild/bellsoft-jdk$matchMajor%2B$matchBuild-windows-amd64-full.zip"
            },
            "32bit": {
                "url": "https://github.com/bell-sw/Liberica/releases/download/$matchMajor%2B$matchBuild/bellsoft-jdk$matchMajor%2B$matchBuild-windows-i586-full.zip"
            }
        },
        "hash": {
            "url": "https://api.bell-sw.com/v1/liberica/releases/$basename",
            "jsonpath": "$.sha1"
        },
        "extract_dir": "jdk-$matchMajor-full"
    }
}
