{
    "description": "BellSoft Liberica is a 100% open-source Java 14 implementation",
    "homepage": "https://bell-sw.com/java",
    "version": "14.0.2-13",
    "license": "GPL-2.0-only WITH Classpath-exception-2.0",
    "architecture": {
        "64bit": {
            "url": "https://github.com/bell-sw/Liberica/releases/download/14.0.2%2B13/bellsoft-jdk14.0.2%2B13-windows-amd64-lite.zip",
            "hash": "sha1:3b22788dd7251c24efb98c4dc70a3c4d9631b786"
        },
        "32bit": {
            "url": "https://github.com/bell-sw/Liberica/releases/download/14.0.2%2B13/bellsoft-jdk14.0.2%2B13-windows-i586-lite.zip",
            "hash": "sha1:be37d012eddfaba8641098c18fa1b6723493b894"
        }
    },
    "extract_dir": "jdk-14.0.2-lite",
    "env_add_path": "bin",
    "env_set": {
        "JAVA_HOME": "$dir"
    }
}
