{
    "description": "BellSoft Liberica is a 100% open-source Java 17 implementation",
    "homepage": "https://bell-sw.com/java",
    "version": "17.0.12-10",
    "license": "GPL-2.0-only WITH Classpath-exception-2.0",
    "architecture": {
        "64bit": {
            "url": "https://github.com/bell-sw/Liberica/releases/download/17.0.12%2B10/bellsoft-jre17.0.12%2B10-windows-amd64.zip",
            "hash": "be645a2f6f0017b865c3d581b9365247a2e74e3a0036e2857dd72d93d775ea89"
        },
        "32bit": {
            "url": "https://github.com/bell-sw/Liberica/releases/download/17.0.12%2B10/bellsoft-jre17.0.12%2B10-windows-i586.zip",
            "hash": "e477f9f8ed24194cb3a0a7da5127e35019a309340e7086319aaed8a6a799a867"
        }
    },
    "extract_dir": "jre-17.0.12",
    "env_add_path": "bin",
    "env_set": {
        "JAVA_HOME": "$dir"
    },
    "checkver": {
        "url": "https://api.bell-sw.com/v1/liberica/releases?version-feature=17&bundle-type=jre&version-modifier=latest&release-type=all&os=windows&arch=x86&installation-type=archive&package-type=zip&output=json&fields=version",
        "jsonpath": "$.version",
        "regex": "(?<major>[\\d.]+)(?:\\+)(?<build>[\\d]+)",
        "replace": "${major}-${build}"
    },
    "autoupdate": {
        "architecture": {
            "64bit": {
                "url": "https://github.com/bell-sw/Liberica/releases/download/$matchMajor%2B$matchBuild/bellsoft-jre$matchMajor%2B$matchBuild-windows-amd64.zip"
            },
            "32bit": {
                "url": "https://github.com/bell-sw/Liberica/releases/download/$matchMajor%2B$matchBuild/bellsoft-jre$matchMajor%2B$matchBuild-windows-i586.zip"
            }
        },
        "hash": {
            "url": "https://api.bell-sw.com/v1/liberica/releases/$basename",
            "jsonpath": "$.sha1"
        },
        "extract_dir": "jre-$matchMajor"
    }
}
