{
    "description": "BellSoft Liberica is a 100% open-source Java 15 implementation",
    "homepage": "https://bell-sw.com/java",
    "version": "15.0.2-10",
    "license": "GPL-2.0-only WITH Classpath-exception-2.0",
    "architecture": {
        "64bit": {
            "url": "https://github.com/bell-sw/Liberica/releases/download/15.0.2%2B10/bellsoft-jdk15.0.2%2B10-windows-amd64-lite.zip",
            "hash": "sha1:8f5eafbe909e949637bb93d5c42a55acbc57bdd3"
        },
        "32bit": {
            "url": "https://github.com/bell-sw/Liberica/releases/download/15.0.2%2B10/bellsoft-jdk15.0.2%2B10-windows-i586-lite.zip",
            "hash": "sha1:11f796304c280fa67cdd1d0cdbfdb96a1954d6cf"
        }
    },
    "extract_dir": "jdk-15.0.2-lite",
    "env_add_path": "bin",
    "env_set": {
        "JAVA_HOME": "$dir"
    }
}
