{
    "description": "BellSoft Liberica is a 100% open-source Java 17 implementation",
    "homepage": "https://bell-sw.com/java",
    "version": "17.0.12-10",
    "license": "GPL-2.0-only WITH Classpath-exception-2.0",
    "architecture": {
        "64bit": {
            "url": "https://github.com/bell-sw/Liberica/releases/download/17.0.12%2B10/bellsoft-jdk17.0.12%2B10-windows-amd64.zip",
            "hash": "775c00526aa9af380df3da28697ec4c551a941d3447f3938cca3ce93b5d5fbbf"
        },
        "32bit": {
            "url": "https://github.com/bell-sw/Liberica/releases/download/17.0.12%2B10/bellsoft-jdk17.0.12%2B10-windows-i586.zip",
            "hash": "7b6156993205ad528fd0664459cc8297abc8510e86530209e3ace8daed584aa1"
        }
    },
    "extract_dir": "jdk-17.0.12",
    "env_add_path": "bin",
    "env_set": {
        "JAVA_HOME": "$dir"
    },
    "checkver": {
        "url": "https://api.bell-sw.com/v1/liberica/releases?version-feature=17&bundle-type=jdk&version-modifier=latest&release-type=all&os=windows&arch=x86&installation-type=archive&package-type=zip&output=json&fields=version",
        "jsonpath": "$.version",
        "regex": "(?<major>[\\d.]+)(?:\\+)(?<build>[\\d]+)",
        "replace": "${major}-${build}"
    },
    "autoupdate": {
        "architecture": {
            "64bit": {
                "url": "https://github.com/bell-sw/Liberica/releases/download/$matchMajor%2B$matchBuild/bellsoft-jdk$matchMajor%2B$matchBuild-windows-amd64.zip"
            },
            "32bit": {
                "url": "https://github.com/bell-sw/Liberica/releases/download/$matchMajor%2B$matchBuild/bellsoft-jdk$matchMajor%2B$matchBuild-windows-i586.zip"
            }
        },
        "hash": {
            "url": "https://api.bell-sw.com/v1/liberica/releases/$basename",
            "jsonpath": "$.sha1"
        },
        "extract_dir": "jdk-$matchMajor"
    }
}
