{
    "description": "BellSoft Liberica is a 100% open-source Java implementation",
    "homepage": "https://bell-sw.com/java",
    "version": "21.0.4-9",
    "license": "GPL-2.0-only WITH Classpath-exception-2.0",
    "architecture": {
        "64bit": {
            "url": "https://github.com/bell-sw/Liberica/releases/download/21.0.4%2B9/bellsoft-jdk21.0.4%2B9-windows-amd64.zip",
            "hash": "29fb769a5868d8981a3dd1bb4fecc7debb762aa793812ea483a44c11a6c17efb"
        },
        "32bit": {
            "url": "https://github.com/bell-sw/Liberica/releases/download/21.0.4%2B9/bellsoft-jdk21.0.4%2B9-windows-i586.zip",
            "hash": "ba50bb65f2a4ecc575532a35cec50a92b90af0bde49b07599d651add9e845c52"
        }
    },
    "extract_dir": "jdk-21.0.4",
    "env_add_path": "bin",
    "env_set": {
        "JAVA_HOME": "$dir"
    },
    "checkver": {
        "url": "https://api.bell-sw.com/v1/liberica/releases?bundle-type=jdk&version-modifier=latest&release-type=lts&os=windows&arch=x86&installation-type=archive&package-type=zip&output=json&fields=version",
        "jsonpath": "$.version",
        "regex": "(?<major>[\\d.]+)(?:\\+)(?<build>[\\d]+)",
        "replace": "${major}-${build}"
    },
    "autoupdate": {
        "architecture": {
            "64bit": {
                "url": "https://github.com/bell-sw/Liberica/releases/download/$matchMajor%2B$matchBuild/bellsoft-jdk$matchMajor%2B$matchBuild-windows-amd64.zip"
            },
            "32bit": {
                "url": "https://github.com/bell-sw/Liberica/releases/download/$matchMajor%2B$matchBuild/bellsoft-jdk$matchMajor%2B$matchBuild-windows-i586.zip"
            }
        },
        "hash": {
            "url": "https://api.bell-sw.com/v1/liberica/releases/$basename",
            "jsonpath": "$.sha1"
        },
        "extract_dir": "jdk-$matchMajor"
    }
}
