{
    "description": "BellSoft Liberica is a 100% open-source Java 11 implementation",
    "homepage": "https://bell-sw.com/java",
    "version": "11.0.24-9",
    "license": "GPL-2.0-only WITH Classpath-exception-2.0",
    "architecture": {
        "64bit": {
            "url": "https://github.com/bell-sw/Liberica/releases/download/11.0.24%2B9/bellsoft-jdk11.0.24%2B9-windows-amd64-full.zip",
            "hash": "1dd964ef050e3744ec0d795570b8212a3a3e19a34af557f43f37fdaa1f4eca43"
        },
        "32bit": {
            "url": "https://github.com/bell-sw/Liberica/releases/download/11.0.24%2B9/bellsoft-jdk11.0.24%2B9-windows-i586-full.zip",
            "hash": "c0997a21b0ce470bd528fb1b70a4bd35b7ef77079e2649553da16861c088c523"
        }
    },
    "extract_dir": "jdk-11.0.24-full",
    "env_add_path": "bin",
    "env_set": {
        "JAVA_HOME": "$dir"
    },
    "checkver": {
        "url": "https://api.bell-sw.com/v1/liberica/releases?version-feature=11&bundle-type=jdk-full&version-modifier=latest&release-type=all&os=windows&arch=x86&installation-type=archive&package-type=zip&output=json&fields=version",
        "jsonpath": "$.version",
        "regex": "(?<major>[\\d.]+)(?:\\+)(?<build>[\\d]+)",
        "replace": "${major}-${build}"
    },
    "autoupdate": {
        "architecture": {
            "64bit": {
                "url": "https://github.com/bell-sw/Liberica/releases/download/$matchMajor%2B$matchBuild/bellsoft-jdk$matchMajor%2B$matchBuild-windows-amd64-full.zip"
            },
            "32bit": {
                "url": "https://github.com/bell-sw/Liberica/releases/download/$matchMajor%2B$matchBuild/bellsoft-jdk$matchMajor%2B$matchBuild-windows-i586-full.zip"
            }
        },
        "hash": {
            "url": "https://api.bell-sw.com/v1/liberica/releases/$basename",
            "jsonpath": "$.sha1"
        },
        "extract_dir": "jdk-$matchMajor-full"
    }
}
