{
    "description": "BellSoft Liberica is a 100% open-source Java 15 implementation",
    "homepage": "https://bell-sw.com/java",
    "version": "15.0.2-10",
    "license": "GPL-2.0-only WITH Classpath-exception-2.0",
    "architecture": {
        "64bit": {
            "url": "https://github.com/bell-sw/Liberica/releases/download/15.0.2%2B10/bellsoft-jre15.0.2%2B10-windows-amd64-full.zip",
            "hash": "sha1:1ba7651915f980a19489d252a02456cbed658c4e"
        },
        "32bit": {
            "url": "https://github.com/bell-sw/Liberica/releases/download/15.0.2%2B10/bellsoft-jre15.0.2%2B10-windows-i586-full.zip",
            "hash": "sha1:7aa82ce3f7382dba197fd8327470d45e2c07ee56"
        }
    },
    "extract_dir": "jre-15.0.2-full",
    "env_add_path": "bin",
    "env_set": {
        "JAVA_HOME": "$dir"
    }
}
