{
    "version": "7.1.1",
    "description": "Liberica Mission Control",
    "homepage": "https://bell-sw.com/lmc/",
    "license": "UPL-1.0",
    "architecture": {
        "64bit": {
            "url": "https://download.bell-sw.com/lmc/bellsoft-lmc7.1.1-windows-amd64.zip",
            "hash": "sha1:6b39c56b6702eb6510d4fd2d9795c92fbd861d7c",
            "extract_dir": "lmc7.1.1"
        }
    },
    "shortcuts": [
        [
            "lmc.exe",
            "Liberica Mission Control"
        ]
    ],
    "persist": "configuration"
}
