{
    "description": "BellSoft Liberica is a 100% open-source Java 8 implementation",
    "homepage": "https://bell-sw.com/java",
    "version": "8u422-6",
    "license": "GPL-2.0-only WITH Classpath-exception-2.0",
    "architecture": {
        "64bit": {
            "url": "https://github.com/bell-sw/Liberica/releases/download/8u422%2B6/bellsoft-jdk8u422%2B6-windows-amd64-full.zip",
            "hash": "66c29742a9f79b85fd7fd4724ce12b52812b10c20ef18f1b7def56761030a3db"
        },
        "32bit": {
            "url": "https://github.com/bell-sw/Liberica/releases/download/8u422%2B6/bellsoft-jdk8u422%2B6-windows-i586-full.zip",
            "hash": "02d84fbb6c7cb3a219e06f20a320e15687c3cb6d3a68ca28fd5ae43f8fcbc4f8"
        }
    },
    "extract_dir": "jdk8u422-full",
    "env_add_path": "bin",
    "env_set": {
        "JAVA_HOME": "$dir"
    },
    "checkver": {
        "url": "https://api.bell-sw.com/v1/liberica/releases?version-feature=8&bundle-type=jdk-full&version-modifier=latest&release-type=all&os=windows&arch=x86&installation-type=archive&package-type=zip&output=json&fields=version",
        "jsonpath": "$.version",
        "regex": "(?<major>[\\du]+)(?:\\+)(?<build>[\\d]+)",
        "replace": "${major}-${build}"
    },
    "autoupdate": {
        "architecture": {
            "64bit": {
                "url": "https://github.com/bell-sw/Liberica/releases/download/$matchMajor%2B$matchBuild/bellsoft-jdk$matchMajor%2B$matchBuild-windows-amd64-full.zip"
            },
            "32bit": {
                "url": "https://github.com/bell-sw/Liberica/releases/download/$matchMajor%2B$matchBuild/bellsoft-jdk$matchMajor%2B$matchBuild-windows-i586-full.zip"
            }
        },
        "hash": {
            "url": "https://api.bell-sw.com/v1/liberica/releases/$basename",
            "jsonpath": "$.sha1"
        },
        "extract_dir": "jdk$matchMajor-full"
    }
}
