{
    "description": "BellSoft Liberica is a 100% open-source Java 11 implementation",
    "homepage": "https://bell-sw.com/java",
    "version": "11.0.24-9",
    "license": "GPL-2.0-only WITH Classpath-exception-2.0",
    "architecture": {
        "64bit": {
            "url": "https://github.com/bell-sw/Liberica/releases/download/11.0.24%2B9/bellsoft-jdk11.0.24%2B9-windows-amd64.zip",
            "hash": "2f7dc4564404f24876bd89b9dd2322b950993686d65aae5907f549ad54fd5d31"
        },
        "32bit": {
            "url": "https://github.com/bell-sw/Liberica/releases/download/11.0.24%2B9/bellsoft-jdk11.0.24%2B9-windows-i586.zip",
            "hash": "4740efc63ae39c5bdd08a8b4fa18020a91140a87afb93d9a18a79882332120bf"
        }
    },
    "extract_dir": "jdk-11.0.24",
    "env_add_path": "bin",
    "env_set": {
        "JAVA_HOME": "$dir"
    },
    "checkver": {
        "url": "https://api.bell-sw.com/v1/liberica/releases?version-feature=11&bundle-type=jdk&version-modifier=latest&release-type=all&os=windows&arch=x86&installation-type=archive&package-type=zip&output=json&fields=version",
        "jsonpath": "$.version",
        "regex": "(?<major>[\\d.]+)(?:\\+)(?<build>[\\d]+)",
        "replace": "${major}-${build}"
    },
    "autoupdate": {
        "architecture": {
            "64bit": {
                "url": "https://github.com/bell-sw/Liberica/releases/download/$matchMajor%2B$matchBuild/bellsoft-jdk$matchMajor%2B$matchBuild-windows-amd64.zip"
            },
            "32bit": {
                "url": "https://github.com/bell-sw/Liberica/releases/download/$matchMajor%2B$matchBuild/bellsoft-jdk$matchMajor%2B$matchBuild-windows-i586.zip"
            }
        },
        "hash": {
            "url": "https://api.bell-sw.com/v1/liberica/releases/$basename",
            "jsonpath": "$.sha1"
        },
        "extract_dir": "jdk-$matchMajor"
    }
}
