{
    "description": "BellSoft Liberica is a 100% open-source Java 8 implementation",
    "homepage": "https://bell-sw.com/java",
    "version": "8u422-6",
    "license": "GPL-2.0-only WITH Classpath-exception-2.0",
    "architecture": {
        "64bit": {
            "url": "https://github.com/bell-sw/Liberica/releases/download/8u422%2B6/bellsoft-jre8u422%2B6-windows-amd64.zip",
            "hash": "6861d7b4086c26139aa8f6025e14ce17f200c3c5dd6ae3ac05c58a02f8629bf8"
        },
        "32bit": {
            "url": "https://github.com/bell-sw/Liberica/releases/download/8u422%2B6/bellsoft-jre8u422%2B6-windows-i586.zip",
            "hash": "62546b9b543ab6f358451aa3f0e7fba6567b2a2e271f623fc9643d383dd641bc"
        }
    },
    "extract_dir": "jre8u422",
    "env_add_path": "bin",
    "env_set": {
        "JAVA_HOME": "$dir"
    },
    "checkver": {
        "url": "https://api.bell-sw.com/v1/liberica/releases?version-feature=8&bundle-type=jre&version-modifier=latest&release-type=all&os=windows&arch=x86&installation-type=archive&package-type=zip&output=json&fields=version",
        "jsonpath": "$.version",
        "regex": "(?<major>[\\du]+)(?:\\+)(?<build>[\\d]+)",
        "replace": "${major}-${build}"
    },
    "autoupdate": {
        "architecture": {
            "64bit": {
                "url": "https://github.com/bell-sw/Liberica/releases/download/$matchMajor%2B$matchBuild/bellsoft-jre$matchMajor%2B$matchBuild-windows-amd64.zip"
            },
            "32bit": {
                "url": "https://github.com/bell-sw/Liberica/releases/download/$matchMajor%2B$matchBuild/bellsoft-jre$matchMajor%2B$matchBuild-windows-i586.zip"
            }
        },
        "hash": {
            "url": "https://api.bell-sw.com/v1/liberica/releases/$basename",
            "jsonpath": "$.sha1"
        },
        "extract_dir": "jre$matchMajor"
    }
}
