{
    "description": "BellSoft Liberica is a 100% open-source Java 11 implementation",
    "homepage": "https://bell-sw.com/java",
    "version": "11.0.24-9",
    "license": "GPL-2.0-only WITH Classpath-exception-2.0",
    "architecture": {
        "64bit": {
            "url": "https://github.com/bell-sw/Liberica/releases/download/11.0.24%2B9/bellsoft-jdk11.0.24%2B9-windows-amd64-lite.zip",
            "hash": "cee8b4f08499c57bdaf0b0fc2f04ed549904821ca04d4a813e281650750d68c1"
        },
        "32bit": {
            "url": "https://github.com/bell-sw/Liberica/releases/download/11.0.24%2B9/bellsoft-jdk11.0.24%2B9-windows-i586-lite.zip",
            "hash": "3f43e37076ceba682f0fe04c16ee89d5e2cd8c2ae938b588aba0f0719cb28d4a"
        }
    },
    "extract_dir": "jdk-11.0.24-lite",
    "env_add_path": "bin",
    "env_set": {
        "JAVA_HOME": "$dir"
    },
    "checkver": {
        "url": "https://api.bell-sw.com/v1/liberica/releases?version-feature=11&bundle-type=jdk-lite&version-modifier=latest&release-type=all&os=windows&arch=x86&installation-type=archive&package-type=zip&output=json&fields=version",
        "jsonpath": "$.version",
        "regex": "(?<major>[\\d.]+)(?:\\+)(?<build>[\\d]+)",
        "replace": "${major}-${build}"
    },
    "autoupdate": {
        "architecture": {
            "64bit": {
                "url": "https://github.com/bell-sw/Liberica/releases/download/$matchMajor%2B$matchBuild/bellsoft-jdk$matchMajor%2B$matchBuild-windows-amd64-lite.zip"
            },
            "32bit": {
                "url": "https://github.com/bell-sw/Liberica/releases/download/$matchMajor%2B$matchBuild/bellsoft-jdk$matchMajor%2B$matchBuild-windows-i586-lite.zip"
            }
        },
        "hash": {
            "url": "https://api.bell-sw.com/v1/liberica/releases/$basename",
            "jsonpath": "$.sha1"
        },
        "extract_dir": "jdk-$matchMajor-lite"
    }
}
