{
    "description": "BellSoft Liberica is a 100% open-source Java 11 implementation",
    "homepage": "https://bell-sw.com/java",
    "version": "11.0.24-9",
    "license": "GPL-2.0-only WITH Classpath-exception-2.0",
    "architecture": {
        "64bit": {
            "url": "https://github.com/bell-sw/Liberica/releases/download/11.0.24%2B9/bellsoft-jre11.0.24%2B9-windows-amd64-full.zip",
            "hash": "be34f45e34d168a7b5aa297ffc6aaa625bcf1f4f85b3013b852023fcb04a8e86"
        },
        "32bit": {
            "url": "https://github.com/bell-sw/Liberica/releases/download/11.0.24%2B9/bellsoft-jre11.0.24%2B9-windows-i586-full.zip",
            "hash": "ec10364c775649534bd3ad2f350bc13d2da3d1ac881613fada8633a211fad344"
        }
    },
    "extract_dir": "jre-11.0.24-full",
    "env_add_path": "bin",
    "env_set": {
        "JAVA_HOME": "$dir"
    },
    "checkver": {
        "url": "https://api.bell-sw.com/v1/liberica/releases?version-feature=11&bundle-type=jre-full&version-modifier=latest&release-type=all&os=windows&arch=x86&installation-type=archive&package-type=zip&output=json&fields=version",
        "jsonpath": "$.version",
        "regex": "(?<major>[\\d.]+)(?:\\+)(?<build>[\\d]+)",
        "replace": "${major}-${build}"
    },
    "autoupdate": {
        "architecture": {
            "64bit": {
                "url": "https://github.com/bell-sw/Liberica/releases/download/$matchMajor%2B$matchBuild/bellsoft-jre$matchMajor%2B$matchBuild-windows-amd64-full.zip"
            },
            "32bit": {
                "url": "https://github.com/bell-sw/Liberica/releases/download/$matchMajor%2B$matchBuild/bellsoft-jre$matchMajor%2B$matchBuild-windows-i586-full.zip"
            }
        },
        "hash": {
            "url": "https://api.bell-sw.com/v1/liberica/releases/$basename",
            "jsonpath": "$.sha1"
        },
        "extract_dir": "jre-$matchMajor-full"
    }
}
