{
    "description": "BellSoft Liberica is a 100% open-source Java implementation",
    "homepage": "https://bell-sw.com/java",
    "version": "21.0.4-9",
    "license": "GPL-2.0-only WITH Classpath-exception-2.0",
    "architecture": {
        "64bit": {
            "url": "https://github.com/bell-sw/Liberica/releases/download/21.0.4%2B9/bellsoft-jre21.0.4%2B9-windows-amd64-full.zip",
            "hash": "c7295050d6e5524a864656dbf6301bcadfa5ce6eea924963afaef86b6f4a2d63"
        },
        "32bit": {
            "url": "https://github.com/bell-sw/Liberica/releases/download/21.0.4%2B9/bellsoft-jre21.0.4%2B9-windows-i586-full.zip",
            "hash": "07f83196ffb3e50273ef93b7492093f4e442061d4f7824c80528b24424ef6b56"
        }
    },
    "extract_dir": "jre-21.0.4-full",
    "env_add_path": "bin",
    "env_set": {
        "JAVA_HOME": "$dir"
    },
    "checkver": {
        "url": "https://api.bell-sw.com/v1/liberica/releases?bundle-type=jre-full&version-modifier=latest&release-type=lts&os=windows&arch=x86&installation-type=archive&package-type=zip&output=json&fields=version",
        "jsonpath": "$.version",
        "regex": "(?<major>[\\d.]+)(?:\\+)(?<build>[\\d]+)",
        "replace": "${major}-${build}"
    },
    "autoupdate": {
        "architecture": {
            "64bit": {
                "url": "https://github.com/bell-sw/Liberica/releases/download/$matchMajor%2B$matchBuild/bellsoft-jre$matchMajor%2B$matchBuild-windows-amd64-full.zip"
            },
            "32bit": {
                "url": "https://github.com/bell-sw/Liberica/releases/download/$matchMajor%2B$matchBuild/bellsoft-jre$matchMajor%2B$matchBuild-windows-i586-full.zip"
            }
        },
        "hash": {
            "url": "https://api.bell-sw.com/v1/liberica/releases/$basename",
            "jsonpath": "$.sha1"
        },
        "extract_dir": "jre-$matchMajor-full"
    }
}
