{
    "description": "BellSoft Liberica is a 100% open-source Java 13 implementation",
    "homepage": "https://bell-sw.com/java",
    "version": "13.0.2-9",
    "license": "GPL-2.0-only WITH Classpath-exception-2.0",
    "architecture": {
        "64bit": {
            "url": "https://github.com/bell-sw/Liberica/releases/download/13.0.2%2B9/bellsoft-jdk13.0.2%2B9-windows-amd64.zip",
            "hash": "sha1:653876cd70a20ed8eaa3a6fe915c5fa02fdf2544"
        },
        "32bit": {
            "url": "https://github.com/bell-sw/Liberica/releases/download/13.0.2%2B9/bellsoft-jdk13.0.2%2B9-windows-i586.zip",
            "hash": "sha1:3152d20417c78522595f63e2cd6a22c2677e367c"
        }
    },
    "extract_dir": "jdk-13.0.2",
    "env_add_path": "bin",
    "env_set": {
        "JAVA_HOME": "$dir"
    }
}
