{
    "description": "BellSoft Liberica is a 100% open-source Java 8 implementation",
    "homepage": "https://bell-sw.com/java",
    "version": "8u422-6",
    "license": "GPL-2.0-only WITH Classpath-exception-2.0",
    "architecture": {
        "64bit": {
            "url": "https://github.com/bell-sw/Liberica/releases/download/8u422%2B6/bellsoft-jdk8u422%2B6-windows-amd64.zip",
            "hash": "dba7d088d0a69c2ce6344d10f1ac1c9128b73a9ac17ee659b3e5638657594fff"
        },
        "32bit": {
            "url": "https://github.com/bell-sw/Liberica/releases/download/8u422%2B6/bellsoft-jdk8u422%2B6-windows-i586.zip",
            "hash": "42e9e67b20f6e9ec087fa89b8cd1f206d24a0fe72f3751498bad763e0dce3124"
        }
    },
    "extract_dir": "jdk8u422",
    "env_add_path": "bin",
    "env_set": {
        "JAVA_HOME": "$dir"
    },
    "checkver": {
        "url": "https://api.bell-sw.com/v1/liberica/releases?version-feature=8&bundle-type=jdk&version-modifier=latest&release-type=all&os=windows&arch=x86&installation-type=archive&package-type=zip&output=json&fields=version",
        "jsonpath": "$.version",
        "regex": "(?<major>[\\du]+)(?:\\+)(?<build>[\\d]+)",
        "replace": "${major}-${build}"
    },
    "autoupdate": {
        "architecture": {
            "64bit": {
                "url": "https://github.com/bell-sw/Liberica/releases/download/$matchMajor%2B$matchBuild/bellsoft-jdk$matchMajor%2B$matchBuild-windows-amd64.zip"
            },
            "32bit": {
                "url": "https://github.com/bell-sw/Liberica/releases/download/$matchMajor%2B$matchBuild/bellsoft-jdk$matchMajor%2B$matchBuild-windows-i586.zip"
            }
        },
        "hash": {
            "url": "https://api.bell-sw.com/v1/liberica/releases/$basename",
            "jsonpath": "$.sha1"
        },
        "extract_dir": "jdk$matchMajor"
    }
}
