{
    "description": "The Microsoft Build of OpenJDK is a no-cost long-term supported distribution and Microsoft's way to collaborate and contribute to the Java ecosystem.",
    "homepage": "https://www.microsoft.com/openjdk/",
    "version": "11.0.24",
    "license": "GPL-2.0-only WITH Classpath-exception-2.0",
    "architecture": {
        "64bit": {
            "url": "https://aka.ms/download-jdk/microsoft-jdk-11.0.24-windows-x64.zip",
            "hash": "a0b8e07b9ee3664642a9d954951e3af9e003da56bb57f408560c111d6e9e478e"
        },
        "arm64": {
            "url": "https://aka.ms/download-jdk/microsoft-jdk-11.0.24-windows-aarch64.zip",
            "hash": "bac491e89078ba88e8a4c85fb1458c9821670126359101e555818623baf0432a"
        }
    },
    "extract_to": "tmp",
    "installer": {
        "script": [
            "(Get-ChildItem -Directory \"$dir\\tmp\").FullName | % { Move-Item \"$_\\*\" \"$dir\" }",
            "Remove-Item -Recurse \"$dir\\tmp\""
        ]
    },
    "env_add_path": "bin",
    "env_set": {
        "JAVA_HOME": "$dir"
    },
    "checkver": {
        "url": "https://docs.microsoft.com/java/openjdk/download",
        "regex": "(?<ms>microsoft-jdk-((?<ver>11[\\d.]*?).(?<build>[\\d]+).[\\d]+)-windows-x64).zip"
    },
    "autoupdate": {
        "architecture": {
            "64bit": {
                "url": "https://aka.ms/download-jdk/microsoft-jdk-$version-windows-x64.zip"
            },
            "arm64": {
                "url": "https://aka.ms/download-jdk/microsoft-jdk-$version-windows-aarch64.zip"
            }
        },
        "hash": {
            "url": "$url.sha256sum.txt"
        },
        "extract_dir": "jdk-$matchVer+$matchBuild"
    }
}
