{
    "description": "The Microsoft Build of OpenJDK is a no-cost long-term supported distribution and Microsoft's way to collaborate and contribute to the Java ecosystem.",
    "homepage": "https://www.microsoft.com/openjdk/",
    "version": "21.0.4",
    "license": "GPL-2.0-only WITH Classpath-exception-2.0",
    "architecture": {
        "64bit": {
            "url": "https://aka.ms/download-jdk/microsoft-jdk-21.0.4-windows-x64.zip",
            "hash": "cf09479ad327e9b908dd9297808d9316fb0946122fcbd7298f4189552ea5ff54"
        },
        "arm64": {
            "url": "https://aka.ms/download-jdk/microsoft-jdk-21.0.4-windows-aarch64.zip",
            "hash": "0bfae308b19b196b7065176eeda6b002c5a54112d545604d9d44b579b5a17bbc"
        }
    },
    "extract_to": "tmp",
    "installer": {
        "script": [
            "(Get-ChildItem -Directory \"$dir\\tmp\").FullName | % { Move-Item \"$_\\*\" \"$dir\" }",
            "Remove-Item -Recurse \"$dir\\tmp\""
        ]
    },
    "env_add_path": "bin",
    "env_set": {
        "JAVA_HOME": "$dir"
    },
    "checkver": {
        "url": "https://docs.microsoft.com/java/openjdk/download",
        "regex": "(?<ms>microsoft-jdk-((?<ver>21[\\d.]*?).(?<build>[\\d]+).[\\d]+)-windows-x64).zip"
    },
    "autoupdate": {
        "architecture": {
            "64bit": {
                "url": "https://aka.ms/download-jdk/microsoft-jdk-$version-windows-x64.zip"
            },
            "arm64": {
                "url": "https://aka.ms/download-jdk/microsoft-jdk-$version-windows-aarch64.zip"
            }
        },
        "hash": {
            "url": "$url.sha256sum.txt"
        },
        "extract_dir": "jdk-$matchVer+$matchBuild"
    }
}
