{
    "description": "OpenJDK 11 binaries built using source code from the CentOS project",
    "homepage": "https://github.com/ojdkbuild/ojdkbuild",
    "version": "11.0.15.9-1",
    "license": "GPL-2.0-only WITH Classpath-exception-2.0",
    "architecture": {
        "64bit": {
            "url": "https://github.com/ojdkbuild/ojdkbuild/releases/download/java-11-openjdk-11.0.15.9-1/java-11-openjdk-jre-11.0.15.9-1.windows.ojdkbuild.x86_64.zip",
            "hash": "1c96985af108c8f0fc398552dbc37c4ab4760d27e4045bb7e6e5118242076d14",
            "extract_dir": "java-11-openjdk-jre-11.0.15.9-1.windows.ojdkbuild.x86_64"
        }
    },
    "env_add_path": "bin",
    "env_set": {
        "JAVA_HOME": "$dir"
    },
    "checkver": {
        "url": "https://github.com/ojdkbuild/ojdkbuild/raw/master/README.md",
        "regex": "download/java-11-openjdk-([\\d.-]+)"
    },
    "autoupdate": {
        "architecture": {
            "64bit": {
                "url": "https://github.com/ojdkbuild/ojdkbuild/releases/download/java-$majorVersion-openjdk-$version/java-$majorVersion-openjdk-jre-$version.windows.ojdkbuild.x86_64.zip",
                "extract_dir": "java-$majorVersion-openjdk-jre-$version.windows.ojdkbuild.x86_64"
            }
        },
        "hash": {
            "url": "$url.sha256"
        }
    },
    "notes": [
        "WARNING: This older version of the JDK are provided to help developers debug issues.",
        "It is not updated with the latest security patches and are not recommended for use in production."
    ]
}
