{
    "description": "OpenJDK 9 binaries built using source code from the CentOS project",
    "homepage": "https://github.com/ojdkbuild/ojdkbuild",
    "version": "9.0.4-1.b11",
    "license": "GPL-2.0-only WITH Classpath-exception-2.0",
    "architecture": {
        "64bit": {
            "url": "https://github.com/ojdkbuild/ojdkbuild/releases/download/9.0.4-1/java-9-openjdk-9.0.4-1.b11.ojdkbuild.windows.x86_64.zip",
            "hash": "1333ab5bccc20e9043f0593b001825cbfa141f0e0c850d877af6b8e2c990cb47",
            "extract_dir": "java-9-openjdk-9.0.4-1.b11.ojdkbuild.windows.x86_64"
        },
        "32bit": {
            "url": "https://github.com/ojdkbuild/ojdkbuild/releases/download/9.0.4-1/java-9-openjdk-9.0.4-1.b11.ojdkbuild.windows.x86.zip",
            "hash": "dc57f1877a65c74d689da09641e3bc05115a1e9835a41470f58f2d4814263a8f",
            "extract_dir": "java-9-openjdk-9.0.4-1.b11.ojdkbuild.windows.x86"
        }
    },
    "env_add_path": "bin",
    "env_set": {
        "JAVA_HOME": "$dir"
    },
    "checkver": {
        "url": "https://github.com/ojdkbuild/ojdkbuild/raw/master/README.md",
        "regex": "download/(?<short>[\\d.-]+)/java-9-openjdk-([\\d.-]+(?<build>b\\d+))\\."
    },
    "autoupdate": {
        "architecture": {
            "64bit": {
                "url": "https://github.com/ojdkbuild/ojdkbuild/releases/download/$matchShort/java-$majorVersion-openjdk-$version.ojdkbuild.windows.x86_64.zip",
                "extract_dir": "java-$majorVersion-openjdk-$version.ojdkbuild.windows.x86_64"
            },
            "32bit": {
                "url": "https://github.com/ojdkbuild/ojdkbuild/releases/download/$matchShort/java-$majorVersion-openjdk-$version.ojdkbuild.windows.x86.zip",
                "extract_dir": "java-$majorVersion-openjdk-$version.ojdkbuild.windows.x86"
            }
        },
        "hash": {
            "url": "$url.sha256"
        }
    },
    "notes": [
        "WARNING: This older version of the JDK are provided to help developers debug issues.",
        "It is not updated with the latest security patches and are not recommended for use in production."
    ]
}
