{
    "description": "OpenJDK 10 binaries built using source code from the CentOS project",
    "homepage": "https://github.com/ojdkbuild/ojdkbuild",
    "version": "10.0.2-1.b13",
    "license": "GPL-2.0-only WITH Classpath-exception-2.0",
    "architecture": {
        "64bit": {
            "url": "https://github.com/ojdkbuild/ojdkbuild/releases/download/10.0.2-1/java-10-openjdk-10.0.2-1.b13.ojdkbuild.windows.x86_64.zip",
            "hash": "39801db76f04b9f1491b0d0a64258535f14e319a3cd08d3e161b18a6af7a842d",
            "extract_dir": "java-10-openjdk-10.0.2-1.b13.ojdkbuild.windows.x86_64"
        },
        "32bit": {
            "url": "https://github.com/ojdkbuild/ojdkbuild/releases/download/10.0.2-1/java-10-openjdk-10.0.2-1.b13.ojdkbuild.windows.x86.zip",
            "hash": "ea3a8b6a7106ea47f1841d92f211270f28c27b6e265efdae2c2eb78d628be39f",
            "extract_dir": "java-10-openjdk-10.0.2-1.b13.ojdkbuild.windows.x86"
        }
    },
    "env_add_path": "bin",
    "env_set": {
        "JAVA_HOME": "$dir"
    },
    "checkver": {
        "url": "https://github.com/ojdkbuild/ojdkbuild/raw/master/README.md",
        "regex": "download/(?<short>[\\d.-]+)/java-10-openjdk-([\\d.-]+(?<build>b\\d+))\\."
    },
    "autoupdate": {
        "architecture": {
            "64bit": {
                "url": "https://github.com/ojdkbuild/ojdkbuild/releases/download/$matchShort/java-$majorVersion-openjdk-$version.ojdkbuild.windows.x86_64.zip",
                "extract_dir": "java-$majorVersion-openjdk-$version.ojdkbuild.windows.x86_64"
            },
            "32bit": {
                "url": "https://github.com/ojdkbuild/ojdkbuild/releases/download/$matchShort/java-$majorVersion-openjdk-$version.ojdkbuild.windows.x86.zip",
                "extract_dir": "java-$majorVersion-openjdk-$version.ojdkbuild.windows.x86"
            }
        },
        "hash": {
            "url": "$url.sha256"
        }
    },
    "notes": [
        "WARNING: This older version of the JDK are provided to help developers debug issues.",
        "It is not updated with the latest security patches and are not recommended for use in production."
    ]
}
