{
    "description": "OpenJDK 13 binaries built using source code from the CentOS project",
    "homepage": "https://github.com/ojdkbuild/ojdkbuild",
    "version": "13.0.4.8-1",
    "license": "GPL-2.0-only WITH Classpath-exception-2.0",
    "architecture": {
        "64bit": {
            "url": "https://github.com/ojdkbuild/ojdkbuild/releases/download/java-13-openjdk-13.0.4.8-1/java-13-openjdk-jre-13.0.4.8-1.windows.ojdkbuild.x86_64.zip",
            "hash": "e09ffa485dbf7b18bd6721ad17757e03d619087ce22920b81bd1aaa5be9b7671",
            "extract_dir": "java-13-openjdk-jre-13.0.4.8-1.windows.ojdkbuild.x86_64"
        }
    },
    "env_add_path": "bin",
    "env_set": {
        "JAVA_HOME": "$dir"
    },
    "checkver": {
        "url": "https://github.com/ojdkbuild/ojdkbuild/raw/master/README.md",
        "regex": "download/java-13-openjdk-([\\d.-]+)"
    },
    "autoupdate": {
        "architecture": {
            "64bit": {
                "url": "https://github.com/ojdkbuild/ojdkbuild/releases/download/java-$majorVersion-openjdk-$version/java-$majorVersion-openjdk-jre-$version.windows.ojdkbuild.x86_64.zip",
                "extract_dir": "java-$majorVersion-openjdk-jre-$version.windows.ojdkbuild.x86_64"
            }
        },
        "hash": {
            "url": "$url.sha256"
        }
    },
    "notes": [
        "WARNING: This older version of the JDK are provided to help developers debug issues.",
        "It is not updated with the latest security patches and are not recommended for use in production."
    ]
}
