{
    "description": "OpenJDK 14 binaries built using source code from the CentOS project",
    "homepage": "https://github.com/ojdkbuild/ojdkbuild",
    "version": "15.0.2.7-1",
    "license": "GPL-2.0-only WITH Classpath-exception-2.0",
    "architecture": {
        "64bit": {
            "url": "https://github.com/ojdkbuild/ojdkbuild/releases/download/java-15-openjdk-15.0.2.7-1/java-15-openjdk-15.0.2.7-1.windows.ojdkbuild.x86_64.zip",
            "hash": "7ff9bed3077830572706c62288ad14a18b7aaca849c36198f4191b40ec44f36d",
            "extract_dir": "java-15-openjdk-15.0.2.7-1.windows.ojdkbuild.x86_64"
        }
    },
    "env_add_path": "bin",
    "env_set": {
        "JAVA_HOME": "$dir"
    },
    "notes": [
        "WARNING: This older version of the JDK are provided to help developers debug issues.",
        "It is not updated with the latest security patches and are not recommended for use in production."
    ]
}
