{
    "description": "OpenJDK 13 binaries built using source code from the CentOS project",
    "homepage": "https://github.com/ojdkbuild/ojdkbuild",
    "version": "13.0.4.8-1",
    "license": "GPL-2.0-only WITH Classpath-exception-2.0",
    "architecture": {
        "64bit": {
            "url": "https://github.com/ojdkbuild/ojdkbuild/releases/download/java-13-openjdk-13.0.4.8-1/java-13-openjdk-13.0.4.8-1.windows.ojdkbuild.x86_64.msi",
            "hash": "a81821bd30d0bcb27a8b648fcdf8e99c3eb2acab639432da58d579625d5bf09f"
        }
    },
    "pre_install": "scoop config MSIEXTRACT_USE_LESSMSI True",
    "extract_dir": "ojdkbuild\\java-13-openjdk-13.0.4-1",
    "env_add_path": "bin",
    "env_set": {
        "JAVA_HOME": "$dir"
    },
    "checkver": {
        "url": "https://github.com/ojdkbuild/ojdkbuild/raw/master/README.md",
        "regex": "download/java-13-openjdk-([\\d.-]+)"
    },
    "autoupdate": {
        "architecture": {
            "64bit": {
                "url": "https://github.com/ojdkbuild/ojdkbuild/releases/download/java-$majorVersion-openjdk-$version/java-$majorVersion-openjdk-$version.windows.ojdkbuild.x86_64.msi"
            }
        },
        "hash": {
            "url": "$url.sha256"
        },
        "extract_dir": "ojdkbuild\\java-$majorVersion-openjdk-$matchHead-$preReleaseVersion"
    },
    "notes": [
        "WARNING: This older version of the JDK are provided to help developers debug issues.",
        "It is not updated with the latest security patches and are not recommended for use in production."
    ]
}
