{
    "description": "Official production-ready open-source builds of OpenJDK 19",
    "homepage": "https://jdk.java.net/19",
    "version": "19.0.2-7",
    "license": "GPL-2.0-only WITH Classpath-exception-2.0",
    "architecture": {
        "64bit": {
            "url": "https://download.java.net/java/GA/jdk19.0.2/fdb695a9d9064ad6b064dc6df578380c/7/GPL/openjdk-19.0.2_windows-x64_bin.zip",
            "hash": "9f70eba3f2631674a2d7d3aa01150d697f68be16ad76662ff948d7fe1b4985d8"
        }
    },
    "extract_dir": "jdk-19.0.2",
    "env_add_path": "bin",
    "env_set": {
        "JAVA_HOME": "$dir"
    },
    "checkver": {
        "re": "/(?<type>early_access|GA)/(?<path>jdk(?<major>[\\d.]+)(?:.*)?/(?<build>[\\d]+)(?:/GPL|/binaries)?)/(?<file>openjdk-(?<version>[\\d.]+)(?<ea>-ea)?(?:\\+[\\d]+)?_windows-x64_bin.(zip|tar.gz))",
        "replace": "${version}-${build}${ea}"
    },
    "autoupdate": {
        "architecture": {
            "64bit": {
                "url": "https://download.java.net/java/$matchType/$matchPath/$matchFile"
            }
        },
        "hash": {
            "url": "$url.sha256"
        },
        "extract_dir": "jdk-$matchVersion"
    }
}
