{
    "description": "Official production-ready open-source builds of OpenJDK 21",
    "homepage": "https://jdk.java.net/21",
    "version": "21.0.2-13",
    "license": "GPL-2.0-only WITH Classpath-exception-2.0",
    "architecture": {
        "64bit": {
            "url": "https://download.java.net/java/GA/jdk21.0.2/f2283984656d49d69e91c558476027ac/13/GPL/openjdk-21.0.2_windows-x64_bin.zip",
            "hash": "b6c17e747ae78cdd6de4d7532b3164b277daee97c007d3eaa2b39cca99882664"
        }
    },
    "extract_dir": "jdk-21.0.2",
    "env_add_path": "bin",
    "env_set": {
        "JAVA_HOME": "$dir"
    },
    "checkver": {
        "url": "https://jdk.java.net/21",
        "re": "/(?<type>early_access|GA)/(?<path>jdk(?<major>[\\d.]+)(?:.*)?/(?<build>[\\d]+)(?:/GPL|/binaries)?)/(?<file>openjdk-(?<version>[\\d.]+)(?<ea>-ea)?(?:\\+[\\d]+)?_windows-x64_bin.(zip|tar.gz))",
        "replace": "${version}-${build}${ea}"
    },
    "autoupdate": {
        "architecture": {
            "64bit": {
                "url": "https://download.java.net/java/$matchType/$matchPath/$matchFile"
            }
        },
        "hash": {
            "url": "$url.sha256"
        },
        "extract_dir": "jdk-$matchVersion"
    }
}
