{
    "description": "Official production-ready open-source builds of OpenJDK 22",
    "homepage": "https://jdk.java.net/22",
    "version": "22.0.2-9",
    "license": "GPL-2.0-only WITH Classpath-exception-2.0",
    "architecture": {
        "64bit": {
            "url": "https://download.java.net/java/GA/jdk22.0.2/c9ecb94cd31b495da20a27d4581645e8/9/GPL/openjdk-22.0.2_windows-x64_bin.zip",
            "hash": "f2a9b9ab944e71a64637fcdc6b13a1188cf02d4eb9ecf71dc927e98b3e45f5dc"
        }
    },
    "extract_dir": "jdk-22.0.2",
    "env_add_path": "bin",
    "env_set": {
        "JAVA_HOME": "$dir"
    },
    "checkver": {
        "url": "https://jdk.java.net/22",
        "re": "/(?<type>early_access|GA)/(?<path>jdk(?<major>[\\d.]+)(?:.*)?/(?<build>[\\d]+)(?:/GPL|/binaries)?)/(?<file>openjdk-(?<version>[\\d.]+)(?<ea>-ea)?(?:\\+[\\d]+)?_windows-x64_bin.(zip|tar.gz))",
        "replace": "${version}-${build}${ea}"
    },
    "autoupdate": {
        "architecture": {
            "64bit": {
                "url": "https://download.java.net/java/$matchType/$matchPath/$matchFile"
            }
        },
        "hash": {
            "url": "$url.sha256"
        },
        "extract_dir": "jdk-$matchVersion"
    }
}
