{
    "description": "Oracle Java Platform, Standard Edition Development Kit (JDK)",
    "homepage": "https://www.oracle.com/java/",
    "version": "22.0.2",
    "license": "https://www.oracle.com/downloads/licenses/no-fee-license.html",
    "architecture": {
        "64bit": {
            "url": "https://download.oracle.com/java/22/archive/jdk-22.0.2_windows-x64_bin.zip",
            "hash": "e7aa436f521f04dc385d28c165fffb054bf60562a621821f7da20b0f1487e0bb"
        }
    },
    "extract_dir": "jdk-22.0.2",
    "env_add_path": "bin",
    "env_set": {
        "JAVA_HOME": "$dir"
    },
    "checkver": {
        "url": "https://www.oracle.com/java/technologies/downloads",
        "useragent": "curl/7",
        "regex": "JDK Development Kit ([\\d.]+) downloads"
    },
    "autoupdate": {
        "architecture": {
            "64bit": {
                "url": "https://download.oracle.com/java/$majorVersion/archive/jdk-$version_windows-x64_bin.zip"
            }
        },
        "hash": {
            "url": "$url.sha256"
        },
        "extract_dir": "jdk-$version"
    }
}
