{
    "description": "Oracle Java Platform, Standard Edition Development Kit (JDK)",
    "homepage": "https://www.oracle.com/java/technologies/downloads/#java21",
    "version": "21.0.3",
    "license": "https://www.oracle.com/downloads/licenses/no-fee-license.html",
    "architecture": {
        "64bit": {
            "url": "https://download.oracle.com/java/21/archive/jdk-21.0.3_windows-x64_bin.zip",
            "hash": "3f78795f92a1b40997226d1d611b28137334415dd4885047034f55e08b0c6c4f"
        }
    },
    "extract_dir": "jdk-21.0.3",
    "env_add_path": "bin",
    "env_set": {
        "JAVA_HOME": "$dir"
    },
    "checkver": {
        "url": "https://www.oracle.com/java/technologies/javase/jdk21-archive-downloads.html",
        "useragent": "curl/7",
        "regex": "/jdk-([\\d.]+)_windows-x64"
    },
    "autoupdate": {
        "architecture": {
            "64bit": {
                "url": "https://download.oracle.com/java/$majorVersion/archive/jdk-$version_windows-x64_bin.zip"
            }
        },
        "hash": {
            "url": "$url.sha256"
        },
        "extract_dir": "jdk-$version"
    }
}
