{
    "description": "SapMachine 17: An OpenJDK release maintained and supported by SAP",
    "homepage": "https://sap.github.io/SapMachine/",
    "version": "18.0.2.1",
    "license": "GPL-2.0-only WITH Classpath-exception-2.0",
    "architecture": {
        "64bit": {
            "url": "https://github.com/SAP/SapMachine/releases/download//sapmachine-18.0.2.1/sapmachine-jdk-18.0.2.1_windows-x64_bin.zip",
            "hash": "03db06ccccc69d519367fb1bf8142f7f447c7e955ddf9eba0b76a84c8469585d"
        }
    },
    "extract_dir": "sapmachine-jdk-18.0.2.1",
    "env_add_path": "bin",
    "env_set": {
        "JAVA_HOME": "$dir"
    },
    "checkver": {
        "url": "https://sap.github.io/SapMachine/assets/data/sapmachine_releases.json",
        "jsonpath": "$.assets.18.releases[0].jdk.windows-x64",
        "regex": "(?<sap>/sapmachine-(?:[\\d.]+)(?:\\%2B|\\+)?(?:[\\d]*)/sapmachine-jdk-(?<version>[\\d.]+)(?:(?<dash>-)(?<ea>ea)\\.(?<build>[\\d]+))?_windows-x64_bin).zip",
        "replace": "${version}${dash}${build}${dash}${ea}"
    },
    "autoupdate": {
        "architecture": {
            "64bit": {
                "url": "https://github.com/SAP/SapMachine/releases/download/$matchSap.zip"
            }
        },
        "hash": {
            "url": "https://github.com/SAP/SapMachine/releases/download/$matchSap.sha256.txt",
            "find": "^($sha256)\\s"
        },
        "extract_dir": "sapmachine-jdk-$matchVersion"
    }
}
