{
    "description": "SapMachine 11: An OpenJDK release maintained and supported by SAP",
    "homepage": "https://sap.github.io/SapMachine/",
    "version": "12.0.2",
    "license": "GPL-2.0-only WITH Classpath-exception-2.0",
    "architecture": {
        "64bit": {
            "url": "https://github.com/SAP/SapMachine/releases/download/sapmachine-12.0.2/sapmachine-jdk-12.0.2_windows-x64_bin.zip",
            "hash": "6b2d360412ad2d998be257bea4b2fbaaa95fda6e1f6cfdbd2d1d6108220f03ab"
        }
    },
    "extract_dir": "sapmachine-jdk-12.0.2",
    "env_add_path": "bin",
    "env_set": {
        "JAVA_HOME": "$dir"
    }
}
