{
    "description": "SapMachine 14: An OpenJDK release maintained and supported by SAP",
    "homepage": "https://sap.github.io/SapMachine/",
    "version": "14.0.2",
    "license": "GPL-2.0-only WITH Classpath-exception-2.0",
    "architecture": {
        "64bit": {
            "url": "https://github.com/SAP/SapMachine/releases/download//sapmachine-14.0.2/sapmachine-jdk-14.0.2_windows-x64_bin.zip",
            "hash": "8bc286bdce3a074a4707ea6e5c7bc3b1b1c2d083813129df44f6239b00f22fad"
        }
    },
    "extract_dir": "sapmachine-jdk-14.0.2",
    "env_add_path": "bin",
    "env_set": {
        "JAVA_HOME": "$dir"
    }
}
