{
    "description": "SapMachine 11: An OpenJDK release maintained and supported by SAP",
    "homepage": "https://sap.github.io/SapMachine/",
    "version": "11.0.24",
    "license": "GPL-2.0-only WITH Classpath-exception-2.0",
    "architecture": {
        "64bit": {
            "url": "https://github.com/SAP/SapMachine/releases/download//sapmachine-11.0.24/sapmachine-jdk-11.0.24_windows-x64_bin.zip",
            "hash": "0abc259eded1a6519b1ac9f4ae872e5587ea5cf6523b9c4ba55a7f7fe5c04bd0"
        }
    },
    "extract_dir": "sapmachine-jdk-11.0.24",
    "env_add_path": "bin",
    "env_set": {
        "JAVA_HOME": "$dir"
    },
    "checkver": {
        "url": "https://sap.github.io/SapMachine/assets/data/sapmachine_releases.json",
        "jsonpath": "$.assets.11.releases[0].jdk.windows-x64",
        "regex": "(?<sap>/sapmachine-(?:[\\d.]+)(?:\\%2B|\\+)?(?:[\\d]*)/sapmachine-jdk-(?<version>[\\d.]+)(?:(?<dash>-)(?<ea>ea)\\.(?<build>[\\d]+))?_windows-x64_bin).zip",
        "replace": "${version}${dash}${build}${dash}${ea}"
    },
    "autoupdate": {
        "architecture": {
            "64bit": {
                "url": "https://github.com/SAP/SapMachine/releases/download/$matchSap.zip"
            }
        },
        "hash": {
            "url": "https://github.com/SAP/SapMachine/releases/download/$matchSap.sha256.txt",
            "find": "^($sha256)\\s"
        },
        "extract_dir": "sapmachine-jdk-$matchVersion"
    }
}
