{
    "description": "SapMachine 11: An OpenJDK release maintained and supported by SAP",
    "homepage": "https://sap.github.io/SapMachine/",
    "version": "11.0.24",
    "license": "GPL-2.0-only WITH Classpath-exception-2.0",
    "architecture": {
        "64bit": {
            "url": "https://github.com/SAP/SapMachine/releases/download//sapmachine-11.0.24/sapmachine-jre-11.0.24_windows-x64_bin.zip",
            "hash": "3c2966e50e1d826ff2caba71e2881db5e5d21c3adafc526bd9d92a6a77a92162"
        }
    },
    "extract_dir": "sapmachine-jre-11.0.24",
    "env_add_path": "bin",
    "env_set": {
        "JAVA_HOME": "$dir"
    },
    "checkver": {
        "url": "https://sap.github.io/SapMachine/assets/data/sapmachine_releases.json",
        "jsonpath": "$.assets.11.releases[0].jre.windows-x64",
        "re": "(?<sap>/sapmachine-(?:[\\d.]+)(?:\\%2B|\\+)?(?:[\\d]*)/sapmachine-jre-(?<version>[\\d.]+)(?:(?<dash>-)(?<ea>ea)\\.(?<build>[\\d]+))?_windows-x64_bin).zip",
        "replace": "${version}${dash}${build}${dash}${ea}"
    },
    "autoupdate": {
        "architecture": {
            "64bit": {
                "url": "https://github.com/SAP/SapMachine/releases/download/$matchSap.zip"
            }
        },
        "hash": {
            "url": "https://github.com/SAP/SapMachine/releases/download/$matchSap.sha256.txt",
            "find": "^($sha256)\\s"
        },
        "extract_dir": "sapmachine-jre-$matchVersion"
    }
}
