{
    "description": "SapMachine 13: An OpenJDK release maintained and supported by SAP",
    "homepage": "https://sap.github.io/SapMachine/",
    "version": "13.0.2",
    "license": "GPL-2.0-only WITH Classpath-exception-2.0",
    "architecture": {
        "64bit": {
            "url": "https://github.com/SAP/SapMachine/releases/download//sapmachine-13.0.2/sapmachine-jdk-13.0.2_windows-x64_bin.zip",
            "hash": "b92730ec4a0bafa33957a57c5b55ee77ab5a0e09347539a34d94326a142ae863"
        }
    },
    "extract_dir": "sapmachine-jdk-13.0.2",
    "env_add_path": "bin",
    "env_set": {
        "JAVA_HOME": "$dir"
    }
}
