{
    "description": "The IBM Semeru Runtimes are free production-ready binaries built with the OpenJDK class libraries and the Eclipse OpenJ9 JVM",
    "homepage": "https://developer.ibm.com/languages/java/semeru-runtimes/",
    "version": "16.0.2-7-0.27.0",
    "license": "GPL-2.0-only WITH Classpath-exception-2.0,EPL-2.0",
    "architecture": {
        "64bit": {
            "url": "https://github.com/ibmruntimes/semeru16-binaries/releases/download/jdk-16.0.2+7_openj9-0.27.0/ibm-semeru-open-jdk_x64_windows_16.0.2_7_openj9-0.27.0.zip",
            "hash": "84555238a9a00d3ad118bb89c3ee8dff8a4eb1da7df417d98dd43b102db56da7"
        }
    },
    "extract_dir": "jdk-16.0.2+7",
    "env_add_path": "bin",
    "env_set": {
        "JAVA_HOME": "$dir"
    },
    "checkver": {
        "github": "https://github.com/ibmruntimes/semeru16-binaries",
        "regex": "(?<tag>jdk-(?<major>(?<jdk>[\\d]+)[\\d.]+)(?:\\%2B|\\+)(?<build>[\\d]+)(?<patch>[\\d.]*)(?:(?<oj>_openj9?)(?<jvmver>-[\\d.]+))?)",
        "replace": "${major}-${build}${patch}${jvmver}"
    },
    "autoupdate": {
        "architecture": {
            "64bit": {
                "url": "https://github.com/ibmruntimes/semeru16-binaries/releases/download/$matchTag/ibm-semeru-open-jdk_x64_windows_$matchMajor_$matchBuild$matchPatch_openj9$matchJvmver.zip"
            }
        },
        "hash": {
            "url": "$url.sha256.txt",
            "find": "^([a-fA-F0-9]+)\\s"
        },
        "extract_dir": "jdk-$matchMajor+$matchBuild"
    }
}
