{
    "description": "The IBM Semeru Runtimes are free production-ready binaries built with the OpenJDK class libraries and the Eclipse OpenJ9 JVM",
    "homepage": "https://developer.ibm.com/languages/java/semeru-runtimes/",
    "version": "20.0.2-9-0.40.0",
    "license": "GPL-2.0-only WITH Classpath-exception-2.0,EPL-2.0",
    "architecture": {
        "64bit": {
            "url": "https://github.com/ibmruntimes/semeru20-binaries/releases/download/jdk-20.0.2+9_openj9-0.40.0/ibm-semeru-open-jre_x64_windows_20.0.2_9_openj9-0.40.0.zip",
            "hash": "85c1e9b0c883ec8302b7def3699d769378ca13164b8a90a48b9ae35caf93201f"
        }
    },
    "extract_dir": "jdk-20.0.2+9-jre",
    "env_add_path": "bin",
    "env_set": {
        "JAVA_HOME": "$dir"
    },
    "checkver": {
        "github": "https://github.com/ibmruntimes/semeru20-binaries",
        "regex": "(?<tag>jdk-(?<major>(?<jdk>[\\d]+)[\\d.]+)(?:\\%2B|\\+)(?<build>[\\d]+)(?<patch>[\\d.]*)(?:(?<oj>_openj9?)(?<jvmver>-[\\d.]+(?:-m[\\d]+)?))?)",
        "replace": "${major}-${build}${patch}${jvmver}"
    },
    "autoupdate": {
        "architecture": {
            "64bit": {
                "url": "https://github.com/ibmruntimes/semeru20-binaries/releases/download/$matchTag/ibm-semeru-open-jre_x64_windows_$matchMajor_$matchBuild$matchPatch_openj9$matchJvmver.zip"
            }
        },
        "hash": {
            "url": "$url.sha256.txt",
            "regex": "^([a-fA-F0-9]+)\\s"
        },
        "extract_dir": "jdk-$matchMajor+$matchBuild-jre"
    }
}
