{
    "description": "The IBM Semeru Runtimes are free production-ready binaries built with the OpenJDK class libraries and the Eclipse OpenJ9 JVM",
    "homepage": "https://developer.ibm.com/languages/java/semeru-runtimes/",
    "version": "17.0.12-7-0.46.1",
    "license": "GPL-2.0-only WITH Classpath-exception-2.0,EPL-2.0",
    "architecture": {
        "64bit": {
            "url": "https://github.com/ibmruntimes/semeru17-binaries/releases/download/jdk-17.0.12%2B7_openj9-0.46.1/ibm-semeru-open-jdk_x64_windows_17.0.12_7_openj9-0.46.1.zip",
            "hash": "ee3aa0126ad3db6e3651b1bb874880cfcac18d6f7c72fd54fd8cb95684f26501"
        }
    },
    "extract_dir": "jdk-17.0.12+7",
    "env_add_path": "bin",
    "env_set": {
        "JAVA_HOME": "$dir"
    },
    "checkver": {
        "github": "https://github.com/ibmruntimes/semeru17-binaries",
        "regex": "(?<tag>jdk-(?<major>(?<jdk>[\\d]+)[\\d.]+)(?:\\%2B|\\+)(?<build>[\\d]+)(?<patch>[\\d.]*)(?:(?<oj>_openj9?)(?<jvmver>-[\\d.]+(?:-m[\\d]+)?))?)",
        "replace": "${major}-${build}${patch}${jvmver}"
    },
    "autoupdate": {
        "architecture": {
            "64bit": {
                "url": "https://github.com/ibmruntimes/semeru17-binaries/releases/download/$matchTag/ibm-semeru-open-jdk_x64_windows_$matchMajor_$matchBuild$matchPatch_openj9$matchJvmver.zip"
            }
        },
        "hash": {
            "url": "$url.sha256.txt",
            "find": "^([a-fA-F0-9]+)\\s"
        },
        "extract_dir": "jdk-$matchMajor+$matchBuild"
    }
}
