{
    "description": "The IBM Semeru Runtimes are free production-ready binaries built with the OpenJDK class libraries and the Eclipse OpenJ9 JVM",
    "homepage": "https://developer.ibm.com/languages/java/semeru-runtimes/",
    "version": "18.0.2-9-0.33.1",
    "license": "GPL-2.0-only WITH Classpath-exception-2.0,EPL-2.0",
    "architecture": {
        "64bit": {
            "url": "https://github.com/ibmruntimes/semeru18-binaries/releases/download/jdk-18.0.2+9_openj9-0.33.1/ibm-semeru-open-jre_x64_windows_18.0.2_9_openj9-0.33.1.zip",
            "hash": "b57b372b556dc06d9915baf65dc5de27132565c95e076f54c288eea4865f9376"
        }
    },
    "extract_dir": "jdk-18.0.2+9-jre",
    "env_add_path": "bin",
    "env_set": {
        "JAVA_HOME": "$dir"
    },
    "checkver": {
        "github": "https://github.com/ibmruntimes/semeru18-binaries",
        "regex": "(?<tag>jdk-(?<major>(?<jdk>[\\d]+)[\\d.]+)(?:\\%2B|\\+)(?<build>[\\d]+)(?<patch>[\\d.]*)(?:(?<oj>_openj9?)(?<jvmver>-[\\d.]+(?:-m[\\d]+)?))?)",
        "replace": "${major}-${build}${patch}${jvmver}"
    },
    "autoupdate": {
        "architecture": {
            "64bit": {
                "url": "https://github.com/ibmruntimes/semeru18-binaries/releases/download/$matchTag/ibm-semeru-open-jre_x64_windows_$matchMajor_$matchBuild$matchPatch_openj9$matchJvmver.zip"
            }
        },
        "hash": {
            "url": "$url.sha256.txt",
            "regex": "^([a-fA-F0-9]+)\\s"
        },
        "extract_dir": "jdk-$matchMajor+$matchBuild-jre"
    }
}
