{
    "description": "The IBM Semeru Runtimes are free production-ready binaries built with the OpenJDK class libraries and the Eclipse OpenJ9 JVM",
    "homepage": "https://developer.ibm.com/languages/java/semeru-runtimes/",
    "version": "8u422-b05-0.46.1",
    "license": "GPL-2.0-only WITH Classpath-exception-2.0,EPL-2.0",
    "architecture": {
        "64bit": {
            "url": "https://github.com/ibmruntimes/semeru8-binaries/releases/download/jdk8u422-b05_openj9-0.46.1/ibm-semeru-open-jre_x64_windows_8u422b05_openj9-0.46.1.zip",
            "hash": "8d42899bec1d5b4b06a65cf22e534fa603def3cf6c7d67bcdd521dd065f7118a"
        },
        "32bit": {
            "url": "https://github.com/ibmruntimes/semeru8-binaries/releases/download/jdk8u422-b05_openj9-0.46.1/ibm-semeru-open-jre_x86-32_windows_8u422b05_openj9-0.46.1.zip",
            "hash": "2672b62df4bcd8a60dacd612175d9390a8e8198c59659ad49a77cd3f4c755ac5"
        }
    },
    "extract_dir": "jdk8u422-b05-jre",
    "env_add_path": "bin",
    "env_set": {
        "JAVA_HOME": "$dir"
    },
    "checkver": {
        "github": "https://github.com/ibmruntimes/semeru8-binaries",
        "regex": "(?<tag>jdk(?<major>[\\d]+)(?<update>u[\\d]+)-(?<build>b[\\d]+)(?<patch>[\\d.]*)(?:(?:_openj9?)(?<jvmver>-[\\d.]+))?)",
        "replace": "${major}${update}-${build}${patch}${jvmver}"
    },
    "autoupdate": {
        "architecture": {
            "64bit": {
                "url": "https://github.com/ibmruntimes/semeru8-binaries/releases/download/$matchTag/ibm-semeru-open-jre_x64_windows_$matchMajor$matchUpdate$matchBuild_openj9$matchJvmver.zip"
            },
            "32bit": {
                "url": "https://github.com/ibmruntimes/semeru8-binaries/releases/download/$matchTag/ibm-semeru-open-jre_x86-32_windows_$matchMajor$matchUpdate$matchBuild_openj9$matchJvmver.zip"
            }
        },
        "hash": {
            "url": "$url.sha256.txt",
            "find": "^([a-fA-F0-9]+)\\s"
        },
        "extract_dir": "jdk$matchMajor$matchUpdate-$matchBuild-jre"
    }
}
