{
    "description": "Eclipse Temurin is a runtime provided by Eclipse Adoptium for general use across the Java ecosystem",
    "homepage": "https://adoptium.net",
    "version": "11.0.24-8",
    "license": "GPL-2.0-only WITH Classpath-exception-2.0",
    "architecture": {
        "64bit": {
            "url": "https://github.com/adoptium/temurin11-binaries/releases/download/jdk-11.0.24+8/OpenJDK11U-jre_x64_windows_hotspot_11.0.24_8.zip",
            "hash": "78e10f7d025898b7dc7436b2bb986570283cca3cb4a654991a4f9671231da536"
        },
        "32bit": {
            "url": "https://github.com/adoptium/temurin11-binaries/releases/download/jdk-11.0.24+8/OpenJDK11U-jre_x86-32_windows_hotspot_11.0.24_8.zip",
            "hash": "fa9a6abdc28c4190a101ee8ab56c78426337007d391f063b9c24ec944eff80f6"
        }
    },
    "extract_dir": "jdk-11.0.24+8-jre",
    "env_add_path": "bin",
    "env_set": {
        "JAVA_HOME": "$dir"
    },
    "checkver": {
        "url": "https://api.adoptium.net/v3/assets/feature_releases/11/ga?jvm_impl=hotspot&heap_size=normal&os=windows&architecture=x64&image_type=jre&project=jdk&vendor=eclipse&page_size=1&sort_order=DESC",
        "script": [
            "$ver = (json_path $page $..version_data.semver).replace('+', '-')",
            "$link = (json_path $page $..release_link).replace('%2B', '+')",
            "$name = json_path $page $..binaries[0].package.name",
            "Write-Output \"$ver $link $name\""
        ],
        "regex": "(?<ver>.*?) https://github.com/(?<link>.*?)/tag/(?<tag>.*?) (?<name>(?<prefix>OpenJDK[\\dU]*-[dejkr]{3})_x64_(?<suffix>.*))",
        "replace": "${ver}"
    },
    "autoupdate": {
        "architecture": {
            "64bit": {
                "url": "https://github.com/$matchLink/download/$matchTag/$matchName"
            },
            "32bit": {
                "url": "https://github.com/$matchLink/download/$matchTag/$matchPrefix_x86-32_$matchSuffix"
            }
        },
        "hash": {
            "url": "$url.sha256.txt",
            "find": "^([a-fA-F0-9]+)\\s"
        },
        "extract_dir": "$matchTag-jre"
    }
}
