{
    "description": "Eclipse Temurin is a runtime provided by Eclipse Adoptium for general use across the Java ecosystem",
    "homepage": "https://adoptium.net",
    "version": "20.0.0-36.0.202303010350",
    "license": "GPL-2.0-only WITH Classpath-exception-2.0",
    "architecture": {
        "64bit": {
            "url": "https://github.com/adoptium/temurin20-binaries/releases/download/jdk20-2023-03-01-17-34-beta/OpenJDK20U-jre_x64_windows_hotspot_2023-03-01-17-34.zip",
            "hash": "0b0bc4d88a157dc551f17be0be19267395be9ce2ff545f47be4d52cd24d6a22b"
        },
        "32bit": {
            "url": "https://github.com/adoptium/temurin20-binaries/releases/download/jdk20-2023-03-01-17-34-beta/OpenJDK20U-jre_x86-32_windows_hotspot_2023-03-01-17-34.zip",
            "hash": "6944a3367df2f1de45fda7ad7470728ea16b6bbe1199ce0b67b11a46e0861d76"
        }
    },
    "extract_to": "tmp",
    "installer": {
        "script": [
            "(Get-ChildItem -Directory \"$dir\\tmp\").FullName | % { Move-Item \"$_\\*\" \"$dir\" }",
            "Remove-Item -Recurse \"$dir\\tmp\""
        ]
    },
    "env_add_path": "bin",
    "env_set": {
        "JAVA_HOME": "$dir"
    },
    "checkver": {
        "url": "https://api.adoptium.net/v3/assets/version/%5B8%2C%29?release_type=ea&jvm_impl=hotspot&heap_size=normal&os=windows&architecture=x64&image_type=jre&project=jdk&vendor=eclipse&page_size=1&sort_order=DESC",
        "script": [
            "$ver = (json_path $page $..version_data.semver).replace('+', '-').replace('-beta','')",
            "$link = (json_path $page $..release_link).replace('%2B', '+')",
            "$name = json_path $page $..binaries[0].package.name",
            "Write-Output \"$ver $link $name\""
        ],
        "regex": "(?<ver>.*?) https://github.com/(?<link>.*?)/tag/(?<tag>.*?) (?<name>(?<prefix>OpenJDK[\\dU]*-[dejkr]{3})_x64_(?<suffix>.*))",
        "replace": "${ver}"
    },
    "autoupdate": {
        "architecture": {
            "64bit": {
                "url": "https://github.com/$matchLink/download/$matchTag/$matchName"
            },
            "32bit": {
                "url": "https://github.com/$matchLink/download/$matchTag/$matchPrefix_x86-32_$matchSuffix"
            }
        },
        "hash": {
            "url": "$url.sha256.txt",
            "find": "^([a-fA-F0-9]+)\\s"
        }
    }
}
