{
    "description": "Eclipse Temurin is a runtime provided by Eclipse Adoptium for general use across the Java ecosystem",
    "homepage": "https://adoptium.net",
    "version": "17.0.9-7.0.202310081450",
    "license": "GPL-2.0-only WITH Classpath-exception-2.0",
    "architecture": {
        "64bit": {
            "url": "https://github.com/adoptium/temurin17-binaries/releases/download/jdk17u-2023-10-09-05-06-beta/OpenJDK17U-jdk_x64_windows_hotspot_2023-10-09-05-06.zip",
            "hash": "a285eb0be5cfaa4e46c7e33e9205a68899e7ced7416eb1a85891d3be24ec7e5c"
        },
        "32bit": {
            "url": "https://github.com/adoptium/temurin17-binaries/releases/download/jdk17u-2023-10-09-05-06-beta/OpenJDK17U-jdk_x86-32_windows_hotspot_2023-10-09-05-06.zip",
            "hash": "c2c8f5fc8f38183c2a41e1873738dfb73be239e6a4f3edc6f3ee6dd3926a335e"
        }
    },
    "extract_to": "tmp",
    "installer": {
        "script": [
            "(Get-ChildItem -Directory \"$dir\\tmp\").FullName | % { Move-Item \"$_\\*\" \"$dir\" }",
            "Remove-Item -Recurse \"$dir\\tmp\""
        ]
    },
    "env_add_path": "bin",
    "env_set": {
        "JAVA_HOME": "$dir"
    },
    "checkver": {
        "url": "https://api.adoptium.net/v3/assets/version/%5B8%2C%29?release_type=ea&lts=true&jvm_impl=hotspot&heap_size=normal&os=windows&architecture=x64&image_type=jdk&project=jdk&vendor=eclipse&page_size=1&sort_order=DESC",
        "script": [
            "$ver = (json_path $page $..version_data.semver).replace('+', '-').replace('-beta','')",
            "$link = (json_path $page $..release_link).replace('%2B', '+')",
            "$name = json_path $page $..binaries[0].package.name",
            "Write-Output \"$ver $link $name\""
        ],
        "regex": "(?<ver>.*?) https://github.com/(?<link>.*?)/tag/(?<tag>.*?) (?<name>(?<prefix>OpenJDK[\\dU]*-[dejkr]{3})_x64_(?<suffix>.*))",
        "replace": "${ver}"
    },
    "autoupdate": {
        "architecture": {
            "64bit": {
                "url": "https://github.com/$matchLink/download/$matchTag/$matchName"
            },
            "32bit": {
                "url": "https://github.com/$matchLink/download/$matchTag/$matchPrefix_x86-32_$matchSuffix"
            }
        },
        "hash": {
            "url": "$url.sha256.txt",
            "find": "^([a-fA-F0-9]+)\\s"
        }
    }
}
