{
    "description": "Eclipse Temurin is a runtime provided by Eclipse Adoptium for general use across the Java ecosystem",
    "homepage": "https://adoptium.net",
    "version": "11.0.25-6.0.ea",
    "license": "GPL-2.0-only WITH Classpath-exception-2.0",
    "architecture": {
        "64bit": {
            "url": "https://github.com/adoptium/temurin11-binaries/releases/download/jdk-11.0.25+6-ea-beta/OpenJDK11U-jre_x64_windows_hotspot_11.0.25_6-ea.zip",
            "hash": "aa489b86436c20221cb55953ed49889578bf7a16081165107b42245aeba8e3a7"
        },
        "32bit": {
            "url": "https://github.com/adoptium/temurin11-binaries/releases/download/jdk-11.0.25+6-ea-beta/OpenJDK11U-jre_x86-32_windows_hotspot_11.0.25_6-ea.zip",
            "hash": "038aec19db85d6ae9652dc632b75bd77ff81dbacef0cede1f02c9ac4a336fc27"
        }
    },
    "extract_to": "tmp",
    "installer": {
        "script": [
            "(Get-ChildItem -Directory \"$dir\\tmp\").FullName | % { Move-Item \"$_\\*\" \"$dir\" }",
            "Remove-Item -Recurse \"$dir\\tmp\""
        ]
    },
    "env_add_path": "bin",
    "env_set": {
        "JAVA_HOME": "$dir"
    },
    "checkver": {
        "url": "https://api.adoptium.net/v3/assets/feature_releases/11/ea?jvm_impl=hotspot&heap_size=normal&os=windows&architecture=x64&image_type=jre&project=jdk&vendor=eclipse&page_size=1&sort_order=DESC",
        "script": [
            "$ver = (json_path $page $..version_data.semver).replace('+', '-').replace('-beta','')",
            "$link = (json_path $page $..release_link).replace('%2B', '+')",
            "$name = json_path $page $..binaries[0].package.name",
            "Write-Output \"$ver $link $name\""
        ],
        "regex": "(?<ver>.*?) https://github.com/(?<link>.*?)/tag/(?<tag>.*?) (?<name>(?<prefix>OpenJDK[\\dU]*-[dejkr]{3})_x64_(?<suffix>.*))",
        "replace": "${ver}"
    },
    "autoupdate": {
        "architecture": {
            "64bit": {
                "url": "https://github.com/$matchLink/download/$matchTag/$matchName"
            },
            "32bit": {
                "url": "https://github.com/$matchLink/download/$matchTag/$matchPrefix_x86-32_$matchSuffix"
            }
        },
        "hash": {
            "url": "$url.sha256.txt",
            "find": "^([a-fA-F0-9]+)\\s"
        }
    }
}
