{
    "homepage": "https://visualvm.github.io/",
    "license": "https://visualvm.github.io/gplv2+ce.html",
    "version": "2.1.9",
    "url": "https://github.com/oracle/visualvm/releases/download/2.1.9/visualvm_219.zip",
    "hash": "5c7ab5fb916b63a39233ee68d8bd8f453811785db5bbf2fc05d9d26bddc30b71",
    "extract_dir": "visualvm_219",
    "bin": [
        [
            "bin\\visualvm.exe",
            "visualvm"
        ]
    ],
    "shortcuts": [
        [
            "bin\\visualvm.exe",
            "VisualVM"
        ]
    ],
    "checkver": {
        "github": "https://github.com/oracle/visualvm"
    },
    "autoupdate": {
        "url": "https://github.com/oracle/visualvm/releases/download/$version/visualvm_$cleanVersion.zip",
        "extract_dir": "visualvm_$cleanVersion"
    }
}
