{
    "description": "Zulu is certified build of OpenJDK",
    "homepage": "https://www.azul.com/products/zulu-community/",
    "version": "21.36.17",
    "license": {
        "identifier": "GPL-2.0-only WITH Classpath-exception-2.0",
        "url": "https://www.azulsystems.com/license/zulu_third_party_licenses.html"
    },
    "architecture": {
        "64bit": {
            "url": "https://cdn.azul.com/zulu/bin/zulu21.36.17-ca-jdk21.0.4-win_x64.zip",
            "hash": "d771dad10d3f0b440c3686d1f3d2b68b320802ac97b212d87671af3f2eef8848",
            "extract_dir": "zulu21.36.17-ca-jdk21.0.4-win_x64"
        }
    },
    "env_add_path": "bin",
    "env_set": {
        "JAVA_HOME": "$dir"
    },
    "checkver": {
        "url": "https://api.azul.com/metadata/v1/zulu/packages/?java_version=21&os=windows&arch=x64&archive_type=zip&java_package_type=jdk&javafx_bundled=false&crac_supported=false&release_type=PSU&latest=true&include_fields=sha256_hash&page_size=1",
        "jsonpath": "$..download_url",
        "regex": "(?<name>zulu(?<version>[\\d.]+)-ca-jdk(?<java>[\\d.]+)-win)_x64.zip",
        "replace": "${version}"
    },
    "autoupdate": {
        "architecture": {
            "64bit": {
                "url": "https://cdn.azul.com/zulu/bin/$matchName_x64.zip",
                "extract_dir": "$matchName_x64",
                "hash": {
                    "url": "https://api.azul.com/metadata/v1/zulu/packages/?java_version=21&os=windows&arch=x64&archive_type=zip&java_package_type=jdk&javafx_bundled=false&crac_supported=false&release_type=PSU&latest=true&include_fields=sha256_hash&page_size=1",
                    "jp": "$..sha256_hash"
                }
            }
        }
    }
}
