{
    "description": "Zulu 12 is a build of OpenJDK 12",
    "homepage": "https://www.azul.com/products/zulu-community/",
    "version": "12.3.11",
    "license": {
        "identifier": "GPL-2.0-only WITH Classpath-exception-2.0",
        "url": "https://www.azulsystems.com/license/zulu_third_party_licenses.html"
    },
    "architecture": {
        "64bit": {
            "url": "https://cdn.azul.com/zulu/bin/zulu12.3.11-ca-jdk12.0.2-win_x64.zip",
            "hash": "7b5c7d74e6abc38dfcd4b157f37c9faf9ec359008770c48e6e2f76eae435ac4e",
            "extract_dir": "zulu12.3.11-ca-jdk12.0.2-win_x64"
        },
        "32bit": {
            "url": "https://cdn.azul.com/zulu/bin/zulu12.3.11-ca-jdk12.0.2-win_i686.zip",
            "hash": "3c7d05a6ed5a5a6fc6858496d079a021351671a68b11de3d80897500f4a3144b",
            "extract_dir": "zulu12.3.11-ca-jdk12.0.2-win_i686"
        }
    },
    "env_add_path": "bin",
    "env_set": {
        "JAVA_HOME": "$dir"
    },
    "checkver": {
        "url": "https://api.azul.com/metadata/v1/zulu/packages/?java_version=12&os=windows&arch=x64&archive_type=zip&java_package_type=jdk&javafx_bundled=false&crac_supported=false&release_type=PSU&latest=true&include_fields=sha256_hash&page_size=1",
        "jsonpath": "$..download_url",
        "regex": "(?<name>zulu(?<version>[\\d.]+)-ca-jdk(?<java>[\\d.]+)-win)_x64.zip",
        "replace": "${version}"
    },
    "autoupdate": {
        "architecture": {
            "64bit": {
                "url": "https://cdn.azul.com/zulu/bin/$matchName_x64.zip",
                "extract_dir": "$matchName_x64",
                "hash": {
                    "url": "https://api.azul.com/metadata/v1/zulu/packages/?java_version=12&os=windows&arch=x64&archive_type=zip&java_package_type=jdk&javafx_bundled=false&crac_supported=false&release_type=PSU&latest=true&include_fields=sha256_hash&page_size=1",
                    "jp": "$..sha256_hash"
                }
            },
            "32bit": {
                "url": "https://cdn.azul.com/zulu/bin/$matchName_i686.zip",
                "extract_dir": "$matchName_i686",
                "hash": {
                    "url": "https://api.azul.com/metadata/v1/zulu/packages/?java_version=12&os=windows&arch=xi686&archive_type=zip&java_package_type=jdk&javafx_bundled=false&crac_supported=false&release_type=PSU&latest=true&include_fields=sha256_hash&page_size=1",
                    "jp": "$..sha256_hash"
                }
            }
        }
    }
}
