{
    "description": "Zulu is certified build of OpenJDK",
    "homepage": "https://www.azul.com/products/zulu-community/",
    "version": "13.54.17",
    "license": {
        "identifier": "GPL-2.0-only WITH Classpath-exception-2.0",
        "url": "https://www.azulsystems.com/license/zulu_third_party_licenses.html"
    },
    "architecture": {
        "64bit": {
            "url": "https://cdn.azul.com/zulu/bin/zulu13.54.17-ca-jre13.0.14-win_x64.zip",
            "hash": "dd0b7d976f7865ad7bbfbf20650f8cb01860066b779838d8f6938427c02a8fb9",
            "extract_dir": "zulu13.54.17-ca-jre13.0.14-win_x64"
        },
        "32bit": {
            "url": "https://cdn.azul.com/zulu/bin/zulu13.54.17-ca-jre13.0.14-win_i686.zip",
            "hash": "3f9633f31a6b188c661fbb8298cc731e9cde04d45e295b5f11835f570ad87237",
            "extract_dir": "zulu13.54.17-ca-jre13.0.14-win_i686"
        }
    },
    "env_add_path": "bin",
    "env_set": {
        "JAVA_HOME": "$dir"
    },
    "checkver": {
        "url": "https://api.azul.com/metadata/v1/zulu/packages/?java_version=13&os=windows&arch=x64&archive_type=zip&java_package_type=jre&javafx_bundled=false&crac_supported=false&release_type=PSU&latest=true&include_fields=sha256_hash&page_size=1",
        "jsonpath": "$..download_url",
        "regex": "(?<name>zulu(?<version>[\\d.]+)-ca-jre(?<java>[\\d.]+)-win)_x64.zip",
        "replace": "${version}"
    },
    "autoupdate": {
        "architecture": {
            "64bit": {
                "url": "https://cdn.azul.com/zulu/bin/$matchName_x64.zip",
                "extract_dir": "$matchName_x64",
                "hash": {
                    "url": "https://api.azul.com/metadata/v1/zulu/packages/?java_version=13&os=windows&arch=x64&archive_type=zip&java_package_type=jre&javafx_bundled=false&crac_supported=false&release_type=PSU&latest=true&include_fields=sha256_hash&page_size=1",
                    "jp": "$..sha256_hash"
                }
            },
            "32bit": {
                "url": "https://cdn.azul.com/zulu/bin/$matchName_i686.zip",
                "extract_dir": "$matchName_i686",
                "hash": {
                    "url": "https://api.azul.com/metadata/v1/zulu/packages/?java_version=13&os=windows&arch=xi686&archive_type=zip&java_package_type=jre&javafx_bundled=false&crac_supported=false&release_type=PSU&latest=true&include_fields=sha256_hash&page_size=1",
                    "jp": "$..sha256_hash"
                }
            }
        }
    }
}
