{
    "description": "Open Source Builds of Zulu With OpenJFX",
    "homepage": "https://www.azul.com/products/zulu-community/zulufx/",
    "version": "21.36.17",
    "license": {
        "identifier": "GPL-2.0-only WITH Classpath-exception-2.0",
        "url": "https://www.azulsystems.com/license/zulu_third_party_licenses.html"
    },
    "architecture": {
        "64bit": {
            "url": "https://cdn.azul.com/zulu/bin/zulu21.36.17-ca-fx-jdk21.0.4-win_x64.zip",
            "hash": "1035d043515940c5403e492340ea457ee16cd40612795ea21b932090a21a9427",
            "extract_dir": "zulu21.36.17-ca-fx-jdk21.0.4-win_x64"
        }
    },
    "env_add_path": "bin",
    "env_set": {
        "JAVA_HOME": "$dir"
    },
    "checkver": {
        "url": "https://api.azul.com/metadata/v1/zulu/packages/?java_version=21&os=windows&arch=x64&archive_type=zip&java_package_type=jdk&javafx_bundled=true&crac_supported=false&release_type=PSU&latest=true&include_fields=sha256_hash&page_size=1",
        "jsonpath": "$..download_url",
        "regex": "(?<name>zulu(?<version>[\\d.]+)-ca-fx-jdk(?<java>[\\d.]+)-win)_x64.zip",
        "replace": "${version}"
    },
    "autoupdate": {
        "architecture": {
            "64bit": {
                "url": "https://cdn.azul.com/zulu/bin/$matchName_x64.zip",
                "extract_dir": "$matchName_x64",
                "hash": {
                    "url": "https://api.azul.com/metadata/v1/zulu/packages/?java_version=21&os=windows&arch=x64&archive_type=zip&java_package_type=jdk&javafx_bundled=true&crac_supported=false&release_type=PSU&latest=true&include_fields=sha256_hash&page_size=1",
                    "jp": "$..sha256_hash"
                }
            }
        }
    }
}
