{
    "version": "9.0.0.15",
    "description": "A build of JDK Mission Control, an open source Java runtime profiling and monitoring utility",
    "homepage": "https://www.azul.com/products/components/zulu-mission-control/",
    "license": "UPL-1.0",
    "architecture": {
        "64bit": {
            "url": "https://cdn.azul.com/zmc/bin/zmc9.0.0.15-ca-win_x64.zip",
            "hash": "a0f96d7bad24949ff846a3702ee18b69c0e084e6f55fc87b9f95c6a954db6dc4",
            "extract_dir": "zmc9.0.0.15-ca-win_x64\\Azul Mission Control"
        }
    },
    "bin": "zmc.exe",
    "shortcuts": [
        [
            "zmc.exe",
            "Zulu Mission Control"
        ]
    ],
    "checkver": "zmc([\\d.]+)-ca-win",
    "autoupdate": {
        "architecture": {
            "64bit": {
                "url": "https://cdn.azul.com/zmc/bin/zmc$version-ca-win_x64.zip",
                "extract_dir": "zmc$version-ca-win_x64\\Azul Mission Control"
            }
        }
    }
}
