{
    "description": "Open Source Builds of Zulu With OpenJFX",
    "homepage": "https://www.azul.com/products/zulu-community/zulufx/",
    "version": "11.74.15",
    "license": {
        "identifier": "GPL-2.0-only WITH Classpath-exception-2.0",
        "url": "https://www.azulsystems.com/license/zulu_third_party_licenses.html"
    },
    "architecture": {
        "64bit": {
            "url": "https://cdn.azul.com/zulu/bin/zulu11.74.15-ca-fx-jre11.0.24-win_x64.zip",
            "hash": "606dd94193853cb121f99744c57b6a3c531d2874ec2d7a5b43348f007a5b5672",
            "extract_dir": "zulu11.74.15-ca-fx-jre11.0.24-win_x64"
        },
        "32bit": {
            "url": "https://cdn.azul.com/zulu/bin/zulu11.74.15-ca-fx-jre11.0.24-win_i686.zip",
            "hash": "ab253060aac7d802cbf9660910b29eeb11c5f81a24a727b455f226649b8786e8",
            "extract_dir": "zulu11.74.15-ca-fx-jre11.0.24-win_i686"
        }
    },
    "env_add_path": "bin",
    "env_set": {
        "JAVA_HOME": "$dir"
    },
    "checkver": {
        "url": "https://api.azul.com/metadata/v1/zulu/packages/?java_version=11&os=windows&arch=x64&archive_type=zip&java_package_type=jre&javafx_bundled=true&crac_supported=false&release_type=PSU&latest=true&include_fields=sha256_hash&page_size=1",
        "jsonpath": "$..download_url",
        "regex": "(?<name>zulu(?<version>[\\d.]+)-ca-fx-jre(?<java>[\\d.]+)-win)_x64.zip",
        "replace": "${version}"
    },
    "autoupdate": {
        "architecture": {
            "64bit": {
                "url": "https://cdn.azul.com/zulu/bin/$matchName_x64.zip",
                "extract_dir": "$matchName_x64",
                "hash": {
                    "url": "https://api.azul.com/metadata/v1/zulu/packages/?java_version=11&os=windows&arch=x64&archive_type=zip&java_package_type=jre&javafx_bundled=true&crac_supported=false&release_type=PSU&latest=true&include_fields=sha256_hash&page_size=1",
                    "jp": "$..sha256_hash"
                }
            },
            "32bit": {
                "url": "https://cdn.azul.com/zulu/bin/$matchName_i686.zip",
                "extract_dir": "$matchName_i686",
                "hash": {
                    "url": "https://api.azul.com/metadata/v1/zulu/packages/?java_version=11&os=windows&arch=xi686&archive_type=zip&java_package_type=jre&javafx_bundled=true&crac_supported=false&release_type=PSU&latest=true&include_fields=sha256_hash&page_size=1",
                    "jp": "$..sha256_hash"
                }
            }
        }
    }
}
