{
    "description": "Open Source Builds of Zulu With OpenJFX",
    "homepage": "https://www.azul.com/products/zulu-community/zulufx/",
    "version": "11.74.15",
    "license": {
        "identifier": "GPL-2.0-only WITH Classpath-exception-2.0",
        "url": "https://www.azulsystems.com/license/zulu_third_party_licenses.html"
    },
    "architecture": {
        "64bit": {
            "url": "https://cdn.azul.com/zulu/bin/zulu11.74.15-ca-fx-jdk11.0.24-win_x64.zip",
            "hash": "d7b534ccaf211cd5fcc2ebdd55f441eaf202a6cbe357d5891d7e6bb10bb696c2",
            "extract_dir": "zulu11.74.15-ca-fx-jdk11.0.24-win_x64"
        },
        "32bit": {
            "url": "https://cdn.azul.com/zulu/bin/zulu11.74.15-ca-fx-jdk11.0.24-win_i686.zip",
            "hash": "48703a92c87d39b3eb9bad6ae092a3e99c4e2e9e68630ae92b9e4e35d219bab2",
            "extract_dir": "zulu11.74.15-ca-fx-jdk11.0.24-win_i686"
        }
    },
    "env_add_path": "bin",
    "env_set": {
        "JAVA_HOME": "$dir"
    },
    "checkver": {
        "url": "https://api.azul.com/metadata/v1/zulu/packages/?java_version=11&os=windows&arch=x64&archive_type=zip&java_package_type=jdk&javafx_bundled=true&crac_supported=false&release_type=PSU&latest=true&include_fields=sha256_hash&page_size=1",
        "jsonpath": "$..download_url",
        "regex": "(?<name>zulu(?<version>[\\d.]+)-ca-fx-jdk(?<java>[\\d.]+)-win)_x64.zip",
        "replace": "${version}"
    },
    "autoupdate": {
        "architecture": {
            "64bit": {
                "url": "https://cdn.azul.com/zulu/bin/$matchName_x64.zip",
                "extract_dir": "$matchName_x64",
                "hash": {
                    "url": "https://api.azul.com/metadata/v1/zulu/packages/?java_version=11&os=windows&arch=x64&archive_type=zip&java_package_type=jdk&javafx_bundled=true&crac_supported=false&release_type=PSU&latest=true&include_fields=sha256_hash&page_size=1",
                    "jp": "$..sha256_hash"
                }
            },
            "32bit": {
                "url": "https://cdn.azul.com/zulu/bin/$matchName_i686.zip",
                "extract_dir": "$matchName_i686",
                "hash": {
                    "url": "https://api.azul.com/metadata/v1/zulu/packages/?java_version=11&os=windows&arch=xi686&archive_type=zip&java_package_type=jdk&javafx_bundled=true&crac_supported=false&release_type=PSU&latest=true&include_fields=sha256_hash&page_size=1",
                    "jp": "$..sha256_hash"
                }
            }
        }
    }
}
