{
    "description": "Zulu is certified build of OpenJDK",
    "homepage": "https://www.azul.com/products/zulu-community/",
    "version": "14.29.23",
    "license": {
        "identifier": "GPL-2.0-only WITH Classpath-exception-2.0",
        "url": "https://www.azulsystems.com/license/zulu_third_party_licenses.html"
    },
    "architecture": {
        "64bit": {
            "url": "https://cdn.azul.com/zulu/bin/zulu14.29.23-ca-jre14.0.2-win_x64.zip",
            "hash": "3b70ff0127dc3471cc542a3dc6a66036d64d2abf3b2a28637934f708f4cc308c",
            "extract_dir": "zulu14.29.23-ca-jre14.0.2-win_x64"
        },
        "32bit": {
            "url": "https://cdn.azul.com/zulu/bin/zulu14.29.23-ca-jre14.0.2-win_i686.zip",
            "hash": "eb9333a2bd8c9e46a7451ecff8bf62c6c0a2a5bd5308c7a478a0d0f5c312e399",
            "extract_dir": "zulu14.29.23-ca-jre14.0.2-win_i686"
        }
    },
    "env_add_path": "bin",
    "env_set": {
        "JAVA_HOME": "$dir"
    },
    "checkver": {
        "url": "https://api.azul.com/metadata/v1/zulu/packages/?java_version=14&os=windows&arch=x64&archive_type=zip&java_package_type=jre&javafx_bundled=false&crac_supported=false&release_type=PSU&latest=true&include_fields=sha256_hash&page_size=1",
        "jsonpath": "$..download_url",
        "regex": "(?<name>zulu(?<version>[\\d.]+)-ca-jre(?<java>[\\d.]+)-win)_x64.zip",
        "replace": "${version}"
    },
    "autoupdate": {
        "architecture": {
            "64bit": {
                "url": "https://cdn.azul.com/zulu/bin/$matchName_x64.zip",
                "extract_dir": "$matchName_x64",
                "hash": {
                    "url": "https://api.azul.com/metadata/v1/zulu/packages/?java_version=14&os=windows&arch=x64&archive_type=zip&java_package_type=jre&javafx_bundled=false&crac_supported=false&release_type=PSU&latest=true&include_fields=sha256_hash&page_size=1",
                    "jp": "$..sha256_hash"
                }
            },
            "32bit": {
                "url": "https://cdn.azul.com/zulu/bin/$matchName_i686.zip",
                "extract_dir": "$matchName_i686",
                "hash": {
                    "url": "https://api.azul.com/metadata/v1/zulu/packages/?java_version=14&os=windows&arch=xi686&archive_type=zip&java_package_type=jre&javafx_bundled=false&crac_supported=false&release_type=PSU&latest=true&include_fields=sha256_hash&page_size=1",
                    "jp": "$..sha256_hash"
                }
            }
        }
    }
}
