{
    "description": "Open Source Builds of Zulu With OpenJFX",
    "homepage": "https://www.azul.com/products/zulu-community/zulufx/",
    "version": "13.54.17",
    "license": {
        "identifier": "GPL-2.0-only WITH Classpath-exception-2.0",
        "url": "https://www.azulsystems.com/license/zulu_third_party_licenses.html"
    },
    "architecture": {
        "64bit": {
            "url": "https://cdn.azul.com/zulu/bin/zulu13.54.17-ca-fx-jdk13.0.14-win_x64.zip",
            "hash": "01a0610569b36c69e630e235967eb497663bea4260cca9673d2ed7fb420c1ab8",
            "extract_dir": "zulu13.54.17-ca-fx-jdk13.0.14-win_x64"
        },
        "32bit": {
            "url": "https://cdn.azul.com/zulu/bin/zulu13.54.17-ca-fx-jdk13.0.14-win_i686.zip",
            "hash": "5ea7e6c7f93e7292e307acce36f9ba0f2641ac9cadff98ae68c6fd1488a24168",
            "extract_dir": "zulu13.54.17-ca-fx-jdk13.0.14-win_i686"
        }
    },
    "env_add_path": "bin",
    "env_set": {
        "JAVA_HOME": "$dir"
    },
    "checkver": {
        "url": "https://api.azul.com/metadata/v1/zulu/packages/?java_version=13&os=windows&arch=x64&archive_type=zip&java_package_type=jdk&javafx_bundled=true&crac_supported=false&release_type=PSU&latest=true&include_fields=sha256_hash&page_size=1",
        "jsonpath": "$..download_url",
        "regex": "(?<name>zulu(?<version>[\\d.]+)-ca-fx-jdk(?<java>[\\d.]+)-win)_x64.zip",
        "replace": "${version}"
    },
    "autoupdate": {
        "architecture": {
            "64bit": {
                "url": "https://cdn.azul.com/zulu/bin/$matchName_x64.zip",
                "extract_dir": "$matchName_x64",
                "hash": {
                    "url": "https://api.azul.com/metadata/v1/zulu/packages/?java_version=13&os=windows&arch=x64&archive_type=zip&java_package_type=jdk&javafx_bundled=true&crac_supported=false&release_type=PSU&latest=true&include_fields=sha256_hash&page_size=1",
                    "jp": "$..sha256_hash"
                }
            },
            "32bit": {
                "url": "https://cdn.azul.com/zulu/bin/$matchName_i686.zip",
                "extract_dir": "$matchName_i686",
                "hash": {
                    "url": "https://api.azul.com/metadata/v1/zulu/packages/?java_version=13&os=windows&arch=xi686&archive_type=zip&java_package_type=jdk&javafx_bundled=true&crac_supported=false&release_type=PSU&latest=true&include_fields=sha256_hash&page_size=1",
                    "jp": "$..sha256_hash"
                }
            }
        }
    }
}
