{
    "description": "Open Source Builds of Zulu 8 With OpenJFX",
    "homepage": "https://www.azul.com/products/zulu-community/zulufx/",
    "version": "8.80.0.17",
    "license": {
        "identifier": "GPL-2.0-only WITH Classpath-exception-2.0",
        "url": "https://www.azulsystems.com/license/zulu_third_party_licenses.html"
    },
    "architecture": {
        "64bit": {
            "url": "https://cdn.azul.com/zulu/bin/zulu8.80.0.17-ca-fx-jre8.0.422-win_x64.zip",
            "hash": "fdefe734e00d20587fc85f0bc25e8f4c6d800b3a1f730f8d8029c9601819bc83",
            "extract_dir": "zulu8.80.0.17-ca-fx-jre8.0.422-win_x64"
        },
        "32bit": {
            "url": "https://cdn.azul.com/zulu/bin/zulu8.80.0.17-ca-fx-jre8.0.422-win_i686.zip",
            "hash": "ad20c2346171bc5c51fe3d4675146dc14ac11c772b57afc2fbf3ec8c8e8398a4",
            "extract_dir": "zulu8.80.0.17-ca-fx-jre8.0.422-win_i686"
        }
    },
    "env_add_path": "bin",
    "env_set": {
        "JAVA_HOME": "$dir"
    },
    "checkver": {
        "url": "https://api.azul.com/metadata/v1/zulu/packages/?java_version=8&os=windows&arch=x64&archive_type=zip&java_package_type=jre&javafx_bundled=true&crac_supported=false&release_type=PSU&latest=true&include_fields=sha256_hash&page_size=1",
        "jsonpath": "$..download_url",
        "regex": "(?<name>zulu(?<version>[\\d.]+)-ca-fx-jre(?<java>[\\d.]+)-win)_x64.zip",
        "replace": "${version}"
    },
    "autoupdate": {
        "architecture": {
            "64bit": {
                "url": "https://cdn.azul.com/zulu/bin/$matchName_x64.zip",
                "extract_dir": "$matchName_x64",
                "hash": {
                    "url": "https://api.azul.com/metadata/v1/zulu/packages/?java_version=8&os=windows&arch=x64&archive_type=zip&java_package_type=jre&javafx_bundled=true&crac_supported=false&release_type=PSU&latest=true&include_fields=sha256_hash&page_size=1",
                    "jp": "$..sha256_hash"
                }
            },
            "32bit": {
                "url": "https://cdn.azul.com/zulu/bin/$matchName_i686.zip",
                "extract_dir": "$matchName_i686",
                "hash": {
                    "url": "https://api.azul.com/metadata/v1/zulu/packages/?java_version=8&os=windows&arch=xi686&archive_type=zip&java_package_type=jre&javafx_bundled=true&crac_supported=false&release_type=PSU&latest=true&include_fields=sha256_hash&page_size=1",
                    "jp": "$..sha256_hash"
                }
            }
        }
    }
}
