{
    "description": "Zulu is certified build of OpenJDK",
    "homepage": "https://www.azul.com/products/zulu-community/",
    "version": "22.32.15",
    "license": {
        "identifier": "GPL-2.0-only WITH Classpath-exception-2.0",
        "url": "https://www.azulsystems.com/license/zulu_third_party_licenses.html"
    },
    "architecture": {
        "64bit": {
            "url": "https://cdn.azul.com/zulu/bin/zulu22.32.15-ca-jre22.0.2-win_x64.zip",
            "hash": "cdb7d259b502bab244d96026ca1a3b16c6a607495ddcb6817aa408db88404584",
            "extract_dir": "zulu22.32.15-ca-jre22.0.2-win_x64"
        }
    },
    "env_add_path": "bin",
    "env_set": {
        "JAVA_HOME": "$dir"
    },
    "checkver": {
        "url": "https://api.azul.com/metadata/v1/zulu/packages/?java_version=22&os=windows&arch=x64&archive_type=zip&java_package_type=jre&javafx_bundled=false&crac_supported=false&release_type=PSU&latest=true&include_fields=sha256_hash&page_size=1",
        "jsonpath": "$..download_url",
        "regex": "(?<name>zulu(?<version>[\\d.]+)-ca-jre(?<java>[\\d.]+)-win)_x64.zip",
        "replace": "${version}"
    },
    "autoupdate": {
        "architecture": {
            "64bit": {
                "url": "https://cdn.azul.com/zulu/bin/$matchName_x64.zip",
                "extract_dir": "$matchName_x64",
                "hash": {
                    "url": "https://api.azul.com/metadata/v1/zulu/packages/?java_version=22&os=windows&arch=x64&archive_type=zip&java_package_type=jre&javafx_bundled=false&crac_supported=false&release_type=PSU&latest=true&include_fields=sha256_hash&page_size=1",
                    "jp": "$..sha256_hash"
                }
            }
        }
    }
}
