{
    "description": "Zulu is certified build of OpenJDK",
    "homepage": "https://www.azul.com/products/zulu-community/",
    "version": "13.54.17",
    "license": {
        "identifier": "GPL-2.0-only WITH Classpath-exception-2.0",
        "url": "https://www.azulsystems.com/license/zulu_third_party_licenses.html"
    },
    "architecture": {
        "64bit": {
            "url": "https://cdn.azul.com/zulu/bin/zulu13.54.17-ca-jdk13.0.14-win_x64.zip",
            "hash": "dfc6a54c66edfa54500b4bcdec4e9c43374f8fc05819dcfda291ad70803ebf34",
            "extract_dir": "zulu13.54.17-ca-jdk13.0.14-win_x64"
        },
        "32bit": {
            "url": "https://cdn.azul.com/zulu/bin/zulu13.54.17-ca-jdk13.0.14-win_i686.zip",
            "hash": "916cc8b3aaa19aec4fcdd561ae94eab6c0b7a7aaed0f23569e4f3ab77ebc993d",
            "extract_dir": "zulu13.54.17-ca-jdk13.0.14-win_i686"
        }
    },
    "env_add_path": "bin",
    "env_set": {
        "JAVA_HOME": "$dir"
    },
    "checkver": {
        "url": "https://api.azul.com/metadata/v1/zulu/packages/?java_version=13&os=windows&arch=x64&archive_type=zip&java_package_type=jdk&javafx_bundled=false&crac_supported=false&release_type=PSU&latest=true&include_fields=sha256_hash&page_size=1",
        "jsonpath": "$..download_url",
        "regex": "(?<name>zulu(?<version>[\\d.]+)-ca-jdk(?<java>[\\d.]+)-win)_x64.zip",
        "replace": "${version}"
    },
    "autoupdate": {
        "architecture": {
            "64bit": {
                "url": "https://cdn.azul.com/zulu/bin/$matchName_x64.zip",
                "extract_dir": "$matchName_x64",
                "hash": {
                    "url": "https://api.azul.com/metadata/v1/zulu/packages/?java_version=13&os=windows&arch=x64&archive_type=zip&java_package_type=jdk&javafx_bundled=false&crac_supported=false&release_type=PSU&latest=true&include_fields=sha256_hash&page_size=1",
                    "jp": "$..sha256_hash"
                }
            },
            "32bit": {
                "url": "https://cdn.azul.com/zulu/bin/$matchName_i686.zip",
                "extract_dir": "$matchName_i686",
                "hash": {
                    "url": "https://api.azul.com/metadata/v1/zulu/packages/?java_version=13&os=windows&arch=xi686&archive_type=zip&java_package_type=jdk&javafx_bundled=false&crac_supported=false&release_type=PSU&latest=true&include_fields=sha256_hash&page_size=1",
                    "jp": "$..sha256_hash"
                }
            }
        }
    }
}
