{
  "main": {
    "ne": {
      "identity": {
        "version": {
          "_cldrVersion": "39"
        },
        "language": "ne"
      },
      "dates": {
        "calendars": {
          "buddhist": {
            "months": {
              "format": {
                "abbreviated": {
                  "1": "जनवरी",
                  "2": "फेब्रुअरी",
                  "3": "मार्च",
                  "4": "अप्रिल",
                  "5": "मे",
                  "6": "जुन",
                  "7": "जुलाई",
                  "8": "अगस्ट",
                  "9": "सेप्टेम्बर",
                  "10": "अक्टोबर",
                  "11": "नोभेम्बर",
                  "12": "डिसेम्बर"
                },
                "narrow": {
                  "1": "जन",
                  "2": "फेब",
                  "3": "मार्च",
                  "4": "अप्र",
                  "5": "मे",
                  "6": "जुन",
                  "7": "जुल",
                  "8": "अग",
                  "9": "सेप",
                  "10": "अक्टो",
                  "11": "नोभे",
                  "12": "डिसे"
                },
                "wide": {
                  "1": "जनवरी",
                  "2": "फेब्रुअरी",
                  "3": "मार्च",
                  "4": "अप्रिल",
                  "5": "मे",
                  "6": "जुन",
                  "7": "जुलाई",
                  "8": "अगस्ट",
                  "9": "सेप्टेम्बर",
                  "10": "अक्टोबर",
                  "11": "नोभेम्बर",
                  "12": "डिसेम्बर"
                }
              },
              "stand-alone": {
                "abbreviated": {
                  "1": "जनवरी",
                  "2": "फेब्रुअरी",
                  "3": "मार्च",
                  "4": "अप्रिल",
                  "5": "मे",
                  "6": "जुन",
                  "7": "जुलाई",
                  "8": "अगस्ट",
                  "9": "सेप्टेम्बर",
                  "10": "अक्टोबर",
                  "11": "नोभेम्बर",
                  "12": "डिसेम्बर"
                },
                "narrow": {
                  "1": "जन",
                  "2": "फेेब",
                  "3": "मार्च",
                  "4": "अप्र",
                  "5": "मे",
                  "6": "जुन",
                  "7": "जुल",
                  "8": "अग",
                  "9": "सेप",
                  "10": "अक्टो",
                  "11": "नोभे",
                  "12": "डिसे"
                },
                "wide": {
                  "1": "जनवरी",
                  "2": "फेब्रुअरी",
                  "3": "मार्च",
                  "4": "अप्रिल",
                  "5": "मे",
                  "6": "जुन",
                  "7": "जुलाई",
                  "8": "अगस्ट",
                  "9": "सेप्टेम्बर",
                  "10": "अक्टोबर",
                  "11": "नोभेम्बर",
                  "12": "डिसेम्बर"
                }
              }
            },
            "days": {
              "format": {
                "abbreviated": {
                  "sun": "आइत",
                  "mon": "सोम",
                  "tue": "मङ्गल",
                  "wed": "बुध",
                  "thu": "बिहि",
                  "fri": "शुक्र",
                  "sat": "शनि"
                },
                "narrow": {
                  "sun": "आ",
                  "mon": "सो",
                  "tue": "म",
                  "wed": "बु",
                  "thu": "बि",
                  "fri": "शु",
                  "sat": "श"
                },
                "short": {
                  "sun": "आइत",
                  "mon": "सोम",
                  "tue": "मङ्गल",
                  "wed": "बुध",
                  "thu": "बिहि",
                  "fri": "शुक्र",
                  "sat": "शनि"
                },
                "wide": {
                  "sun": "आइतबार",
                  "mon": "सोमबार",
                  "tue": "मङ्गलबार",
                  "wed": "बुधबार",
                  "thu": "बिहिबार",
                  "fri": "शुक्रबार",
                  "sat": "शनिबार"
                }
              },
              "stand-alone": {
                "abbreviated": {
                  "sun": "आइत",
                  "mon": "सोम",
                  "tue": "मङ्गल",
                  "wed": "बुध",
                  "thu": "बिहि",
                  "fri": "शुक्र",
                  "sat": "शनि"
                },
                "narrow": {
                  "sun": "आ",
                  "mon": "सो",
                  "tue": "म",
                  "wed": "बु",
                  "thu": "बि",
                  "fri": "शु",
                  "sat": "श"
                },
                "short": {
                  "sun": "आइत",
                  "mon": "सोम",
                  "tue": "मङ्गल",
                  "wed": "बुध",
                  "thu": "बिहि",
                  "fri": "शुक्र",
                  "sat": "शनि"
                },
                "wide": {
                  "sun": "आइतबार",
                  "mon": "सोमबार",
                  "tue": "मङ्गलबार",
                  "wed": "बुधबार",
                  "thu": "बिहिबार",
                  "fri": "शुक्रबार",
                  "sat": "शनिबार"
                }
              }
            },
            "quarters": {
              "format": {
                "abbreviated": {
                  "1": "पहिलो सत्र",
                  "2": "दोस्रो सत्र",
                  "3": "तेस्रो सत्र",
                  "4": "चौथो सत्र"
                },
                "narrow": {
                  "1": "१",
                  "2": "२",
                  "3": "३",
                  "4": "४"
                },
                "wide": {
                  "1": "पहिलो सत्र",
                  "2": "दोस्रो सत्र",
                  "3": "तेस्रो सत्र",
                  "4": "चौथो सत्र"
                }
              },
              "stand-alone": {
                "abbreviated": {
                  "1": "पहिलो सत्र",
                  "2": "दोस्रो सत्र",
                  "3": "तेस्रो सत्र",
                  "4": "चौथो सत्र"
                },
                "narrow": {
                  "1": "१",
                  "2": "२",
                  "3": "३",
                  "4": "४"
                },
                "wide": {
                  "1": "पहिलो सत्र",
                  "2": "दोस्रो सत्र",
                  "3": "तेस्रो सत्र",
                  "4": "चौथो सत्र"
                }
              }
            },
            "dayPeriods": {
              "format": {
                "abbreviated": {
                  "midnight": "मध्यरात",
                  "am": "पूर्वाह्न",
                  "noon": "मध्यान्ह",
                  "pm": "अपराह्न",
                  "morning1": "बिहान",
                  "afternoon1": "अपरान्ह",
                  "afternoon2": "साँझ",
                  "evening1": "बेलुकी",
                  "night1": "रात"
                },
                "narrow": {
                  "midnight": "मध्यरात",
                  "am": "पूर्वाह्न",
                  "noon": "मध्यान्ह",
                  "pm": "अपराह्न",
                  "morning1": "बिहान",
                  "afternoon1": "अपरान्ह",
                  "afternoon2": "साँझ",
                  "evening1": "बेलुकी",
                  "night1": "रात"
                },
                "wide": {
                  "midnight": "मध्यरात",
                  "am": "पूर्वाह्न",
                  "noon": "मध्यान्ह",
                  "pm": "अपराह्न",
                  "morning1": "बिहान",
                  "afternoon1": "अपरान्ह",
                  "afternoon2": "साँझ",
                  "evening1": "बेलुकी",
                  "night1": "रात"
                }
              },
              "stand-alone": {
                "abbreviated": {
                  "midnight": "मध्यरात",
                  "am": "पूर्वाह्न",
                  "noon": "मध्यान्ह",
                  "pm": "अपराह्न",
                  "morning1": "बिहान",
                  "afternoon1": "अपरान्ह",
                  "afternoon2": "साँझ",
                  "evening1": "बेलुकी",
                  "night1": "रात"
                },
                "narrow": {
                  "midnight": "मध्यरात",
                  "am": "पूर्वाह्न",
                  "noon": "मध्यान्ह",
                  "pm": "अपराह्न",
                  "morning1": "बिहान",
                  "afternoon1": "अपरान्ह",
                  "afternoon2": "साँझ",
                  "evening1": "बेलुकी",
                  "night1": "रात"
                },
                "wide": {
                  "midnight": "मध्यरात",
                  "am": "पूर्वाह्न",
                  "noon": "मध्यान्ह",
                  "pm": "अपराह्न",
                  "morning1": "बिहान",
                  "afternoon1": "अपरान्ह",
                  "afternoon2": "साँझ",
                  "evening1": "बेलुकी",
                  "night1": "रात"
                }
              }
            },
            "eras": {
              "eraNames": {
                "0": "BE"
              },
              "eraAbbr": {
                "0": "BE"
              },
              "eraNarrow": {
                "0": "BE"
              }
            },
            "dateFormats": {
              "full": "G y MMMM d, EEEE",
              "long": "G y MMMM d",
              "medium": "G y MMM d",
              "short": "GGGGG y-MM-dd"
            },
            "timeFormats": {
              "full": "HH:mm:ss zzzz",
              "long": "HH:mm:ss z",
              "medium": "HH:mm:ss",
              "short": "HH:mm"
            },
            "dateTimeFormats": {
              "full": "{1}{0}मा",
              "long": "{1}{0}मा",
              "medium": "{1},{0}",
              "short": "{1},{0}",
              "availableFormats": {
                "Bh": "h B",
                "Bhm": "h:mm B",
                "Bhms": "h:mm:ss B",
                "d": "d",
                "E": "ccc",
                "EBhm": "E h:mm B",
                "EBhms": "E h:mm:ss B",
                "Ed": "d, E",
                "Ehm": "E h:mm a",
                "EHm": "E HH:mm",
                "Ehms": "E h:mm:ss a",
                "EHms": "E HH:mm:ss",
                "Gy": "G y",
                "GyMMM": "G y MMM",
                "GyMMMd": "G y MMM d",
                "GyMMMEd": "G y MMM d, E",
                "h": "h a",
                "H": "HH",
                "hm": "h:mm a",
                "Hm": "HH:mm",
                "hms": "h:mm:ss a",
                "Hms": "HH:mm:ss",
                "M": "L",
                "Md": "MM-dd",
                "MEd": "MM/dd, E",
                "MMM": "LLL",
                "MMMd": "MMM d",
                "MMMEd": "MMM d, E",
                "MMMMd": "MMMM d",
                "ms": "mm:ss",
                "y": "G y",
                "yyyy": "G y",
                "yyyyM": "GGGGG y-MM",
                "yyyyMd": "GGGGG y-MM-dd",
                "yyyyMEd": "GGGGG y-MM-dd, E",
                "yyyyMMM": "G y MMM",
                "yyyyMMMd": "G y MMM d",
                "yyyyMMMEd": "G y MMM d, E",
                "yyyyMMMM": "G y MMMM",
                "yyyyQQQ": "G y QQQ",
                "yyyyQQQQ": "G y QQQQ"
              },
              "appendItems": {
                "Day": "{0} ({2}: {1})",
                "Day-Of-Week": "{0} {1}",
                "Era": "{1} {0}",
                "Hour": "{0} ({2}: {1})",
                "Minute": "{0} ({2}: {1})",
                "Month": "{0} ({2}: {1})",
                "Quarter": "{0} ({2}: {1})",
                "Second": "{0} ({2}: {1})",
                "Timezone": "{0} {1}",
                "Week": "{0} ({2}: {1})",
                "Year": "{1} {0}"
              },
              "intervalFormats": {
                "intervalFormatFallback": "{0} – {1}",
                "Bh": {
                  "B": "h B – h B",
                  "h": "h–h B"
                },
                "Bhm": {
                  "B": "h:mm B – h:mm B",
                  "h": "h:mm–h:mm B",
                  "m": "h:mm–h:mm B"
                },
                "d": {
                  "d": "d–d"
                },
                "Gy": {
                  "G": "G y – G y",
                  "y": "G y–y"
                },
                "GyM": {
                  "G": "GGGGG y-MM – GGGGG y-MM",
                  "M": "GGGGG y-MM – y-MM",
                  "y": "GGGGG y-MM – y-MM"
                },
                "GyMd": {
                  "d": "GGGGG y-MM-dd – y-MM-dd",
                  "G": "GGGGG y-MM-dd – GGGGG y-MM-dd",
                  "M": "GGGGG y-MM-dd – y-MM-dd",
                  "y": "GGGGG y-MM-dd – y-MM-dd"
                },
                "GyMEd": {
                  "d": "GGGGG y-MM-dd, E – y-MM-dd, E",
                  "G": "GGGGG y-MM-dd, E – GGGGG y-MM-dd, E",
                  "M": "GGGGG y-MM-dd, E – y-MM-dd, E",
                  "y": "GGGGG y-MM-dd, E – y-MM-dd, E"
                },
                "GyMMM": {
                  "G": "G y MMM – G y MMM",
                  "M": "G y MMM–MMM",
                  "y": "G y MMM – y MMM"
                },
                "GyMMMd": {
                  "d": "G y MMM d–d",
                  "G": "G y MMM d – G y MMM d",
                  "M": "G y MMM d – MMM d",
                  "y": "G y MMM d – y MMM d"
                },
                "GyMMMEd": {
                  "d": "G y MMM d, E – MMM d, E",
                  "G": "G y MMM d, E – G y MMM d, E",
                  "M": "G y MMM d, E – MMM d, E",
                  "y": "G y MMM d, E – y MMM d, E"
                },
                "h": {
                  "a": "h a – h a",
                  "h": "h–h a"
                },
                "H": {
                  "H": "HH–HH"
                },
                "hm": {
                  "a": "h:mm a – h:mm a",
                  "h": "h:mm–h:mm a",
                  "m": "h:mm–h:mm a"
                },
                "Hm": {
                  "H": "HH:mm–HH:mm",
                  "m": "HH:mm–HH:mm"
                },
                "hmv": {
                  "a": "h:mm a – h:mm a v",
                  "h": "h:mm–h:mm a v",
                  "m": "h:mm–h:mm a v"
                },
                "Hmv": {
                  "H": "HH:mm–HH:mm v",
                  "m": "HH:mm–HH:mm v"
                },
                "hv": {
                  "a": "h a – h a v",
                  "h": "h–h a v"
                },
                "Hv": {
                  "H": "HH–HH v"
                },
                "M": {
                  "M": "MM–MM"
                },
                "Md": {
                  "d": "MM-dd – MM-dd",
                  "M": "MM-dd – MM-dd"
                },
                "MEd": {
                  "d": "MM/dd, E – MM/dd, E",
                  "M": "MM/dd, E – MM/dd, E"
                },
                "MMM": {
                  "M": "LLL–LLL"
                },
                "MMMd": {
                  "d": "MMM d–d",
                  "M": "MMM d – MMM d"
                },
                "MMMEd": {
                  "d": "MMM d, E – MMM d, E",
                  "M": "MMM d, E – MMM d, E"
                },
                "y": {
                  "y": "G y–y"
                },
                "yM": {
                  "M": "GGGGG y-MM – y-MM",
                  "y": "GGGGG y-MM – y-MM"
                },
                "yMd": {
                  "d": "GGGGG y-MM-dd – y-MM-dd",
                  "M": "GGGGG y-MM-dd – y-MM-dd",
                  "y": "GGGGG y-MM-dd – y-MM-dd"
                },
                "yMEd": {
                  "d": "GGGGG y-MM-dd, E – y-MM-dd, E",
                  "M": "GGGGG y-MM-dd, E – y-MM-dd, E",
                  "y": "GGGGG y-MM-dd, E – y-MM-dd, E"
                },
                "yMMM": {
                  "M": "G y MMM–MMM",
                  "y": "G y MMM – y MMM"
                },
                "yMMMd": {
                  "d": "G y MMM d–d",
                  "M": "G y MMM d – MMM d",
                  "y": "G y MMM d – y MMM d"
                },
                "yMMMEd": {
                  "d": "G y MMM d, E – MMM d, E",
                  "M": "G y MMM d, E – MMM d, E",
                  "y": "G y MMM d, E – y MMM d, E"
                },
                "yMMMM": {
                  "M": "G y MMMM–MMMM",
                  "y": "G y MMMM – y MMMM"
                }
              }
            }
          }
        }
      }
    }
  }
}
