{
  "main": {
    "es-BO": {
      "identity": {
        "version": {
          "_cldrVersion": "39"
        },
        "language": "es",
        "territory": "BO"
      },
      "dates": {
        "calendars": {
          "buddhist": {
            "months": {
              "format": {
                "abbreviated": {
                  "1": "ene.",
                  "2": "feb.",
                  "3": "mar.",
                  "4": "abr.",
                  "5": "may.",
                  "6": "jun.",
                  "7": "jul.",
                  "8": "ago.",
                  "9": "sep.",
                  "10": "oct.",
                  "11": "nov.",
                  "12": "dic."
                },
                "narrow": {
                  "1": "E",
                  "2": "F",
                  "3": "M",
                  "4": "A",
                  "5": "M",
                  "6": "J",
                  "7": "J",
                  "8": "A",
                  "9": "S",
                  "10": "O",
                  "11": "N",
                  "12": "D"
                },
                "wide": {
                  "1": "enero",
                  "2": "febrero",
                  "3": "marzo",
                  "4": "abril",
                  "5": "mayo",
                  "6": "junio",
                  "7": "julio",
                  "8": "agosto",
                  "9": "septiembre",
                  "10": "octubre",
                  "11": "noviembre",
                  "12": "diciembre"
                }
              },
              "stand-alone": {
                "abbreviated": {
                  "1": "ene.",
                  "2": "feb.",
                  "3": "mar.",
                  "4": "abr.",
                  "5": "may.",
                  "6": "jun.",
                  "7": "jul.",
                  "8": "ago.",
                  "9": "sep.",
                  "10": "oct.",
                  "11": "nov.",
                  "12": "dic."
                },
                "narrow": {
                  "1": "E",
                  "2": "F",
                  "3": "M",
                  "4": "A",
                  "5": "M",
                  "6": "J",
                  "7": "J",
                  "8": "A",
                  "9": "S",
                  "10": "O",
                  "11": "N",
                  "12": "D"
                },
                "wide": {
                  "1": "enero",
                  "2": "febrero",
                  "3": "marzo",
                  "4": "abril",
                  "5": "mayo",
                  "6": "junio",
                  "7": "julio",
                  "8": "agosto",
                  "9": "septiembre",
                  "10": "octubre",
                  "11": "noviembre",
                  "12": "diciembre"
                }
              }
            },
            "days": {
              "format": {
                "abbreviated": {
                  "sun": "dom",
                  "mon": "lun",
                  "tue": "mar",
                  "wed": "mié",
                  "thu": "jue",
                  "fri": "vie",
                  "sat": "sáb"
                },
                "narrow": {
                  "sun": "d",
                  "mon": "l",
                  "tue": "m",
                  "wed": "m",
                  "thu": "j",
                  "fri": "v",
                  "sat": "s"
                },
                "short": {
                  "sun": "DO",
                  "mon": "LU",
                  "tue": "MA",
                  "wed": "MI",
                  "thu": "JU",
                  "fri": "VI",
                  "sat": "SA"
                },
                "wide": {
                  "sun": "domingo",
                  "mon": "lunes",
                  "tue": "martes",
                  "wed": "miércoles",
                  "thu": "jueves",
                  "fri": "viernes",
                  "sat": "sábado"
                }
              },
              "stand-alone": {
                "abbreviated": {
                  "sun": "dom.",
                  "mon": "lun.",
                  "tue": "mar.",
                  "wed": "mié.",
                  "thu": "jue.",
                  "fri": "vie.",
                  "sat": "sáb."
                },
                "narrow": {
                  "sun": "D",
                  "mon": "L",
                  "tue": "M",
                  "wed": "M",
                  "thu": "J",
                  "fri": "V",
                  "sat": "S"
                },
                "short": {
                  "sun": "DO",
                  "mon": "LU",
                  "tue": "MA",
                  "wed": "MI",
                  "thu": "JU",
                  "fri": "VI",
                  "sat": "SA"
                },
                "wide": {
                  "sun": "domingo",
                  "mon": "lunes",
                  "tue": "martes",
                  "wed": "miércoles",
                  "thu": "jueves",
                  "fri": "viernes",
                  "sat": "sábado"
                }
              }
            },
            "quarters": {
              "format": {
                "abbreviated": {
                  "1": "T1",
                  "2": "T2",
                  "3": "T3",
                  "4": "T4"
                },
                "narrow": {
                  "1": "1",
                  "2": "2",
                  "3": "3",
                  "4": "4"
                },
                "wide": {
                  "1": "1.º trimestre",
                  "2": "2.º trimestre",
                  "3": "3.º trimestre",
                  "4": "4.º trimestre"
                }
              },
              "stand-alone": {
                "abbreviated": {
                  "1": "T1",
                  "2": "T2",
                  "3": "T3",
                  "4": "T4"
                },
                "narrow": {
                  "1": "1",
                  "2": "2",
                  "3": "3",
                  "4": "4"
                },
                "wide": {
                  "1": "1.º trimestre",
                  "2": "2.º trimestre",
                  "3": "3.º trimestre",
                  "4": "4.º trimestre"
                }
              }
            },
            "dayPeriods": {
              "format": {
                "abbreviated": {
                  "am": "a. m.",
                  "noon": "del mediodía",
                  "pm": "p. m.",
                  "morning1": "de la madrugada",
                  "morning2": "de la mañana",
                  "evening1": "de la tarde",
                  "night1": "de la noche"
                },
                "narrow": {
                  "am": "a. m.",
                  "noon": "del mediodía",
                  "pm": "p. m.",
                  "morning1": "de la madrugada",
                  "morning2": "de la mañana",
                  "evening1": "de la tarde",
                  "night1": "de la noche"
                },
                "wide": {
                  "am": "a. m.",
                  "noon": "del mediodía",
                  "pm": "p. m.",
                  "morning1": "de la madrugada",
                  "morning2": "de la mañana",
                  "evening1": "de la tarde",
                  "night1": "de la noche"
                }
              },
              "stand-alone": {
                "abbreviated": {
                  "am": "a. m.",
                  "noon": "mediodía",
                  "pm": "p. m.",
                  "morning1": "madrugada",
                  "morning2": "mañana",
                  "evening1": "tarde",
                  "night1": "noche"
                },
                "narrow": {
                  "am": "a. m.",
                  "noon": "mediodía",
                  "pm": "p. m.",
                  "morning1": "madrugada",
                  "morning2": "mañana",
                  "evening1": "tarde",
                  "night1": "noche"
                },
                "wide": {
                  "am": "a. m.",
                  "noon": "mediodía",
                  "pm": "p. m.",
                  "morning1": "madrugada",
                  "morning2": "mañana",
                  "evening1": "tarde",
                  "night1": "noche"
                }
              }
            },
            "eras": {
              "eraNames": {
                "0": "BE"
              },
              "eraAbbr": {
                "0": "BE"
              },
              "eraNarrow": {
                "0": "BE"
              }
            },
            "dateFormats": {
              "full": "EEEE, d 'de' MMMM 'de' y G",
              "long": "d 'de' MMMM 'de' y G",
              "medium": "d 'de' MMM 'de' y G",
              "short": "dd/MM/yy GGGGG"
            },
            "timeFormats": {
              "full": "HH:mm:ss zzzz",
              "long": "HH:mm:ss z",
              "medium": "HH:mm:ss",
              "short": "HH:mm"
            },
            "dateTimeFormats": {
              "full": "{1}, {0}",
              "long": "{1}, {0}",
              "medium": "{1} {0}",
              "short": "{1} {0}",
              "availableFormats": {
                "Bh": "h B",
                "Bhm": "h:mm B",
                "Bhms": "h:mm:ss B",
                "d": "d",
                "E": "ccc",
                "EBhm": "E h:mm B",
                "EBhms": "E h:mm:ss B",
                "Ed": "E d",
                "Ehm": "E h:mm a",
                "EHm": "E HH:mm",
                "Ehms": "E h:mm:ss a",
                "EHms": "E HH:mm:ss",
                "Gy": "y G",
                "GyMMM": "MMM 'de' y G",
                "GyMMMd": "d 'de' MMM 'de' y G",
                "GyMMMEd": "E, d 'de' MMM 'de' y G",
                "GyMMMM": "MMMM 'de' y G",
                "GyMMMMd": "d 'de' MMMM 'de' y G",
                "GyMMMMEd": "E, d 'de' MMMM 'de' y G",
                "h": "h a",
                "H": "HH",
                "hm": "h:mm a",
                "Hm": "HH:mm",
                "hms": "h:mm:ss a",
                "Hms": "HH:mm:ss",
                "M": "L",
                "Md": "d/M",
                "MEd": "E, d/M",
                "MMM": "LLL",
                "MMMd": "d 'de' MMM",
                "MMMEd": "E, d 'de' MMM",
                "MMMMd": "d 'de' MMMM",
                "MMMMEd": "E, d 'de' MMMM",
                "ms": "mm:ss",
                "y": "y G",
                "yMEd": "E d/M/y G",
                "yyyy": "y G",
                "yyyyM": "M/y GGGGG",
                "yyyyMd": "d/M/y GGGGG",
                "yyyyMEd": "E d/M/y GGGGG",
                "yyyyMMM": "MMM 'de' y G",
                "yyyyMMMd": "d 'de' MMM 'de' y G",
                "yyyyMMMEd": "EEE, d 'de' MMM 'de' y G",
                "yyyyMMMM": "MMMM 'de' y G",
                "yyyyMMMMd": "d 'de' MMMM 'de' y G",
                "yyyyMMMMEd": "EEE, d 'de' MMMM 'de' y G",
                "yyyyQQQ": "QQQ 'de' y G",
                "yyyyQQQQ": "QQQQ 'de' y G"
              },
              "appendItems": {
                "Day": "{0} ({2}: {1})",
                "Day-Of-Week": "{0} {1}",
                "Era": "{1} {0}",
                "Hour": "{0} ({2}: {1})",
                "Minute": "{0} ({2}: {1})",
                "Month": "{0} ({2}: {1})",
                "Quarter": "{0} ({2}: {1})",
                "Second": "{0} ({2}: {1})",
                "Timezone": "{0} {1}",
                "Week": "{0} ({2}: {1})",
                "Year": "{1} {0}"
              },
              "intervalFormats": {
                "intervalFormatFallback": "{0}–{1}",
                "Bh": {
                  "B": "h B – h B",
                  "h": "h–h B"
                },
                "Bhm": {
                  "B": "h:mm B – h:mm B",
                  "h": "h:mm–h:mm B",
                  "m": "h:mm–h:mm B"
                },
                "d": {
                  "d": "d–d"
                },
                "Gy": {
                  "G": "y G – y G",
                  "y": "y–y G"
                },
                "GyM": {
                  "G": "MM/y GGGGG – MM/y GGGGG",
                  "M": "MM/y – MM/y GGGGG",
                  "y": "MM/y – MM/y GGGGG"
                },
                "GyMd": {
                  "d": "dd/MM/y – dd/MM/y GGGGG",
                  "G": "dd/MM/y GGGGG – dd/MM/y GGGGG",
                  "M": "dd/MM/y – dd/MM/y GGGGG",
                  "y": "dd/MM/y – dd/MM/y GGGGG"
                },
                "GyMEd": {
                  "d": "E dd/MM/y – E dd/MM/y GGGGG",
                  "G": "E dd/MM/y GGGGG – E dd/MM/y GGGGG",
                  "M": "E dd/MM/y – E dd/MM/y GGGGG",
                  "y": "E dd/MM/y – E dd/MM/y GGGGG"
                },
                "GyMMM": {
                  "G": "MMM 'de' y G – MMM 'de' y G",
                  "M": "MMM–MMM 'de' y G",
                  "y": "MMM 'de' y – MMM 'de' y G"
                },
                "GyMMMd": {
                  "d": "d–d 'de' MMM 'de' y G",
                  "G": "d 'de' MMM 'de' y G – d 'de' MMM 'de' y G",
                  "M": "d 'de' MMM – d 'de' MMM 'de' y G",
                  "y": "d 'de' MMM 'de' y – d 'de' MMM 'de' y G"
                },
                "GyMMMEd": {
                  "d": "E d 'de' MMM – E d 'de' MMM 'de' y G",
                  "G": "E d 'de' MMM 'de' y G – E d 'de' MMM 'de' y G",
                  "M": "E d 'de' MMM – E d 'de' MMM 'de' y G",
                  "y": "E d 'de' MMM 'de' y – E d 'de' MMM 'de' y G"
                },
                "h": {
                  "a": "h a – h a",
                  "h": "h–h a"
                },
                "H": {
                  "H": "HH–HH"
                },
                "hm": {
                  "a": "h:mm a – h:mm a",
                  "h": "h:mm – h:mm a",
                  "m": "h:mm – h:mm a"
                },
                "Hm": {
                  "H": "HH:mm – HH:mm",
                  "m": "HH:mm – HH:mm"
                },
                "hmv": {
                  "a": "h:mm a – h:mm a v",
                  "h": "h:mm – h:mm a v",
                  "m": "h:mm – h:mm a v"
                },
                "Hmv": {
                  "H": "HH:mm – HH:mm v",
                  "m": "HH:mm – HH:mm v"
                },
                "hv": {
                  "a": "h a – h a v",
                  "h": "h–h a v"
                },
                "Hv": {
                  "H": "HH–HH v"
                },
                "M": {
                  "M": "M–M"
                },
                "Md": {
                  "d": "d/M–d/M",
                  "M": "d/M–d/M"
                },
                "MEd": {
                  "d": "E, d/M–E, d/M",
                  "M": "E, d/M–E, d/M"
                },
                "MMM": {
                  "M": "MMM–MMM"
                },
                "MMMd": {
                  "d": "d–d 'de' MMM",
                  "M": "d 'de' MMM–d 'de' MMM"
                },
                "MMMEd": {
                  "d": "E, d 'de' MMM–E, d 'de' MMM",
                  "M": "E, d 'de' MMM–E, d 'de' MMM"
                },
                "y": {
                  "y": "y–y G"
                },
                "yM": {
                  "M": "M/y – M/y GGGGG",
                  "y": "M/y – M/y GGGGG"
                },
                "yMd": {
                  "d": "d/M/y – d/M/y GGGGG",
                  "M": "d/M/y – d/M/y GGGGG",
                  "y": "d/M/y – d/M/y GGGGG"
                },
                "yMEd": {
                  "d": "E, d/M/y – E, d/M/y GGGGG",
                  "M": "E, d/M/y – E, d/M/y GGGGG",
                  "y": "E, d/M/y – E, d/M/y GGGGG"
                },
                "yMMM": {
                  "M": "MMM–MMM 'de' y G",
                  "y": "MMM 'de' y – MMM 'de' y G"
                },
                "yMMMd": {
                  "d": "d–d 'de' MMM 'de' y G",
                  "M": "d 'de' MMM – d 'de' MMM y G",
                  "y": "d 'de' MMM 'de' y – d 'de' MMM 'de' y G"
                },
                "yMMMEd": {
                  "d": "E, d 'de' MMM – E, d 'de' MMM 'de' y G",
                  "M": "E, d 'de' MMM – E, d 'de' MMM 'de' y G",
                  "y": "E, d 'de' MMM 'de' y – E, d 'de' MMM 'de' y G"
                },
                "yMMMM": {
                  "M": "MMMM–MMMM 'de' y G",
                  "y": "MMMM 'de' y – MMMM 'de' y G"
                }
              }
            }
          }
        }
      }
    }
  }
}
