{
    "version": "1.00",
    "homepage": "https://www.nirsoft.net/utils/acm.html",
    "url": "https://www.nirsoft.net/utils/acm.zip",
    "bin": "acm.exe",
    "shortcuts": [
        [
            "acm.exe",
            "NirSoft\\ActiveX Compatibility Manager"
        ]
    ],
    "persist": [
        "acm_lng.ini",
        "acm.cfg"
    ],
    "hash": "f06016105b015a5a3b3e38204cc67cd4e32814cdaaad147cce9ade34313b7bf4",
    "description": "Disable/enable ActiveX components on Internet Explorer browser.",
    "license": "Freeware",
    "notes": "If this application is useful to you, please consider donating to NirSoft - https://www.nirsoft.net/donate.html",
    "checkver": {
        "url": "https://www.nirsoft.net/pad/acm.xml",
        "xpath": "/XML_DIZ_INFO/Program_Info/Program_Version"
    },
    "autoupdate": {
        "url": "https://www.nirsoft.net/utils/acm.zip"
    }
}
