{
    "version": "1.01",
    "homepage": "https://www.nirsoft.net/utils/addrview.html",
    "url": "https://www.nirsoft.net/utils/addrview.zip",
    "bin": "AddrView.exe",
    "shortcuts": [
        [
            "AddrView.exe",
            "NirSoft\\AddrView"
        ]
    ],
    "persist": [
        "addrview_lng.ini",
        "addrview.cfg"
    ],
    "hash": "806883045b6b510625d05ae965222b80c451a0b18ce30343ec9607cca10d4017",
    "description": "Extract URL addresses from HTML pages.",
    "license": "Freeware",
    "notes": "If this application is useful to you, please consider donating to NirSoft - https://www.nirsoft.net/donate.html",
    "checkver": {
        "url": "https://www.nirsoft.net/pad/addrview.xml",
        "xpath": "/XML_DIZ_INFO/Program_Info/Program_Version"
    },
    "autoupdate": {
        "url": "https://www.nirsoft.net/utils/addrview.zip"
    }
}
