{
    "version": "1.51",
    "homepage": "https://www.nirsoft.net/utils/advanced_run.html",
    "bin": "AdvancedRun.exe",
    "shortcuts": [
        [
            "AdvancedRun.exe",
            "NirSoft\\AdvancedRun"
        ]
    ],
    "persist": [
        "advancedrun_lng.ini",
        "advancedrun.cfg"
    ],
    "architecture": {
        "64bit": {
            "url": "https://www.nirsoft.net/utils/advancedrun-x64.zip",
            "hash": "a05825b22d78807ca5a6fdfcedaf326297d3102756fdaa58e9c0a52aab7091d2"
        },
        "32bit": {
            "url": "https://www.nirsoft.net/utils/advancedrun.zip",
            "hash": "b2c65aa6e71b0f154c5f3a8b884582779d716ff2c03d6cdca9e157f0fe397c9c"
        }
    },
    "description": "Run a program with different settings that you choose.",
    "license": "Freeware",
    "notes": "If this application is useful to you, please consider donating to NirSoft - https://www.nirsoft.net/donate.html",
    "checkver": {
        "url": "https://www.nirsoft.net/pad/advancedrun.xml",
        "xpath": "/XML_DIZ_INFO/Program_Info/Program_Version"
    },
    "autoupdate": {
        "architecture": {
            "64bit": {
                "url": "https://www.nirsoft.net/utils/advancedrun-x64.zip"
            },
            "32bit": {
                "url": "https://www.nirsoft.net/utils/advancedrun.zip"
            }
        }
    }
}
