{
    "version": "1.00",
    "homepage": "https://www.nirsoft.net/utils/all_threads_view.html",
    "bin": "AllThreadsView.exe",
    "shortcuts": [
        [
            "AllThreadsView.exe",
            "NirSoft\\AllThreadsView"
        ]
    ],
    "persist": [
        "allthreadsview_lng.ini",
        "allthreadsview.cfg"
    ],
    "architecture": {
        "64bit": {
            "url": "https://www.nirsoft.net/utils/allthreadsview-x64.zip",
            "hash": "10ec8f2781aef3f94c73cb1d4f0c6a6d39d6dc394c216a85e0b9e722ca60d6cf"
        },
        "32bit": {
            "url": "https://www.nirsoft.net/utils/allthreadsview.zip",
            "hash": "f3c9127174123c44d6cce9e18aa879c6c6333047b971b3e3dce3867c3a0467a0"
        }
    },
    "description": "Displays a list of all running threads in Windows",
    "license": "Freeware",
    "notes": "If this application is useful to you, please consider donating to NirSoft - https://www.nirsoft.net/donate.html",
    "checkver": {
        "url": "https://www.nirsoft.net/pad/allthreadsview.xml",
        "xpath": "/XML_DIZ_INFO/Program_Info/Program_Version"
    },
    "autoupdate": {
        "architecture": {
            "64bit": {
                "url": "https://www.nirsoft.net/utils/allthreadsview-x64.zip"
            },
            "32bit": {
                "url": "https://www.nirsoft.net/utils/allthreadsview.zip"
            }
        }
    }
}
