{
    "version": "1.58",
    "homepage": "https://www.nirsoft.net/utils/alternate_data_streams.html",
    "bin": "AlternateStreamView.exe",
    "shortcuts": [
        [
            "AlternateStreamView.exe",
            "NirSoft\\AlternateStreamView"
        ]
    ],
    "persist": [
        "alternatestreamview_lng.ini",
        "alternatestreamview.cfg"
    ],
    "architecture": {
        "64bit": {
            "url": "https://www.nirsoft.net/utils/alternatestreamview-x64.zip",
            "hash": "ad1f0edb2202ec1a736d9266b18b241eac5542c350578a3a8cdb4dd8b14ff37d"
        },
        "32bit": {
            "url": "https://www.nirsoft.net/utils/alternatestreamview.zip",
            "hash": "6a4600134b0b3f641b5b2694315c32db71f11b2d22aaeac027ae55101033d0b1"
        }
    },
    "description": "Find all hidden alternate streams stored in the file system.",
    "license": "Freeware",
    "notes": "If this application is useful to you, please consider donating to NirSoft - https://www.nirsoft.net/donate.html",
    "checkver": {
        "url": "https://www.nirsoft.net/pad/alternatestreamview.xml",
        "xpath": "/XML_DIZ_INFO/Program_Info/Program_Version"
    },
    "autoupdate": {
        "architecture": {
            "64bit": {
                "url": "https://www.nirsoft.net/utils/alternatestreamview-x64.zip"
            },
            "32bit": {
                "url": "https://www.nirsoft.net/utils/alternatestreamview.zip"
            }
        }
    }
}
