{
    "version": "1.05",
    "homepage": "https://www.nirsoft.net/utils/alternate_stream_dump.html",
    "url": "https://www.nirsoft.net/utils/altstreamdump.zip",
    "bin": "AltStreamDump.exe",
    "shortcuts": [
        [
            "AltStreamDump.exe",
            "NirSoft\\AltStreamDump"
        ]
    ],
    "persist": [
        "altstreamdump_lng.ini",
        "altstreamdump.cfg"
    ],
    "hash": "d65d237b0c8c8b2dba51d8784090fe3ded92a5c3e841db3354c3dce3fbeaf905",
    "description": "Dumps the list of NTFS alternate streams",
    "license": "Freeware",
    "notes": "If this application is useful to you, please consider donating to NirSoft - https://www.nirsoft.net/donate.html",
    "checkver": {
        "url": "https://www.nirsoft.net/pad/altstreamdump.xml",
        "xpath": "/XML_DIZ_INFO/Program_Info/Program_Version"
    },
    "autoupdate": {
        "url": "https://www.nirsoft.net/utils/altstreamdump.zip"
    }
}
