{
    "version": "1.16",
    "homepage": "https://www.nirsoft.net/utils/app_audio_config.html",
    "bin": "AppAudioConfig.exe",
    "shortcuts": [
        [
            "AppAudioConfig.exe",
            "NirSoft\\AppAudioConfig"
        ]
    ],
    "persist": [
        "appaudioconfig_lng.ini",
        "appaudioconfig.cfg"
    ],
    "architecture": {
        "64bit": {
            "url": "https://www.nirsoft.net/utils/appaudioconfig-x64.zip",
            "hash": "8d0408cdcfc324b8c3bb5443d7690f083b16e2f478b75bac2e73a508dbad7c14"
        },
        "32bit": {
            "url": "https://www.nirsoft.net/utils/appaudioconfig.zip",
            "hash": "fce712fc3c4b5ae614330030b0c0501fb61d85e284477e2c9bae7cd48264b2f4"
        }
    },
    "description": "View/change audio settings of applications",
    "license": "Freeware",
    "notes": "If this application is useful to you, please consider donating to NirSoft - https://www.nirsoft.net/donate.html",
    "checkver": {
        "url": "https://www.nirsoft.net/pad/appaudioconfig.xml",
        "xpath": "/XML_DIZ_INFO/Program_Info/Program_Version"
    },
    "autoupdate": {
        "architecture": {
            "64bit": {
                "url": "https://www.nirsoft.net/utils/appaudioconfig-x64.zip"
            },
            "32bit": {
                "url": "https://www.nirsoft.net/utils/appaudioconfig.zip"
            }
        }
    }
}
