{
    "version": "1.07",
    "homepage": "https://www.nirsoft.net/utils/app_compatibility_view.html",
    "bin": "AppCompatibilityView.exe",
    "shortcuts": [
        [
            "AppCompatibilityView.exe",
            "NirSoft\\AppCompatibilityView"
        ]
    ],
    "persist": [
        "appcompatibilityview_lng.ini",
        "appcompatibilityview.cfg"
    ],
    "architecture": {
        "64bit": {
            "url": "https://www.nirsoft.net/utils/appcompatibilityview-x64.zip",
            "hash": "88a1f7112612333ae24705fcf0aad05247bc76ef02941b6ab78be3435edd9caa"
        },
        "32bit": {
            "url": "https://www.nirsoft.net/utils/appcompatibilityview.zip",
            "hash": "e65a94c898de6dd0aa50886ed40cc18558a9f7d8805d78c6b2256ac9ddc7f054"
        }
    },
    "description": "List of all programs that run with different compatibility setting",
    "license": "Freeware",
    "notes": "If this application is useful to you, please consider donating to NirSoft - https://www.nirsoft.net/donate.html",
    "checkver": {
        "url": "https://www.nirsoft.net/pad/appcompatibilityview.xml",
        "xpath": "/XML_DIZ_INFO/Program_Info/Program_Version"
    },
    "autoupdate": {
        "architecture": {
            "64bit": {
                "url": "https://www.nirsoft.net/utils/appcompatibilityview-x64.zip"
            },
            "32bit": {
                "url": "https://www.nirsoft.net/utils/appcompatibilityview.zip"
            }
        }
    }
}
