{
    "version": "1.35",
    "homepage": "https://www.nirsoft.net/utils/app_crash_view.html",
    "url": "https://www.nirsoft.net/utils/appcrashview.zip",
    "bin": "AppCrashView.exe",
    "shortcuts": [
        [
            "AppCrashView.exe",
            "NirSoft\\AppCrashView"
        ]
    ],
    "persist": [
        "appcrashview_lng.ini",
        "appcrashview.cfg"
    ],
    "hash": "76eca5db923e938504d525b8b48a64ab4ad375ced896665dbc543960b07c6054",
    "description": "Displays the details of all application crashes occurred in your system. ",
    "license": "Freeware",
    "notes": "If this application is useful to you, please consider donating to NirSoft - https://www.nirsoft.net/donate.html",
    "checkver": {
        "url": "https://www.nirsoft.net/pad/appcrashview.xml",
        "xpath": "/XML_DIZ_INFO/Program_Info/Program_Version"
    },
    "autoupdate": {
        "url": "https://www.nirsoft.net/utils/appcrashview.zip"
    }
}
