{
    "version": "1.56",
    "homepage": "https://www.nirsoft.net/utils/app_network_counter.html",
    "bin": "AppNetworkCounter.exe",
    "shortcuts": [
        [
            "AppNetworkCounter.exe",
            "NirSoft\\AppNetworkCounter"
        ]
    ],
    "persist": [
        "appnetworkcounter_lng.ini",
        "appnetworkcounter.cfg"
    ],
    "architecture": {
        "64bit": {
            "url": "https://www.nirsoft.net/utils/appnetworkcounter-x64.zip",
            "hash": "f0dda86ddbb5cdab87e47c335cc50966d5a08c47901f8ea2e2c1604e00dd411c"
        },
        "32bit": {
            "url": "https://www.nirsoft.net/utils/appnetworkcounter.zip",
            "hash": "f7d12b8de73915311266f3d89714bbde1d65b2c19e083929b22983b6e3455df7"
        }
    },
    "description": "Displays number of TCP/UDP bytes and packets sent/received by every application",
    "license": "Freeware",
    "notes": "If this application is useful to you, please consider donating to NirSoft - https://www.nirsoft.net/donate.html",
    "checkver": {
        "url": "https://www.nirsoft.net/pad/appnetworkcounter.xml",
        "xpath": "/XML_DIZ_INFO/Program_Info/Program_Version"
    },
    "autoupdate": {
        "architecture": {
            "64bit": {
                "url": "https://www.nirsoft.net/utils/appnetworkcounter-x64.zip"
            },
            "32bit": {
                "url": "https://www.nirsoft.net/utils/appnetworkcounter.zip"
            }
        }
    }
}