{
    "version": "1.42",
    "homepage": "https://www.nirsoft.net/utils/app_read_write_counter.html",
    "bin": "AppReadWriteCounter.exe",
    "shortcuts": [
        [
            "AppReadWriteCounter.exe",
            "NirSoft\\AppReadWriteCounter"
        ]
    ],
    "persist": [
        "appreadwritecounter_lng.ini",
        "appreadwritecounter.cfg"
    ],
    "architecture": {
        "64bit": {
            "url": "https://www.nirsoft.net/utils/appreadwritecounter-x64.zip",
            "hash": "3ce88b0a1f9d4a287e79d22f0b410cc4bb0c1a4331b228c48b0239f061547193"
        },
        "32bit": {
            "url": "https://www.nirsoft.net/utils/appreadwritecounter.zip",
            "hash": "c5fb64cc5110fad831563c407c694044c91179fc05d46b78af308ef7fa1fa204"
        }
    },
    "description": "Displays read/write operations of every application running on your system.",
    "license": "Freeware",
    "notes": "If this application is useful to you, please consider donating to NirSoft - https://www.nirsoft.net/donate.html",
    "checkver": {
        "url": "https://www.nirsoft.net/pad/appreadwritecounter.xml",
        "xpath": "/XML_DIZ_INFO/Program_Info/Program_Version"
    },
    "autoupdate": {
        "architecture": {
            "64bit": {
                "url": "https://www.nirsoft.net/utils/appreadwritecounter-x64.zip"
            },
            "32bit": {
                "url": "https://www.nirsoft.net/utils/appreadwritecounter.zip"
            }
        }
    }
}