{
    "version": "1.05",
    "homepage": "https://www.nirsoft.net/utils/app_resources_usage_view.html",
    "url": "https://www.nirsoft.net/utils/appresourcesusageview.zip",
    "bin": "AppResourcesUsageView.exe",
    "shortcuts": [
        [
            "AppResourcesUsageView.exe",
            "NirSoft\\AppResourcesUsageView"
        ]
    ],
    "persist": [
        "appresourcesusageview_lng.ini",
        "appresourcesusageview.cfg"
    ],
    "hash": "59b01dff53c18edf6d465f9c1b86250b2ff701780918a071071d250fd63567d9",
    "description": "View application resources usage information of Windows 10/11 ",
    "license": "Freeware",
    "notes": "If this application is useful to you, please consider donating to NirSoft - https://www.nirsoft.net/donate.html",
    "checkver": {
        "url": "https://www.nirsoft.net/pad/appresourcesusageview.xml",
        "xpath": "/XML_DIZ_INFO/Program_Info/Program_Version"
    },
    "autoupdate": {
        "url": "https://www.nirsoft.net/utils/appresourcesusageview.zip"
    }
}