{
    "version": "1.05",
    "homepage": "https://www.nirsoft.net/utils/awatch.html",
    "url": "https://www.nirsoft.net/utils/awatch.zip",
    "bin": "awatch.exe",
    "shortcuts": [
        [
            "awatch.exe",
            "NirSoft\\AdapterWatch"
        ]
    ],
    "persist": [
        "awatch_lng.ini",
        "awatch.cfg"
    ],
    "hash": "cc059ac00160b4bb3a2f6ad1c34017b8d938dfdd85152c137ddffecc7f203d0d",
    "description": "displays useful information about your network adapters.",
    "license": "Freeware",
    "notes": "If this application is useful to you, please consider donating to NirSoft - https://www.nirsoft.net/donate.html",
    "checkver": {
        "url": "https://www.nirsoft.net/pad/awatch.xml",
        "xpath": "/XML_DIZ_INFO/Program_Info/Program_Version"
    },
    "autoupdate": {
        "url": "https://www.nirsoft.net/utils/awatch.zip"
    }
}
