{
    "version": "1.12",
    "homepage": "https://www.nirsoft.net/utils/axhelper.html",
    "url": "https://www.nirsoft.net/utils/axhelper.zip",
    "bin": "axhelper.exe",
    "shortcuts": [
        [
            "axhelper.exe",
            "NirSoft\\ActiveXHelper"
        ]
    ],
    "persist": [
        "axhelper_lng.ini",
        "axhelper.cfg"
    ],
    "hash": "57b7f131622fc10e42db30525880780402453367cfd7cb83198e9afab4f7aba7",
    "description": "view essential information about ActiveX components installed on your computer.",
    "license": "Freeware",
    "notes": "If this application is useful to you, please consider donating to NirSoft - https://www.nirsoft.net/donate.html",
    "checkver": {
        "url": "https://www.nirsoft.net/pad/axhelper.xml",
        "xpath": "/XML_DIZ_INFO/Program_Info/Program_Version"
    },
    "autoupdate": {
        "url": "https://www.nirsoft.net/utils/axhelper.zip"
    }
}
