{
    "version": "1.25",
    "homepage": "https://www.nirsoft.net/utils/battery_information_view.html",
    "url": "https://www.nirsoft.net/utils/batteryinfoview.zip",
    "bin": "BatteryInfoView.exe",
    "shortcuts": [
        [
            "BatteryInfoView.exe",
            "NirSoft\\BatteryInfoView"
        ]
    ],
    "persist": [
        "batteryinfoview_lng.ini",
        "batteryinfoview.cfg"
    ],
    "hash": "ecbf6ecb79d19c821f04c39f5c622ed85c38f5a6deeedc442366f175a2d016e1",
    "description": "Displays battery information on laptops and netbooks.",
    "license": "Freeware",
    "notes": "If this application is useful to you, please consider donating to NirSoft - https://www.nirsoft.net/donate.html",
    "checkver": {
        "url": "https://www.nirsoft.net/pad/batteryinfoview.xml",
        "xpath": "/XML_DIZ_INFO/Program_Info/Program_Version"
    },
    "autoupdate": {
        "url": "https://www.nirsoft.net/utils/batteryinfoview.zip"
    }
}
