{
    "version": "1.05",
    "homepage": "https://www.nirsoft.net/utils/battery_history_view.html",
    "url": "https://www.nirsoft.net/utils/batteryhistoryview.zip",
    "bin": "BatteryHistoryView.exe",
    "shortcuts": [
        [
            "BatteryHistoryView.exe",
            "NirSoft\\BatteryHistoryView"
        ]
    ],
    "persist": [
        "batteryhistoryview_lng.ini",
        "batteryhistoryview.cfg"
    ],
    "hash": "20e65b6259623c126d7bc2b5a0e5a54f4d054a53a7c4d28ede31739c138f1036",
    "description": "Displays battery history information on Windows 11/10.",
    "license": "Freeware",
    "notes": "If this application is useful to you, please consider donating to NirSoft - https://www.nirsoft.net/donate.html",
    "checkver": {
        "url": "https://www.nirsoft.net/pad/batteryhistoryview.xml",
        "xpath": "/XML_DIZ_INFO/Program_Info/Program_Version"
    },
    "autoupdate": {
        "url": "https://www.nirsoft.net/utils/batteryhistoryview.zip"
    }
}