{
    "version": "1.07",
    "homepage": "https://www.nirsoft.net/utils/bluetoothcl.html",
    "url": "https://www.nirsoft.net/utils/bluetoothcl.zip",
    "bin": "BluetoothCL.exe",
    "shortcuts": [
        [
            "BluetoothCL.exe",
            "NirSoft\\BluetoothCL"
        ]
    ],
    "persist": [
        "bluetoothcl_lng.ini",
        "bluetoothcl.cfg"
    ],
    "hash": "025a4a02527a533299370be128323e4a2443fde0f404b2cf8793b3748c0c531f",
    "description": "Show bluetooth devices  list",
    "license": "Freeware",
    "notes": "If this application is useful to you, please consider donating to NirSoft - https://www.nirsoft.net/donate.html",
    "checkver": {
        "url": "https://www.nirsoft.net/pad/bluetoothcl.xml",
        "xpath": "/XML_DIZ_INFO/Program_Info/Program_Version"
    },
    "autoupdate": {
        "url": "https://www.nirsoft.net/utils/bluetoothcl.zip"
    }
}
