{
    "version": "1.12",
    "homepage": "https://www.nirsoft.net/utils/bluetooth_log_view.html",
    "url": "https://www.nirsoft.net/utils/bluetoothlogview.zip",
    "bin": "BluetoothLogView.exe",
    "shortcuts": [
        [
            "BluetoothLogView.exe",
            "NirSoft\\BluetoothLogView"
        ]
    ],
    "persist": [
        "bluetoothlogview_lng.ini",
        "bluetoothlogview.cfg"
    ],
    "hash": "baaf54b422aa8a5c5dd6a21e842f40c04186fd5a33bf6c126538009ffc3f31c9",
    "description": "Creates a log of Bluetooth activity in your area.",
    "license": "Freeware",
    "notes": "If this application is useful to you, please consider donating to NirSoft - https://www.nirsoft.net/donate.html",
    "checkver": {
        "url": "https://www.nirsoft.net/pad/bluetoothlogview.xml",
        "xpath": "/XML_DIZ_INFO/Program_Info/Program_Version"
    },
    "autoupdate": {
        "url": "https://www.nirsoft.net/utils/bluetoothlogview.zip"
    }
}
