{
    "version": "1.66",
    "homepage": "https://www.nirsoft.net/utils/bluetooth_viewer.html",
    "url": "https://www.nirsoft.net/utils/bluetoothview.zip",
    "bin": "BluetoothView.exe",
    "shortcuts": [
        [
            "BluetoothView.exe",
            "NirSoft\\BluetoothView"
        ]
    ],
    "persist": [
        "bluetoothview_lng.ini",
        "bluetoothview.cfg"
    ],
    "hash": "0c85497da7a0b4ecee9cdd5e55afa9bc248cd282dcd2eacc7a3ad1f16eb4ecbc",
    "description": "Monitors the activity of Bluetooth devices around you.",
    "license": "Freeware",
    "notes": "If this application is useful to you, please consider donating to NirSoft - https://www.nirsoft.net/donate.html",
    "checkver": {
        "url": "https://www.nirsoft.net/pad/bluetoothview.xml",
        "xpath": "/XML_DIZ_INFO/Program_Info/Program_Version"
    },
    "autoupdate": {
        "url": "https://www.nirsoft.net/utils/bluetoothview.zip"
    }
}
