{
    "version": "1.55",
    "homepage": "https://www.nirsoft.net/utils/blue_screen_view.html",
    "bin": "BlueScreenView.exe",
    "shortcuts": [
        [
            "BlueScreenView.exe",
            "NirSoft\\BlueScreenView"
        ]
    ],
    "persist": [
        "bluescreenview_lng.ini",
        "bluescreenview.cfg"
    ],
    "architecture": {
        "64bit": {
            "url": "https://www.nirsoft.net/utils/bluescreenview-x64.zip",
            "hash": "df57d4c9418dd2771035f2f7b70952caeb20d2269af683a0ab0665125c821479"
        },
        "32bit": {
            "url": "https://www.nirsoft.net/utils/bluescreenview.zip",
            "hash": "15ba3b0ca0a1ff21e89715da52ecc5918177b97ce40903d299fd591909e7b3ab"
        }
    },
    "description": "Show information about blue screen crashes occurred in your system.",
    "license": "Freeware",
    "notes": "If this application is useful to you, please consider donating to NirSoft - https://www.nirsoft.net/donate.html",
    "checkver": {
        "url": "https://www.nirsoft.net/pad/bluescreenview.xml",
        "xpath": "/XML_DIZ_INFO/Program_Info/Program_Version"
    },
    "autoupdate": {
        "architecture": {
            "64bit": {
                "url": "https://www.nirsoft.net/utils/bluescreenview-x64.zip"
            },
            "32bit": {
                "url": "https://www.nirsoft.net/utils/bluescreenview.zip"
            }
        }
    }
}
