{
    "version": "3.90",
    "homepage": "https://www.nirsoft.net/web_browser_tools.html",
    "url": "https://www.nirsoft.net/packages/brtools.zip",
    "bin": "MozillaHistoryView.exe",
    "shortcuts": [
        [
            "MozillaHistoryView.exe",
            "NirSoft\\Web Browser Tools Package"
        ]
    ],
    "persist": [
        "browsertools_lng.ini",
        "browsertools.cfg"
    ],
    "hash": "55a649fa8319809e41367d8bee929c966bcb02f3a73f2aa45f015cd8aceaf949",
    "description": "Package of Web browser tools for Windows",
    "license": "Freeware",
    "notes": "If this application is useful to you, please consider donating to NirSoft - https://www.nirsoft.net/donate.html",
    "checkver": {
        "url": "https://www.nirsoft.net/pad/browsertools.xml",
        "xpath": "/XML_DIZ_INFO/Program_Info/Program_Version"
    },
    "autoupdate": {
        "url": "https://www.nirsoft.net/packages/brtools.zip"
    }
}
