{
    "version": "1.30",
    "homepage": "https://www.nirsoft.net/utils/web_browser_addons_view.html",
    "bin": "BrowserAddonsView.exe",
    "shortcuts": [
        [
            "BrowserAddonsView.exe",
            "NirSoft\\BrowserAddonsView"
        ]
    ],
    "persist": [
        "browseraddonsview_lng.ini",
        "browseraddonsview.cfg"
    ],
    "architecture": {
        "64bit": {
            "url": "https://www.nirsoft.net/utils/browseraddonsview-x64.zip",
            "hash": "904e2de667963c3a91a9d935c2fa9ff864490b53beed042a4439499a89e673f2"
        },
        "32bit": {
            "url": "https://www.nirsoft.net/utils/browseraddonsview.zip",
            "hash": "bd80bf87e8397bbb97b8e056f641fbc0b0886548229cfd6d127d41d5c7448f82"
        }
    },
    "description": "Displays the details of all Web browser addons/plugins installed in your system.",
    "license": "Freeware",
    "notes": "If this application is useful to you, please consider donating to NirSoft - https://www.nirsoft.net/donate.html",
    "checkver": {
        "url": "https://www.nirsoft.net/pad/browseraddonsview.xml",
        "xpath": "/XML_DIZ_INFO/Program_Info/Program_Version"
    },
    "autoupdate": {
        "architecture": {
            "64bit": {
                "url": "https://www.nirsoft.net/utils/browseraddonsview-x64.zip"
            },
            "32bit": {
                "url": "https://www.nirsoft.net/utils/browseraddonsview.zip"
            }
        }
    }
}