{
    "version": "1.00",
    "homepage": "https://www.nirsoft.net/utils/web_browser_autofill_view.html",
    "bin": "BrowserAutoFillView.exe",
    "shortcuts": [
        [
            "BrowserAutoFillView.exe",
            "NirSoft\\BrowserAutoFillView"
        ]
    ],
    "persist": [
        "browserautofillview_lng.ini",
        "browserautofillview.cfg"
    ],
    "architecture": {
        "64bit": {
            "url": "https://www.nirsoft.net/utils/browserautofillview-x64.zip",
            "hash": "a83f797048c638ec816d15057074aaf25e681bb4cb6cb6aa191e110fec6c4343"
        },
        "32bit": {
            "url": "https://www.nirsoft.net/utils/browserautofillview.zip",
            "hash": "33fef25512d0bf071653928e8062782937006995191b30aae1f7c5d8079dca8a"
        }
    },
    "description": "View form autofill text stored by Chrome and Firefox Web browsers",
    "license": "Freeware",
    "notes": "If this application is useful to you, please consider donating to NirSoft - https://www.nirsoft.net/donate.html",
    "checkver": {
        "url": "https://www.nirsoft.net/pad/browserautofillview.xml",
        "xpath": "/XML_DIZ_INFO/Program_Info/Program_Version"
    },
    "autoupdate": {
        "architecture": {
            "64bit": {
                "url": "https://www.nirsoft.net/utils/browserautofillview-x64.zip"
            },
            "32bit": {
                "url": "https://www.nirsoft.net/utils/browserautofillview.zip"
            }
        }
    }
}