{
    "version": "1.50",
    "homepage": "https://www.nirsoft.net/utils/web_browser_downloads_view.html",
    "bin": "BrowserDownloadsView.exe",
    "shortcuts": [
        [
            "BrowserDownloadsView.exe",
            "NirSoft\\BrowserDownloadsView"
        ]
    ],
    "persist": [
        "browserdownloadsview_lng.ini",
        "browserdownloadsview.cfg"
    ],
    "architecture": {
        "64bit": {
            "url": "https://www.nirsoft.net/utils/browserdownloadsview-x64.zip",
            "hash": "772868a90114e84b83068bfb417b4b7afefea12f26a62b2287bcc41486d29653"
        },
        "32bit": {
            "url": "https://www.nirsoft.net/utils/browserdownloadsview.zip",
            "hash": "f708586fdca3259b4fe0ac716cec5c2a93ae4bfac3107e4ce9092a7bfe4cf732"
        }
    },
    "description": "Displays the details of downloaded files of Chrome and Firefox Web browsers",
    "license": "Freeware",
    "notes": "If this application is useful to you, please consider donating to NirSoft - https://www.nirsoft.net/donate.html",
    "checkver": {
        "url": "https://www.nirsoft.net/pad/browserdownloadsview.xml",
        "xpath": "/XML_DIZ_INFO/Program_Info/Program_Version"
    },
    "autoupdate": {
        "architecture": {
            "64bit": {
                "url": "https://www.nirsoft.net/utils/browserdownloadsview-x64.zip"
            },
            "32bit": {
                "url": "https://www.nirsoft.net/utils/browserdownloadsview.zip"
            }
        }
    }
}