{
    "version": "2.57",
    "homepage": "https://www.nirsoft.net/utils/browsing_history_view.html",
    "bin": "BrowsingHistoryView.exe",
    "shortcuts": [
        [
            "BrowsingHistoryView.exe",
            "NirSoft\\BrowsingHistoryView"
        ]
    ],
    "persist": [
        "browsinghistoryview_lng.ini",
        "browsinghistoryview.cfg"
    ],
    "architecture": {
        "64bit": {
            "url": "https://www.nirsoft.net/utils/browsinghistoryview-x64.zip",
            "hash": "19a43d7ebc516f2344e6ffac66205d54cbde907e2eb1fb6171934d292524c5c7"
        },
        "32bit": {
            "url": "https://www.nirsoft.net/utils/browsinghistoryview.zip",
            "hash": "1cc45acf429d705ee592af1c9e56ac25f5b5acbc27fe555db5007c8be9cc4c42"
        }
    },
    "description": "View browsing history of popular Web browsers ",
    "license": "Freeware",
    "notes": "If this application is useful to you, please consider donating to NirSoft - https://www.nirsoft.net/donate.html",
    "checkver": {
        "url": "https://www.nirsoft.net/pad/browsinghistoryview.xml",
        "xpath": "/XML_DIZ_INFO/Program_Info/Program_Version"
    },
    "autoupdate": {
        "architecture": {
            "64bit": {
                "url": "https://www.nirsoft.net/utils/browsinghistoryview-x64.zip"
            },
            "32bit": {
                "url": "https://www.nirsoft.net/utils/browsinghistoryview.zip"
            }
        }
    }
}