{
    "version": "1.73",
    "homepage": "https://www.nirsoft.net/utils/bulk_file_changer.html",
    "bin": "BulkFileChanger.exe",
    "shortcuts": [
        [
            "BulkFileChanger.exe",
            "NirSoft\\BulkFileChanger"
        ]
    ],
    "persist": [
        "bulkfilechanger_lng.ini",
        "bulkfilechanger.cfg"
    ],
    "architecture": {
        "64bit": {
            "url": "https://www.nirsoft.net/utils/bulkfilechanger-x64.zip",
            "hash": "8c329b4162046fad2622516230cb8fe52c5d66a6655fa48a849476fb71de5a6d"
        },
        "32bit": {
            "url": "https://www.nirsoft.net/utils/bulkfilechanger.zip",
            "hash": "e718873d7bfa7f2d658c209756e64d002c2714d17dd55c71977eede5975a1e2d"
        }
    },
    "description": "Change date/time/attributes of multiple files.",
    "license": "Freeware",
    "notes": "If this application is useful to you, please consider donating to NirSoft - https://www.nirsoft.net/donate.html",
    "checkver": {
        "url": "https://www.nirsoft.net/pad/bulkfilechanger.xml",
        "xpath": "/XML_DIZ_INFO/Program_Info/Program_Version"
    },
    "autoupdate": {
        "architecture": {
            "64bit": {
                "url": "https://www.nirsoft.net/utils/bulkfilechanger-x64.zip"
            },
            "32bit": {
                "url": "https://www.nirsoft.net/utils/bulkfilechanger.zip"
            }
        }
    }
}