{
    "version": "1.32",
    "homepage": "https://www.nirsoft.net/utils/bullets_password_view.html",
    "bin": "BulletsPassView.exe",
    "shortcuts": [
        [
            "BulletsPassView.exe",
            "NirSoft\\BulletsPassView"
        ]
    ],
    "persist": [
        "bulletspassview_lng.ini",
        "bulletspassview.cfg"
    ],
    "architecture": {
        "64bit": {
            "url": "https://www.nirsoft.net/utils/bulletspassview-x64.zip",
            "hash": "7a811e7e8124ead14240c03e76d824adfadef7eead5b1d207e79ac7f14b59e09"
        },
        "32bit": {
            "url": "https://www.nirsoft.net/utils/bulletspassview.zip",
            "hash": "d5c801da275540c1713102518e67ed94a1afecbae2418d5b9f94148e338f61e5"
        }
    },
    "description": "Reveals the passwords stored behind the bullets.",
    "license": "Freeware",
    "notes": "If this application is useful to you, please consider donating to NirSoft - https://www.nirsoft.net/donate.html",
    "checkver": {
        "url": "https://www.nirsoft.net/pad/bulletspassview.xml",
        "xpath": "/XML_DIZ_INFO/Program_Info/Program_Version"
    },
    "autoupdate": {
        "architecture": {
            "64bit": {
                "url": "https://www.nirsoft.net/utils/bulletspassview-x64.zip"
            },
            "32bit": {
                "url": "https://www.nirsoft.net/utils/bulletspassview.zip"
            }
        }
    }
}
