{
    "version": "1.53",
    "homepage": "https://www.nirsoft.net/utils/chrome_history_view.html",
    "url": "https://www.nirsoft.net/utils/chromehistoryview.zip",
    "bin": "ChromeHistoryView.exe",
    "shortcuts": [
        [
            "ChromeHistoryView.exe",
            "NirSoft\\ChromeHistoryView "
        ]
    ],
    "persist": [
        "chromehistoryview_lng.ini",
        "chromehistoryview.cfg"
    ],
    "hash": "2ec1c491db61f9f003ea2d8b9c01773a298ec4f46eb838b2ef277b02d16d9ba7",
    "description": "View the browsing history of Chrome Web browser",
    "license": "Freeware",
    "notes": "If this application is useful to you, please consider donating to NirSoft - https://www.nirsoft.net/donate.html",
    "checkver": {
        "url": "https://www.nirsoft.net/pad/chromehistoryview.xml",
        "xpath": "/XML_DIZ_INFO/Program_Info/Program_Version"
    },
    "autoupdate": {
        "url": "https://www.nirsoft.net/utils/chromehistoryview.zip"
    }
}