{
    "version": "1.76",
    "homepage": "https://www.nirsoft.net/utils/chrome_cookies_view.html",
    "url": "https://www.nirsoft.net/utils/chromecookiesview.zip",
    "bin": "ChromeCookiesView.exe",
    "shortcuts": [
        [
            "ChromeCookiesView.exe",
            "NirSoft\\ChromeCookiesView"
        ]
    ],
    "persist": [
        "chromecookiesview_lng.ini",
        "chromecookiesview.cfg"
    ],
    "hash": "d8555fcd69243037decf6b7d7b0b0d8d083477946236ccae78f485311f53e811",
    "description": "Alternative to the standard internal cookies viewer of Google Chrome",
    "license": "Freeware",
    "notes": "If this application is useful to you, please consider donating to NirSoft - https://www.nirsoft.net/donate.html",
    "checkver": {
        "url": "https://www.nirsoft.net/pad/chromecookiesview.xml",
        "xpath": "/XML_DIZ_INFO/Program_Info/Program_Version"
    },
    "autoupdate": {
        "url": "https://www.nirsoft.net/utils/chromecookiesview.zip"
    }
}