{
    "version": "1.58",
    "homepage": "https://www.nirsoft.net/utils/chromepass.html",
    "url": "https://www.nirsoft.net/toolsdownload/chromepass.zip",
    "bin": "ChromePass.exe",
    "shortcuts": [
        [
            "ChromePass.exe",
            "NirSoft\\ChromePass"
        ]
    ],
    "persist": [
        "chromepass_lng.ini",
        "chromepass.cfg"
    ],
    "hash": "f7888584d6d41c5d8efe068e0f0e00aa8d7c93d3bd42c343ec0368ba893f0487",
    "description": "Password recovery tool for Google Chrome Web browser. ",
    "license": "Freeware",
    "notes": "If this application is useful to you, please consider donating to NirSoft - https://www.nirsoft.net/donate.html",
    "checkver": {
        "url": "https://www.nirsoft.net/pad/chromepass.xml",
        "xpath": "/XML_DIZ_INFO/Program_Info/Program_Version"
    },
    "autoupdate": {
        "url": "https://www.nirsoft.net/toolsdownload/chromepass.zip"
    }
}
