{
    "version": "2.50",
    "homepage": "https://www.nirsoft.net/utils/chrome_cache_view.html",
    "url": "https://www.nirsoft.net/utils/chromecacheview.zip",
    "bin": "ChromeCacheView.exe",
    "shortcuts": [
        [
            "ChromeCacheView.exe",
            "NirSoft\\ChromeCacheView"
        ]
    ],
    "persist": [
        "chromecacheview_lng.ini",
        "chromecacheview.cfg"
    ],
    "hash": "b9240729c1cae944d2b3891ff5fbbc5babeb9f3a3884ec37a36d90fee70a64b0",
    "description": "Chrome Browser Cache Viewer",
    "license": "Freeware",
    "notes": "If this application is useful to you, please consider donating to NirSoft - https://www.nirsoft.net/donate.html",
    "checkver": {
        "url": "https://www.nirsoft.net/pad/chromecacheview.xml",
        "xpath": "/XML_DIZ_INFO/Program_Info/Program_Version"
    },
    "autoupdate": {
        "url": "https://www.nirsoft.net/utils/chromecacheview.zip"
    }
}