{
    "version": "1.37",
    "homepage": "https://www.nirsoft.net/utils/clean_after_me.html",
    "url": "https://www.nirsoft.net/utils/cleanafterme.zip",
    "bin": "CleanAfterMe.exe",
    "shortcuts": [
        [
            "CleanAfterMe.exe",
            "NirSoft\\CleanAfterMe"
        ]
    ],
    "persist": [
        "cleanafterme_lng.ini",
        "cleanafterme.cfg"
    ],
    "hash": "9d2c0580075ff8777e043260af63c8e082cbfc1fd5ac4a002c0a8ecd87cfc132",
    "description": "Clean files and Registry values in your system.",
    "license": "Freeware",
    "notes": "If this application is useful to you, please consider donating to NirSoft - https://www.nirsoft.net/donate.html",
    "checkver": {
        "url": "https://www.nirsoft.net/pad/cleanafterme.xml",
        "xpath": "/XML_DIZ_INFO/Program_Info/Program_Version"
    },
    "autoupdate": {
        "url": "https://www.nirsoft.net/utils/cleanafterme.zip"
    }
}
