{
    "version": "1.19",
    "homepage": "https://www.nirsoft.net/utils/clipboardic.html",
    "url": "https://www.nirsoft.net/utils/clipboardic.zip",
    "bin": "Clipboardic.exe",
    "shortcuts": [
        [
            "Clipboardic.exe",
            "NirSoft\\Clipboardic"
        ]
    ],
    "persist": [
        "clipboardic_lng.ini",
        "clipboardic.cfg"
    ],
    "hash": "24dbae3a287a333e0d71c7e48f2a98577b14e1d6e265d285abd1d66f78cdb880",
    "description": "Small and simple clipboard manager.",
    "license": "Freeware",
    "notes": "If this application is useful to you, please consider donating to NirSoft - https://www.nirsoft.net/donate.html",
    "checkver": {
        "url": "https://www.nirsoft.net/pad/clipboardic.xml",
        "xpath": "/XML_DIZ_INFO/Program_Info/Program_Version"
    },
    "autoupdate": {
        "url": "https://www.nirsoft.net/utils/clipboardic.zip"
    }
}