{
    "version": "1.38",
    "homepage": "https://www.nirsoft.net/utils/control_my_monitor.html",
    "url": "https://www.nirsoft.net/utils/controlmymonitor.zip",
    "bin": "ControlMyMonitor.exe",
    "shortcuts": [
        [
            "ControlMyMonitor.exe",
            "NirSoft\\ControlMyMonitor"
        ]
    ],
    "persist": [
        "controlmymonitor_lng.ini",
        "controlmymonitor.cfg"
    ],
    "hash": "e0752096ee7dfd17e6ae91eefaaecff900055ba1462f9c845ce237f18a1d5386",
    "description": "View and modify the settings of your monitor.",
    "license": "Freeware",
    "notes": "If this application is useful to you, please consider donating to NirSoft - https://www.nirsoft.net/donate.html",
    "checkver": {
        "url": "https://www.nirsoft.net/pad/controlmymonitor.xml",
        "xpath": "/XML_DIZ_INFO/Program_Info/Program_Version"
    },
    "autoupdate": {
        "url": "https://www.nirsoft.net/utils/controlmymonitor.zip"
    }
}