{
    "version": "1.50",
    "homepage": "https://www.nirsoft.net/utils/country_traceroute.html",
    "url": "https://www.nirsoft.net/utils/countrytraceroute.zip",
    "bin": "CountryTraceRoute.exe",
    "shortcuts": [
        [
            "CountryTraceRoute.exe",
            "NirSoft\\CountryTraceRoute"
        ]
    ],
    "persist": [
        "countrytraceroute_lng.ini",
        "countrytraceroute.cfg"
    ],
    "hash": "4b43a5af9f3d9e7acca64ab861319e1a5953f935374dd6a5cd834f121b0c46f9",
    "description": "Fast Traceroute utility with IP country information.",
    "license": "Freeware",
    "notes": "If this application is useful to you, please consider donating to NirSoft - https://www.nirsoft.net/donate.html",
    "checkver": {
        "url": "https://www.nirsoft.net/pad/countrytraceroute.xml",
        "xpath": "/XML_DIZ_INFO/Program_Info/Program_Version"
    },
    "autoupdate": {
        "url": "https://www.nirsoft.net/utils/countrytraceroute.zip"
    }
}