{
    "version": "2.77",
    "homepage": "https://www.nirsoft.net/utils/cports.html",
    "bin": "cports.exe",
    "shortcuts": [
        [
            "cports.exe",
            "NirSoft\\CurrPorts "
        ]
    ],
    "persist": [
        "cports_lng.ini",
        "cports.cfg"
    ],
    "architecture": {
        "64bit": {
            "url": "https://www.nirsoft.net/utils/cports-x64.zip",
            "hash": "59bddcf0f8fea3a3b72f2b4178b25820733ba56ec523fbab7aec4d0bc6d59c53"
        },
        "32bit": {
            "url": "https://www.nirsoft.net/utils/cports.zip",
            "hash": "4806cae3981c3e35656966b204b63303a4dbcc0677c8a26b0193b50404f8d40a"
        }
    },
    "description": "Displays the list of all currently opened TCP/UDP ports on your computer.",
    "license": "Freeware",
    "notes": "If this application is useful to you, please consider donating to NirSoft - https://www.nirsoft.net/donate.html",
    "checkver": {
        "url": "https://www.nirsoft.net/pad/cports.xml",
        "xpath": "/XML_DIZ_INFO/Program_Info/Program_Version"
    },
    "autoupdate": {
        "architecture": {
            "64bit": {
                "url": "https://www.nirsoft.net/utils/cports-x64.zip"
            },
            "32bit": {
                "url": "https://www.nirsoft.net/utils/cports.zip"
            }
        }
    }
}