{
    "version": "1.13",
    "homepage": "https://www.nirsoft.net/utils/cprocess.html",
    "url": "https://www.nirsoft.net/utils/cprocess.zip",
    "bin": "CProcess.exe",
    "shortcuts": [
        [
            "CProcess.exe",
            "NirSoft\\CurrProcess"
        ]
    ],
    "persist": [
        "cprocess_lng.ini",
        "cprocess.cfg"
    ],
    "hash": "8bf074edcee01be5ff77253d25533a8961907e50cd6629351490814b6b82a870",
    "description": "Displays the list of all processes currently running on your system.",
    "license": "Freeware",
    "notes": "If this application is useful to you, please consider donating to NirSoft - https://www.nirsoft.net/donate.html",
    "checkver": {
        "url": "https://www.nirsoft.net/pad/cprocess.xml",
        "xpath": "/XML_DIZ_INFO/Program_Info/Program_Version"
    },
    "autoupdate": {
        "url": "https://www.nirsoft.net/utils/cprocess.zip"
    }
}
