{
    "version": "1.01",
    "homepage": "https://www.nirsoft.net/utils/credhist_view.html",
    "url": "https://www.nirsoft.net/utils/credhistview.zip",
    "bin": "CredHistView.exe",
    "shortcuts": [
        [
            "CredHistView.exe",
            "NirSoft\\CredHistView"
        ]
    ],
    "persist": [
        "credhistview_lng.ini",
        "credhistview.cfg"
    ],
    "hash": "aba457a4db13fe592a075d617859b2655c09a8c7a842d5c0870987b5e001d2fa",
    "description": "Decrypt the CREDHIST file of Windows",
    "license": "Freeware",
    "notes": "If this application is useful to you, please consider donating to NirSoft - https://www.nirsoft.net/donate.html",
    "checkver": {
        "url": "https://www.nirsoft.net/pad/credhistview.xml",
        "xpath": "/XML_DIZ_INFO/Program_Info/Program_Version"
    },
    "autoupdate": {
        "url": "https://www.nirsoft.net/utils/credhistview.zip"
    }
}