{
    "version": "1.12",
    "homepage": "https://www.nirsoft.net/utils/credentials_file_view.html",
    "bin": "CredentialsFileView.exe",
    "shortcuts": [
        [
            "CredentialsFileView.exe",
            "NirSoft\\CredentialsFileView"
        ]
    ],
    "persist": [
        "credentialsfileview_lng.ini",
        "credentialsfileview.cfg"
    ],
    "architecture": {
        "64bit": {
            "url": "https://www.nirsoft.net/toolsdownload/credentialsfileview-x64.zip",
            "hash": "b5ca584efa62dead9de9ba28b7be87c7d810c4063af5e7e14312474e0ae29bb0"
        },
        "32bit": {
            "url": "https://www.nirsoft.net/toolsdownload/credentialsfileview.zip",
            "hash": "c73d7d749f75a59b0e798d556f416cddc4cc4134487d72e34c28fd311e7f6a37"
        }
    },
    "description": "Decrypts Credentials files of Windows.",
    "license": "Freeware",
    "notes": "If this application is useful to you, please consider donating to NirSoft - https://www.nirsoft.net/donate.html",
    "checkver": {
        "url": "https://www.nirsoft.net/pad/credentialsfileview.xml",
        "xpath": "/XML_DIZ_INFO/Program_Info/Program_Version"
    },
    "autoupdate": {
        "architecture": {
            "64bit": {
                "url": "https://www.nirsoft.net/toolsdownload/credentialsfileview-x64.zip"
            },
            "32bit": {
                "url": "https://www.nirsoft.net/toolsdownload/credentialsfileview.zip"
            }
        }
    }
}