{
    "version": "2.64",
    "homepage": "https://www.nirsoft.net/utils/csv_file_view.html",
    "bin": "CSVFileView.exe",
    "shortcuts": [
        [
            "CSVFileView.exe",
            "NirSoft\\CSVFileView"
        ]
    ],
    "persist": [
        "csvfileview_lng.ini",
        "csvfileview.cfg"
    ],
    "architecture": {
        "64bit": {
            "url": "https://www.nirsoft.net/utils/csvfileview-x64.zip",
            "hash": "7ebcc828460d7b0cbb397579665d5cb25d1defb5b547e7d55c95a507adf91050"
        },
        "32bit": {
            "url": "https://www.nirsoft.net/utils/csvfileview.zip",
            "hash": "b95f4eb33129e1bceeed151fd8372995364f2508ee984d00e5df5e8f508c69b6"
        }
    },
    "description": "CSV/Tab-delimited file viewer and converter",
    "license": "Freeware",
    "notes": "If this application is useful to you, please consider donating to NirSoft - https://www.nirsoft.net/donate.html",
    "checkver": {
        "url": "https://www.nirsoft.net/pad/csvfileview.xml",
        "xpath": "/XML_DIZ_INFO/Program_Info/Program_Version"
    },
    "autoupdate": {
        "architecture": {
            "64bit": {
                "url": "https://www.nirsoft.net/utils/csvfileview-x64.zip"
            },
            "32bit": {
                "url": "https://www.nirsoft.net/utils/csvfileview.zip"
            }
        }
    }
}