{
    "version": "1.01",
    "homepage": "https://www.nirsoft.net/utils/ctie.html",
    "url": "https://www.nirsoft.net/utils/ctie.zip",
    "bin": "ctie.exe",
    "shortcuts": [
        [
            "ctie.exe",
            "NirSoft\\CustomizeIE"
        ]
    ],
    "persist": [
        "ctie_lng.ini",
        "ctie.cfg"
    ],
    "hash": "d63d1eb8d1728a53a40e58517b55a029335e7b940d07dfd75acb4db1016b5891",
    "description": "Add/delete toolbar buttons and menu items in Internet Explorer.",
    "license": "Freeware",
    "notes": "If this application is useful to you, please consider donating to NirSoft - https://www.nirsoft.net/donate.html",
    "checkver": {
        "url": "https://www.nirsoft.net/pad/ctie.xml",
        "xpath": "/XML_DIZ_INFO/Program_Info/Program_Version"
    },
    "autoupdate": {
        "url": "https://www.nirsoft.net/utils/ctie.zip"
    }
}
