{
    "version": "1.05",
    "homepage": "https://www.nirsoft.net/utils/custom_explorer_toolbar.html",
    "url": "https://www.nirsoft.net/utils/customexplorertoolbar.zip",
    "bin": "CustomExplorerToolbar.exe",
    "shortcuts": [
        [
            "CustomExplorerToolbar.exe",
            "NirSoft\\CustomExplorerToolbar"
        ]
    ],
    "persist": [
        "customexplorertoolbar_lng.ini",
        "customexplorertoolbar.cfg"
    ],
    "hash": "80fff8da356ad971108847f122f821a2e9b2dd098a4b906c74b94f2be24d337e",
    "description": "Add Copy/Cut/Paste buttons to the Explorer toolbar of Windows 7.",
    "license": "Freeware",
    "notes": "If this application is useful to you, please consider donating to NirSoft - https://www.nirsoft.net/donate.html",
    "checkver": {
        "url": "https://www.nirsoft.net/pad/customexplorertoolbar.xml",
        "xpath": "/XML_DIZ_INFO/Program_Info/Program_Version"
    },
    "autoupdate": {
        "url": "https://www.nirsoft.net/utils/customexplorertoolbar.zip"
    }
}
