{
    "version": "1.13",
    "homepage": "https://www.nirsoft.net/utils/dpapi_data_decryptor.html",
    "bin": "DataProtectionDecryptor.exe",
    "shortcuts": [
        [
            "DataProtectionDecryptor.exe",
            "NirSoft\\DataProtectionDecryptor"
        ]
    ],
    "persist": [
        "dataprotectiondecryptor_lng.ini",
        "dataprotectiondecryptor.cfg"
    ],
    "architecture": {
        "64bit": {
            "url": "https://www.nirsoft.net/toolsdownload/dataprotectiondecryptor-x64.zip",
            "hash": "471bb3029909cccff108c44b0ecb43247a9a933a7e229ff0cd11d22a3f0de9e5"
        },
        "32bit": {
            "url": "https://www.nirsoft.net/toolsdownload/dataprotectiondecryptor.zip",
            "hash": "b3f9219b8f5c2b0a594abf2ffc0d10da8f733ac65844cc035550944168ee1949"
        }
    },
    "description": "Decrypt DPAPI-encrypted data of Windows.",
    "license": "Freeware",
    "notes": "If this application is useful to you, please consider donating to NirSoft - https://www.nirsoft.net/donate.html",
    "checkver": {
        "url": "https://www.nirsoft.net/pad/dataprotectiondecryptor.xml",
        "xpath": "/XML_DIZ_INFO/Program_Info/Program_Version"
    },
    "autoupdate": {
        "architecture": {
            "64bit": {
                "url": "https://www.nirsoft.net/toolsdownload/dataprotectiondecryptor-x64.zip"
            },
            "32bit": {
                "url": "https://www.nirsoft.net/toolsdownload/dataprotectiondecryptor.zip"
            }
        }
    }
}