{
    "version": "1.06",
    "homepage": "https://www.nirsoft.net/utils/device_io_view.html",
    "bin": "DeviceIOView.exe",
    "shortcuts": [
        [
            "DeviceIOView.exe",
            "NirSoft\\DeviceIOView"
        ]
    ],
    "persist": [
        "deviceioview_lng.ini",
        "deviceioview.cfg"
    ],
    "architecture": {
        "64bit": {
            "url": "https://www.nirsoft.net/utils/deviceioview-x64.zip",
            "hash": "810308a117d949f923e77a80206489208bf3b5e381f1406934ee5ce9d9537e33"
        },
        "32bit": {
            "url": "https://www.nirsoft.net/utils/deviceioview.zip",
            "hash": "6e838ff2bd864e4f004f8051f36a6d275dbb847c624fa9b7328d7f3e5b6e6848"
        }
    },
    "description": "Watch the data transfer between a software or service and a device driver.",
    "license": "Freeware",
    "notes": "If this application is useful to you, please consider donating to NirSoft - https://www.nirsoft.net/donate.html",
    "checkver": {
        "url": "https://www.nirsoft.net/pad/deviceioview.xml",
        "xpath": "/XML_DIZ_INFO/Program_Info/Program_Version"
    },
    "autoupdate": {
        "architecture": {
            "64bit": {
                "url": "https://www.nirsoft.net/utils/deviceioview-x64.zip"
            },
            "32bit": {
                "url": "https://www.nirsoft.net/utils/deviceioview.zip"
            }
        }
    }
}
