{
    "version": "1.80",
    "homepage": "https://www.nirsoft.net/utils/device_manager_view.html",
    "bin": "DevManView.exe",
    "shortcuts": [
        [
            "DevManView.exe",
            "NirSoft\\DevManView"
        ]
    ],
    "persist": [
        "devmanview_lng.ini",
        "devmanview.cfg"
    ],
    "architecture": {
        "64bit": {
            "url": "https://www.nirsoft.net/utils/devmanview-x64.zip",
            "hash": "ed95cf584c06feb6071749e968c112fed0c4502d94bb9250594bd17b8a742cad"
        },
        "32bit": {
            "url": "https://www.nirsoft.net/utils/devmanview.zip",
            "hash": "8685f8905698dbfcc58c82d76fc68cf428b16cf2d96943d4715da507cdb4527c"
        }
    },
    "description": "Alternative to the standard Device Manager of Windows.",
    "license": "Freeware",
    "notes": "If this application is useful to you, please consider donating to NirSoft - https://www.nirsoft.net/donate.html",
    "checkver": {
        "url": "https://www.nirsoft.net/pad/devmanview.xml",
        "xpath": "/XML_DIZ_INFO/Program_Info/Program_Version"
    },
    "autoupdate": {
        "architecture": {
            "64bit": {
                "url": "https://www.nirsoft.net/utils/devmanview-x64.zip"
            },
            "32bit": {
                "url": "https://www.nirsoft.net/utils/devmanview.zip"
            }
        }
    }
}