{
    "version": "3.61",
    "homepage": "https://www.nirsoft.net/utils/dialupass.html",
    "url": "https://www.nirsoft.net/toolsdownload/dialupass.zip",
    "bin": "Dialupass.exe",
    "shortcuts": [
        [
            "Dialupass.exe",
            "NirSoft\\Dialupass"
        ]
    ],
    "persist": [
        "dialupass_lng.ini",
        "dialupass.cfg"
    ],
    "hash": "a79c79fa0ef5d6e95424ecc92af8c6c2719f4a8275fe7825dffb071bec2b1305",
    "description": "Recovers Dial-Up passwords in all versions of Windows.",
    "license": "Freeware",
    "notes": "If this application is useful to you, please consider donating to NirSoft - https://www.nirsoft.net/donate.html",
    "checkver": {
        "url": "https://www.nirsoft.net/pad/dialupass.xml",
        "xpath": "/XML_DIZ_INFO/Program_Info/Program_Version"
    },
    "autoupdate": {
        "url": "https://www.nirsoft.net/toolsdownload/dialupass.zip"
    }
}
