{
    "version": "1.30",
    "homepage": "https://www.nirsoft.net/utils/disk_counters_view.html",
    "url": "https://www.nirsoft.net/utils/diskcountersview.zip",
    "bin": "DiskCountersView.exe",
    "shortcuts": [
        [
            "DiskCountersView.exe",
            "NirSoft\\DiskCountersView"
        ]
    ],
    "persist": [
        "diskcountersview_lng.ini",
        "diskcountersview.cfg"
    ],
    "hash": "916de66eaee1fed9ce1b337683dc94d3929cf12c53dd4a6d33c4db8470770c0e",
    "description": "Show disk drive read/write counters.",
    "license": "Freeware",
    "notes": "If this application is useful to you, please consider donating to NirSoft - https://www.nirsoft.net/donate.html",
    "checkver": {
        "url": "https://www.nirsoft.net/pad/diskcountersview.xml",
        "xpath": "/XML_DIZ_INFO/Program_Info/Program_Version"
    },
    "autoupdate": {
        "url": "https://www.nirsoft.net/utils/diskcountersview.zip"
    }
}
