{
    "version": "1.21",
    "homepage": "https://www.nirsoft.net/utils/disk_smart_view.html",
    "url": "https://www.nirsoft.net/utils/disksmartview.zip",
    "bin": "DiskSmartView.exe",
    "shortcuts": [
        [
            "DiskSmartView.exe",
            "NirSoft\\DiskSmartView"
        ]
    ],
    "persist": [
        "disksmartview_lng.ini",
        "disksmartview.cfg"
    ],
    "hash": "8d10b7f4c8b60a39e33f28dc45782f734ce4af84bac33945251786c0c361f9dd",
    "description": "Retrieves S.M.A.R.T information from IDE/SATA disks.",
    "license": "Freeware",
    "notes": "If this application is useful to you, please consider donating to NirSoft - https://www.nirsoft.net/donate.html",
    "checkver": {
        "url": "https://www.nirsoft.net/pad/disksmartview.xml",
        "xpath": "/XML_DIZ_INFO/Program_Info/Program_Version"
    },
    "autoupdate": {
        "url": "https://www.nirsoft.net/utils/disksmartview.zip"
    }
}
