{
    "version": "1.66",
    "homepage": "https://www.nirsoft.net/utils/dll_export_viewer.html",
    "bin": "dllexp.exe",
    "shortcuts": [
        [
            "dllexp.exe",
            "NirSoft\\DLL Export Viewer"
        ]
    ],
    "persist": [
        "dllexp_lng.ini",
        "dllexp.cfg"
    ],
    "architecture": {
        "64bit": {
            "url": "https://www.nirsoft.net/utils/dllexp-x64.zip",
            "hash": "07d4ddd976679891eee2a252de585e1c101089bb4220a4cf3b221473db2bb3fd"
        },
        "32bit": {
            "url": "https://www.nirsoft.net/utils/dllexp.zip",
            "hash": "5a1149dc83b22f2c47600ab0f1f60c922607aaaa36feaee9c984f00ab7d96ec5"
        }
    },
    "description": "Lists DLL exported functions and their memory addresses - for debugging.",
    "license": "Freeware",
    "notes": "If this application is useful to you, please consider donating to NirSoft - https://www.nirsoft.net/donate.html",
    "checkver": {
        "url": "https://www.nirsoft.net/pad/dllexp.xml",
        "xpath": "/XML_DIZ_INFO/Program_Info/Program_Version"
    },
    "autoupdate": {
        "architecture": {
            "64bit": {
                "url": "https://www.nirsoft.net/utils/dllexp-x64.zip"
            },
            "32bit": {
                "url": "https://www.nirsoft.net/utils/dllexp.zip"
            }
        }
    }
}
