{
    "version": "1.75",
    "homepage": "https://www.nirsoft.net/utils/dns_records_viewer.html",
    "url": "https://www.nirsoft.net/utils/dnsdataview.zip",
    "bin": "DNSDataView.exe",
    "shortcuts": [
        [
            "DNSDataView.exe",
            "NirSoft\\DNSDataView"
        ]
    ],
    "persist": [
        "dnsdataview_lng.ini",
        "dnsdataview.cfg"
    ],
    "hash": "1475407a849f37c59e97d89b832b839caa60d68a8178abaa382e1cab205230ea",
    "description": "Retrieve the DNS records (MX, NS, A, SOA) of the specified domains. ",
    "license": "Freeware",
    "notes": "If this application is useful to you, please consider donating to NirSoft - https://www.nirsoft.net/donate.html",
    "checkver": {
        "url": "https://www.nirsoft.net/pad/dnsdataview.xml",
        "xpath": "/XML_DIZ_INFO/Program_Info/Program_Version"
    },
    "autoupdate": {
        "url": "https://www.nirsoft.net/utils/dnsdataview.zip"
    }
}