{
    "version": "1.13",
    "homepage": "https://www.nirsoft.net/utils/dns_lookup_view.html",
    "url": "https://www.nirsoft.net/utils/dnslookupview.zip",
    "bin": "DNSLookupView.exe",
    "shortcuts": [
        [
            "DNSLookupView.exe",
            "NirSoft\\DNSLookupView"
        ]
    ],
    "persist": [
        "dnslookupview_lng.ini",
        "dnslookupview.cfg"
    ],
    "hash": "5b92cfd156353074558be601b0101e13a28bc7a6094044b87a7c84e3835e7336",
    "description": "DNS Lookup Viewer for Windows 11/10",
    "license": "Freeware",
    "notes": "If this application is useful to you, please consider donating to NirSoft - https://www.nirsoft.net/donate.html",
    "checkver": {
        "url": "https://www.nirsoft.net/pad/dnslookupview.xml",
        "xpath": "/XML_DIZ_INFO/Program_Info/Program_Version"
    },
    "autoupdate": {
        "url": "https://www.nirsoft.net/utils/dnslookupview.zip"
    }
}