{
    "version": "1.95",
    "homepage": "https://www.nirsoft.net/utils/dns_query_sniffer.html",
    "bin": "DNSQuerySniffer.exe",
    "shortcuts": [
        [
            "DNSQuerySniffer.exe",
            "NirSoft\\DNSQuerySniffer"
        ]
    ],
    "persist": [
        "dnsquerysniffer_lng.ini",
        "dnsquerysniffer.cfg"
    ],
    "architecture": {
        "64bit": {
            "url": "https://www.nirsoft.net/utils/dnsquerysniffer-x64.zip",
            "hash": "28ff24a8e1a0956f86712fee034368000123231e18552bf011aa3b9fe03052ca"
        },
        "32bit": {
            "url": "https://www.nirsoft.net/utils/dnsquerysniffer.zip",
            "hash": "717a4444166d474398c725d798fbd43b3796c6b71909fd01ca48137a8a6c29a1"
        }
    },
    "description": "Network sniffer utility that shows the DNS queries sent on your system. ",
    "license": "Freeware",
    "notes": "If this application is useful to you, please consider donating to NirSoft - https://www.nirsoft.net/donate.html",
    "checkver": {
        "url": "https://www.nirsoft.net/pad/dnsquerysniffer.xml",
        "xpath": "/XML_DIZ_INFO/Program_Info/Program_Version"
    },
    "autoupdate": {
        "architecture": {
            "64bit": {
                "url": "https://www.nirsoft.net/utils/dnsquerysniffer-x64.zip"
            },
            "32bit": {
                "url": "https://www.nirsoft.net/utils/dnsquerysniffer.zip"
            }
        }
    }
}