{
    "version": "1.82",
    "homepage": "https://www.nirsoft.net/utils/domain_hosting_view.html",
    "url": "https://www.nirsoft.net/utils/domainhostingview.zip",
    "bin": "DomainHostingView.exe",
    "shortcuts": [
        [
            "DomainHostingView.exe",
            "NirSoft\\DomainHostingView"
        ]
    ],
    "persist": [
        "domainhostingview_lng.ini",
        "domainhostingview.cfg"
    ],
    "hash": "19840123792425409b10d6259cb6c22cbbb3a6e1e1cc8b909926a71268a77fe9",
    "description": "Displays extensive information about a domain.",
    "license": "Freeware",
    "notes": "If this application is useful to you, please consider donating to NirSoft - https://www.nirsoft.net/donate.html",
    "checkver": {
        "url": "https://www.nirsoft.net/pad/domainhostingview.xml",
        "xpath": "/XML_DIZ_INFO/Program_Info/Program_Version"
    },
    "autoupdate": {
        "url": "https://www.nirsoft.net/utils/domainhostingview.zip"
    }
}
