{
    "version": "1.56",
    "homepage": "https://www.nirsoft.net/domain_lookup_tools.html",
    "url": "https://www.nirsoft.net/packages/domainlookuptools.zip",
    "bin": "DomainHostingView.exe",
    "shortcuts": [
        [
            "DomainHostingView.exe",
            "NirSoft\\Domain Lookup Tools Package"
        ]
    ],
    "persist": [
        "domainlookuptools_lng.ini",
        "domainlookuptools.cfg"
    ],
    "hash": "f1ee0bd7a744d143c105af466c2c6c44db490ee99f077974ad7e12b3121a8523",
    "description": "Package of domain/ip address  lookup tools for Windows",
    "license": "Freeware",
    "notes": "If this application is useful to you, please consider donating to NirSoft - https://www.nirsoft.net/donate.html",
    "checkver": {
        "url": "https://www.nirsoft.net/pad/domainlookuptools.xml",
        "xpath": "/XML_DIZ_INFO/Program_Info/Program_Version"
    },
    "autoupdate": {
        "url": "https://www.nirsoft.net/packages/domainlookuptools.zip"
    }
}
