{
    "version": "1.01",
    "homepage": "https://www.nirsoft.net/utils/dot_net_resources_extract.html",
    "url": "https://www.nirsoft.net/utils/dotnetresourcesextract.zip",
    "bin": "DotNetResourcesExtract.exe",
    "shortcuts": [
        [
            "DotNetResourcesExtract.exe",
            "NirSoft\\DotNetResourcesExtract"
        ]
    ],
    "persist": [
        "dotnetresourcesextract_lng.ini",
        "dotnetresourcesextract.cfg"
    ],
    "hash": "5375bd9fbb7dd9d84fc2584ccee12280402585b7f9de30fe38fe453019fb3a93",
    "description": "Extract embedded resources from .NET applications.",
    "license": "Freeware",
    "notes": "If this application is useful to you, please consider donating to NirSoft - https://www.nirsoft.net/donate.html",
    "checkver": {
        "url": "https://www.nirsoft.net/pad/dotnetresourcesextract.xml",
        "xpath": "/XML_DIZ_INFO/Program_Info/Program_Version"
    },
    "autoupdate": {
        "url": "https://www.nirsoft.net/utils/dotnetresourcesextract.zip"
    }
}
