{
    "version": "1.30",
    "homepage": "https://www.nirsoft.net/utils/download_speed_tester.html",
    "url": "https://www.nirsoft.net/utils/downtester.zip",
    "bin": "DownTester.exe",
    "shortcuts": [
        [
            "DownTester.exe",
            "NirSoft\\DownTester"
        ]
    ],
    "persist": [
        "downtester_lng.ini",
        "downtester.cfg"
    ],
    "hash": "15d6a3ecea7ab676769042cfdb3cbbea197f81be63aec409e792dd2258642fe2",
    "description": "Test your Internet download speed.",
    "license": "Freeware",
    "notes": "If this application is useful to you, please consider donating to NirSoft - https://www.nirsoft.net/donate.html",
    "checkver": {
        "url": "https://www.nirsoft.net/pad/downtester.xml",
        "xpath": "/XML_DIZ_INFO/Program_Info/Program_Version"
    },
    "autoupdate": {
        "url": "https://www.nirsoft.net/utils/downtester.zip"
    }
}
