{
    "version": "1.51",
    "homepage": "https://www.nirsoft.net/utils/driverview.html",
    "bin": "DriverView.exe",
    "shortcuts": [
        [
            "DriverView.exe",
            "NirSoft\\DriverView"
        ]
    ],
    "persist": [
        "driverview_lng.ini",
        "driverview.cfg"
    ],
    "architecture": {
        "64bit": {
            "url": "https://www.nirsoft.net/utils/driverview-x64.zip",
            "hash": "8998e99e733bf112decf3a9c6954d86787d5a76f8347ffa50caf55cd7df9b4fe"
        },
        "32bit": {
            "url": "https://www.nirsoft.net/utils/driverview.zip",
            "hash": "fe82b8ffe23692c3059a1416c265db82e378dad4937b11c5ba86eac9fac17f85"
        }
    },
    "description": "Displays the list of all device drivers currently loaded on your system.",
    "license": "Freeware",
    "notes": "If this application is useful to you, please consider donating to NirSoft - https://www.nirsoft.net/donate.html",
    "checkver": {
        "url": "https://www.nirsoft.net/pad/driverview.xml",
        "xpath": "/XML_DIZ_INFO/Program_Info/Program_Version"
    },
    "autoupdate": {
        "architecture": {
            "64bit": {
                "url": "https://www.nirsoft.net/utils/driverview-x64.zip"
            },
            "32bit": {
                "url": "https://www.nirsoft.net/utils/driverview.zip"
            }
        }
    }
}