{
    "version": "1.50",
    "homepage": "https://www.nirsoft.net/utils/drive_letter_view.html",
    "bin": "DriveLetterView.exe",
    "shortcuts": [
        [
            "DriveLetterView.exe",
            "NirSoft\\DriveLetterView"
        ]
    ],
    "persist": [
        "driveletterview_lng.ini",
        "driveletterview.cfg"
    ],
    "architecture": {
        "64bit": {
            "url": "https://www.nirsoft.net/utils/driveletterview-x64.zip",
            "hash": "90024847ab711553046263bbe06acb99f31916a5c47e0e3858533c5310083d16"
        },
        "32bit": {
            "url": "https://www.nirsoft.net/utils/driveletterview.zip",
            "hash": "4676d1b4fd821ba22ec36d0667682e2995aff3970e3006e8d6f046c7c4801354"
        }
    },
    "description": "View and change drive letter assignments ",
    "license": "Freeware",
    "notes": "If this application is useful to you, please consider donating to NirSoft - https://www.nirsoft.net/donate.html",
    "checkver": {
        "url": "https://www.nirsoft.net/pad/driveletterview.xml",
        "xpath": "/XML_DIZ_INFO/Program_Info/Program_Version"
    },
    "autoupdate": {
        "architecture": {
            "64bit": {
                "url": "https://www.nirsoft.net/utils/driveletterview-x64.zip"
            },
            "32bit": {
                "url": "https://www.nirsoft.net/utils/driveletterview.zip"
            }
        }
    }
}
