{
    "version": "1.07",
    "homepage": "https://www.nirsoft.net/utils/dump_edid.html",
    "url": "https://www.nirsoft.net/utils/dumpedid.zip",
    "bin": "DumpEDID.exe",
    "shortcuts": [
        [
            "DumpEDID.exe",
            "NirSoft\\DumpEDID"
        ]
    ],
    "persist": [
        "dumpedid_lng.ini",
        "dumpedid.cfg"
    ],
    "hash": "1773478ecec2d0e7dcb8d41dd3dd1353e26446a4a798ab294a1ce652a9b84609",
    "description": "Dump EDID information into the console window.",
    "license": "Freeware",
    "notes": "If this application is useful to you, please consider donating to NirSoft - https://www.nirsoft.net/donate.html",
    "checkver": {
        "url": "https://www.nirsoft.net/pad/dumpedid.xml",
        "xpath": "/XML_DIZ_INFO/Program_Info/Program_Version"
    },
    "autoupdate": {
        "url": "https://www.nirsoft.net/utils/dumpedid.zip"
    }
}
