{
    "version": "1.17",
    "homepage": "https://www.nirsoft.net/utils/edge_cookies_view.html",
    "url": "https://www.nirsoft.net/utils/edgecookiesview.zip",
    "bin": "EdgeCookiesView.exe",
    "shortcuts": [
        [
            "EdgeCookiesView.exe",
            "NirSoft\\EdgeCookiesView"
        ]
    ],
    "persist": [
        "edgecookiesview_lng.ini",
        "edgecookiesview.cfg"
    ],
    "hash": "2ffad52588c2373f6bf4f6da662af3ed577e00d78260036b5ef87f7e7e5b5c65",
    "description": "Display cookies from new versions of MS-Edge",
    "license": "Freeware",
    "notes": "If this application is useful to you, please consider donating to NirSoft - https://www.nirsoft.net/donate.html",
    "checkver": {
        "url": "https://www.nirsoft.net/pad/edgecookiesview.xml",
        "xpath": "/XML_DIZ_INFO/Program_Info/Program_Version"
    },
    "autoupdate": {
        "url": "https://www.nirsoft.net/utils/edgecookiesview.zip"
    }
}
