{
    "version": "1.06",
    "homepage": "https://www.nirsoft.net/utils/encrypted_registry_view.html",
    "bin": "EncryptedRegView.exe",
    "shortcuts": [
        [
            "EncryptedRegView.exe",
            "NirSoft\\EncryptedRegView"
        ]
    ],
    "persist": [
        "encryptedregview_lng.ini",
        "encryptedregview.cfg"
    ],
    "architecture": {
        "64bit": {
            "url": "https://www.nirsoft.net/toolsdownload/encryptedregview-x64.zip",
            "hash": "85bb0d5f934c097c0b9f572265b6e5ebd53740e9481e6d6d466d581e34b5f6ea"
        },
        "32bit": {
            "url": "https://www.nirsoft.net/toolsdownload/encryptedregview.zip",
            "hash": "2e3deaf5c2c83bc179aac90b45adc1e69b15151aac13b7ab0b2d196b525b45f1"
        }
    },
    "description": "Scans the Registry and  decrypts the data encrypted with  DPAPI.",
    "license": "Freeware",
    "notes": "If this application is useful to you, please consider donating to NirSoft - https://www.nirsoft.net/donate.html",
    "checkver": {
        "url": "https://www.nirsoft.net/pad/encryptedregview.xml",
        "xpath": "/XML_DIZ_INFO/Program_Info/Program_Version"
    },
    "autoupdate": {
        "architecture": {
            "64bit": {
                "url": "https://www.nirsoft.net/toolsdownload/encryptedregview-x64.zip"
            },
            "32bit": {
                "url": "https://www.nirsoft.net/toolsdownload/encryptedregview.zip"
            }
        }
    }
}