{
    "version": "1.74",
    "homepage": "https://www.nirsoft.net/utils/ese_database_view.html",
    "url": "https://www.nirsoft.net/utils/esedatabaseview.zip",
    "bin": "ESEDatabaseView.exe",
    "shortcuts": [
        [
            "ESEDatabaseView.exe",
            "NirSoft\\ESEDatabaseView"
        ]
    ],
    "persist": [
        "esedatabaseview_lng.ini",
        "esedatabaseview.cfg"
    ],
    "hash": "1ee30f78b41ac3b8486a798f87d43c4f27dd294713899873b150a432056b234f",
    "description": "View the content of ESE database files (.edb files)",
    "license": "Freeware",
    "notes": "If this application is useful to you, please consider donating to NirSoft - https://www.nirsoft.net/donate.html",
    "checkver": {
        "url": "https://www.nirsoft.net/pad/esedatabaseview.xml",
        "xpath": "/XML_DIZ_INFO/Program_Info/Program_Version"
    },
    "autoupdate": {
        "url": "https://www.nirsoft.net/utils/esedatabaseview.zip"
    }
}