{
    "version": "1.38",
    "homepage": "https://www.nirsoft.net/utils/event_log_channels_view.html",
    "bin": "EventLogChannelsView.exe",
    "shortcuts": [
        [
            "EventLogChannelsView.exe",
            "NirSoft\\EventLogChannelsView"
        ]
    ],
    "persist": [
        "eventlogchannelsview_lng.ini",
        "eventlogchannelsview.cfg"
    ],
    "architecture": {
        "64bit": {
            "url": "https://www.nirsoft.net/utils/eventlogchannelsview-x64.zip",
            "hash": "3184c7908f713a62db795d81920d874cbcccfd13a28dd7c49815793c0d4a72c0"
        },
        "32bit": {
            "url": "https://www.nirsoft.net/utils/eventlogchannelsview.zip",
            "hash": "d8f294a84bb9c68342da5a207b18c5f4886589a6eb0b924d76a7e378a7051391"
        }
    },
    "description": "View,Disable,Enable Event Log Channels.",
    "license": "Freeware",
    "notes": "If this application is useful to you, please consider donating to NirSoft - https://www.nirsoft.net/donate.html",
    "checkver": {
        "url": "https://www.nirsoft.net/pad/eventlogchannelsview.xml",
        "xpath": "/XML_DIZ_INFO/Program_Info/Program_Version"
    },
    "autoupdate": {
        "architecture": {
            "64bit": {
                "url": "https://www.nirsoft.net/utils/eventlogchannelsview-x64.zip"
            },
            "32bit": {
                "url": "https://www.nirsoft.net/utils/eventlogchannelsview.zip"
            }
        }
    }
}