{
    "version": "1.00",
    "homepage": "https://www.nirsoft.net/utils/event_log_sources_view.html",
    "bin": "EventLogSourcesView.exe",
    "shortcuts": [
        [
            "EventLogSourcesView.exe",
            "NirSoft\\EventLogSourcesView"
        ]
    ],
    "persist": [
        "eventlogsourcesview_lng.ini",
        "eventlogsourcesview.cfg"
    ],
    "architecture": {
        "64bit": {
            "url": "https://www.nirsoft.net/utils/eventlogsourcesview-x64.zip",
            "hash": "23e2dcb254e88307457ce81782666c25a84b4e1e2659d0a2e573d69992530dbc"
        },
        "32bit": {
            "url": "https://www.nirsoft.net/utils/eventlogsourcesview.zip",
            "hash": "f60a90200ac6daceba5acf2a24546ca27f0af1b28ad1320e637eaa695a6d03e9"
        }
    },
    "description": "Displays the list of all event log sources installed on your system. ",
    "license": "Freeware",
    "notes": "If this application is useful to you, please consider donating to NirSoft - https://www.nirsoft.net/donate.html",
    "checkver": {
        "url": "https://www.nirsoft.net/pad/eventlogsourcesview.xml",
        "xpath": "/XML_DIZ_INFO/Program_Info/Program_Version"
    },
    "autoupdate": {
        "architecture": {
            "64bit": {
                "url": "https://www.nirsoft.net/utils/eventlogsourcesview-x64.zip"
            },
            "32bit": {
                "url": "https://www.nirsoft.net/utils/eventlogsourcesview.zip"
            }
        }
    }
}
