{
    "version": "1.11",
    "homepage": "https://www.nirsoft.net/utils/executed_programs_list.html",
    "url": "https://www.nirsoft.net/utils/executedprogramslist.zip",
    "bin": "ExecutedProgramsList.exe",
    "shortcuts": [
        [
            "ExecutedProgramsList.exe",
            "NirSoft\\ExecutedProgramsList"
        ]
    ],
    "persist": [
        "executedprogramslist_lng.ini",
        "executedprogramslist.cfg"
    ],
    "hash": "84057a0660a51f07c56d893b9949befcc55a271c0e65a23e765bf958b2ae947a",
    "description": "Displays programs and batch files that you previously executed on your system.",
    "license": "Freeware",
    "notes": "If this application is useful to you, please consider donating to NirSoft - https://www.nirsoft.net/donate.html",
    "checkver": {
        "url": "https://www.nirsoft.net/pad/executedprogramslist.xml",
        "xpath": "/XML_DIZ_INFO/Program_Info/Program_Version"
    },
    "autoupdate": {
        "url": "https://www.nirsoft.net/utils/executedprogramslist.zip"
    }
}
