{
    "version": "1.01",
    "homepage": "https://www.nirsoft.net/utils/external_drive_password_recovery.html",
    "url": "https://www.nirsoft.net/utils/extpassword.zip",
    "bin": "ExtPassword.exe",
    "shortcuts": [
        [
            "ExtPassword.exe",
            "NirSoft\\ExtPassword"
        ]
    ],
    "persist": [
        "extpassword_lng.ini",
        "extpassword.cfg"
    ],
    "hash": "03ad8c2630d0a483549b6d8ce95fe59ab60d5dcc0f53a6f3e7deef517995caeb",
    "description": "External Drive Password Recovery",
    "license": "Freeware",
    "notes": "If this application is useful to you, please consider donating to NirSoft - https://www.nirsoft.net/donate.html",
    "checkver": {
        "url": "https://www.nirsoft.net/pad/extpassword.xml",
        "xpath": "/XML_DIZ_INFO/Program_Info/Program_Version"
    },
    "autoupdate": {
        "url": "https://www.nirsoft.net/utils/extpassword.zip"
    }
}