{
    "version": "1.26",
    "homepage": "https://www.nirsoft.net/utils/fastresolver.html",
    "url": "https://www.nirsoft.net/utils/fastresolver.zip",
    "bin": "FastResolver.exe",
    "shortcuts": [
        [
            "FastResolver.exe",
            "NirSoft\\FastResolver"
        ]
    ],
    "persist": [
        "fastresolver_lng.ini",
        "fastresolver.cfg"
    ],
    "hash": "476a8e2d01b271f5b774904805b3419d58ac593bd0332e019d992eff95143212",
    "description": "Resolves multiple host names into IP addresses/MAC Addresses and vice versa. ",
    "license": "Freeware",
    "notes": "If this application is useful to you, please consider donating to NirSoft - https://www.nirsoft.net/donate.html",
    "checkver": {
        "url": "https://www.nirsoft.net/pad/fastresolver.xml",
        "xpath": "/XML_DIZ_INFO/Program_Info/Program_Version"
    },
    "autoupdate": {
        "url": "https://www.nirsoft.net/utils/fastresolver.zip"
    }
}
