{
    "version": "1.32",
    "homepage": "https://www.nirsoft.net/utils/faview.html",
    "url": "https://www.nirsoft.net/utils/faview.zip",
    "bin": "faview.exe",
    "shortcuts": [
        [
            "faview.exe",
            "NirSoft\\FavoritesView"
        ]
    ],
    "persist": [
        "faview_lng.ini",
        "faview.cfg"
    ],
    "hash": "60f94079be9f34247c424e5512ea42f8633df694d6b7c9cfd38fd5fe863b19c3",
    "description": "displays the list of all your Favorties/bookmarks in a single page.",
    "license": "Freeware",
    "notes": "If this application is useful to you, please consider donating to NirSoft - https://www.nirsoft.net/donate.html",
    "checkver": {
        "url": "https://www.nirsoft.net/pad/faview.xml",
        "xpath": "/XML_DIZ_INFO/Program_Info/Program_Version"
    },
    "autoupdate": {
        "url": "https://www.nirsoft.net/utils/faview.zip"
    }
}
