{
    "version": "1.22",
    "homepage": "https://www.nirsoft.net/utils/facebook_cache_viewer.html",
    "url": "https://www.nirsoft.net/utils/fbcacheview.zip",
    "bin": "FBCacheView.exe",
    "shortcuts": [
        [
            "FBCacheView.exe",
            "NirSoft\\FBCacheView"
        ]
    ],
    "persist": [
        "fbcacheview_lng.ini",
        "fbcacheview.cfg"
    ],
    "hash": "4577f33de9fc7a76b0dec73025b4483c0ff17a48b36e984975c9b4f4efc954e6",
    "description": "Shows Facebook images stored in the cache of your Web browser.",
    "license": "Freeware",
    "notes": "If this application is useful to you, please consider donating to NirSoft - https://www.nirsoft.net/donate.html",
    "checkver": {
        "url": "https://www.nirsoft.net/pad/fbcacheview.xml",
        "xpath": "/XML_DIZ_INFO/Program_Info/Program_Version"
    },
    "autoupdate": {
        "url": "https://www.nirsoft.net/utils/fbcacheview.zip"
    }
}
