{
    "version": "1.32",
    "homepage": "https://www.nirsoft.net/utils/file_access_error_view.html",
    "bin": "FileAccessErrorView.exe",
    "shortcuts": [
        [
            "FileAccessErrorView.exe",
            "NirSoft\\FileAccessErrorView"
        ]
    ],
    "persist": [
        "fileaccesserrorview_lng.ini",
        "fileaccesserrorview.cfg"
    ],
    "architecture": {
        "64bit": {
            "url": "https://www.nirsoft.net/utils/fileaccesserrorview-x64.zip",
            "hash": "5ee75cd0bd02fbcd85d7e52b1029d713f0418cdc8d558bf233133f5e04a261ca"
        },
        "32bit": {
            "url": "https://www.nirsoft.net/utils/fileaccesserrorview.zip",
            "hash": "d54b4d72957417c255e69fbd8ca202a4b5abede672bce4ef5b8062fae6fff6c4"
        }
    },
    "description": "Displays file access error information",
    "license": "Freeware",
    "notes": "If this application is useful to you, please consider donating to NirSoft - https://www.nirsoft.net/donate.html",
    "checkver": {
        "url": "https://www.nirsoft.net/pad/fileaccesserrorview.xml",
        "xpath": "/XML_DIZ_INFO/Program_Info/Program_Version"
    },
    "autoupdate": {
        "architecture": {
            "64bit": {
                "url": "https://www.nirsoft.net/utils/fileaccesserrorview-x64.zip"
            },
            "32bit": {
                "url": "https://www.nirsoft.net/utils/fileaccesserrorview.zip"
            }
        }
    }
}