{
    "version": "2.00",
    "homepage": "https://www.nirsoft.net/utils/file_types_manager.html",
    "bin": "FileTypesMan.exe",
    "shortcuts": [
        [
            "FileTypesMan.exe",
            "NirSoft\\FileTypesMan"
        ]
    ],
    "persist": [
        "filetypesman_lng.ini",
        "filetypesman.cfg"
    ],
    "architecture": {
        "64bit": {
            "url": "https://www.nirsoft.net/utils/filetypesman-x64.zip",
            "hash": "05f9d35dd1f44be6162def173d4e8bc4e55389d618b5349599bfa5a5bb1a7ea4"
        },
        "32bit": {
            "url": "https://www.nirsoft.net/utils/filetypesman.zip",
            "hash": "e906151bb3648dd52e67694dc419f4ed8cd0ef1b0c45f93fbefd8d343ebecf4b"
        }
    },
    "description": "Alternative to the 'File Types' manager of Windows.",
    "license": "Freeware",
    "notes": "If this application is useful to you, please consider donating to NirSoft - https://www.nirsoft.net/donate.html",
    "checkver": {
        "url": "https://www.nirsoft.net/pad/filetypesman.xml",
        "xpath": "/XML_DIZ_INFO/Program_Info/Program_Version"
    },
    "autoupdate": {
        "architecture": {
            "64bit": {
                "url": "https://www.nirsoft.net/utils/filetypesman-x64.zip"
            },
            "32bit": {
                "url": "https://www.nirsoft.net/utils/filetypesman.zip"
            }
        }
    }
}