{
    "version": "1.70",
    "homepage": "https://www.nirsoft.net/utils/file_activity_watch.html",
    "bin": "FileActivityWatch.exe",
    "shortcuts": [
        [
            "FileActivityWatch.exe",
            "NirSoft\\FileActivityWatch"
        ]
    ],
    "persist": [
        "fileactivitywatch_lng.ini",
        "fileactivitywatch.cfg"
    ],
    "architecture": {
        "64bit": {
            "url": "https://www.nirsoft.net/utils/fileactivitywatch-x64.zip",
            "hash": "325a472199d0fbcfaf558349c1a3fd18942109ad989bd7dbab654ff93e05b723"
        },
        "32bit": {
            "url": "https://www.nirsoft.net/utils/fileactivitywatch.zip",
            "hash": "a1932da51808ec5748b8ce33d55f14faa358c51ff66b12f92bfab6a3b0161f49"
        }
    },
    "description": "Displays information about read/write/delete operations on your system.",
    "license": "Freeware",
    "notes": "If this application is useful to you, please consider donating to NirSoft - https://www.nirsoft.net/donate.html",
    "checkver": {
        "url": "https://www.nirsoft.net/pad/fileactivitywatch.xml",
        "xpath": "/XML_DIZ_INFO/Program_Info/Program_Version"
    },
    "autoupdate": {
        "architecture": {
            "64bit": {
                "url": "https://www.nirsoft.net/utils/fileactivitywatch-x64.zip"
            },
            "32bit": {
                "url": "https://www.nirsoft.net/utils/fileactivitywatch.zip"
            }
        }
    }
}