{
    "version": "1.40",
    "homepage": "https://www.nirsoft.net/utils/firefox_downloads_view.html",
    "url": "https://www.nirsoft.net/utils/firefoxdownloadsview.zip",
    "bin": "FirefoxDownloadsView.exe",
    "shortcuts": [
        [
            "FirefoxDownloadsView.exe",
            "NirSoft\\FirefoxDownloadsView"
        ]
    ],
    "persist": [
        "firefoxdownloadsview_lng.ini",
        "firefoxdownloadsview.cfg"
    ],
    "hash": "5bdb9f62367b5be0069545177beb443b7cbc8f22f0382c997a635e1719139afc",
    "description": "Displayed the list of downloaded files in Firefox",
    "license": "Freeware",
    "notes": "If this application is useful to you, please consider donating to NirSoft - https://www.nirsoft.net/donate.html",
    "checkver": {
        "url": "https://www.nirsoft.net/pad/firefoxdownloadsview.xml",
        "xpath": "/XML_DIZ_INFO/Program_Info/Program_Version"
    },
    "autoupdate": {
        "url": "https://www.nirsoft.net/utils/firefoxdownloadsview.zip"
    }
}
