{
    "version": "1.02",
    "homepage": "https://www.nirsoft.net/utils/firmware_tables_view.html",
    "bin": "FirmwareTablesView.exe",
    "shortcuts": [
        [
            "FirmwareTablesView.exe",
            "NirSoft\\FirmwareTablesView"
        ]
    ],
    "persist": [
        "firmwaretablesview_lng.ini",
        "firmwaretablesview.cfg"
    ],
    "architecture": {
        "64bit": {
            "url": "https://www.nirsoft.net/utils/firmwaretablesview-x64.zip",
            "hash": "dc5db8daf90d6b678566557dccaa3e0c7b863f659cb65ab84f78560ea148f47f"
        },
        "32bit": {
            "url": "https://www.nirsoft.net/utils/firmwaretablesview.zip",
            "hash": "8e97e6854fa997f08e10607a066aa36278e539969c5d44eb5f44144af23df790"
        }
    },
    "description": "Displays a list of firmware tables (ACPI, SMBIOS) stored on your system.",
    "license": "Freeware",
    "notes": "If this application is useful to you, please consider donating to NirSoft - https://www.nirsoft.net/donate.html",
    "checkver": {
        "url": "https://www.nirsoft.net/pad/firmwaretablesview.xml",
        "xpath": "/XML_DIZ_INFO/Program_Info/Program_Version"
    },
    "autoupdate": {
        "architecture": {
            "64bit": {
                "url": "https://www.nirsoft.net/utils/firmwaretablesview-x64.zip"
            },
            "32bit": {
                "url": "https://www.nirsoft.net/utils/firmwaretablesview.zip"
            }
        }
    }
}
