{
    "version": "1.15",
    "homepage": "https://www.nirsoft.net/utils/flash_cookies_view.html",
    "url": "https://www.nirsoft.net/utils/flashcookiesview.zip",
    "bin": "FlashCookiesView.exe",
    "shortcuts": [
        [
            "FlashCookiesView.exe",
            "NirSoft\\FlashCookiesView"
        ]
    ],
    "persist": [
        "flashcookiesview_lng.ini",
        "flashcookiesview.cfg"
    ],
    "hash": "a8217a04b664d055cd137620f8f7585d2dd0c326cf90d4a01383b9e5f154b86e",
    "description": "View Flash cookies stored in your computer.",
    "license": "Freeware",
    "notes": "If this application is useful to you, please consider donating to NirSoft - https://www.nirsoft.net/donate.html",
    "checkver": {
        "url": "https://www.nirsoft.net/pad/flashcookiesview.xml",
        "xpath": "/XML_DIZ_INFO/Program_Info/Program_Version"
    },
    "autoupdate": {
        "url": "https://www.nirsoft.net/utils/flashcookiesview.zip"
    }
}
