{
    "version": "1.72",
    "homepage": "https://www.nirsoft.net/utils/folder_time_update.html",
    "bin": "FolderTimeUpdate.exe",
    "shortcuts": [
        [
            "FolderTimeUpdate.exe",
            "NirSoft\\FolderTimeUpdate"
        ]
    ],
    "persist": [
        "foldertimeupdate_lng.ini",
        "foldertimeupdate.cfg"
    ],
    "architecture": {
        "64bit": {
            "url": "https://www.nirsoft.net/utils/foldertimeupdate-x64.zip",
            "hash": "b49e8bc044893f978e9a8e60714e29f32fa6ba3f929c4aaa58b74b536e160e3e"
        },
        "32bit": {
            "url": "https://www.nirsoft.net/utils/foldertimeupdate.zip",
            "hash": "788ee2865d22c45f65c0d12f23441d0c5469e84d90b7aebf0c860818702c96d3"
        }
    },
    "description": "Updates the 'Modified Time' of folders.",
    "license": "Freeware",
    "notes": "If this application is useful to you, please consider donating to NirSoft - https://www.nirsoft.net/donate.html",
    "checkver": {
        "url": "https://www.nirsoft.net/pad/foldertimeupdate.xml",
        "xpath": "/XML_DIZ_INFO/Program_Info/Program_Version"
    },
    "autoupdate": {
        "architecture": {
            "64bit": {
                "url": "https://www.nirsoft.net/utils/foldertimeupdate-x64.zip"
            },
            "32bit": {
                "url": "https://www.nirsoft.net/utils/foldertimeupdate.zip"
            }
        }
    }
}