{
    "version": "2.37",
    "homepage": "https://www.nirsoft.net/utils/folder_changes_view.html",
    "url": "https://www.nirsoft.net/utils/folderchangesview.zip",
    "bin": "FolderChangesView.exe",
    "shortcuts": [
        [
            "FolderChangesView.exe",
            "NirSoft\\FolderChangesView"
        ]
    ],
    "persist": [
        "folderchangesview_lng.ini",
        "folderchangesview.cfg"
    ],
    "hash": "1d15dbed619efa0ea1faaf523717dd79c076abf62055e5d4d08474c89dc9d305",
    "description": "Monitor folder/drive changes.",
    "license": "Freeware",
    "notes": "If this application is useful to you, please consider donating to NirSoft - https://www.nirsoft.net/donate.html",
    "checkver": {
        "url": "https://www.nirsoft.net/pad/folderchangesview.xml",
        "xpath": "/XML_DIZ_INFO/Program_Info/Program_Version"
    },
    "autoupdate": {
        "url": "https://www.nirsoft.net/utils/folderchangesview.zip"
    }
}