{
    "version": "1.21",
    "homepage": "https://www.nirsoft.net/utils/folrep.html",
    "url": "https://www.nirsoft.net/utils/folrep.zip",
    "bin": "folrep.exe",
    "shortcuts": [
        [
            "folrep.exe",
            "NirSoft\\FoldersReport"
        ]
    ],
    "persist": [
        "folrep_lng.ini",
        "folrep.cfg"
    ],
    "hash": "82a662e081f86fee20ae390ab83d05ed5a0290a83ba0aaf0c2e50c46bf4e1fdb",
    "description": "Scans your disk, and displays a report about each folder.",
    "license": "Freeware",
    "notes": "If this application is useful to you, please consider donating to NirSoft - https://www.nirsoft.net/donate.html",
    "checkver": {
        "url": "https://www.nirsoft.net/pad/folrep.xml",
        "xpath": "/XML_DIZ_INFO/Program_Info/Program_Version"
    },
    "autoupdate": {
        "url": "https://www.nirsoft.net/utils/folrep.zip"
    }
}
