{
    "version": "1.05",
    "homepage": "https://www.nirsoft.net/utils/free_disk_space_log_view.html",
    "url": "https://www.nirsoft.net/utils/freespacelogview.zip",
    "bin": "FreeSpaceLogView.exe",
    "shortcuts": [
        [
            "FreeSpaceLogView.exe",
            "NirSoft\\FreeSpaceLogView"
        ]
    ],
    "persist": [
        "freespacelogview_lng.ini",
        "freespacelogview.cfg"
    ],
    "hash": "1b8fd0ad7b1a376e89f0ae07c8501e03d386a867b8bd4542d3f09a6eac319982",
    "description": "View log of free disk space on Windows",
    "license": "Freeware",
    "notes": "If this application is useful to you, please consider donating to NirSoft - https://www.nirsoft.net/donate.html",
    "checkver": {
        "url": "https://www.nirsoft.net/pad/freespacelogview.xml",
        "xpath": "/XML_DIZ_INFO/Program_Info/Program_Version"
    },
    "autoupdate": {
        "url": "https://www.nirsoft.net/utils/freespacelogview.zip"
    }
}
