{
    "version": "1.80",
    "homepage": "https://www.nirsoft.net/utils/full_event_log_view.html",
    "bin": "FullEventLogView.exe",
    "shortcuts": [
        [
            "FullEventLogView.exe",
            "NirSoft\\FullEventLogView"
        ]
    ],
    "persist": [
        "fulleventlogview_lng.ini",
        "fulleventlogview.cfg"
    ],
    "architecture": {
        "64bit": {
            "url": "https://www.nirsoft.net/utils/fulleventlogview-x64.zip",
            "hash": "020cb60e2e5a3f8b4d54d72bf45426516b74d194309115fbdf923aa159604b82"
        },
        "32bit": {
            "url": "https://www.nirsoft.net/utils/fulleventlogview.zip",
            "hash": "b683bf400a967bd264d4f808c1c0269236a67bc853d8f222b7c71c25dff1b115"
        }
    },
    "description": "Event log viewer for Windows 10/8/7/Vista.",
    "license": "Freeware",
    "notes": "If this application is useful to you, please consider donating to NirSoft - https://www.nirsoft.net/donate.html",
    "checkver": {
        "url": "https://www.nirsoft.net/pad/fulleventlogview.xml",
        "xpath": "/XML_DIZ_INFO/Program_Info/Program_Version"
    },
    "autoupdate": {
        "architecture": {
            "64bit": {
                "url": "https://www.nirsoft.net/utils/fulleventlogview-x64.zip"
            },
            "32bit": {
                "url": "https://www.nirsoft.net/utils/fulleventlogview.zip"
            }
        }
    }
}