{
    "version": "1.11",
    "homepage": "https://www.nirsoft.net/dot_net_tools/gac_viewer.html",
    "url": "https://www.nirsoft.net/dot_net_tools/gacview.zip",
    "bin": "gacview.exe",
    "shortcuts": [
        [
            "gacview.exe",
            "NirSoft\\GACView"
        ]
    ],
    "persist": [
        "gacview_lng.ini",
        "gacview.cfg"
    ],
    "hash": "f8f6b2033681aee70136ca8880197b84b08e119da0518625b42ec38ec6380045",
    "description": "Alternative to the standard .NET assembly viewer on Windows Explorer.",
    "license": "Freeware",
    "notes": "If this application is useful to you, please consider donating to NirSoft - https://www.nirsoft.net/donate.html",
    "checkver": {
        "url": "https://www.nirsoft.net/pad/gacview.xml",
        "xpath": "/XML_DIZ_INFO/Program_Info/Program_Version"
    },
    "autoupdate": {
        "url": "https://www.nirsoft.net/dot_net_tools/gacview.zip"
    }
}
