{
    "version": "1.26",
    "homepage": "https://www.nirsoft.net/utils/gdi_handles.html",
    "bin": "GDIView.exe",
    "shortcuts": [
        [
            "GDIView.exe",
            "NirSoft\\GDIView "
        ]
    ],
    "persist": [
        "gdiview_lng.ini",
        "gdiview.cfg"
    ],
    "architecture": {
        "64bit": {
            "url": "https://www.nirsoft.net/utils/gdiview-x64.zip",
            "hash": "45aeca625ed56662df1d52cca0f1b6e4ecd373b58ce8dcf07106f07f8dbc63e4"
        },
        "32bit": {
            "url": "https://www.nirsoft.net/utils/gdiview.zip",
            "hash": "30dc7eda83eee7826e677c5f27a89d8389fb632476d4e413e332ae73769c32f6"
        }
    },
    "description": "Displays the list of GDI handles opened by every process",
    "license": "Freeware",
    "notes": "If this application is useful to you, please consider donating to NirSoft - https://www.nirsoft.net/donate.html",
    "checkver": {
        "url": "https://www.nirsoft.net/pad/gdiview.xml",
        "xpath": "/XML_DIZ_INFO/Program_Info/Program_Version"
    },
    "autoupdate": {
        "architecture": {
            "64bit": {
                "url": "https://www.nirsoft.net/utils/gdiview-x64.zip"
            },
            "32bit": {
                "url": "https://www.nirsoft.net/utils/gdiview.zip"
            }
        }
    }
}
