{
    "version": "1.01",
    "homepage": "https://www.nirsoft.net/utils/get_nir_command_line_tool.html",
    "url": "https://www.nirsoft.net/utils/getnir.zip",
    "bin": "GetNir.exe",
    "shortcuts": [
        [
            "GetNir.exe",
            "NirSoft\\GetNir"
        ]
    ],
    "persist": [
        "getnir_lng.ini",
        "getnir.cfg"
    ],
    "hash": "f50dd73972c8295fb9b58296955cbfdc8c2025992fed83c0c96fd1ce1b71632c",
    "description": "Command line tool to extract values from tab-delimited and comma-delimited data",
    "license": "Freeware",
    "notes": "If this application is useful to you, please consider donating to NirSoft - https://www.nirsoft.net/donate.html",
    "checkver": {
        "url": "https://www.nirsoft.net/pad/getnir.xml",
        "xpath": "/XML_DIZ_INFO/Program_Info/Program_Version"
    },
    "autoupdate": {
        "url": "https://www.nirsoft.net/utils/getnir.zip"
    }
}
