{
    "version": "1.30",
    "homepage": "https://www.nirsoft.net/utils/gui_prop_view.html",
    "bin": "GUIPropView.exe",
    "shortcuts": [
        [
            "GUIPropView.exe",
            "NirSoft\\GUIPropView"
        ]
    ],
    "persist": [
        "guipropview_lng.ini",
        "guipropview.cfg"
    ],
    "architecture": {
        "64bit": {
            "url": "https://www.nirsoft.net/utils/guipropview-x64.zip",
            "hash": "e2e35d4b011546c74f49df764568f88b52f1a444829a1e849c7cb0d2f6199b5e"
        },
        "32bit": {
            "url": "https://www.nirsoft.net/utils/guipropview.zip",
            "hash": "82a8d7a79c49b6dc144d84b55afcb85be26a5963903f752f96cc40b365ce69c8"
        }
    },
    "description": "Displays extensive information about all windows currently opened on your system",
    "license": "Freeware",
    "notes": "If this application is useful to you, please consider donating to NirSoft - https://www.nirsoft.net/donate.html",
    "checkver": {
        "url": "https://www.nirsoft.net/pad/guipropview.xml",
        "xpath": "/XML_DIZ_INFO/Program_Info/Program_Version"
    },
    "autoupdate": {
        "architecture": {
            "64bit": {
                "url": "https://www.nirsoft.net/utils/guipropview-x64.zip"
            },
            "32bit": {
                "url": "https://www.nirsoft.net/utils/guipropview.zip"
            }
        }
    }
}