{
    "version": "1.19",
    "homepage": "https://www.nirsoft.net/utils/handle_counters_view.html",
    "bin": "HandleCountersView.exe",
    "shortcuts": [
        [
            "HandleCountersView.exe",
            "NirSoft\\HandleCountersView"
        ]
    ],
    "persist": [
        "handlecountersview_lng.ini",
        "handlecountersview.cfg"
    ],
    "architecture": {
        "64bit": {
            "url": "https://www.nirsoft.net/utils/handlecountersview-x64.zip",
            "hash": "3a199e445825c35af9d3f36047f5e4edfb1567072f892b4b62bedcc3b99b957d"
        },
        "32bit": {
            "url": "https://www.nirsoft.net/utils/handlecountersview.zip",
            "hash": "c4180891911ae8c31719d8c9fa2e70f86e60a02b4085f014646feac51c60dcd6"
        }
    },
    "description": "Shows handle counter for every process",
    "license": "Freeware",
    "notes": "If this application is useful to you, please consider donating to NirSoft - https://www.nirsoft.net/donate.html",
    "checkver": {
        "url": "https://www.nirsoft.net/pad/handlecountersview.xml",
        "xpath": "/XML_DIZ_INFO/Program_Info/Program_Version"
    },
    "autoupdate": {
        "architecture": {
            "64bit": {
                "url": "https://www.nirsoft.net/utils/handlecountersview-x64.zip"
            },
            "32bit": {
                "url": "https://www.nirsoft.net/utils/handlecountersview.zip"
            }
        }
    }
}