{
    "version": "2.44",
    "homepage": "https://www.nirsoft.net/utils/hash_my_files.html",
    "bin": "HashMyFiles.exe",
    "shortcuts": [
        [
            "HashMyFiles.exe",
            "NirSoft\\HashMyFiles"
        ]
    ],
    "persist": [
        "hashmyfiles_lng.ini",
        "hashmyfiles.cfg"
    ],
    "architecture": {
        "64bit": {
            "url": "https://www.nirsoft.net/utils/hashmyfiles-x64.zip",
            "hash": "ddac50a45e3769b9e4ac4a2f39f0e4f85f690e3f0cb00b8cca91683465e37681"
        },
        "32bit": {
            "url": "https://www.nirsoft.net/utils/hashmyfiles.zip",
            "hash": "2eba1e13a92322e9142be6c725bb2536025e534d9b24d1bc650085955b26cad0"
        }
    },
    "description": "Calculate the MD5/SHA1 hashes of your files",
    "license": "Freeware",
    "notes": "If this application is useful to you, please consider donating to NirSoft - https://www.nirsoft.net/donate.html",
    "checkver": {
        "url": "https://www.nirsoft.net/pad/hashmyfiles.xml",
        "xpath": "/XML_DIZ_INFO/Program_Info/Program_Version"
    },
    "autoupdate": {
        "architecture": {
            "64bit": {
                "url": "https://www.nirsoft.net/utils/hashmyfiles-x64.zip"
            },
            "32bit": {
                "url": "https://www.nirsoft.net/utils/hashmyfiles.zip"
            }
        }
    }
}