{
    "version": "1.05",
    "homepage": "https://www.nirsoft.net/utils/heap_memory_view.html",
    "bin": "HeapMemView.exe",
    "shortcuts": [
        [
            "HeapMemView.exe",
            "NirSoft\\HeapMemView"
        ]
    ],
    "persist": [
        "heapmemview_lng.ini",
        "heapmemview.cfg"
    ],
    "architecture": {
        "64bit": {
            "url": "https://www.nirsoft.net/utils/heapmemview-x64.zip",
            "hash": "0c6e818a2291efaa168fae84956e4d1d25c37fd48d1aedf74eb85c66e36e5010"
        },
        "32bit": {
            "url": "https://www.nirsoft.net/utils/heapmemview.zip",
            "hash": "10c70d8e33f1e9cbb842e8920171ec5472db53e652e21a640f5ad9d14964d233"
        }
    },
    "description": "View the content of all memory blocks allocated in the heap.",
    "license": "Freeware",
    "notes": "If this application is useful to you, please consider donating to NirSoft - https://www.nirsoft.net/donate.html",
    "checkver": {
        "url": "https://www.nirsoft.net/pad/heapmemview.xml",
        "xpath": "/XML_DIZ_INFO/Program_Info/Program_Version"
    },
    "autoupdate": {
        "architecture": {
            "64bit": {
                "url": "https://www.nirsoft.net/utils/heapmemview-x64.zip"
            },
            "32bit": {
                "url": "https://www.nirsoft.net/utils/heapmemview.zip"
            }
        }
    }
}
