{
    "version": "1.15",
    "homepage": "https://www.nirsoft.net/utils/wifi_hotspot_starter.html",
    "url": "https://www.nirsoft.net/utils/hostednetworkstarter.zip",
    "bin": "HostedNetworkStarter.exe",
    "shortcuts": [
        [
            "HostedNetworkStarter.exe",
            "NirSoft\\HostedNetworkStarter"
        ]
    ],
    "persist": [
        "hostednetworkstarter_lng.ini",
        "hostednetworkstarter.cfg"
    ],
    "hash": "f0908be0beb76b880ecf827d7b3f6ea8190b1674a88b782dd82f844afa6bed84",
    "description": "Create a wifi hotspot with your wireless network adapter",
    "license": "Freeware",
    "notes": "If this application is useful to you, please consider donating to NirSoft - https://www.nirsoft.net/donate.html",
    "checkver": {
        "url": "https://www.nirsoft.net/pad/hostednetworkstarter.xml",
        "xpath": "/XML_DIZ_INFO/Program_Info/Program_Version"
    },
    "autoupdate": {
        "url": "https://www.nirsoft.net/utils/hostednetworkstarter.zip"
    }
}
