{
    "version": "1.05",
    "homepage": "https://www.nirsoft.net/utils/hot_keys_list.html",
    "url": "https://www.nirsoft.net/utils/hotkeyslist.zip",
    "bin": "HotKeysList.exe",
    "shortcuts": [
        [
            "HotKeysList.exe",
            "NirSoft\\HotKeysList"
        ]
    ],
    "persist": [
        "hotkeyslist_lng.ini",
        "hotkeyslist.cfg"
    ],
    "hash": "e20e2c76003f0869788c6e171d252b0a44663ecbe8bc0f321d6eab28a8b11402",
    "description": "Displays the list of hot keys that are currently registered on your system.",
    "license": "Freeware",
    "notes": "If this application is useful to you, please consider donating to NirSoft - https://www.nirsoft.net/donate.html",
    "checkver": {
        "url": "https://www.nirsoft.net/pad/hotkeyslist.xml",
        "xpath": "/XML_DIZ_INFO/Program_Info/Program_Version"
    },
    "autoupdate": {
        "url": "https://www.nirsoft.net/utils/hotkeyslist.zip"
    }
}
