{
    "version": "1.11",
    "homepage": "https://www.nirsoft.net/utils/htmlastext.html",
    "url": "https://www.nirsoft.net/utils/htmlastext.zip",
    "bin": "HtmlAsText.exe",
    "shortcuts": [
        [
            "HtmlAsText.exe",
            "NirSoft\\HTMLAsText"
        ]
    ],
    "persist": [
        "htmlastext_lng.ini",
        "htmlastext.cfg"
    ],
    "hash": "498b113c1cce388f0d4428c6459a24384ffdb4311ec825e43a8643934a4952c0",
    "description": "Converts HTML documents to simple text files.",
    "license": "Freeware",
    "notes": "If this application is useful to you, please consider donating to NirSoft - https://www.nirsoft.net/donate.html",
    "checkver": {
        "url": "https://www.nirsoft.net/pad/htmlastext.xml",
        "xpath": "/XML_DIZ_INFO/Program_Info/Program_Version"
    },
    "autoupdate": {
        "url": "https://www.nirsoft.net/utils/htmlastext.zip"
    }
}
