{
    "version": "1.02",
    "homepage": "https://www.nirsoft.net/utils/html_doc_edit.html",
    "url": "https://www.nirsoft.net/utils/htmldocedit.zip",
    "bin": "HtmlDocEdit.exe",
    "shortcuts": [
        [
            "HtmlDocEdit.exe",
            "NirSoft\\HtmlDocEdit "
        ]
    ],
    "persist": [
        "htmldocedit_lng.ini",
        "htmldocedit.cfg"
    ],
    "hash": "eed77808621fa1331ba194b1593bc18ec7a1628601282ff0a5163b02ce945cde",
    "description": "Simple HTML designer/editor",
    "license": "Freeware",
    "notes": "If this application is useful to you, please consider donating to NirSoft - https://www.nirsoft.net/donate.html",
    "checkver": {
        "url": "https://www.nirsoft.net/pad/htmldocedit.xml",
        "xpath": "/XML_DIZ_INFO/Program_Info/Program_Version"
    },
    "autoupdate": {
        "url": "https://www.nirsoft.net/utils/htmldocedit.zip"
    }
}
