{
    "version": "1.63",
    "homepage": "https://www.nirsoft.net/utils/http_network_sniffer.html",
    "bin": "HTTPNetworkSniffer.exe",
    "shortcuts": [
        [
            "HTTPNetworkSniffer.exe",
            "NirSoft\\HTTPNetworkSniffer"
        ]
    ],
    "persist": [
        "httpnetworksniffer_lng.ini",
        "httpnetworksniffer.cfg"
    ],
    "architecture": {
        "64bit": {
            "url": "https://www.nirsoft.net/utils/httpnetworksniffer-x64.zip",
            "hash": "aeb5ccbe089ecc1b136c0ef12ae325f91d4aefd240a48eecfbd76bee7a670f08"
        },
        "32bit": {
            "url": "https://www.nirsoft.net/utils/httpnetworksniffer.zip",
            "hash": "c257e4d052fd48de0fd32f818a051d4e6c2d0a68dcc0f96bdb026c364ceb8182"
        }
    },
    "description": "Captures and displays HTTP requests/responses.",
    "license": "Freeware",
    "notes": "If this application is useful to you, please consider donating to NirSoft - https://www.nirsoft.net/donate.html",
    "checkver": {
        "url": "https://www.nirsoft.net/pad/httpnetworksniffer.xml",
        "xpath": "/XML_DIZ_INFO/Program_Info/Program_Version"
    },
    "autoupdate": {
        "architecture": {
            "64bit": {
                "url": "https://www.nirsoft.net/utils/httpnetworksniffer-x64.zip"
            },
            "32bit": {
                "url": "https://www.nirsoft.net/utils/httpnetworksniffer.zip"
            }
        }
    }
}
