{
    "version": "1.47",
    "homepage": "https://www.nirsoft.net/utils/iconsext.html",
    "url": "https://www.nirsoft.net/utils/iconsext.zip",
    "bin": "iconsext.exe",
    "shortcuts": [
        [
            "iconsext.exe",
            "NirSoft\\IconsExtract"
        ]
    ],
    "persist": [
        "iconsext_lng.ini",
        "iconsext.cfg"
    ],
    "hash": "97582531dd0176e312f3a8b101e50d02224970aec5030f0e0ff2ac767f572981",
    "description": "Extract icons and cursors from executbale files (EXE, DLL, OCX, CPL,  etc.)",
    "license": "Freeware",
    "notes": "If this application is useful to you, please consider donating to NirSoft - https://www.nirsoft.net/donate.html",
    "checkver": {
        "url": "https://www.nirsoft.net/pad/iconsext.xml",
        "xpath": "/XML_DIZ_INFO/Program_Info/Program_Version"
    },
    "autoupdate": {
        "url": "https://www.nirsoft.net/utils/iconsext.zip"
    }
}
