{
    "version": "1.58",
    "homepage": "https://www.nirsoft.net/utils/ie_cache_viewer.html",
    "url": "https://www.nirsoft.net/utils/iecacheview.zip",
    "bin": "IECacheView.exe",
    "shortcuts": [
        [
            "IECacheView.exe",
            "NirSoft\\IECacheView"
        ]
    ],
    "persist": [
        "iecacheview_lng.ini",
        "iecacheview.cfg"
    ],
    "hash": "93cb4f0f78c37575f107a73f781be92670fab93328e96207c2c0fdd745f6acf5",
    "description": "List all files currently stored in the cache of Internet Explorer.",
    "license": "Freeware",
    "notes": "If this application is useful to you, please consider donating to NirSoft - https://www.nirsoft.net/donate.html",
    "checkver": {
        "url": "https://www.nirsoft.net/pad/iecacheview.xml",
        "xpath": "/XML_DIZ_INFO/Program_Info/Program_Version"
    },
    "autoupdate": {
        "url": "https://www.nirsoft.net/utils/iecacheview.zip"
    }
}
