{
    "version": "1.79",
    "homepage": "https://www.nirsoft.net/utils/iecookies.html",
    "url": "https://www.nirsoft.net/utils/iecv.zip",
    "bin": "iecv.exe",
    "shortcuts": [
        [
            "iecv.exe",
            "NirSoft\\IECookiesView"
        ]
    ],
    "persist": [
        "iecv_lng.ini",
        "iecv.cfg"
    ],
    "hash": "b6d781e15cafd41e059e1f524996192af5321d9f262a3c5f44ea8cd4fb290baf",
    "description": "Displays the cookies that Internet Explorer stores on your computer",
    "license": "Freeware",
    "notes": "If this application is useful to you, please consider donating to NirSoft - https://www.nirsoft.net/donate.html",
    "checkver": {
        "url": "https://www.nirsoft.net/pad/iecv.xml",
        "xpath": "/XML_DIZ_INFO/Program_Info/Program_Version"
    },
    "autoupdate": {
        "url": "https://www.nirsoft.net/utils/iecv.zip"
    }
}
