{
    "version": "1.00",
    "homepage": "https://www.nirsoft.net/utils/ie_design_mode.html",
    "url": "https://www.nirsoft.net/utils/iedesignmode.zip",
    "bin": "IEDesignMode.exe",
    "shortcuts": [
        [
            "IEDesignMode.exe",
            "NirSoft\\IEDesignMode "
        ]
    ],
    "persist": [
        "iedesignmode_lng.ini",
        "iedesignmode.cfg"
    ],
    "hash": "e2dc751ee453c5c135fd845e86e375c3e9d8842d9e30e5ad20e82af30297c3dc",
    "description": "Switch the active Internet Explorer window to design mode. ",
    "license": "Freeware",
    "notes": "If this application is useful to you, please consider donating to NirSoft - https://www.nirsoft.net/donate.html",
    "checkver": {
        "url": "https://www.nirsoft.net/pad/iedesignmode.xml",
        "xpath": "/XML_DIZ_INFO/Program_Info/Program_Version"
    },
    "autoupdate": {
        "url": "https://www.nirsoft.net/utils/iedesignmode.zip"
    }
}
