{
    "version": "1.70",
    "homepage": "https://www.nirsoft.net/utils/iehv.html",
    "url": "https://www.nirsoft.net/utils/iehv.zip",
    "bin": "iehv.exe",
    "shortcuts": [
        [
            "iehv.exe",
            "NirSoft\\IEHistoryView"
        ]
    ],
    "persist": [
        "iehv_lng.ini",
        "iehv.cfg"
    ],
    "hash": "7bdab7e43af86d5f8e43854a290073033b2b97c83f0d240a526660f643c94351",
    "description": "Displays the list of Web sites that you visited with IE Web browser.",
    "license": "Freeware",
    "notes": "If this application is useful to you, please consider donating to NirSoft - https://www.nirsoft.net/donate.html",
    "checkver": {
        "url": "https://www.nirsoft.net/pad/iehv.xml",
        "xpath": "/XML_DIZ_INFO/Program_Info/Program_Version"
    },
    "autoupdate": {
        "url": "https://www.nirsoft.net/utils/iehv.zip"
    }
}
