{
    "version": "1.42",
    "homepage": "https://www.nirsoft.net/utils/internet_explorer_password.html",
    "url": "https://www.nirsoft.net/toolsdownload/iepv.zip",
    "bin": "iepv.exe",
    "shortcuts": [
        [
            "iepv.exe",
            "NirSoft\\IE PassView"
        ]
    ],
    "persist": [
        "iepv_lng.ini",
        "iepv.cfg"
    ],
    "hash": "8164e8181cd85b4da180bb7671ca04eef548fdabee1696a741ebb88e09b3058f",
    "description": "Recover passwords stored by Internet Explorer (Versions 4.0 - 8.0)",
    "license": "Freeware",
    "notes": "If this application is useful to you, please consider donating to NirSoft - https://www.nirsoft.net/donate.html",
    "checkver": {
        "url": "https://www.nirsoft.net/pad/iepv.xml",
        "xpath": "/XML_DIZ_INFO/Program_Info/Program_Version"
    },
    "autoupdate": {
        "url": "https://www.nirsoft.net/toolsdownload/iepv.zip"
    }
}
