{
    "version": "1.32",
    "homepage": "https://www.nirsoft.net/utils/image_cache_viewer.html",
    "url": "https://www.nirsoft.net/utils/imagecacheviewer.zip",
    "bin": "ImageCacheViewer.exe",
    "shortcuts": [
        [
            "ImageCacheViewer.exe",
            "NirSoft\\ImageCacheViewer"
        ]
    ],
    "persist": [
        "imagecacheviewer_lng.ini",
        "imagecacheviewer.cfg"
    ],
    "hash": "5ab69af718d8dbdbf61826fc6dfd31a302dae0966a15517d5eb2c9e9046b4996",
    "description": "Displays images stored in the cache of your Web browsers.",
    "license": "Freeware",
    "notes": "If this application is useful to you, please consider donating to NirSoft - https://www.nirsoft.net/donate.html",
    "checkver": {
        "url": "https://www.nirsoft.net/pad/imagecacheviewer.xml",
        "xpath": "/XML_DIZ_INFO/Program_Info/Program_Version"
    },
    "autoupdate": {
        "url": "https://www.nirsoft.net/utils/imagecacheviewer.zip"
    }
}