{
    "version": "1.00",
    "homepage": "https://www.nirsoft.net/utils/injected_dll.html",
    "url": "https://www.nirsoft.net/utils/injecteddll.zip",
    "bin": "InjectedDLL.exe",
    "shortcuts": [
        [
            "InjectedDLL.exe",
            "NirSoft\\InjectedDLL"
        ]
    ],
    "persist": [
        "injecteddll_lng.ini",
        "injecteddll.cfg"
    ],
    "hash": "8f601d8d92b4c28b64a756b447157834e510fb8b471210b2881ca810470bc4bb",
    "description": "Display the list of injected DLLs.",
    "license": "Freeware",
    "notes": "If this application is useful to you, please consider donating to NirSoft - https://www.nirsoft.net/donate.html",
    "checkver": {
        "url": "https://www.nirsoft.net/pad/injecteddll.xml",
        "xpath": "/XML_DIZ_INFO/Program_Info/Program_Version"
    },
    "autoupdate": {
        "url": "https://www.nirsoft.net/utils/injecteddll.zip"
    }
}
