{
    "version": "1.26",
    "homepage": "https://www.nirsoft.net/utils/inside_clipboard.html",
    "url": "https://www.nirsoft.net/utils/insideclipboard.zip",
    "bin": "InsideClipboard.exe",
    "shortcuts": [
        [
            "InsideClipboard.exe",
            "NirSoft\\InsideClipboard"
        ]
    ],
    "persist": [
        "insideclipboard_lng.ini",
        "insideclipboard.cfg"
    ],
    "hash": "54f7c48f9c270bbddfa4e8b5c055d862d481622480f1c9395965d5e0468006df",
    "description": "Displays the content of all formats stored in the clipboard.",
    "license": "Freeware",
    "notes": "If this application is useful to you, please consider donating to NirSoft - https://www.nirsoft.net/donate.html",
    "checkver": {
        "url": "https://www.nirsoft.net/pad/insideclipboard.xml",
        "xpath": "/XML_DIZ_INFO/Program_Info/Program_Version"
    },
    "autoupdate": {
        "url": "https://www.nirsoft.net/utils/insideclipboard.zip"
    }
}