{
    "version": "1.30",
    "homepage": "https://www.nirsoft.net/utils/installed_codec.html",
    "bin": "InstalledCodec.exe",
    "shortcuts": [
        [
            "InstalledCodec.exe",
            "NirSoft\\InstalledCodec"
        ]
    ],
    "persist": [
        "installedcodec_lng.ini",
        "installedcodec.cfg"
    ],
    "architecture": {
        "64bit": {
            "url": "https://www.nirsoft.net/utils/installedcodec-x64.zip",
            "hash": "08105602e668c073fccb58d1c4a93f2eb84c8b564eaf0fe716792f7f200f64ee"
        },
        "32bit": {
            "url": "https://www.nirsoft.net/utils/installedcodec.zip",
            "hash": "c0381e687f67dc3196abcb326bc606150842014f4334e02fd6ae844bdae0710b"
        }
    },
    "description": "List Codec drivers and DirectShow filters installed on your system.",
    "license": "Freeware",
    "notes": "If this application is useful to you, please consider donating to NirSoft - https://www.nirsoft.net/donate.html",
    "checkver": {
        "url": "https://www.nirsoft.net/pad/installedcodec.xml",
        "xpath": "/XML_DIZ_INFO/Program_Info/Program_Version"
    },
    "autoupdate": {
        "architecture": {
            "64bit": {
                "url": "https://www.nirsoft.net/utils/installedcodec-x64.zip"
            },
            "32bit": {
                "url": "https://www.nirsoft.net/utils/installedcodec.zip"
            }
        }
    }
}
