{
    "version": "1.05",
    "homepage": "https://www.nirsoft.net/utils/installed_drivers_list.html",
    "bin": "InstalledDriversList.exe",
    "shortcuts": [
        [
            "InstalledDriversList.exe",
            "NirSoft\\InstalledDriversList"
        ]
    ],
    "persist": [
        "installeddriverslist_lng.ini",
        "installeddriverslist.cfg"
    ],
    "architecture": {
        "64bit": {
            "url": "https://www.nirsoft.net/utils/installeddriverslist-x64.zip",
            "hash": "132499d347038f202def2774c9c15c9b025d5c47f3cfc64ebb1f2f033dfd8b81"
        },
        "32bit": {
            "url": "https://www.nirsoft.net/utils/installeddriverslist.zip",
            "hash": "8129da3386a3a84d244b4d2248bd3e5f1ee992a02ae8a6dde537aee5f3567279"
        }
    },
    "description": "Lists all device drivers that are currently installed on your system.",
    "license": "Freeware",
    "notes": "If this application is useful to you, please consider donating to NirSoft - https://www.nirsoft.net/donate.html",
    "checkver": {
        "url": "https://www.nirsoft.net/pad/installeddriverslist.xml",
        "xpath": "/XML_DIZ_INFO/Program_Info/Program_Version"
    },
    "autoupdate": {
        "architecture": {
            "64bit": {
                "url": "https://www.nirsoft.net/utils/installeddriverslist-x64.zip"
            },
            "32bit": {
                "url": "https://www.nirsoft.net/utils/installeddriverslist.zip"
            }
        }
    }
}
