{
    "version": "1.09",
    "homepage": "https://www.nirsoft.net/utils/installed_app_view.html",
    "bin": "InstalledAppView.exe",
    "shortcuts": [
        [
            "InstalledAppView.exe",
            "NirSoft\\InstalledAppView"
        ]
    ],
    "persist": [
        "installedappview_lng.ini",
        "installedappview.cfg"
    ],
    "architecture": {
        "64bit": {
            "url": "https://www.nirsoft.net/utils/installedappview-x64.zip",
            "hash": "3d8e07f8c8202ee4ddad17590d00e11c1b52d8a737837bfc43f51b0a694f26b5"
        },
        "32bit": {
            "url": "https://www.nirsoft.net/utils/installedappview.zip",
            "hash": "3dd8453dd1b729c975295a506724f86c8c955c7a89426b580b26be4aa72237c1"
        }
    },
    "description": "View installed Windows 10 apps",
    "license": "Freeware",
    "notes": "If this application is useful to you, please consider donating to NirSoft - https://www.nirsoft.net/donate.html",
    "checkver": {
        "url": "https://www.nirsoft.net/pad/installedappview.xml",
        "xpath": "/XML_DIZ_INFO/Program_Info/Program_Version"
    },
    "autoupdate": {
        "architecture": {
            "64bit": {
                "url": "https://www.nirsoft.net/utils/installedappview-x64.zip"
            },
            "32bit": {
                "url": "https://www.nirsoft.net/utils/installedappview.zip"
            }
        }
    }
}