{
    "version": "1.10",
    "homepage": "https://www.nirsoft.net/utils/installed_packages_view.html",
    "bin": "InstalledPackagesView.exe",
    "shortcuts": [
        [
            "InstalledPackagesView.exe",
            "NirSoft\\InstalledPackagesView"
        ]
    ],
    "persist": [
        "installedpackagesview_lng.ini",
        "installedpackagesview.cfg"
    ],
    "architecture": {
        "64bit": {
            "url": "https://www.nirsoft.net/utils/installedpackagesview-x64.zip",
            "hash": "b9c0d20ae266cf625ccd6e041b33552587f8f590cf40a2ff1a2b0d2a1a873a24"
        },
        "32bit": {
            "url": "https://www.nirsoft.net/utils/installedpackagesview.zip",
            "hash": "7448acecf44a2163c1e4e0ecb6d9d95e5d4ff41c32f6b18377953cfeed8170cf"
        }
    },
    "description": "Displays installed MSI packages on your system.",
    "license": "Freeware",
    "notes": "If this application is useful to you, please consider donating to NirSoft - https://www.nirsoft.net/donate.html",
    "checkver": {
        "url": "https://www.nirsoft.net/pad/installedpackagesview.xml",
        "xpath": "/XML_DIZ_INFO/Program_Info/Program_Version"
    },
    "autoupdate": {
        "architecture": {
            "64bit": {
                "url": "https://www.nirsoft.net/utils/installedpackagesview-x64.zip"
            },
            "32bit": {
                "url": "https://www.nirsoft.net/utils/installedpackagesview.zip"
            }
        }
    }
}