{
    "version": "1.70",
    "homepage": "https://www.nirsoft.net/utils/ip_country_info_offline.html",
    "url": "https://www.nirsoft.net/utils/ipinfooffline.zip",
    "bin": "IPInfoOffline.exe",
    "shortcuts": [
        [
            "IPInfoOffline.exe",
            "NirSoft\\IPInfoOffline"
        ]
    ],
    "persist": [
        "ipinfooffline_lng.ini",
        "ipinfooffline.cfg"
    ],
    "hash": "a9a19a6a0230df524481cb28dbb44d9668ae847d4de38bbd1487a12fa20dceca",
    "description": "view country information about IP addresses.",
    "license": "Freeware",
    "notes": "If this application is useful to you, please consider donating to NirSoft - https://www.nirsoft.net/donate.html",
    "checkver": {
        "url": "https://www.nirsoft.net/pad/ipinfooffline.xml",
        "xpath": "/XML_DIZ_INFO/Program_Info/Program_Version"
    },
    "autoupdate": {
        "url": "https://www.nirsoft.net/utils/ipinfooffline.zip"
    }
}