{
    "version": "1.02",
    "homepage": "https://www.nirsoft.net/utils/ip_neighbor_table_view.html",
    "url": "https://www.nirsoft.net/utils/ipneighborsview.zip",
    "bin": "IPNeighborsView.exe",
    "shortcuts": [
        [
            "IPNeighborsView.exe",
            "NirSoft\\IPNeighborsView "
        ]
    ],
    "persist": [
        "ipneighborsview_lng.ini",
        "ipneighborsview.cfg"
    ],
    "hash": "0ebb265285cffd79c61b8eb3dbea17674db9b8bec475bb47ce19e0fe03af6003",
    "description": "View the IP neighbor table on Windows 10/8/7/Vista",
    "license": "Freeware",
    "notes": "If this application is useful to you, please consider donating to NirSoft - https://www.nirsoft.net/donate.html",
    "checkver": {
        "url": "https://www.nirsoft.net/pad/ipneighborsview.xml",
        "xpath": "/XML_DIZ_INFO/Program_Info/Program_Version"
    },
    "autoupdate": {
        "url": "https://www.nirsoft.net/utils/ipneighborsview.zip"
    }
}