{
    "version": "1.95",
    "homepage": "https://www.nirsoft.net/utils/ipnetinfo.html",
    "url": "https://www.nirsoft.net/utils/ipnetinfo.zip",
    "bin": "ipnetinfo.exe",
    "shortcuts": [
        [
            "ipnetinfo.exe",
            "NirSoft\\IPNetInfo"
        ]
    ],
    "persist": [
        "ipnetinfo_lng.ini",
        "ipnetinfo.cfg"
    ],
    "hash": "f3db23a0e915f490a00b8d241bc8f2524c67ebafb37b6d28939cb7bba11ea399",
    "description": "Easily find all available information about IP address.",
    "license": "Freeware",
    "notes": "If this application is useful to you, please consider donating to NirSoft - https://www.nirsoft.net/donate.html",
    "checkver": {
        "url": "https://www.nirsoft.net/pad/ipnetinfo.xml",
        "xpath": "/XML_DIZ_INFO/Program_Info/Program_Version"
    },
    "autoupdate": {
        "url": "https://www.nirsoft.net/utils/ipnetinfo.zip"
    }
}
