{
    "version": "1.00",
    "homepage": "https://www.nirsoft.net/utils/ip_path_table_view.html",
    "url": "https://www.nirsoft.net/utils/ippathtableview.zip",
    "bin": "IPPathTableView.exe",
    "shortcuts": [
        [
            "IPPathTableView.exe",
            "NirSoft\\IPPathTableView"
        ]
    ],
    "persist": [
        "ippathtableview_lng.ini",
        "ippathtableview.cfg"
    ],
    "hash": "99100f18750f661692c3e2767539f89ab9ded4ecb96ca6cbeae5513f6fb33f2b",
    "description": " IP Path Table Viewer",
    "license": "Freeware",
    "notes": "If this application is useful to you, please consider donating to NirSoft - https://www.nirsoft.net/donate.html",
    "checkver": {
        "url": "https://www.nirsoft.net/pad/ippathtableview.xml",
        "xpath": "/XML_DIZ_INFO/Program_Info/Program_Version"
    },
    "autoupdate": {
        "url": "https://www.nirsoft.net/utils/ippathtableview.zip"
    }
}
