{
    "version": "1.00",
    "homepage": "https://www.nirsoft.net/utils/jrview.html",
    "url": "https://www.nirsoft.net/utils/jrview.zip",
    "bin": "jrview.exe",
    "shortcuts": [
        [
            "jrview.exe",
            "NirSoft\\JRView"
        ]
    ],
    "persist": [
        "jrview_lng.ini",
        "jrview.cfg"
    ],
    "hash": "ef9bbfbd17b7b9c7215b54b86597c5e345b44904d1ab7b55d1081796453619a1",
    "description": "Displays the installed Java Runtime  Environments.",
    "license": "Freeware",
    "notes": "If this application is useful to you, please consider donating to NirSoft - https://www.nirsoft.net/donate.html",
    "checkver": {
        "url": "https://www.nirsoft.net/pad/jrview.xml",
        "xpath": "/XML_DIZ_INFO/Program_Info/Program_Version"
    },
    "autoupdate": {
        "url": "https://www.nirsoft.net/utils/jrview.zip"
    }
}
