{
    "version": "1.10",
    "homepage": "https://www.nirsoft.net/utils/jsae.html",
    "url": "https://www.nirsoft.net/utils/jsae.zip",
    "bin": "jsae.exe",
    "shortcuts": [
        [
            "jsae.exe",
            "NirSoft\\JavaScript Animator Express"
        ]
    ],
    "persist": [
        "jsae_lng.ini",
        "jsae.cfg"
    ],
    "hash": "2b6e1be03a3b897f25bbc4249e0b39efe368e47ad63d8909c2aaaecfc1f082e1",
    "description": "Creates Javascript animation  from image files on your local drive.",
    "license": "Freeware",
    "notes": "If this application is useful to you, please consider donating to NirSoft - https://www.nirsoft.net/donate.html",
    "checkver": {
        "url": "https://www.nirsoft.net/pad/jsae.xml",
        "xpath": "/XML_DIZ_INFO/Program_Info/Program_Version"
    },
    "autoupdate": {
        "url": "https://www.nirsoft.net/utils/jsae.zip"
    }
}
