{
    "version": "1.16",
    "homepage": "https://www.nirsoft.net/utils/jump_lists_view.html",
    "url": "https://www.nirsoft.net/utils/jumplistsview.zip",
    "bin": "JumpListsView.exe",
    "shortcuts": [
        [
            "JumpListsView.exe",
            "NirSoft\\JumpListsView"
        ]
    ],
    "persist": [
        "jumplistsview_lng.ini",
        "jumplistsview.cfg"
    ],
    "hash": "2e3447efac788110292e8bb3438bbdb24246b46cedc873a2d55ef87c152705b9",
    "description": "Displays the information stored by the 'Jump Lists' feature of Windows 7.",
    "license": "Freeware",
    "notes": "If this application is useful to you, please consider donating to NirSoft - https://www.nirsoft.net/donate.html",
    "checkver": {
        "url": "https://www.nirsoft.net/pad/jumplistsview.xml",
        "xpath": "/XML_DIZ_INFO/Program_Info/Program_Version"
    },
    "autoupdate": {
        "url": "https://www.nirsoft.net/utils/jumplistsview.zip"
    }
}
