{
    "version": "1.00",
    "homepage": "https://www.nirsoft.net/utils/keyboard_state_view.html",
    "url": "https://www.nirsoft.net/utils/keyboardstateview.zip",
    "bin": "KeyboardStateView.exe",
    "shortcuts": [
        [
            "KeyboardStateView.exe",
            "NirSoft\\KeyboardStateView"
        ]
    ],
    "persist": [
        "keyboardstateview_lng.ini",
        "keyboardstateview.cfg"
    ],
    "hash": "b8ea99128e5ec854f3ce2596177687538f8d2b802943f35a223795d9452a0cd5",
    "description": "Shows the  current state and virtual key code of every key you press.",
    "license": "Freeware",
    "notes": "If this application is useful to you, please consider donating to NirSoft - https://www.nirsoft.net/donate.html",
    "checkver": {
        "url": "https://www.nirsoft.net/pad/keyboardstateview.xml",
        "xpath": "/XML_DIZ_INFO/Program_Info/Program_Version"
    },
    "autoupdate": {
        "url": "https://www.nirsoft.net/utils/keyboardstateview.zip"
    }
}
