{
    "version": "1.26",
    "homepage": "https://www.nirsoft.net/utils/live_messenger_contacts.html",
    "url": "https://www.nirsoft.net/utils/livecontactsview.zip",
    "bin": "LiveContactsView.exe",
    "shortcuts": [
        [
            "LiveContactsView.exe",
            "NirSoft\\LiveContactsView"
        ]
    ],
    "persist": [
        "livecontactsview_lng.ini",
        "livecontactsview.cfg"
    ],
    "hash": "8cc89f10e002c3aa4da6d711ce4342d318d9cfe4471d38835c89ddb03594119e",
    "description": "View the details of all contacts in your Windows Live Messenger.",
    "license": "Freeware",
    "notes": "If this application is useful to you, please consider donating to NirSoft - https://www.nirsoft.net/donate.html",
    "checkver": {
        "url": "https://www.nirsoft.net/pad/livecontactsview.xml",
        "xpath": "/XML_DIZ_INFO/Program_Info/Program_Version"
    },
    "autoupdate": {
        "url": "https://www.nirsoft.net/utils/livecontactsview.zip"
    }
}
