{
    "version": "1.55",
    "homepage": "https://www.nirsoft.net/utils/live_tcp_udp_watch.html",
    "bin": "LiveTcpUdpWatch.exe",
    "shortcuts": [
        [
            "LiveTcpUdpWatch.exe",
            "NirSoft\\LiveTcpUdpWatch"
        ]
    ],
    "persist": [
        "livetcpudpwatch_lng.ini",
        "livetcpudpwatch.cfg"
    ],
    "architecture": {
        "64bit": {
            "url": "https://www.nirsoft.net/utils/livetcpudpwatch-x64.zip",
            "hash": "f7c4f0b1f830bb5b8e8cd59f2cc9f27598bf9d9346496159c395477580b23565"
        },
        "32bit": {
            "url": "https://www.nirsoft.net/utils/livetcpudpwatch.zip",
            "hash": "6a281d8564458e53fb65a100c7f9c8548b80cd8824f83745fe19b21cfe62eda5"
        }
    },
    "description": "Displays live information about all TCP and UDP activity on your system.",
    "license": "Freeware",
    "notes": "If this application is useful to you, please consider donating to NirSoft - https://www.nirsoft.net/donate.html",
    "checkver": {
        "url": "https://www.nirsoft.net/pad/livetcpudpwatch.xml",
        "xpath": "/XML_DIZ_INFO/Program_Info/Program_Version"
    },
    "autoupdate": {
        "architecture": {
            "64bit": {
                "url": "https://www.nirsoft.net/utils/livetcpudpwatch-x64.zip"
            },
            "32bit": {
                "url": "https://www.nirsoft.net/utils/livetcpudpwatch.zip"
            }
        }
    }
}