{
    "version": "1.06",
    "homepage": "https://www.nirsoft.net/utils/loaded_dll_view.html",
    "bin": "LoadedDllsView.exe",
    "shortcuts": [
        [
            "LoadedDllsView.exe",
            "NirSoft\\LoadedDllsView"
        ]
    ],
    "persist": [
        "loadeddllsview_lng.ini",
        "loadeddllsview.cfg"
    ],
    "architecture": {
        "64bit": {
            "url": "https://www.nirsoft.net/utils/loadeddllsview-x64.zip",
            "hash": "3b32d100852bae8e90cafd80f6e114e9b5baad3c1090a862395aa1053b784f63"
        },
        "32bit": {
            "url": "https://www.nirsoft.net/utils/loadeddllsview.zip",
            "hash": "f84b535aa927ba1772709d1da34a8acf42ab60552a13e4221d58052d689dee7a"
        }
    },
    "description": "Displays all DLL files loaded on your system.",
    "license": "Freeware",
    "notes": "If this application is useful to you, please consider donating to NirSoft - https://www.nirsoft.net/donate.html",
    "checkver": {
        "url": "https://www.nirsoft.net/pad/loadeddllsview.xml",
        "xpath": "/XML_DIZ_INFO/Program_Info/Program_Version"
    },
    "autoupdate": {
        "architecture": {
            "64bit": {
                "url": "https://www.nirsoft.net/utils/loadeddllsview-x64.zip"
            },
            "32bit": {
                "url": "https://www.nirsoft.net/utils/loadeddllsview.zip"
            }
        }
    }
}
