{
    "version": "1.21",
    "homepage": "https://www.nirsoft.net/utils/lsa_secrets_dump.html",
    "bin": "LSASecretsDump.exe",
    "shortcuts": [
        [
            "LSASecretsDump.exe",
            "NirSoft\\LSASecretsDump"
        ]
    ],
    "persist": [
        "lsasecretsdump_lng.ini",
        "lsasecretsdump.cfg"
    ],
    "architecture": {
        "64bit": {
            "url": "https://www.nirsoft.net/toolsdownload/lsasecretsdump-x64.zip",
            "hash": "8d097c09a665fc846cc9389830994a94eaf73ec85c4b8500cfba59113cb20f24"
        },
        "32bit": {
            "url": "https://www.nirsoft.net/toolsdownload/lsasecretsdump.zip",
            "hash": "870cbd9d890484147fcf3b0cc93eeef2d80002761fc59341cca526b90ed68529"
        }
    },
    "description": "Dump the LSA secrets from the Registry.",
    "license": "Freeware",
    "notes": "If this application is useful to you, please consider donating to NirSoft - https://www.nirsoft.net/donate.html",
    "checkver": {
        "url": "https://www.nirsoft.net/pad/lsasecretsdump.xml",
        "xpath": "/XML_DIZ_INFO/Program_Info/Program_Version"
    },
    "autoupdate": {
        "architecture": {
            "64bit": {
                "url": "https://www.nirsoft.net/toolsdownload/lsasecretsdump-x64.zip"
            },
            "32bit": {
                "url": "https://www.nirsoft.net/toolsdownload/lsasecretsdump.zip"
            }
        }
    }
}
