{
    "version": "1.26",
    "homepage": "https://www.nirsoft.net/utils/lsa_secrets_view.html",
    "bin": "LSASecretsView.exe",
    "shortcuts": [
        [
            "LSASecretsView.exe",
            "NirSoft\\LSASecretsView"
        ]
    ],
    "persist": [
        "lsasecretsview_lng.ini",
        "lsasecretsview.cfg"
    ],
    "architecture": {
        "64bit": {
            "url": "https://www.nirsoft.net/toolsdownload/lsasecretsview-x64.zip",
            "hash": "0cb712678ec4f4f3d96fa1f9ec005d1e8633061408c2f922e15c026670702a63"
        },
        "32bit": {
            "url": "https://www.nirsoft.net/toolsdownload/lsasecretsview.zip",
            "hash": "a657dc525edd15474f6e0449a52a418fc525ca2c2237be71ef5f032a5c6ffdb9"
        }
    },
    "description": " displays the list of all LSA secrets stored in the Registry on your computer. ",
    "license": "Freeware",
    "notes": "If this application is useful to you, please consider donating to NirSoft - https://www.nirsoft.net/donate.html",
    "checkver": {
        "url": "https://www.nirsoft.net/pad/lsasecretsview.xml",
        "xpath": "/XML_DIZ_INFO/Program_Info/Program_Version"
    },
    "autoupdate": {
        "architecture": {
            "64bit": {
                "url": "https://www.nirsoft.net/toolsdownload/lsasecretsview-x64.zip"
            },
            "32bit": {
                "url": "https://www.nirsoft.net/toolsdownload/lsasecretsview.zip"
            }
        }
    }
}