{
    "version": "1.48",
    "homepage": "https://www.nirsoft.net/utils/mac_address_lookup_find.html",
    "url": "https://www.nirsoft.net/utils/macaddressview.zip",
    "bin": "MACAddressView.exe",
    "shortcuts": [
        [
            "MACAddressView.exe",
            "NirSoft\\MACAddressView"
        ]
    ],
    "persist": [
        "macaddressview_lng.ini",
        "macaddressview.cfg"
    ],
    "hash": "ab0439c04e469f1eb28d6e26c20520a77e16d0188e3b6bf2a547f3716ac785f6",
    "description": "MAC address lookup tool",
    "license": "Freeware",
    "notes": "If this application is useful to you, please consider donating to NirSoft - https://www.nirsoft.net/donate.html",
    "checkver": {
        "url": "https://www.nirsoft.net/pad/macaddressview.xml",
        "xpath": "/XML_DIZ_INFO/Program_Info/Program_Version"
    },
    "autoupdate": {
        "url": "https://www.nirsoft.net/utils/macaddressview.zip"
    }
}