{
    "version": "1.00",
    "homepage": "https://www.nirsoft.net/utils/microsoft_account_dpapi_password.html",
    "url": "https://www.nirsoft.net/utils/madpassext.zip",
    "bin": "MadPassExt.exe",
    "shortcuts": [
        [
            "MadPassExt.exe",
            "NirSoft\\MadPassExt"
        ]
    ],
    "persist": [
        "madpassext_lng.ini",
        "madpassext.cfg"
    ],
    "hash": "d20fb5b9af14b0cb025a95575c8e7febe19f19c2dab3a126d186becd29e3a90b",
    "description": "Extract the secret DPAPI password generated for your Microsoft account",
    "license": "Freeware",
    "notes": "If this application is useful to you, please consider donating to NirSoft - https://www.nirsoft.net/donate.html",
    "checkver": {
        "url": "https://www.nirsoft.net/pad/madpassext.xml",
        "xpath": "/XML_DIZ_INFO/Program_Info/Program_Version"
    },
    "autoupdate": {
        "url": "https://www.nirsoft.net/utils/madpassext.zip"
    }
}
