{
    "version": "1.92",
    "homepage": "https://www.nirsoft.net/utils/mailpv.html",
    "url": "https://www.nirsoft.net/toolsdownload/mailpv.zip",
    "bin": "mailpv.exe",
    "shortcuts": [
        [
            "mailpv.exe",
            "NirSoft\\Mail PassView"
        ]
    ],
    "persist": [
        "mailpv_lng.ini",
        "mailpv.cfg"
    ],
    "hash": "b95fce07879c83cdbc8e1e4bb5d6bc4f5a552049db28d15a1427a16e4296200f",
    "description": "Recovers email passwords",
    "license": "Freeware",
    "notes": "If this application is useful to you, please consider donating to NirSoft - https://www.nirsoft.net/donate.html",
    "checkver": {
        "url": "https://www.nirsoft.net/pad/mailpv.xml",
        "xpath": "/XML_DIZ_INFO/Program_Info/Program_Version"
    },
    "autoupdate": {
        "url": "https://www.nirsoft.net/toolsdownload/mailpv.zip"
    }
}
