{
    "version": "1.14",
    "homepage": "https://www.nirsoft.net/utils/manage_wireless_networks.html",
    "url": "https://www.nirsoft.net/utils/managewirelessnetworks.zip",
    "bin": "ManageWirelessNetworks.exe",
    "shortcuts": [
        [
            "ManageWirelessNetworks.exe",
            "NirSoft\\ManageWirelessNetworks"
        ]
    ],
    "persist": [
        "managewirelessnetworks_lng.ini",
        "managewirelessnetworks.cfg"
    ],
    "hash": "972deaff634e60b60c7b8530176092d76e75da5bffce5c6d1dd4d8a8043d187b",
    "description": " Alternative tool to the standard 'Manage Wireless Networks' of Windows ",
    "license": "Freeware",
    "notes": "If this application is useful to you, please consider donating to NirSoft - https://www.nirsoft.net/donate.html",
    "checkver": {
        "url": "https://www.nirsoft.net/pad/managewirelessnetworks.xml",
        "xpath": "/XML_DIZ_INFO/Program_Info/Program_Version"
    },
    "autoupdate": {
        "url": "https://www.nirsoft.net/utils/managewirelessnetworks.zip"
    }
}