{
    "version": "1.00",
    "homepage": "https://www.nirsoft.net/utils/mmc_snapins_view.html",
    "bin": "MMCSnapInsView.exe",
    "shortcuts": [
        [
            "MMCSnapInsView.exe",
            "NirSoft\\MMCSnapInsView"
        ]
    ],
    "persist": [
        "mmcsnapinsview_lng.ini",
        "mmcsnapinsview.cfg"
    ],
    "architecture": {
        "64bit": {
            "url": "https://www.nirsoft.net/utils/mmcsnapinsview-x64.zip",
            "hash": "2e90f5d55b8bbd92248b75b2fcefc78405347ba6978dac80a337cec487fcf1c4"
        },
        "32bit": {
            "url": "https://www.nirsoft.net/utils/mmcsnapinsview.zip",
            "hash": "408599575a191f7e3d999a2e2eda58d16490e4871fe390b8af676907fc45c28b"
        }
    },
    "description": "Displays the details of all MMC snap-ins installed on your system.",
    "license": "Freeware",
    "notes": "If this application is useful to you, please consider donating to NirSoft - https://www.nirsoft.net/donate.html",
    "checkver": {
        "url": "https://www.nirsoft.net/pad/mmcsnapinsview.xml",
        "xpath": "/XML_DIZ_INFO/Program_Info/Program_Version"
    },
    "autoupdate": {
        "architecture": {
            "64bit": {
                "url": "https://www.nirsoft.net/utils/mmcsnapinsview-x64.zip"
            },
            "32bit": {
                "url": "https://www.nirsoft.net/utils/mmcsnapinsview.zip"
            }
        }
    }
}
