{
    "version": "1.10",
    "homepage": "https://www.nirsoft.net/utils/mmview.html",
    "url": "https://www.nirsoft.net/utils/mmview.zip",
    "bin": "mmview.exe",
    "shortcuts": [
        [
            "mmview.exe",
            "NirSoft\\MMCompView"
        ]
    ],
    "persist": [
        "mmview_lng.ini",
        "mmview.cfg"
    ],
    "hash": "8dfcf804a9fe9c0e07893ececb083459c24d64ed7c9d9d35ac40e60d4f55bebe",
    "description": "Lists the installed Codec, and allows you to disable/enable them.",
    "license": "Freeware",
    "notes": "If this application is useful to you, please consider donating to NirSoft - https://www.nirsoft.net/donate.html",
    "checkver": {
        "url": "https://www.nirsoft.net/pad/mmview.xml",
        "xpath": "/XML_DIZ_INFO/Program_Info/Program_Version"
    },
    "autoupdate": {
        "url": "https://www.nirsoft.net/utils/mmview.zip"
    }
}
