{
    "version": "1.49",
    "homepage": "https://www.nirsoft.net/utils/mobile_device_file_search.html",
    "bin": "MobileFileSearch.exe",
    "shortcuts": [
        [
            "MobileFileSearch.exe",
            "NirSoft\\MobileFileSearch"
        ]
    ],
    "persist": [
        "mobilefilesearch_lng.ini",
        "mobilefilesearch.cfg"
    ],
    "architecture": {
        "64bit": {
            "url": "https://www.nirsoft.net/utils/mobilefilesearch-x64.zip",
            "hash": "1fb0a871ab0721b1be148ae304afb77e696a9204206b2af38cb8647514aaecf3"
        },
        "32bit": {
            "url": "https://www.nirsoft.net/utils/mobilefilesearch.zip",
            "hash": "19f8a2ad8c1d0d988d65e325c499f25777ad2fcaeee451bc552898b3c8d5cbe0"
        }
    },
    "description": "Search files inside a mobile device plugged to the USB port on your computer",
    "license": "Freeware",
    "notes": "If this application is useful to you, please consider donating to NirSoft - https://www.nirsoft.net/donate.html",
    "checkver": {
        "url": "https://www.nirsoft.net/pad/mobilefilesearch.xml",
        "xpath": "/XML_DIZ_INFO/Program_Info/Program_Version"
    },
    "autoupdate": {
        "architecture": {
            "64bit": {
                "url": "https://www.nirsoft.net/utils/mobilefilesearch-x64.zip"
            },
            "32bit": {
                "url": "https://www.nirsoft.net/utils/mobilefilesearch.zip"
            }
        }
    }
}