{
    "version": "1.22",
    "homepage": "https://www.nirsoft.net/utils/monitor_info_view.html",
    "url": "https://www.nirsoft.net/utils/monitorinfoview.zip",
    "bin": "MonitorInfoView.exe",
    "shortcuts": [
        [
            "MonitorInfoView.exe",
            "NirSoft\\MonitorInfoView"
        ]
    ],
    "persist": [
        "monitorinfoview_lng.ini",
        "monitorinfoview.cfg"
    ],
    "hash": "1d9b7093b42f491bb13098649538d3516b8df318baca2773736ae48281ae1aef",
    "description": "displays essential information about your monitor.",
    "license": "Freeware",
    "notes": "If this application is useful to you, please consider donating to NirSoft - https://www.nirsoft.net/donate.html",
    "checkver": {
        "url": "https://www.nirsoft.net/pad/monitorinfoview.xml",
        "xpath": "/XML_DIZ_INFO/Program_Info/Program_Version"
    },
    "autoupdate": {
        "url": "https://www.nirsoft.net/utils/monitorinfoview.zip"
    }
}
