{
    "version": "1.70",
    "homepage": "https://www.nirsoft.net/utils/mozilla_history_view.html",
    "bin": "MozillaHistoryView.exe",
    "shortcuts": [
        [
            "MozillaHistoryView.exe",
            "NirSoft\\MZHistoryView"
        ]
    ],
    "persist": [
        "mozillahistoryview_lng.ini",
        "mozillahistoryview.cfg"
    ],
    "architecture": {
        "64bit": {
            "url": "https://www.nirsoft.net/utils/mozillahistoryview-x64.zip",
            "hash": "072e31cdfda76fa68d16d408343aa8ba5eb48a41785cd3393d9066a20c7a24ec"
        },
        "32bit": {
            "url": "https://www.nirsoft.net/utils/mozillahistoryview.zip",
            "hash": "b96f2d44be8dba5329b5fd22186228d0f72d4fb6c79e079d98518fb93e92a2d0"
        }
    },
    "description": "Displays the list of visited Web sites in Firefox/Mozilla/Netscape Web browsers.",
    "license": "Freeware",
    "notes": "If this application is useful to you, please consider donating to NirSoft - https://www.nirsoft.net/donate.html",
    "checkver": {
        "url": "https://www.nirsoft.net/pad/mozillahistoryview.xml",
        "xpath": "/XML_DIZ_INFO/Program_Info/Program_Version"
    },
    "autoupdate": {
        "architecture": {
            "64bit": {
                "url": "https://www.nirsoft.net/utils/mozillahistoryview-x64.zip"
            },
            "32bit": {
                "url": "https://www.nirsoft.net/utils/mozillahistoryview.zip"
            }
        }
    }
}
