{
    "version": "2.21",
    "homepage": "https://www.nirsoft.net/utils/mozilla_cache_viewer.html",
    "url": "https://www.nirsoft.net/utils/mzcacheview.zip",
    "bin": "MZCacheView.exe",
    "shortcuts": [
        [
            "MZCacheView.exe",
            "NirSoft\\MZCacheView"
        ]
    ],
    "persist": [
        "mozillacacheview_lng.ini",
        "mozillacacheview.cfg"
    ],
    "hash": "161fed464cb05a025c65328924d0e9e5df9244065edbae72e8b0a826a660abd1",
    "description": "List all files currently stored in the cache of Firefox/Mozilla browser.",
    "license": "Freeware",
    "notes": "If this application is useful to you, please consider donating to NirSoft - https://www.nirsoft.net/donate.html",
    "checkver": {
        "url": "https://www.nirsoft.net/pad/mozillacacheview.xml",
        "xpath": "/XML_DIZ_INFO/Program_Info/Program_Version"
    },
    "autoupdate": {
        "url": "https://www.nirsoft.net/utils/mzcacheview.zip"
    }
}
