{
    "version": "1.42",
    "homepage": "https://www.nirsoft.net/utils/mspass.html",
    "url": "https://www.nirsoft.net/toolsdownload/mspass.zip",
    "bin": "mspass.exe",
    "shortcuts": [
        [
            "mspass.exe",
            "NirSoft\\MessenPass"
        ]
    ],
    "persist": [
        "mspass_lng.ini",
        "mspass.cfg"
    ],
    "hash": "7bc1dc7ff89b14da813d57857d0dcff98194211a410c9c3a7a43871fff277a42",
    "description": "Recovers the passwords of instant messenger programs",
    "license": "Freeware",
    "notes": "If this application is useful to you, please consider donating to NirSoft - https://www.nirsoft.net/donate.html",
    "checkver": {
        "url": "https://www.nirsoft.net/pad/mspass.xml",
        "xpath": "/XML_DIZ_INFO/Program_Info/Program_Version"
    },
    "autoupdate": {
        "url": "https://www.nirsoft.net/toolsdownload/mspass.zip"
    }
}
