{
    "version": "1.01",
    "homepage": "https://www.nirsoft.net/utils/muicache_view.html",
    "url": "https://www.nirsoft.net/utils/muicacheview.zip",
    "bin": "MUICacheView.exe",
    "shortcuts": [
        [
            "MUICacheView.exe",
            "NirSoft\\MUICacheView"
        ]
    ],
    "persist": [
        "muicacheview_lng.ini",
        "muicacheview.cfg"
    ],
    "hash": "d22499c5ad2fba84f9f82a3a0c05cc085321b5502968699a831aa96afaf669a0",
    "description": "Edit/delete MUICache items in your system",
    "license": "Freeware",
    "notes": "If this application is useful to you, please consider donating to NirSoft - https://www.nirsoft.net/donate.html",
    "checkver": {
        "url": "https://www.nirsoft.net/pad/muicacheview.xml",
        "xpath": "/XML_DIZ_INFO/Program_Info/Program_Version"
    },
    "autoupdate": {
        "url": "https://www.nirsoft.net/utils/muicacheview.zip"
    }
}
