{
    "version": "2.10",
    "homepage": "https://www.nirsoft.net/utils/multi_monitor_tool.html",
    "bin": "MultiMonitorTool.exe",
    "shortcuts": [
        [
            "MultiMonitorTool.exe",
            "NirSoft\\MultiMonitorTool "
        ]
    ],
    "persist": [
        "multimonitortool_lng.ini",
        "multimonitortool.cfg"
    ],
    "architecture": {
        "64bit": {
            "url": "https://www.nirsoft.net/utils/multimonitortool-x64.zip",
            "hash": "a3d6e77f1af065b5c5446a3b302d9cf6bb37490c88e358867f6b7aa759b66398"
        },
        "32bit": {
            "url": "https://www.nirsoft.net/utils/multimonitortool.zip",
            "hash": "a4c9876e96f0b92665ff514410a2aa06c5cf6e47af2e4dd00bbfb51f2324cf99"
        }
    },
    "description": "Enable,disable,and set the primary monitor in Multi-Monitor system.",
    "license": "Freeware",
    "notes": "If this application is useful to you, please consider donating to NirSoft - https://www.nirsoft.net/donate.html",
    "checkver": {
        "url": "https://www.nirsoft.net/pad/multimonitortool.xml",
        "xpath": "/XML_DIZ_INFO/Program_Info/Program_Version"
    },
    "autoupdate": {
        "architecture": {
            "64bit": {
                "url": "https://www.nirsoft.net/utils/multimonitortool-x64.zip"
            },
            "32bit": {
                "url": "https://www.nirsoft.net/utils/multimonitortool.zip"
            }
        }
    }
}