{
    "version": "1.78",
    "homepage": "https://www.nirsoft.net/utils/mweather.html",
    "url": "https://www.nirsoft.net/utils/mweather.zip",
    "bin": "mweather.exe",
    "shortcuts": [
        [
            "mweather.exe",
            "NirSoft\\MetarWeather"
        ]
    ],
    "persist": [
        "mweather_lng.ini",
        "mweather.cfg"
    ],
    "hash": "00dfe305eb9e7a0b363e084891030f2639a9a857203028829f2943f4863db657",
    "description": "Decode METAR weather reports, and display them in a simple weather report table.",
    "license": "Freeware",
    "notes": "If this application is useful to you, please consider donating to NirSoft - https://www.nirsoft.net/donate.html",
    "checkver": {
        "url": "https://www.nirsoft.net/pad/mweather.xml",
        "xpath": "/XML_DIZ_INFO/Program_Info/Program_Version"
    },
    "autoupdate": {
        "url": "https://www.nirsoft.net/utils/mweather.zip"
    }
}