{
    "version": "2.25",
    "homepage": "https://www.nirsoft.net/utils/my_event_viewer.html",
    "bin": "MyEventViewer.exe",
    "shortcuts": [
        [
            "MyEventViewer.exe",
            "NirSoft\\MyEventViewer"
        ]
    ],
    "persist": [
        "myeventviewer_lng.ini",
        "myeventviewer.cfg"
    ],
    "architecture": {
        "64bit": {
            "url": "https://www.nirsoft.net/utils/myeventviewer-x64.zip",
            "hash": "d1e94d89f2831c76d46bb0b80e4248df82244b021950769bffab9cba0054ecfc"
        },
        "32bit": {
            "url": "https://www.nirsoft.net/utils/myeventviewer.zip",
            "hash": "f3f9c2021185e6d4f5e89cf9b241eac67eb6e467db52cfe00370e40f07049313"
        }
    },
    "description": "MyEventViewer is a simple alternative to the standard event viewer of Windows.",
    "license": "Freeware",
    "notes": "If this application is useful to you, please consider donating to NirSoft - https://www.nirsoft.net/donate.html",
    "checkver": {
        "url": "https://www.nirsoft.net/pad/myeventviewer.xml",
        "xpath": "/XML_DIZ_INFO/Program_Info/Program_Version"
    },
    "autoupdate": {
        "architecture": {
            "64bit": {
                "url": "https://www.nirsoft.net/utils/myeventviewer-x64.zip"
            },
            "32bit": {
                "url": "https://www.nirsoft.net/utils/myeventviewer.zip"
            }
        }
    }
}
