{
    "version": "1.65",
    "homepage": "https://www.nirsoft.net/utils/my_last_search.html",
    "url": "https://www.nirsoft.net/utils/mylastsearch.zip",
    "bin": "MyLastSearch.exe",
    "shortcuts": [
        [
            "MyLastSearch.exe",
            "NirSoft\\MyLastSearch"
        ]
    ],
    "persist": [
        "mylastsearch_lng.ini",
        "mylastsearch.cfg"
    ],
    "hash": "1c9ac237f092c9a9c420993b39e1ec57af88be13b9bffe87d6c6fac82b3277e1",
    "description": "View your latest searches with Google, Yahoo, and MSN",
    "license": "Freeware",
    "notes": "If this application is useful to you, please consider donating to NirSoft - https://www.nirsoft.net/donate.html",
    "checkver": {
        "url": "https://www.nirsoft.net/pad/mylastsearch.xml",
        "xpath": "/XML_DIZ_INFO/Program_Info/Program_Version"
    },
    "autoupdate": {
        "url": "https://www.nirsoft.net/utils/mylastsearch.zip"
    }
}
