{
    "version": "1.60",
    "homepage": "https://www.nirsoft.net/utils/mzcv.html",
    "bin": "mzcv.exe",
    "shortcuts": [
        [
            "mzcv.exe",
            "NirSoft\\MZCookiesView"
        ]
    ],
    "persist": [
        "mzcv_lng.ini",
        "mzcv.cfg"
    ],
    "architecture": {
        "64bit": {
            "url": "https://www.nirsoft.net/utils/mzcv-x64.zip",
            "hash": "cace36a7ea185c8a675356f6e3eeb5b1d466666f7853aa9813df486c5178cbdf"
        },
        "32bit": {
            "url": "https://www.nirsoft.net/utils/mzcv.zip",
            "hash": "e84d6cb63b8dcca75ad0492bd30741e7fd42e825b3e4c96eef163be7e210b3a9"
        }
    },
    "description": "alternative to the standard 'Cookie Manager' provided by  Firefox and Mozilla.",
    "license": "Freeware",
    "notes": "If this application is useful to you, please consider donating to NirSoft - https://www.nirsoft.net/donate.html",
    "checkver": {
        "url": "https://www.nirsoft.net/pad/mzcv.xml",
        "xpath": "/XML_DIZ_INFO/Program_Info/Program_Version"
    },
    "autoupdate": {
        "architecture": {
            "64bit": {
                "url": "https://www.nirsoft.net/utils/mzcv-x64.zip"
            },
            "32bit": {
                "url": "https://www.nirsoft.net/utils/mzcv.zip"
            }
        }
    }
}
