{
    "version": "1.11",
    "homepage": "https://www.nirsoft.net/utils/netbios_scanner.html",
    "url": "https://www.nirsoft.net/utils/netbscanner.zip",
    "bin": "NetBScanner.exe",
    "shortcuts": [
        [
            "NetBScanner.exe",
            "NirSoft\\NetBScanner"
        ]
    ],
    "persist": [
        "netbscanner_lng.ini",
        "netbscanner.cfg"
    ],
    "hash": "f4970e58d94ef7112924b16ae81187e18d9bad26d407e9b6a37172c5d5973c3c",
    "description": "Scans all computers in the IP addresses range you choose, using NetBIOS protocol",
    "license": "Freeware",
    "notes": "If this application is useful to you, please consider donating to NirSoft - https://www.nirsoft.net/donate.html",
    "checkver": {
        "url": "https://www.nirsoft.net/pad/netbscanner.xml",
        "xpath": "/XML_DIZ_INFO/Program_Info/Program_Version"
    },
    "autoupdate": {
        "url": "https://www.nirsoft.net/utils/netbscanner.zip"
    }
}
