{
    "version": "1.10",
    "homepage": "https://www.nirsoft.net/utils/net_connect_choose.html",
    "url": "https://www.nirsoft.net/utils/netconnectchoose.zip",
    "bin": "NetConnectChoose.exe",
    "shortcuts": [
        [
            "NetConnectChoose.exe",
            "NirSoft\\NetConnectChoose"
        ]
    ],
    "persist": [
        "netconnectchoose_lng.ini",
        "netconnectchoose.cfg"
    ],
    "hash": "a2c9735688b3d763508d5b5012309604ffd365d09f3f2a99e72bc4aff906b132",
    "description": "Set default Internet connection and view general connection information.",
    "license": "Freeware",
    "notes": "If this application is useful to you, please consider donating to NirSoft - https://www.nirsoft.net/donate.html",
    "checkver": {
        "url": "https://www.nirsoft.net/pad/netconnectchoose.xml",
        "xpath": "/XML_DIZ_INFO/Program_Info/Program_Version"
    },
    "autoupdate": {
        "url": "https://www.nirsoft.net/utils/netconnectchoose.zip"
    }
}
