{
    "version": "1.57",
    "homepage": "https://www.nirsoft.net/utils/network_password_recovery.html",
    "bin": "netpass.exe",
    "shortcuts": [
        [
            "netpass.exe",
            "NirSoft\\Network Password Recovery"
        ]
    ],
    "persist": [
        "netpass_lng.ini",
        "netpass.cfg"
    ],
    "architecture": {
        "64bit": {
            "url": "https://www.nirsoft.net/toolsdownload/netpass-x64.zip",
            "hash": "0a7b226c588806f205d5aa19a9483bb862805d46101058ba60c9cbaa595d8bec"
        },
        "32bit": {
            "url": "https://www.nirsoft.net/toolsdownload/netpass.zip",
            "hash": "a27d369b5d6bdbd1b907eb326d233cd1b7bfe93434b065e751b4b134d7b1cceb"
        }
    },
    "description": "Recover network passwords on Windows XP/2003/Vista.",
    "license": "Freeware",
    "notes": "If this application is useful to you, please consider donating to NirSoft - https://www.nirsoft.net/donate.html",
    "checkver": {
        "url": "https://www.nirsoft.net/pad/netpass.xml",
        "xpath": "/XML_DIZ_INFO/Program_Info/Program_Version"
    },
    "autoupdate": {
        "architecture": {
            "64bit": {
                "url": "https://www.nirsoft.net/toolsdownload/netpass-x64.zip"
            },
            "32bit": {
                "url": "https://www.nirsoft.net/toolsdownload/netpass.zip"
            }
        }
    }
}