{
    "version": "1.40",
    "homepage": "https://www.nirsoft.net/utils/network_route_view.html",
    "url": "https://www.nirsoft.net/utils/netrouteview.zip",
    "bin": "NetRouteView.exe",
    "shortcuts": [
        [
            "NetRouteView.exe",
            "NirSoft\\NetRouteView"
        ]
    ],
    "persist": [
        "netrouteview_lng.ini",
        "netrouteview.cfg"
    ],
    "hash": "266d4972ef251f950d63f3c5491da99dffceb3c505f7d8118fc9eccdb476101a",
    "description": "GUI alternative to the standard route utility of Windows.",
    "license": "Freeware",
    "notes": "If this application is useful to you, please consider donating to NirSoft - https://www.nirsoft.net/donate.html",
    "checkver": {
        "url": "https://www.nirsoft.net/pad/netrouteview.xml",
        "xpath": "/XML_DIZ_INFO/Program_Info/Program_Version"
    },
    "autoupdate": {
        "url": "https://www.nirsoft.net/utils/netrouteview.zip"
    }
}
