{
    "version": "1.27",
    "homepage": "https://www.nirsoft.net/utils/netresview.html",
    "url": "https://www.nirsoft.net/utils/netresview.zip",
    "bin": "NetResView.exe",
    "shortcuts": [
        [
            "NetResView.exe",
            "NirSoft\\NetResView"
        ]
    ],
    "persist": [
        "netresview_lng.ini",
        "netresview.cfg"
    ],
    "hash": "84ce97effb45314d315ab221482ccbf7237f6942f0c4fac0d3b52fec22c28c15",
    "description": "displays the list of all network resources  on your LAN.",
    "license": "Freeware",
    "notes": "If this application is useful to you, please consider donating to NirSoft - https://www.nirsoft.net/donate.html",
    "checkver": {
        "url": "https://www.nirsoft.net/pad/netresview.xml",
        "xpath": "/XML_DIZ_INFO/Program_Info/Program_Version"
    },
    "autoupdate": {
        "url": "https://www.nirsoft.net/utils/netresview.zip"
    }
}
