{
    "version": "1.63",
    "homepage": "https://www.nirsoft.net/utils/network_opened_files.html",
    "bin": "NetworkOpenedFiles.exe",
    "shortcuts": [
        [
            "NetworkOpenedFiles.exe",
            "NirSoft\\NetworkOpenedFiles"
        ]
    ],
    "persist": [
        "networkopenedfiles_lng.ini",
        "networkopenedfiles.cfg"
    ],
    "architecture": {
        "64bit": {
            "url": "https://www.nirsoft.net/utils/networkopenedfiles-x64.zip",
            "hash": "e22f44333cc0c29741392545f122035fac2e502e6b398ec4b3b903c1117c0d0a"
        },
        "32bit": {
            "url": "https://www.nirsoft.net/utils/networkopenedfiles.zip",
            "hash": "589e375ee4ecd89b3a2424718760e0688fb8a625b3aa1e8f93b6897e321d2c10"
        }
    },
    "description": "Displays the files that are currently opened by other computers on your network.",
    "license": "Freeware",
    "notes": "If this application is useful to you, please consider donating to NirSoft - https://www.nirsoft.net/donate.html",
    "checkver": {
        "url": "https://www.nirsoft.net/pad/networkopenedfiles.xml",
        "xpath": "/XML_DIZ_INFO/Program_Info/Program_Version"
    },
    "autoupdate": {
        "architecture": {
            "64bit": {
                "url": "https://www.nirsoft.net/utils/networkopenedfiles-x64.zip"
            },
            "32bit": {
                "url": "https://www.nirsoft.net/utils/networkopenedfiles.zip"
            }
        }
    }
}