{
    "version": "6.60",
    "homepage": "https://www.nirsoft.net/network_tools.html",
    "url": "https://www.nirsoft.net/packages/networktools.zip",
    "bin": "cports.exe",
    "shortcuts": [
        [
            "cports.exe",
            "NirSoft\\Network Monitoring Tools Package"
        ]
    ],
    "persist": [
        "networktools_lng.ini",
        "networktools.cfg"
    ],
    "hash": "69ee961b969d89f332ce055c5ab5928c88656d231a85bf9e404d997fd4e2586a",
    "description": "Package of network monitoring tools for Windows",
    "license": "Freeware",
    "notes": "If this application is useful to you, please consider donating to NirSoft - https://www.nirsoft.net/donate.html",
    "checkver": {
        "url": "https://www.nirsoft.net/pad/networktools.xml",
        "xpath": "/XML_DIZ_INFO/Program_Info/Program_Version"
    },
    "autoupdate": {
        "url": "https://www.nirsoft.net/packages/networktools.zip"
    }
}
