{
    "version": "1.16",
    "homepage": "https://www.nirsoft.net/utils/network_connect_log.html",
    "url": "https://www.nirsoft.net/utils/networkconnectlog.zip",
    "bin": "NetworkConnectLog.exe",
    "shortcuts": [
        [
            "NetworkConnectLog.exe",
            "NirSoft\\NetworkConnectLog"
        ]
    ],
    "persist": [
        "networkconnectlog_lng.ini",
        "networkconnectlog.cfg"
    ],
    "hash": "b48e97201145f9d9b15256729e26aceebf28f9a8d8633b9519f5ae9dd9eeeedd",
    "description": "Shows a log of connected/disconnected computers on your network.",
    "license": "Freeware",
    "notes": "If this application is useful to you, please consider donating to NirSoft - https://www.nirsoft.net/donate.html",
    "checkver": {
        "url": "https://www.nirsoft.net/pad/networkconnectlog.xml",
        "xpath": "/XML_DIZ_INFO/Program_Info/Program_Version"
    },
    "autoupdate": {
        "url": "https://www.nirsoft.net/utils/networkconnectlog.zip"
    }
}