{
    "version": "1.05",
    "homepage": "https://www.nirsoft.net/utils/network_counters_watch.html",
    "url": "https://www.nirsoft.net/utils/networkcounterswatch.zip",
    "bin": "NetworkCountersWatch.exe",
    "shortcuts": [
        [
            "NetworkCountersWatch.exe",
            "NirSoft\\NetworkCountersWatch"
        ]
    ],
    "persist": [
        "networkcounterswatch_lng.ini",
        "networkcounterswatch.cfg"
    ],
    "hash": "7323f92c67bc830a9b1ee586f43dea58b4ee95dc1f7deb0e3d30acdd082eeaa9",
    "description": "Displays system counters for every network interface on your system.",
    "license": "Freeware",
    "notes": "If this application is useful to you, please consider donating to NirSoft - https://www.nirsoft.net/donate.html",
    "checkver": {
        "url": "https://www.nirsoft.net/pad/networkcounterswatch.xml",
        "xpath": "/XML_DIZ_INFO/Program_Info/Program_Version"
    },
    "autoupdate": {
        "url": "https://www.nirsoft.net/utils/networkcounterswatch.zip"
    }
}
