{
    "version": "1.31",
    "homepage": "https://www.nirsoft.net/utils/network_usage_view.html",
    "bin": "NetworkUsageView.exe",
    "shortcuts": [
        [
            "NetworkUsageView.exe",
            "NirSoft\\NetworkUsageView"
        ]
    ],
    "persist": [
        "networkusageview_lng.ini",
        "networkusageview.cfg"
    ],
    "architecture": {
        "64bit": {
            "url": "https://www.nirsoft.net/utils/networkusageview-x64.zip",
            "hash": "700431e8f90e97db1764f0f92266bb85970c9e5b7306176e10af682a6491717b"
        },
        "32bit": {
            "url": "https://www.nirsoft.net/utils/networkusageview.zip",
            "hash": "5d8e009ce5cad9ecb5089a2929c09292b055bea88584a263f098ca04fe67337a"
        }
    },
    "description": "Displays network usage information for Windows 8 and Windows 10",
    "license": "Freeware",
    "notes": "If this application is useful to you, please consider donating to NirSoft - https://www.nirsoft.net/donate.html",
    "checkver": {
        "url": "https://www.nirsoft.net/pad/networkusageview.xml",
        "xpath": "/XML_DIZ_INFO/Program_Info/Program_Version"
    },
    "autoupdate": {
        "architecture": {
            "64bit": {
                "url": "https://www.nirsoft.net/utils/networkusageview-x64.zip"
            },
            "32bit": {
                "url": "https://www.nirsoft.net/utils/networkusageview.zip"
            }
        }
    }
}