{
    "version": "1.75",
    "homepage": "https://www.nirsoft.net/utils/network_latency_view.html",
    "bin": "NetworkLatencyView.exe",
    "shortcuts": [
        [
            "NetworkLatencyView.exe",
            "NirSoft\\NetworkLatencyView"
        ]
    ],
    "persist": [
        "networklatencyview_lng.ini",
        "networklatencyview.cfg"
    ],
    "architecture": {
        "64bit": {
            "url": "https://www.nirsoft.net/utils/networklatencyview-x64.zip",
            "hash": "17bb451f31e28c89f04b7e7b6d7c09efbb11d28d6ebd7215e89397eb82bf1773"
        },
        "32bit": {
            "url": "https://www.nirsoft.net/utils/networklatencyview.zip",
            "hash": "bc5089f4035568e1999248e5d907e43bc4488e74b10f0bbc3b546bd8d7fc73b0"
        }
    },
    "description": "Calculates the network latency (in milliseconds) for every new TCP connection.",
    "license": "Freeware",
    "notes": "If this application is useful to you, please consider donating to NirSoft - https://www.nirsoft.net/donate.html",
    "checkver": {
        "url": "https://www.nirsoft.net/pad/networklatencyview.xml",
        "xpath": "/XML_DIZ_INFO/Program_Info/Program_Version"
    },
    "autoupdate": {
        "architecture": {
            "64bit": {
                "url": "https://www.nirsoft.net/utils/networklatencyview-x64.zip"
            },
            "32bit": {
                "url": "https://www.nirsoft.net/utils/networklatencyview.zip"
            }
        }
    }
}