{
    "version": "1.35",
    "homepage": "https://www.nirsoft.net/utils/network_interfaces.html",
    "bin": "NetworkInterfacesView.exe",
    "shortcuts": [
        [
            "NetworkInterfacesView.exe",
            "NirSoft\\NetworkInterfacesView"
        ]
    ],
    "persist": [
        "networkinterfacesview_lng.ini",
        "networkinterfacesview.cfg"
    ],
    "architecture": {
        "64bit": {
            "url": "https://www.nirsoft.net/utils/networkinterfacesview-x64.zip",
            "hash": "c16e8d300d5c7e90595631fe0745e6453e72ac901161b131675e77f754634012"
        },
        "32bit": {
            "url": "https://www.nirsoft.net/utils/networkinterfacesview.zip",
            "hash": "71c7a26ca3cbe6f92174a326bc58304d08646b59061c30da7cdbfb56cedb7db0"
        }
    },
    "description": "Displays the list of all network adapters/interfaces installed on your system.",
    "license": "Freeware",
    "notes": "If this application is useful to you, please consider donating to NirSoft - https://www.nirsoft.net/donate.html",
    "checkver": {
        "url": "https://www.nirsoft.net/pad/networkinterfacesview.xml",
        "xpath": "/XML_DIZ_INFO/Program_Info/Program_Version"
    },
    "autoupdate": {
        "architecture": {
            "64bit": {
                "url": "https://www.nirsoft.net/utils/networkinterfacesview-x64.zip"
            },
            "32bit": {
                "url": "https://www.nirsoft.net/utils/networkinterfacesview.zip"
            }
        }
    }
}