{
    "version": "2.50",
    "homepage": "https://www.nirsoft.net/utils/network_traffic_view.html",
    "bin": "NetworkTrafficView.exe",
    "shortcuts": [
        [
            "NetworkTrafficView.exe",
            "NirSoft\\NetworkTrafficView"
        ]
    ],
    "persist": [
        "networktrafficview_lng.ini",
        "networktrafficview.cfg"
    ],
    "architecture": {
        "64bit": {
            "url": "https://www.nirsoft.net/utils/networktrafficview-x64.zip",
            "hash": "e2de31639fbd776274dae00ce77f4d35b9f3780799b0a8a9828b3851f1a6f94b"
        },
        "32bit": {
            "url": "https://www.nirsoft.net/utils/networktrafficview.zip",
            "hash": "20698dadfa0233e6de7e3fe5b67305f4f354b9851bc41f977abe0d16a973b72a"
        }
    },
    "description": "Displays network traffic statistics on your network adapter",
    "license": "Freeware",
    "notes": "If this application is useful to you, please consider donating to NirSoft - https://www.nirsoft.net/donate.html",
    "checkver": {
        "url": "https://www.nirsoft.net/pad/networktrafficview.xml",
        "xpath": "/XML_DIZ_INFO/Program_Info/Program_Version"
    },
    "autoupdate": {
        "architecture": {
            "64bit": {
                "url": "https://www.nirsoft.net/utils/networktrafficview-x64.zip"
            },
            "32bit": {
                "url": "https://www.nirsoft.net/utils/networktrafficview.zip"
            }
        }
    }
}