{
    "version": "2.87",
    "homepage": "https://www.nirsoft.net/utils/nircmd.html",
    "bin": "nircmd.exe",
    "shortcuts": [
        [
            "nircmd.exe",
            "NirSoft\\NirCmd"
        ]
    ],
    "persist": [
        "nircmd_lng.ini",
        "nircmd.cfg"
    ],
    "architecture": {
        "64bit": {
            "url": "https://www.nirsoft.net/utils/nircmd-x64.zip",
            "hash": "51e34ed379dd099a96bbf0a2266003361e2864fe3ef2f8baed76634909763a7c"
        },
        "32bit": {
            "url": "https://www.nirsoft.net/utils/nircmd.zip",
            "hash": "122aee2fbdd0c793367b519635c45e5611688159b72f5e58a27f9256a53c9014"
        }
    },
    "description": "Do many useful tasks from command-line.",
    "license": "Freeware",
    "notes": "If this application is useful to you, please consider donating to NirSoft - https://www.nirsoft.net/donate.html",
    "checkver": {
        "url": "https://www.nirsoft.net/pad/nircmd.xml",
        "xpath": "/XML_DIZ_INFO/Program_Info/Program_Version"
    },
    "autoupdate": {
        "architecture": {
            "64bit": {
                "url": "https://www.nirsoft.net/utils/nircmd-x64.zip"
            },
            "32bit": {
                "url": "https://www.nirsoft.net/utils/nircmd.zip"
            }
        }
    }
}