{
    "version": "1.01",
    "homepage": "https://www.nirsoft.net/utils/nirext.html",
    "url": "https://www.nirsoft.net/utils/nirext.zip",
    "bin": "nirext.exe",
    "shortcuts": [
        [
            "nirext.exe",
            "NirSoft\\NirExt"
        ]
    ],
    "persist": [
        "nirext_lng.ini",
        "nirext.cfg"
    ],
    "hash": "e9b0af090788a9c69cdb17ab2ca909c33a2001f6a80abaddb4cb21e875f986d4",
    "description": "Adds 3 useful context menu extensions to your Windows Explorer environment.",
    "license": "Freeware",
    "notes": "If this application is useful to you, please consider donating to NirSoft - https://www.nirsoft.net/donate.html",
    "checkver": {
        "url": "https://www.nirsoft.net/pad/nirext.xml",
        "xpath": "/XML_DIZ_INFO/Program_Info/Program_Version"
    },
    "autoupdate": {
        "url": "https://www.nirsoft.net/utils/nirext.zip"
    }
}
