{
    "version": "3.46",
    "homepage": "https://www.nirsoft.net/utils/outlook_nk2_edit.html",
    "bin": "NK2Edit.exe",
    "shortcuts": [
        [
            "NK2Edit.exe",
            "NirSoft\\NK2Edit"
        ]
    ],
    "persist": [
        "nk2edit_lng.ini",
        "nk2edit.cfg"
    ],
    "architecture": {
        "64bit": {
            "url": "https://www.nirsoft.net/utils/nk2edit-x64.zip",
            "hash": "5ae99230e797e50e017af8a7f71f95b545addafa147042f44ba18f7082b13dc6"
        },
        "32bit": {
            "url": "https://www.nirsoft.net/utils/nk2edit.zip",
            "hash": "cebe4cfd9972a2ebc310d60c8415e835e24f33d014160ccf6201f463983e5213"
        }
    },
    "description": "Full NK2 (AutoComplete) editor for Microsoft Outlook",
    "license": "Freeware",
    "notes": "If this application is useful to you, please consider donating to NirSoft - https://www.nirsoft.net/donate.html",
    "checkver": {
        "url": "https://www.nirsoft.net/pad/nk2edit.xml",
        "xpath": "/XML_DIZ_INFO/Program_Info/Program_Version"
    },
    "autoupdate": {
        "architecture": {
            "64bit": {
                "url": "https://www.nirsoft.net/utils/nk2edit-x64.zip"
            },
            "32bit": {
                "url": "https://www.nirsoft.net/utils/nk2edit.zip"
            }
        }
    }
}