{
    "version": "1.43",
    "homepage": "https://www.nirsoft.net/utils/outlook_nk2_autocomplete.html",
    "url": "https://www.nirsoft.net/utils/nk2view.zip",
    "bin": "nk2view.exe",
    "shortcuts": [
        [
            "nk2view.exe",
            "NirSoft\\NK2View"
        ]
    ],
    "persist": [
        "nk2view_lng.ini",
        "nk2view.cfg"
    ],
    "hash": "03b80609afa79346e7a198beb5ec2f703cc5b698d09087403c51ccf022296d68",
    "description": "View the content of Outlook AutoComplete .NK2 file.",
    "license": "Freeware",
    "notes": "If this application is useful to you, please consider donating to NirSoft - https://www.nirsoft.net/donate.html",
    "checkver": {
        "url": "https://www.nirsoft.net/pad/nk2view.xml",
        "xpath": "/XML_DIZ_INFO/Program_Info/Program_Version"
    },
    "autoupdate": {
        "url": "https://www.nirsoft.net/utils/nk2view.zip"
    }
}
