{
    "version": "1.35",
    "homepage": "https://www.nirsoft.net/utils/ntfs_links_view.html",
    "bin": "NTFSLinksView.exe",
    "shortcuts": [
        [
            "NTFSLinksView.exe",
            "NirSoft\\NTFSLinksView"
        ]
    ],
    "persist": [
        "ntfslinksview_lng.ini",
        "ntfslinksview.cfg"
    ],
    "architecture": {
        "64bit": {
            "url": "https://www.nirsoft.net/utils/ntfslinksview-x64.zip",
            "hash": "d3184683dc1116a38bb4c632d1883e48850883b1300c2144c96eedca48679aad"
        },
        "32bit": {
            "url": "https://www.nirsoft.net/utils/ntfslinksview.zip",
            "hash": "135ff2daa3424044f836794c059da6c7272efe42ad4dee49409d037e32de0388"
        }
    },
    "description": "View the list of NTFS symbolic links/junctions in selected folder.",
    "license": "Freeware",
    "notes": "If this application is useful to you, please consider donating to NirSoft - https://www.nirsoft.net/donate.html",
    "checkver": {
        "url": "https://www.nirsoft.net/pad/ntfslinksview.xml",
        "xpath": "/XML_DIZ_INFO/Program_Info/Program_Version"
    },
    "autoupdate": {
        "architecture": {
            "64bit": {
                "url": "https://www.nirsoft.net/utils/ntfslinksview-x64.zip"
            },
            "32bit": {
                "url": "https://www.nirsoft.net/utils/ntfslinksview.zip"
            }
        }
    }
}