{
    "version": "1.20",
    "homepage": "https://www.nirsoft.net/utils/officeins.html",
    "bin": "OfficeIns.exe",
    "shortcuts": [
        [
            "OfficeIns.exe",
            "NirSoft\\OfficeIns"
        ]
    ],
    "persist": [
        "officeins_lng.ini",
        "officeins.cfg"
    ],
    "architecture": {
        "64bit": {
            "url": "https://www.nirsoft.net/utils/officeins-x64.zip",
            "hash": "ea1d9741db87493decdc5981a4347217a9b767ed454f362aa331f6022e39c4a2"
        },
        "32bit": {
            "url": "https://www.nirsoft.net/utils/officeins.zip",
            "hash": "e8abe0f5dde125e3f97c8039aa4bc4c9078ce6961797e0532a934567ea1b594e"
        }
    },
    "description": "displays the details of all installed Microsoft Office add-ins on your computer.",
    "license": "Freeware",
    "notes": "If this application is useful to you, please consider donating to NirSoft - https://www.nirsoft.net/donate.html",
    "checkver": {
        "url": "https://www.nirsoft.net/pad/officeins.xml",
        "xpath": "/XML_DIZ_INFO/Program_Info/Program_Version"
    },
    "autoupdate": {
        "architecture": {
            "64bit": {
                "url": "https://www.nirsoft.net/utils/officeins-x64.zip"
            },
            "32bit": {
                "url": "https://www.nirsoft.net/utils/officeins.zip"
            }
        }
    }
}
