{
    "version": "1.03",
    "homepage": "https://www.nirsoft.net/utils/offline_registry_view.html",
    "bin": "OfflineRegistryView.exe",
    "shortcuts": [
        [
            "OfflineRegistryView.exe",
            "NirSoft\\OfflineRegistryView"
        ]
    ],
    "persist": [
        "offlineregistryview_lng.ini",
        "offlineregistryview.cfg"
    ],
    "architecture": {
        "64bit": {
            "url": "https://www.nirsoft.net/utils/offlineregistryview-x64.zip",
            "hash": "71697a8121ab8fbd44ca1a1bd2864e4a24b79f4a7bb1a47075ea7c3a1581063f"
        },
        "32bit": {
            "url": "https://www.nirsoft.net/utils/offlineregistryview.zip",
            "hash": "9d7debcd3b8f1c2fe22e7c12fee6646855b44d07abb7b018b87f6c00ac615aec"
        }
    },
    "description": "View offline Registry files",
    "license": "Freeware",
    "notes": "If this application is useful to you, please consider donating to NirSoft - https://www.nirsoft.net/donate.html",
    "checkver": {
        "url": "https://www.nirsoft.net/pad/offlineregistryview.xml",
        "xpath": "/XML_DIZ_INFO/Program_Info/Program_Version"
    },
    "autoupdate": {
        "architecture": {
            "64bit": {
                "url": "https://www.nirsoft.net/utils/offlineregistryview-x64.zip"
            },
            "32bit": {
                "url": "https://www.nirsoft.net/utils/offlineregistryview.zip"
            }
        }
    }
}
