{
    "version": "1.11",
    "homepage": "https://www.nirsoft.net/utils/offline_registry_finder.html",
    "bin": "OfflineRegistryFinder.exe",
    "shortcuts": [
        [
            "OfflineRegistryFinder.exe",
            "NirSoft\\OfflineRegistryFinder"
        ]
    ],
    "persist": [
        "offlineregistryfinder_lng.ini",
        "offlineregistryfinder.cfg"
    ],
    "architecture": {
        "64bit": {
            "url": "https://www.nirsoft.net/utils/offlineregistryfinder-x64.zip",
            "hash": "e86e4f9c3cfcf7c26ef101e04dfde47f1c30b7642b51421c6b201290f3446d15"
        },
        "32bit": {
            "url": "https://www.nirsoft.net/utils/offlineregistryfinder.zip",
            "hash": "ba50ca63b42b2f3cc7364288201eb03c56905056f8ec2562b44ee8b3bf9ecda3"
        }
    },
    "description": "Find data in external Registry files",
    "license": "Freeware",
    "notes": "If this application is useful to you, please consider donating to NirSoft - https://www.nirsoft.net/donate.html",
    "checkver": {
        "url": "https://www.nirsoft.net/pad/offlineregistryfinder.xml",
        "xpath": "/XML_DIZ_INFO/Program_Info/Program_Version"
    },
    "autoupdate": {
        "architecture": {
            "64bit": {
                "url": "https://www.nirsoft.net/utils/offlineregistryfinder-x64.zip"
            },
            "32bit": {
                "url": "https://www.nirsoft.net/utils/offlineregistryfinder.zip"
            }
        }
    }
}
