{
    "version": "1.91",
    "homepage": "https://www.nirsoft.net/utils/opened_files_view.html",
    "bin": "OpenedFilesView.exe",
    "shortcuts": [
        [
            "OpenedFilesView.exe",
            "NirSoft\\OpenedFilesView"
        ]
    ],
    "persist": [
        "ofview_lng.ini",
        "ofview.cfg"
    ],
    "architecture": {
        "64bit": {
            "url": "https://www.nirsoft.net/utils/ofview-x64.zip",
            "hash": "8d7f840ee5182ac8ab2011b93a8d961bbbcb67b6ed74e217e68547eb17411a7b"
        },
        "32bit": {
            "url": "https://www.nirsoft.net/utils/ofview.zip",
            "hash": "b6725c9c17610d386c071b4b51e1ce28dfd435b72f6e38cbe1c868874be60662"
        }
    },
    "description": "Displays the list of all opened files on your system.",
    "license": "Freeware",
    "notes": "If this application is useful to you, please consider donating to NirSoft - https://www.nirsoft.net/donate.html",
    "checkver": {
        "url": "https://www.nirsoft.net/pad/ofview.xml",
        "xpath": "/XML_DIZ_INFO/Program_Info/Program_Version"
    },
    "autoupdate": {
        "architecture": {
            "64bit": {
                "url": "https://www.nirsoft.net/utils/ofview-x64.zip"
            },
            "32bit": {
                "url": "https://www.nirsoft.net/utils/ofview.zip"
            }
        }
    }
}