{
    "version": "1.11",
    "homepage": "https://www.nirsoft.net/utils/open_with_view.html",
    "url": "https://www.nirsoft.net/utils/openwithview.zip",
    "bin": "OpenWithView.exe",
    "shortcuts": [
        [
            "OpenWithView.exe",
            "NirSoft\\OpenWithView"
        ]
    ],
    "persist": [
        "openwithview_lng.ini",
        "openwithview.cfg"
    ],
    "hash": "91c6bc5be89d52329882f85637e63e35c20efb5c289d9f83c9083e72cab7192e",
    "description": "Disable/enable items in the  'Open With'  dialog-box of Windows.",
    "license": "Freeware",
    "notes": "If this application is useful to you, please consider donating to NirSoft - https://www.nirsoft.net/donate.html",
    "checkver": {
        "url": "https://www.nirsoft.net/pad/openwithview.xml",
        "xpath": "/XML_DIZ_INFO/Program_Info/Program_Version"
    },
    "autoupdate": {
        "url": "https://www.nirsoft.net/utils/openwithview.zip"
    }
}
