{
    "version": "1.16",
    "homepage": "https://www.nirsoft.net/utils/open_save_files_view.html",
    "bin": "OpenSaveFilesView.exe",
    "shortcuts": [
        [
            "OpenSaveFilesView.exe",
            "NirSoft\\OpenSaveFilesView"
        ]
    ],
    "persist": [
        "opensavefilesview_lng.ini",
        "opensavefilesview.cfg"
    ],
    "architecture": {
        "64bit": {
            "url": "https://www.nirsoft.net/utils/opensavefilesview-x64.zip",
            "hash": "8060ca16dddac85f204699cfa9656488943a16553200679e67cd3428d09f06bf"
        },
        "32bit": {
            "url": "https://www.nirsoft.net/utils/opensavefilesview.zip",
            "hash": "7aa6322cd9538ff6471424396b9f9f866d8970985a960b876849a0d34452aacb"
        }
    },
    "description": "Displays list of files that you previously opened.",
    "license": "Freeware",
    "notes": "If this application is useful to you, please consider donating to NirSoft - https://www.nirsoft.net/donate.html",
    "checkver": {
        "url": "https://www.nirsoft.net/pad/opensavefilesview.xml",
        "xpath": "/XML_DIZ_INFO/Program_Info/Program_Version"
    },
    "autoupdate": {
        "architecture": {
            "64bit": {
                "url": "https://www.nirsoft.net/utils/opensavefilesview-x64.zip"
            },
            "32bit": {
                "url": "https://www.nirsoft.net/utils/opensavefilesview.zip"
            }
        }
    }
}
