{
    "version": "1.10",
    "homepage": "https://www.nirsoft.net/utils/opera_password_recovery.html",
    "url": "https://www.nirsoft.net/toolsdownload/operapassview.zip",
    "bin": "OperaPassView.exe",
    "shortcuts": [
        [
            "OperaPassView.exe",
            "NirSoft\\OperaPassView"
        ]
    ],
    "persist": [
        "operapassview_lng.ini",
        "operapassview.cfg"
    ],
    "hash": "d4b8a1da4bfc923e5025691c4fa6e1e49049786ee554f2ce4bd026e7388c4807",
    "description": "Password recovery tool for Opera Web browser.",
    "license": "Freeware",
    "notes": "If this application is useful to you, please consider donating to NirSoft - https://www.nirsoft.net/donate.html",
    "checkver": {
        "url": "https://www.nirsoft.net/pad/operapassview.xml",
        "xpath": "/XML_DIZ_INFO/Program_Info/Program_Version"
    },
    "autoupdate": {
        "url": "https://www.nirsoft.net/toolsdownload/operapassview.zip"
    }
}
