{
    "version": "1.40",
    "homepage": "https://www.nirsoft.net/utils/opera_cache_view.html",
    "url": "https://www.nirsoft.net/utils/operacacheview.zip",
    "bin": "OperaCacheView.exe",
    "shortcuts": [
        [
            "OperaCacheView.exe",
            "NirSoft\\OperaCacheView"
        ]
    ],
    "persist": [
        "operacacheview_lng.ini",
        "operacacheview.cfg"
    ],
    "hash": "b205f7d66e4fdb7e2c3af7ab3903cb6cfa15467f0913a30f49a93acea971780e",
    "description": "Cache viewer for Opera Web browser.",
    "license": "Freeware",
    "notes": "If this application is useful to you, please consider donating to NirSoft - https://www.nirsoft.net/donate.html",
    "checkver": {
        "url": "https://www.nirsoft.net/pad/operacacheview.xml",
        "xpath": "/XML_DIZ_INFO/Program_Info/Program_Version"
    },
    "autoupdate": {
        "url": "https://www.nirsoft.net/utils/operacacheview.zip"
    }
}
