{
    "version": "2.30",
    "homepage": "https://www.nirsoft.net/utils/outlook_statistics.html",
    "bin": "OutlookStatView.exe",
    "shortcuts": [
        [
            "OutlookStatView.exe",
            "NirSoft\\OutlookStatView"
        ]
    ],
    "persist": [
        "outlookstatview_lng.ini",
        "outlookstatview.cfg"
    ],
    "architecture": {
        "64bit": {
            "url": "https://www.nirsoft.net/utils/outlookstatview-x64.zip",
            "hash": "62ae5e6f8a0328852ff525e770551ad142b61f8110a852dc6909f062ac7a5acb"
        },
        "32bit": {
            "url": "https://www.nirsoft.net/utils/outlookstatview.zip",
            "hash": "21c64952461106c97ea2bf4a8f893305d057585dad00cdcf5416520dd51e9ab7"
        }
    },
    "description": "Display a general statistics of your Outlook emails.",
    "license": "Freeware",
    "notes": "If this application is useful to you, please consider donating to NirSoft - https://www.nirsoft.net/donate.html",
    "checkver": {
        "url": "https://www.nirsoft.net/pad/outlookstatview.xml",
        "xpath": "/XML_DIZ_INFO/Program_Info/Program_Version"
    },
    "autoupdate": {
        "architecture": {
            "64bit": {
                "url": "https://www.nirsoft.net/utils/outlookstatview-x64.zip"
            },
            "32bit": {
                "url": "https://www.nirsoft.net/utils/outlookstatview.zip"
            }
        }
    }
}