{
    "version": "1.02",
    "homepage": "https://www.nirsoft.net/utils/outlook_accounts_view.html",
    "bin": "OutlookAccountsView.exe",
    "shortcuts": [
        [
            "OutlookAccountsView.exe",
            "NirSoft\\OutlookAccountsView"
        ]
    ],
    "persist": [
        "outlookaccountsview_lng.ini",
        "outlookaccountsview.cfg"
    ],
    "architecture": {
        "64bit": {
            "url": "https://www.nirsoft.net/utils/outlookaccountsview-x64.zip",
            "hash": "daeeb3457233036b7bf8663ee30709ccda480ad31b7f9b88ec10c49ae3421e17"
        },
        "32bit": {
            "url": "https://www.nirsoft.net/utils/outlookaccountsview.zip",
            "hash": "600d5d1582800804d014f9d4edf6eb40101c3dbf21c5e81b139efdf5bdd934d4"
        }
    },
    "description": "View POP3/IMAP/SMTP passwords and account settings of Outlook",
    "license": "Freeware",
    "notes": "If this application is useful to you, please consider donating to NirSoft - https://www.nirsoft.net/donate.html",
    "checkver": {
        "url": "https://www.nirsoft.net/pad/outlookaccountsview.xml",
        "xpath": "/XML_DIZ_INFO/Program_Info/Program_Version"
    },
    "autoupdate": {
        "architecture": {
            "64bit": {
                "url": "https://www.nirsoft.net/utils/outlookaccountsview-x64.zip"
            },
            "32bit": {
                "url": "https://www.nirsoft.net/utils/outlookaccountsview.zip"
            }
        }
    }
}