{
    "version": "2.44",
    "homepage": "https://www.nirsoft.net/utils/outlook_address_book_view.html",
    "bin": "OutlookAddressBookView.exe",
    "shortcuts": [
        [
            "OutlookAddressBookView.exe",
            "NirSoft\\OutlookAddressBookView"
        ]
    ],
    "persist": [
        "outlookaddressbookview_lng.ini",
        "outlookaddressbookview.cfg"
    ],
    "architecture": {
        "64bit": {
            "url": "https://www.nirsoft.net/utils/outlookaddressbookview-x64.zip",
            "hash": "8b1f85906770522299d500ecee2935335c95e256dc2c2230142d567d1b24dddc"
        },
        "32bit": {
            "url": "https://www.nirsoft.net/utils/outlookaddressbookview.zip",
            "hash": "b2119ddb580d06b43290365fb387f32e8c0617aaa5faaa334d541d9550e05345"
        }
    },
    "description": "Displays the details of all recipients stored in the address books of Outlook",
    "license": "Freeware",
    "notes": "If this application is useful to you, please consider donating to NirSoft - https://www.nirsoft.net/donate.html",
    "checkver": {
        "url": "https://www.nirsoft.net/pad/outlookaddressbookview.xml",
        "xpath": "/XML_DIZ_INFO/Program_Info/Program_Version"
    },
    "autoupdate": {
        "architecture": {
            "64bit": {
                "url": "https://www.nirsoft.net/utils/outlookaddressbookview-x64.zip"
            },
            "32bit": {
                "url": "https://www.nirsoft.net/utils/outlookaddressbookview.zip"
            }
        }
    }
}