{
    "version": "3.53",
    "homepage": "https://www.nirsoft.net/utils/outlook_attachment.html",
    "bin": "OutlookAttachView.exe",
    "shortcuts": [
        [
            "OutlookAttachView.exe",
            "NirSoft\\OutlookAttachView"
        ]
    ],
    "persist": [
        "outlookattachview_lng.ini",
        "outlookattachview.cfg"
    ],
    "architecture": {
        "64bit": {
            "url": "https://www.nirsoft.net/utils/outlookattachview-x64.zip",
            "hash": "8c077236811d4bfe97f88ca6cf430ec4867d959200477ec0496aff31e1e498bd"
        },
        "32bit": {
            "url": "https://www.nirsoft.net/utils/outlookattachview.zip",
            "hash": "0e80aa145e07e5a9796632920b0a6f91a8ac43c65444760b8ce7a40a787a9034"
        }
    },
    "description": "Extract multiple attachments from Outlook.",
    "license": "Freeware",
    "notes": "If this application is useful to you, please consider donating to NirSoft - https://www.nirsoft.net/donate.html",
    "checkver": {
        "url": "https://www.nirsoft.net/pad/outlookattachview.xml",
        "xpath": "/XML_DIZ_INFO/Program_Info/Program_Version"
    },
    "autoupdate": {
        "architecture": {
            "64bit": {
                "url": "https://www.nirsoft.net/utils/outlookattachview-x64.zip"
            },
            "32bit": {
                "url": "https://www.nirsoft.net/utils/outlookattachview.zip"
            }
        }
    }
}