{
    "version": "4.60",
    "homepage": "https://www.nirsoft.net/outlook_office_software.html",
    "url": "https://www.nirsoft.net/packages/outlooktools.zip",
    "bin": "nk2edit.exe",
    "shortcuts": [
        [
            "nk2edit.exe",
            "NirSoft\\MS-Outlook Tools"
        ]
    ],
    "persist": [
        "outlooktools_lng.ini",
        "outlooktools.cfg"
    ],
    "hash": "6e8c50de8b2a62ae931ccba57dbaac8a3953b33be92d865c4a048a4c02a058fb",
    "description": "5 Tools for Microsoft Outlook",
    "license": "Freeware",
    "notes": "If this application is useful to you, please consider donating to NirSoft - https://www.nirsoft.net/donate.html",
    "checkver": {
        "url": "https://www.nirsoft.net/pad/outlooktools.xml",
        "xpath": "/XML_DIZ_INFO/Program_Info/Program_Version"
    },
    "autoupdate": {
        "url": "https://www.nirsoft.net/packages/outlooktools.zip"
    }
}
