{
    "version": "1.61",
    "homepage": "https://www.nirsoft.net/utils/password_security_scanner.html",
    "bin": "PasswordScan.exe",
    "shortcuts": [
        [
            "PasswordScan.exe",
            "NirSoft\\Password Security Scanner"
        ]
    ],
    "persist": [
        "passwordscan_lng.ini",
        "passwordscan.cfg"
    ],
    "architecture": {
        "64bit": {
            "url": "https://www.nirsoft.net/utils/passwordscan-x64.zip",
            "hash": "a87651cf3ffd7550018294c1b6a5c987f7f8bf29e205b82b31a76f518050b3fd"
        },
        "32bit": {
            "url": "https://www.nirsoft.net/utils/passwordscan.zip",
            "hash": "a8844c647c53266cc263662d45003b2c22c15a78f3bca11f0a6c324eeb19b7c4"
        }
    },
    "description": "Displays security information about passwords stored in your system.",
    "license": "Freeware",
    "notes": "If this application is useful to you, please consider donating to NirSoft - https://www.nirsoft.net/donate.html",
    "checkver": {
        "url": "https://www.nirsoft.net/pad/passwordscan.xml",
        "xpath": "/XML_DIZ_INFO/Program_Info/Program_Version"
    },
    "autoupdate": {
        "architecture": {
            "64bit": {
                "url": "https://www.nirsoft.net/utils/passwordscan-x64.zip"
            },
            "32bit": {
                "url": "https://www.nirsoft.net/utils/passwordscan.zip"
            }
        }
    }
}
