{
    "version": "3.60",
    "homepage": "https://www.nirsoft.net/password_recovery_tools.html",
    "url": "https://www.nirsoft.net/packages/passrecpk.zip",
    "bin": "mspass.exe",
    "shortcuts": [
        [
            "mspass.exe",
            "NirSoft\\Windows Password Recovery Package"
        ]
    ],
    "persist": [
        "passrec_lng.ini",
        "passrec.cfg"
    ],
    "hash": "80cba30745ec49ac2f48d5feeb80b00e9fc79a901fc4f3b1a3d5b6b634583cf3",
    "description": "Password Recovery package for Windows.",
    "license": "Freeware",
    "notes": "If this application is useful to you, please consider donating to NirSoft - https://www.nirsoft.net/donate.html",
    "checkver": {
        "url": "https://www.nirsoft.net/pad/passrec.xml",
        "xpath": "/XML_DIZ_INFO/Program_Info/Program_Version"
    },
    "autoupdate": {
        "url": "https://www.nirsoft.net/packages/passrecpk.zip"
    }
}
