{
    "version": "1.70",
    "homepage": "https://www.nirsoft.net/utils/passwordfox.html",
    "bin": "PasswordFox.exe",
    "shortcuts": [
        [
            "PasswordFox.exe",
            "NirSoft\\PasswordFox"
        ]
    ],
    "persist": [
        "passwordfox_lng.ini",
        "passwordfox.cfg"
    ],
    "architecture": {
        "64bit": {
            "url": "https://www.nirsoft.net/toolsdownload/passwordfox-x64.zip",
            "hash": "7f9417d508422f9aa47b51848361bf6fd497831fd6eea583e3188e5023a2a104"
        },
        "32bit": {
            "url": "https://www.nirsoft.net/toolsdownload/passwordfox.zip",
            "hash": "80f00e79f884882a4e8ae8c4dadb4b7da617dc491b0b01a889bcbf183c8dde72"
        }
    },
    "description": "View passwords stored in Firefox Web browser.",
    "license": "Freeware",
    "notes": "If this application is useful to you, please consider donating to NirSoft - https://www.nirsoft.net/donate.html",
    "checkver": {
        "url": "https://www.nirsoft.net/pad/passwordfox.xml",
        "xpath": "/XML_DIZ_INFO/Program_Info/Program_Version"
    },
    "autoupdate": {
        "architecture": {
            "64bit": {
                "url": "https://www.nirsoft.net/toolsdownload/passwordfox-x64.zip"
            },
            "32bit": {
                "url": "https://www.nirsoft.net/toolsdownload/passwordfox.zip"
            }
        }
    }
}
