{
    "version": "3.15",
    "homepage": "https://www.nirsoft.net/utils/multiple_ping_tool.html",
    "url": "https://www.nirsoft.net/utils/pinginfoview.zip",
    "bin": "PingInfoView.exe",
    "shortcuts": [
        [
            "PingInfoView.exe",
            "NirSoft\\PingInfoView"
        ]
    ],
    "persist": [
        "pinginfoview_lng.ini",
        "pinginfoview.cfg"
    ],
    "hash": "e96fa0a5ad2e5146210cced8abe290e16989e3fee89b9dfc18cb25406ca5d258",
    "description": "ping multiple host names and IP addresses.",
    "license": "Freeware",
    "notes": "If this application is useful to you, please consider donating to NirSoft - https://www.nirsoft.net/donate.html",
    "checkver": {
        "url": "https://www.nirsoft.net/pad/pinginfoview.xml",
        "xpath": "/XML_DIZ_INFO/Program_Info/Program_Version"
    },
    "autoupdate": {
        "url": "https://www.nirsoft.net/utils/pinginfoview.zip"
    }
}