{
    "version": "1.00",
    "homepage": "https://www.nirsoft.net/pocket_pc/pocket_asterisk.html",
    "url": "https://www.nirsoft.net/pocket_pc/pocketasterisk.zip",
    "bin": "PocketAsterisk.exe",
    "shortcuts": [
        [
            "PocketAsterisk.exe",
            "NirSoft\\None"
        ]
    ],
    "persist": [
        "pocketasterisk_lng.ini",
        "pocketasterisk.cfg"
    ],
    "hash": "823acbc7958014ec2999b5b61408f0415a90d428707fe158b3f14db6f8612ebd",
    "description": "Reveals the passwords stored behind the asterisks ('***')",
    "license": "Freeware",
    "notes": "If this application is useful to you, please consider donating to NirSoft - https://www.nirsoft.net/donate.html",
    "checkver": {
        "url": "https://www.nirsoft.net/pad/pocketasterisk.xml",
        "xpath": "/XML_DIZ_INFO/Program_Info/Program_Version"
    },
    "autoupdate": {
        "url": "https://www.nirsoft.net/pocket_pc/pocketasterisk.zip"
    }
}
