{
    "version": "1.10",
    "homepage": "https://www.nirsoft.net/utils/previous_files_recovery.html",
    "bin": "PreviousFilesRecovery.exe",
    "shortcuts": [
        [
            "PreviousFilesRecovery.exe",
            "NirSoft\\PreviousFilesRecovery"
        ]
    ],
    "persist": [
        "previousfilesrecovery_lng.ini",
        "previousfilesrecovery.cfg"
    ],
    "architecture": {
        "64bit": {
            "url": "https://www.nirsoft.net/utils/previousfilesrecovery-x64.zip",
            "hash": "5eaff225d06abafc8528bde9ed6b6576b9bcd4229471df9bcc2daf986caa276f"
        },
        "32bit": {
            "url": "https://www.nirsoft.net/utils/previousfilesrecovery.zip",
            "hash": "62992bada592bbd7e3b5152b28d6f63d4cb0290efcc7f324143db4356747429b"
        }
    },
    "description": "find and recovery files from Windows shadow copies",
    "license": "Freeware",
    "notes": "If this application is useful to you, please consider donating to NirSoft - https://www.nirsoft.net/donate.html",
    "checkver": {
        "url": "https://www.nirsoft.net/pad/previousfilesrecovery.xml",
        "xpath": "/XML_DIZ_INFO/Program_Info/Program_Version"
    },
    "autoupdate": {
        "architecture": {
            "64bit": {
                "url": "https://www.nirsoft.net/utils/previousfilesrecovery-x64.zip"
            },
            "32bit": {
                "url": "https://www.nirsoft.net/utils/previousfilesrecovery.zip"
            }
        }
    }
}
