{
    "version": "1.29",
    "homepage": "https://www.nirsoft.net/utils/process_threads_view.html",
    "bin": "ProcessThreadsView.exe",
    "shortcuts": [
        [
            "ProcessThreadsView.exe",
            "NirSoft\\ProcessThreadsView"
        ]
    ],
    "persist": [
        "processthreadsview_lng.ini",
        "processthreadsview.cfg"
    ],
    "architecture": {
        "64bit": {
            "url": "https://www.nirsoft.net/utils/processthreadsview-x64.zip",
            "hash": "95a18efb40b06d3ba3dfcd78066aed517e042e598413cc7e660332920fdb6fa5"
        },
        "32bit": {
            "url": "https://www.nirsoft.net/utils/processthreadsview.zip",
            "hash": "abd53b11590e7918ae96bad50c3e3a49a005aaea76ea0a489f3c06f86960f2bd"
        }
    },
    "description": "Displays extensive information about all threads of the process that you choose.",
    "license": "Freeware",
    "notes": "If this application is useful to you, please consider donating to NirSoft - https://www.nirsoft.net/donate.html",
    "checkver": {
        "url": "https://www.nirsoft.net/pad/processthreadsview.xml",
        "xpath": "/XML_DIZ_INFO/Program_Info/Program_Version"
    },
    "autoupdate": {
        "architecture": {
            "64bit": {
                "url": "https://www.nirsoft.net/utils/processthreadsview-x64.zip"
            },
            "32bit": {
                "url": "https://www.nirsoft.net/utils/processthreadsview.zip"
            }
        }
    }
}
