{
    "version": "1.22",
    "homepage": "https://www.nirsoft.net/utils/process_tcp_summary.html",
    "bin": "ProcessTCPSummary.exe",
    "shortcuts": [
        [
            "ProcessTCPSummary.exe",
            "NirSoft\\ProcessTCPSummary"
        ]
    ],
    "persist": [
        "processtcpsummary_lng.ini",
        "processtcpsummary.cfg"
    ],
    "architecture": {
        "64bit": {
            "url": "https://www.nirsoft.net/utils/processtcpsummary-x64.zip",
            "hash": "ac5ea280464bb3c715b12ce9ac69a996af8b79871e1fece3bd856b47aa51635f"
        },
        "32bit": {
            "url": "https://www.nirsoft.net/utils/processtcpsummary.zip",
            "hash": "ce660b73906d4aa4decde9c6a417cc8481f8390b2f7736c2d32640e583c3e34f"
        }
    },
    "description": "Displays TCP connections summary",
    "license": "Freeware",
    "notes": "If this application is useful to you, please consider donating to NirSoft - https://www.nirsoft.net/donate.html",
    "checkver": {
        "url": "https://www.nirsoft.net/pad/processtcpsummary.xml",
        "xpath": "/XML_DIZ_INFO/Program_Info/Program_Version"
    },
    "autoupdate": {
        "architecture": {
            "64bit": {
                "url": "https://www.nirsoft.net/utils/processtcpsummary-x64.zip"
            },
            "32bit": {
                "url": "https://www.nirsoft.net/utils/processtcpsummary.zip"
            }
        }
    }
}