{
    "version": "1.16",
    "homepage": "https://www.nirsoft.net/utils/process_activity_view.html",
    "bin": "ProcessActivityView.exe",
    "shortcuts": [
        [
            "ProcessActivityView.exe",
            "NirSoft\\ProcessActivityView "
        ]
    ],
    "persist": [
        "processactivityview_lng.ini",
        "processactivityview.cfg"
    ],
    "architecture": {
        "64bit": {
            "url": "https://www.nirsoft.net/utils/processactivityview-x64.zip",
            "hash": "8106a45c132361f03aed73c75b6ff42a0f2918cf78db5c5f339d2780681064e7"
        },
        "32bit": {
            "url": "https://www.nirsoft.net/utils/processactivityview.zip",
            "hash": "7d5197e6c722fb57a7a980bb9c5d1b3e41a2ab67ecac970a5ad0918ae22f28d2"
        }
    },
    "description": "Show the file activity for selected process.",
    "license": "Freeware",
    "notes": "If this application is useful to you, please consider donating to NirSoft - https://www.nirsoft.net/donate.html",
    "checkver": {
        "url": "https://www.nirsoft.net/pad/processactivityview.xml",
        "xpath": "/XML_DIZ_INFO/Program_Info/Program_Version"
    },
    "autoupdate": {
        "architecture": {
            "64bit": {
                "url": "https://www.nirsoft.net/utils/processactivityview-x64.zip"
            },
            "32bit": {
                "url": "https://www.nirsoft.net/utils/processactivityview.zip"
            }
        }
    }
}
