{
    "version": "1.97",
    "homepage": "https://www.nirsoft.net/utils/product_cd_key_viewer.html",
    "bin": "ProduKey.exe",
    "shortcuts": [
        [
            "ProduKey.exe",
            "NirSoft\\ProduKey"
        ]
    ],
    "persist": [
        "produkey_lng.ini",
        "produkey.cfg"
    ],
    "architecture": {
        "64bit": {
            "url": "https://www.nirsoft.net/utils/produkey-x64.zip",
            "hash": "e4604e0ee680370448c6a832856dff4a0255ca763672825a7a67a2a4662b9909"
        },
        "32bit": {
            "url": "https://www.nirsoft.net/utils/produkey.zip",
            "hash": "1293aa22a718a8940fe6a0b0472a8806b1e00894d4d2a54485c1d9931f29cc8e"
        }
    },
    "description": "Displays the CD-Keys of MS-Office/Windows installed on your computer.",
    "license": "Freeware",
    "notes": "If this application is useful to you, please consider donating to NirSoft - https://www.nirsoft.net/donate.html",
    "checkver": {
        "url": "https://www.nirsoft.net/pad/produkey.xml",
        "xpath": "/XML_DIZ_INFO/Program_Info/Program_Version"
    },
    "autoupdate": {
        "architecture": {
            "64bit": {
                "url": "https://www.nirsoft.net/utils/produkey-x64.zip"
            },
            "32bit": {
                "url": "https://www.nirsoft.net/utils/produkey.zip"
            }
        }
    }
}
