{
    "version": "1.03",
    "homepage": "https://www.nirsoft.net/utils/product_key_scanner.html",
    "bin": "ProductKeyScanner.exe",
    "shortcuts": [
        [
            "ProductKeyScanner.exe",
            "NirSoft\\Product Key Scanner"
        ]
    ],
    "persist": [
        "productkeyscanner_lng.ini",
        "productkeyscanner.cfg"
    ],
    "architecture": {
        "64bit": {
            "url": "https://www.nirsoft.net/utils/productkeyscanner-x64.zip",
            "hash": "f4443c66013a202bace3e7dc046ba75fd9c93264474e97fff30af276c6383e68"
        },
        "32bit": {
            "url": "https://www.nirsoft.net/utils/productkeyscanner.zip",
            "hash": "3b7347aaf0a6c6375185b9b42106695e35eb6324aa32fa0c2e3ed921b427fb9c"
        }
    },
    "description": "Find product keys stored in the Registry of Windows Operating system",
    "license": "Freeware",
    "notes": "If this application is useful to you, please consider donating to NirSoft - https://www.nirsoft.net/donate.html",
    "checkver": {
        "url": "https://www.nirsoft.net/pad/productkeyscanner.xml",
        "xpath": "/XML_DIZ_INFO/Program_Info/Program_Version"
    },
    "autoupdate": {
        "architecture": {
            "64bit": {
                "url": "https://www.nirsoft.net/utils/productkeyscanner-x64.zip"
            },
            "32bit": {
                "url": "https://www.nirsoft.net/utils/productkeyscanner.zip"
            }
        }
    }
}