{
    "version": "1.27",
    "homepage": "https://www.nirsoft.net/programmer_tools.html",
    "url": "https://www.nirsoft.net/packages/progtools.zip",
    "bin": "dllexp.exe",
    "shortcuts": [
        [
            "dllexp.exe",
            "NirSoft\\Windows Programming/Debugging Tools"
        ]
    ],
    "persist": [
        "progtools_lng.ini",
        "progtools.cfg"
    ],
    "hash": "6089bd46770ada6d209f96f71c10e69d92ab21f904e5253b986217a7b40668f9",
    "description": "Small utilities package that can be used by programmers for debugging.",
    "license": "Freeware",
    "notes": "If this application is useful to you, please consider donating to NirSoft - https://www.nirsoft.net/donate.html",
    "checkver": {
        "url": "https://www.nirsoft.net/pad/progtools.xml",
        "xpath": "/XML_DIZ_INFO/Program_Info/Program_Version"
    },
    "autoupdate": {
        "url": "https://www.nirsoft.net/packages/progtools.zip"
    }
}
