{
    "version": "1.20",
    "homepage": "https://www.nirsoft.net/utils/windows_property_system_view.html",
    "bin": "PropertySystemView.exe",
    "shortcuts": [
        [
            "PropertySystemView.exe",
            "NirSoft\\PropertySystemView"
        ]
    ],
    "persist": [
        "propertysystemview_lng.ini",
        "propertysystemview.cfg"
    ],
    "architecture": {
        "64bit": {
            "url": "https://www.nirsoft.net/utils/propertysystemview-x64.zip",
            "hash": "a22b38b78ebdd11edfc05c8843804b0a5fcfc6447304a1cc9a07422eb3118ecf"
        },
        "32bit": {
            "url": "https://www.nirsoft.net/utils/propertysystemview.zip",
            "hash": "9af7a0184516c134482fb7d7f27ef56b90a2d8fa0ca81ece30a450e066c1b739"
        }
    },
    "description": "View/edit file properties",
    "license": "Freeware",
    "notes": "If this application is useful to you, please consider donating to NirSoft - https://www.nirsoft.net/donate.html",
    "checkver": {
        "url": "https://www.nirsoft.net/pad/propertysystemview.xml",
        "xpath": "/XML_DIZ_INFO/Program_Info/Program_Version"
    },
    "autoupdate": {
        "architecture": {
            "64bit": {
                "url": "https://www.nirsoft.net/utils/propertysystemview-x64.zip"
            },
            "32bit": {
                "url": "https://www.nirsoft.net/utils/propertysystemview.zip"
            }
        }
    }
}
