{
    "version": "1.63",
    "homepage": "https://www.nirsoft.net/utils/pspv.html",
    "url": "https://www.nirsoft.net/toolsdownload/pspv.zip",
    "bin": "pspv.exe",
    "shortcuts": [
        [
            "pspv.exe",
            "NirSoft\\Protected Storage PassView "
        ]
    ],
    "persist": [
        "pspv_lng.ini",
        "pspv.cfg"
    ],
    "hash": "6abf7774b8778430c2d5bdee5335e42fccbf8ea4b7e27439c98d13a5ca9c8dbe",
    "description": "reveals the passwords stored on your computer by Internet Explorer.",
    "license": "Freeware",
    "notes": "If this application is useful to you, please consider donating to NirSoft - https://www.nirsoft.net/donate.html",
    "checkver": {
        "url": "https://www.nirsoft.net/pad/pspv.xml",
        "xpath": "/XML_DIZ_INFO/Program_Info/Program_Version"
    },
    "autoupdate": {
        "url": "https://www.nirsoft.net/toolsdownload/pspv.zip"
    }
}
