{
    "version": "1.20",
    "homepage": "https://www.nirsoft.net/utils/pst_password.html",
    "url": "https://www.nirsoft.net/toolsdownload/pstpassword.zip",
    "bin": "PstPassword.exe",
    "shortcuts": [
        [
            "PstPassword.exe",
            "NirSoft\\PstPassword"
        ]
    ],
    "persist": [
        "pstpassword_lng.ini",
        "pstpassword.cfg"
    ],
    "hash": "3e8e3636e7f3bffaad2367237ba0bc94ec3d2f5585726b28c14ccc10a51aa135",
    "description": "Recover lost password of Outlook PST file.",
    "license": "Freeware",
    "notes": "If this application is useful to you, please consider donating to NirSoft - https://www.nirsoft.net/donate.html",
    "checkver": {
        "url": "https://www.nirsoft.net/pad/pstpassword.xml",
        "xpath": "/XML_DIZ_INFO/Program_Info/Program_Version"
    },
    "autoupdate": {
        "url": "https://www.nirsoft.net/toolsdownload/pstpassword.zip"
    }
}
