{
    "version": "1.36",
    "homepage": "https://www.nirsoft.net/utils/quick_set_dns.html",
    "url": "https://www.nirsoft.net/utils/quicksetdns.zip",
    "bin": "QuickSetDNS.exe",
    "shortcuts": [
        [
            "QuickSetDNS.exe",
            "NirSoft\\QuickSetDNS"
        ]
    ],
    "persist": [
        "quicksetdns_lng.ini",
        "quicksetdns.cfg"
    ],
    "hash": "187ad7ee48ce5542b888a2da78ffadba7aa3c1898582541811021f2339f9faf6",
    "description": "Change the DNS servers that are used for your Internet connection.",
    "license": "Freeware",
    "notes": "If this application is useful to you, please consider donating to NirSoft - https://www.nirsoft.net/donate.html",
    "checkver": {
        "url": "https://www.nirsoft.net/pad/quicksetdns.xml",
        "xpath": "/XML_DIZ_INFO/Program_Info/Program_Version"
    },
    "autoupdate": {
        "url": "https://www.nirsoft.net/utils/quicksetdns.zip"
    }
}