{
    "version": "1.01",
    "homepage": "https://www.nirsoft.net/utils/remote_desktop_password.html",
    "url": "https://www.nirsoft.net/toolsdownload/rdpv.zip",
    "bin": "rdpv.exe",
    "shortcuts": [
        [
            "rdpv.exe",
            "NirSoft\\Remote Desktop PassView"
        ]
    ],
    "persist": [
        "rdpv_lng.ini",
        "rdpv.cfg"
    ],
    "hash": "528de69797c36423a1e6b64fa8b1825f354e6707f2ca3760d81a9f58d69d58bb",
    "description": "Reveals the password stored by Microsoft Remote Desktop utility.",
    "license": "Freeware",
    "notes": "If this application is useful to you, please consider donating to NirSoft - https://www.nirsoft.net/donate.html",
    "checkver": {
        "url": "https://www.nirsoft.net/pad/rdpv.xml",
        "xpath": "/XML_DIZ_INFO/Program_Info/Program_Version"
    },
    "autoupdate": {
        "url": "https://www.nirsoft.net/toolsdownload/rdpv.zip"
    }
}
