{
    "version": "1.33",
    "homepage": "https://www.nirsoft.net/utils/recent_files_view.html",
    "url": "https://www.nirsoft.net/utils/recentfilesview.zip",
    "bin": "RecentFilesView.exe",
    "shortcuts": [
        [
            "RecentFilesView.exe",
            "NirSoft\\RecentFilesView"
        ]
    ],
    "persist": [
        "recentfilesview_lng.ini",
        "recentfilesview.cfg"
    ],
    "hash": "6920cc0165fcffa1a009c663c3dce7c84a62ca0e4b73d9d86dc9cc0dc39dca61",
    "description": "Display the list of recently opened files",
    "license": "Freeware",
    "notes": "If this application is useful to you, please consider donating to NirSoft - https://www.nirsoft.net/donate.html",
    "checkver": {
        "url": "https://www.nirsoft.net/pad/recentfilesview.xml",
        "xpath": "/XML_DIZ_INFO/Program_Info/Program_Version"
    },
    "autoupdate": {
        "url": "https://www.nirsoft.net/utils/recentfilesview.zip"
    }
}
