{
    "version": "1.60",
    "homepage": "https://www.nirsoft.net/utils/registered_dll_view.html",
    "bin": "RegDllView.exe",
    "shortcuts": [
        [
            "RegDllView.exe",
            "NirSoft\\RegDllView"
        ]
    ],
    "persist": [
        "regdllview_lng.ini",
        "regdllview.cfg"
    ],
    "architecture": {
        "64bit": {
            "url": "https://www.nirsoft.net/utils/regdllview-x64.zip",
            "hash": "1fbc281eb30a7af5886adfd480d96bcd0a46489709f60d0092bd26d7908b5cea"
        },
        "32bit": {
            "url": "https://www.nirsoft.net/utils/regdllview.zip",
            "hash": "06941f3ef54fc7aee2216a590f4a3c5d3868ea2b42a78fc7790182548399419f"
        }
    },
    "description": "RegDllView is a small utility that displays the list of all registered files.",
    "license": "Freeware",
    "notes": "If this application is useful to you, please consider donating to NirSoft - https://www.nirsoft.net/donate.html",
    "checkver": {
        "url": "https://www.nirsoft.net/pad/regdllview.xml",
        "xpath": "/XML_DIZ_INFO/Program_Info/Program_Version"
    },
    "autoupdate": {
        "architecture": {
            "64bit": {
                "url": "https://www.nirsoft.net/utils/regdllview-x64.zip"
            },
            "32bit": {
                "url": "https://www.nirsoft.net/utils/regdllview.zip"
            }
        }
    }
}
