{
    "version": "1.11",
    "homepage": "https://www.nirsoft.net/utils/registry_file_offline_export.html",
    "url": "https://www.nirsoft.net/utils/regfileexport.zip",
    "bin": "RegFileExport.exe",
    "shortcuts": [
        [
            "RegFileExport.exe",
            "NirSoft\\RegFileExport"
        ]
    ],
    "persist": [
        "regfileexport_lng.ini",
        "regfileexport.cfg"
    ],
    "hash": "de7282d7d8646ffa212bf2a11b7f537fd3d0febb0b5679bb724a1ca2b946ecd0",
    "description": "Export offline Registry file to .reg file",
    "license": "Freeware",
    "notes": "If this application is useful to you, please consider donating to NirSoft - https://www.nirsoft.net/donate.html",
    "checkver": {
        "url": "https://www.nirsoft.net/pad/regfileexport.xml",
        "xpath": "/XML_DIZ_INFO/Program_Info/Program_Version"
    },
    "autoupdate": {
        "url": "https://www.nirsoft.net/utils/regfileexport.zip"
    }
}
