{
    "version": "1.33",
    "homepage": "https://www.nirsoft.net/utils/reg_file_from_application.html",
    "bin": "RegFromApp.exe",
    "shortcuts": [
        [
            "RegFromApp.exe",
            "NirSoft\\RegFromApp"
        ]
    ],
    "persist": [
        "regfromapp_lng.ini",
        "regfromapp.cfg"
    ],
    "architecture": {
        "64bit": {
            "url": "https://www.nirsoft.net/utils/regfromapp-x64.zip",
            "hash": "558ea21f9f63ef12d712228856cafd22f7b83640912cce4701406073ab53c7de"
        },
        "32bit": {
            "url": "https://www.nirsoft.net/utils/regfromapp.zip",
            "hash": "54977dc7f645e8b2ede1c40521cd04e3521c454800310cc8589020cec133a18d"
        }
    },
    "description": "Creates .reg file according to Registry changes made by application.",
    "license": "Freeware",
    "notes": "If this application is useful to you, please consider donating to NirSoft - https://www.nirsoft.net/donate.html",
    "checkver": {
        "url": "https://www.nirsoft.net/pad/regfromapp.xml",
        "xpath": "/XML_DIZ_INFO/Program_Info/Program_Version"
    },
    "autoupdate": {
        "architecture": {
            "64bit": {
                "url": "https://www.nirsoft.net/utils/regfromapp-x64.zip"
            },
            "32bit": {
                "url": "https://www.nirsoft.net/utils/regfromapp.zip"
            }
        }
    }
}
