{
    "version": "1.30",
    "homepage": "https://www.nirsoft.net/utils/registry_changes_view.html",
    "bin": "RegistryChangesView.exe",
    "shortcuts": [
        [
            "RegistryChangesView.exe",
            "NirSoft\\RegistryChangesView"
        ]
    ],
    "persist": [
        "registrychangesview_lng.ini",
        "registrychangesview.cfg"
    ],
    "architecture": {
        "64bit": {
            "url": "https://www.nirsoft.net/utils/registrychangesview-x64.zip",
            "hash": "256c943690d4b20e61ced3915b0635e7b531ce61ee468de0e6418ec4df124e7e"
        },
        "32bit": {
            "url": "https://www.nirsoft.net/utils/registrychangesview.zip",
            "hash": "8b841e01afb2ddb45428d5565d98b6f1ddc13ee28d23babdb81a2858d4d95be5"
        }
    },
    "description": "Compares 2 snapshots of Windows Registry.",
    "license": "Freeware",
    "notes": "If this application is useful to you, please consider donating to NirSoft - https://www.nirsoft.net/donate.html",
    "checkver": {
        "url": "https://www.nirsoft.net/pad/registrychangesview.xml",
        "xpath": "/XML_DIZ_INFO/Program_Info/Program_Version"
    },
    "autoupdate": {
        "architecture": {
            "64bit": {
                "url": "https://www.nirsoft.net/utils/registrychangesview-x64.zip"
            },
            "32bit": {
                "url": "https://www.nirsoft.net/utils/registrychangesview.zip"
            }
        }
    }
}