{
    "version": "2.75",
    "homepage": "https://www.nirsoft.net/utils/regscanner.html",
    "bin": "RegScanner.exe",
    "shortcuts": [
        [
            "RegScanner.exe",
            "NirSoft\\RegScanner"
        ]
    ],
    "persist": [
        "regscanner_lng.ini",
        "regscanner.cfg"
    ],
    "architecture": {
        "64bit": {
            "url": "https://www.nirsoft.net/utils/regscanner-x64.zip",
            "hash": "c3ab15e7a60d86ffb125d3099191eab3e635b48bc6746e62fbfb0debbbb55d54"
        },
        "32bit": {
            "url": "https://www.nirsoft.net/utils/regscanner.zip",
            "hash": "fe93d9534c634523c499c55590bf6bb4466624b975f3052606de38969e357b2d"
        }
    },
    "description": "Scan and find values in the Registry",
    "license": "Freeware",
    "notes": "If this application is useful to you, please consider donating to NirSoft - https://www.nirsoft.net/donate.html",
    "checkver": {
        "url": "https://www.nirsoft.net/pad/regscanner.xml",
        "xpath": "/XML_DIZ_INFO/Program_Info/Program_Version"
    },
    "autoupdate": {
        "architecture": {
            "64bit": {
                "url": "https://www.nirsoft.net/utils/regscanner-x64.zip"
            },
            "32bit": {
                "url": "https://www.nirsoft.net/utils/regscanner.zip"
            }
        }
    }
}