{
    "version": "1.40",
    "homepage": "https://www.nirsoft.net/windows_registry_tools.html",
    "url": "https://www.nirsoft.net/packages/regtools.zip",
    "bin": "RegScanner.exe",
    "shortcuts": [
        [
            "RegScanner.exe",
            "NirSoft\\Registry Tools Package"
        ]
    ],
    "persist": [
        "regtools_lng.ini",
        "regtools.cfg"
    ],
    "hash": "261a6cf768fc391a154eb892bd538931ac27c46ceeb9f56282122071d395d2cb",
    "description": "Package of 5 Windows Registry tools for advanced users",
    "license": "Freeware",
    "notes": "If this application is useful to you, please consider donating to NirSoft - https://www.nirsoft.net/donate.html",
    "checkver": {
        "url": "https://www.nirsoft.net/pad/regtools.xml",
        "xpath": "/XML_DIZ_INFO/Program_Info/Program_Version"
    },
    "autoupdate": {
        "url": "https://www.nirsoft.net/packages/regtools.zip"
    }
}
