{
    "version": "1.18",
    "homepage": "https://www.nirsoft.net/utils/resources_extract.html",
    "bin": "ResourcesExtract.exe",
    "shortcuts": [
        [
            "ResourcesExtract.exe",
            "NirSoft\\ResourcesExtract"
        ]
    ],
    "persist": [
        "resourcesextract_lng.ini",
        "resourcesextract.cfg"
    ],
    "architecture": {
        "64bit": {
            "url": "https://www.nirsoft.net/utils/resourcesextract-x64.zip",
            "hash": "c68e2ebda348d67bbf92d45fb423038e9413e24b531fc5c50aa663b17dbccbb5"
        },
        "32bit": {
            "url": "https://www.nirsoft.net/utils/resourcesextract.zip",
            "hash": "cdccfe0063a66f95cb47127f351416423c960df6260c321ab587f33df0d8a417"
        }
    },
    "description": "Extract resources from dll/ocx/exe files.",
    "license": "Freeware",
    "notes": "If this application is useful to you, please consider donating to NirSoft - https://www.nirsoft.net/donate.html",
    "checkver": {
        "url": "https://www.nirsoft.net/pad/resourcesextract.xml",
        "xpath": "/XML_DIZ_INFO/Program_Info/Program_Version"
    },
    "autoupdate": {
        "architecture": {
            "64bit": {
                "url": "https://www.nirsoft.net/utils/resourcesextract-x64.zip"
            },
            "32bit": {
                "url": "https://www.nirsoft.net/utils/resourcesextract.zip"
            }
        }
    }
}
