{
    "version": "1.90",
    "homepage": "https://www.nirsoft.net/utils/router_password_recovery.html",
    "url": "https://www.nirsoft.net/toolsdownload/routerpassview.zip",
    "bin": "RouterPassView.exe",
    "shortcuts": [
        [
            "RouterPassView.exe",
            "NirSoft\\RouterPassView"
        ]
    ],
    "persist": [
        "routerpassview_lng.ini",
        "routerpassview.cfg"
    ],
    "hash": "0d68fb19ca14c8200f9015703f728628bc3dd3b76614b709d1da5821fceb4aba",
    "description": "Recover passwords from router config file.",
    "license": "Freeware",
    "notes": "If this application is useful to you, please consider donating to NirSoft - https://www.nirsoft.net/donate.html",
    "checkver": {
        "url": "https://www.nirsoft.net/pad/routerpassview.xml",
        "xpath": "/XML_DIZ_INFO/Program_Info/Program_Version"
    },
    "autoupdate": {
        "url": "https://www.nirsoft.net/toolsdownload/routerpassview.zip"
    }
}
