{
    "version": "1.22",
    "homepage": "https://www.nirsoft.net/utils/rtmp_dump_helper.html",
    "bin": "RTMPDumpHelper.exe",
    "shortcuts": [
        [
            "RTMPDumpHelper.exe",
            "NirSoft\\RTMPDumpHelper"
        ]
    ],
    "persist": [
        "rtmpdumphelper_lng.ini",
        "rtmpdumphelper.cfg"
    ],
    "architecture": {
        "64bit": {
            "url": "https://www.nirsoft.net/utils/rtmpdumphelper-x64.zip",
            "hash": "205fd770852aee82f2db75e982f2ec3491c2f53f0c9f0285b478e92718da5a61"
        },
        "32bit": {
            "url": "https://www.nirsoft.net/utils/rtmpdumphelper.zip",
            "hash": "78a76c871e8bbbaa84f7afc754c29f0fe30fff2271ce198be1ac92ec4c996c43"
        }
    },
    "description": "Download RTMP streams in conjunction with RTMPDump toolkit.",
    "license": "Freeware",
    "notes": "If this application is useful to you, please consider donating to NirSoft - https://www.nirsoft.net/donate.html",
    "checkver": {
        "url": "https://www.nirsoft.net/pad/rtmpdumphelper.xml",
        "xpath": "/XML_DIZ_INFO/Program_Info/Program_Version"
    },
    "autoupdate": {
        "architecture": {
            "64bit": {
                "url": "https://www.nirsoft.net/utils/rtmpdumphelper-x64.zip"
            },
            "32bit": {
                "url": "https://www.nirsoft.net/utils/rtmpdumphelper.zip"
            }
        }
    }
}
