{
    "version": "1.41",
    "homepage": "https://www.nirsoft.net/utils/run_as_date.html",
    "bin": "RunAsDate.exe",
    "shortcuts": [
        [
            "RunAsDate.exe",
            "NirSoft\\RunAsDate"
        ]
    ],
    "persist": [
        "runasdate_lng.ini",
        "runasdate.cfg"
    ],
    "architecture": {
        "64bit": {
            "url": "https://www.nirsoft.net/utils/runasdate-x64.zip",
            "hash": "647ea1883269a8478a4c84cd33f4b8a6f1dab0aa2bf3703e7f344827fc8a3d9e"
        },
        "32bit": {
            "url": "https://www.nirsoft.net/utils/runasdate.zip",
            "hash": "ceec79526b06703c1806771b5af45b282b8511ba071b1ed5e702a7e8b46027b8"
        }
    },
    "description": "Run a program with the specified date.",
    "license": "Freeware",
    "notes": "If this application is useful to you, please consider donating to NirSoft - https://www.nirsoft.net/donate.html",
    "checkver": {
        "url": "https://www.nirsoft.net/pad/runasdate.xml",
        "xpath": "/XML_DIZ_INFO/Program_Info/Program_Version"
    },
    "autoupdate": {
        "architecture": {
            "64bit": {
                "url": "https://www.nirsoft.net/utils/runasdate-x64.zip"
            },
            "32bit": {
                "url": "https://www.nirsoft.net/utils/runasdate.zip"
            }
        }
    }
}
