{
    "version": "1.07",
    "homepage": "https://www.nirsoft.net/utils/run_from_process.html",
    "url": "https://www.nirsoft.net/utils/runfromprocess.zip",
    "bin": "RunFromProcess.exe",
    "shortcuts": [
        [
            "RunFromProcess.exe",
            "NirSoft\\RunFromProcess"
        ]
    ],
    "persist": [
        "runfromprocess_lng.ini",
        "runfromprocess.cfg"
    ],
    "hash": "1dfe0d12e325480bd65f06a802abc8bb6b6877eba2d442171614c66e271fc0b5",
    "description": "Run a program from another process that you choose.",
    "license": "Freeware",
    "notes": "If this application is useful to you, please consider donating to NirSoft - https://www.nirsoft.net/donate.html",
    "checkver": {
        "url": "https://www.nirsoft.net/pad/runfromprocess.xml",
        "xpath": "/XML_DIZ_INFO/Program_Info/Program_Version"
    },
    "autoupdate": {
        "url": "https://www.nirsoft.net/utils/runfromprocess.zip"
    }
}
