{
    "version": "1.00",
    "homepage": "https://www.nirsoft.net/utils/runtime_classes_view.html",
    "url": "https://www.nirsoft.net/utils/runtimeclassesview.zip",
    "bin": "RuntimeClassesView.exe",
    "shortcuts": [
        [
            "RuntimeClassesView.exe",
            "NirSoft\\RuntimeClassesView"
        ]
    ],
    "persist": [
        "runtimeclassesview_lng.ini",
        "runtimeclassesview.cfg"
    ],
    "hash": "490144a2ca73a4bbc5bf46eb0c806c4131c64eafaaf18fe45d134e31d59a5823",
    "description": "Displays the list of Windows Runtime (WinRT) classes",
    "license": "Freeware",
    "notes": "If this application is useful to you, please consider donating to NirSoft - https://www.nirsoft.net/donate.html",
    "checkver": {
        "url": "https://www.nirsoft.net/pad/runtimeclassesview.xml",
        "xpath": "/XML_DIZ_INFO/Program_Info/Program_Version"
    },
    "autoupdate": {
        "url": "https://www.nirsoft.net/utils/runtimeclassesview.zip"
    }
}
