{
    "version": "1.11",
    "homepage": "https://www.nirsoft.net/utils/safari_cache_view.html",
    "url": "https://www.nirsoft.net/utils/safaricacheview.zip",
    "bin": "SafariCacheView.exe",
    "shortcuts": [
        [
            "SafariCacheView.exe",
            "NirSoft\\SafariCacheView"
        ]
    ],
    "persist": [
        "safaricacheview_lng.ini",
        "safaricacheview.cfg"
    ],
    "hash": "f4fb700d4aab6c28d96d247f7824446081903f8d502c2948f530f71ab600bd3e",
    "description": "Cache viewer/extractor for Safari Web browser",
    "license": "Freeware",
    "notes": "If this application is useful to you, please consider donating to NirSoft - https://www.nirsoft.net/donate.html",
    "checkver": {
        "url": "https://www.nirsoft.net/pad/safaricacheview.xml",
        "xpath": "/XML_DIZ_INFO/Program_Info/Program_Version"
    },
    "autoupdate": {
        "url": "https://www.nirsoft.net/utils/safaricacheview.zip"
    }
}
