{
    "version": "1.01",
    "homepage": "https://www.nirsoft.net/utils/safari_history_view.html",
    "url": "https://www.nirsoft.net/utils/safarihistoryview.zip",
    "bin": "SafariHistoryView.exe",
    "shortcuts": [
        [
            "SafariHistoryView.exe",
            "NirSoft\\SafariHistoryView"
        ]
    ],
    "persist": [
        "safarihistoryview_lng.ini",
        "safarihistoryview.cfg"
    ],
    "hash": "6b467088a046c2428fad1a7a78395622f6e23798c87186220fee04fbec0f488c",
    "description": "History viewer for Safari Web browser",
    "license": "Freeware",
    "notes": "If this application is useful to you, please consider donating to NirSoft - https://www.nirsoft.net/donate.html",
    "checkver": {
        "url": "https://www.nirsoft.net/pad/safarihistoryview.xml",
        "xpath": "/XML_DIZ_INFO/Program_Info/Program_Version"
    },
    "autoupdate": {
        "url": "https://www.nirsoft.net/utils/safarihistoryview.zip"
    }
}
