{
    "version": "3.30",
    "homepage": "https://www.nirsoft.net/utils/search_my_files.html",
    "bin": "SearchMyFiles.exe",
    "shortcuts": [
        [
            "SearchMyFiles.exe",
            "NirSoft\\SearchMyFiles"
        ]
    ],
    "persist": [
        "searchmyfiles_lng.ini",
        "searchmyfiles.cfg"
    ],
    "architecture": {
        "64bit": {
            "url": "https://www.nirsoft.net/utils/searchmyfiles-x64.zip",
            "hash": "51545892d6cc83391a3cd0d8bcc77911fee41c4a24fea2b219a6801a62317b16"
        },
        "32bit": {
            "url": "https://www.nirsoft.net/utils/searchmyfiles.zip",
            "hash": "b80c3e11a3a800ba9d3af922c7e34e0494197a580a7192308dea3e74646c8096"
        }
    },
    "description": "Alternative to the standard \"Search For Files And Folders\" module of Windows.",
    "license": "Freeware",
    "notes": "If this application is useful to you, please consider donating to NirSoft - https://www.nirsoft.net/donate.html",
    "checkver": {
        "url": "https://www.nirsoft.net/pad/searchmyfiles.xml",
        "xpath": "/XML_DIZ_INFO/Program_Info/Program_Version"
    },
    "autoupdate": {
        "architecture": {
            "64bit": {
                "url": "https://www.nirsoft.net/utils/searchmyfiles-x64.zip"
            },
            "32bit": {
                "url": "https://www.nirsoft.net/utils/searchmyfiles.zip"
            }
        }
    }
}