{
    "version": "1.00",
    "homepage": "https://www.nirsoft.net/utils/search_filter_view.html",
    "url": "https://www.nirsoft.net/utils/searchfilterview.zip",
    "bin": "SearchFilterView.exe",
    "shortcuts": [
        [
            "SearchFilterView.exe",
            "NirSoft\\SearchFilterView"
        ]
    ],
    "persist": [
        "searchfilterview_lng.ini",
        "searchfilterview.cfg"
    ],
    "hash": "8c55bafdd3e48a8bb8d1c6d7ea755c5fa05f0b37c4499c1de2e96608959f36cb",
    "description": "view the search filters installed on your system.",
    "license": "Freeware",
    "notes": "If this application is useful to you, please consider donating to NirSoft - https://www.nirsoft.net/donate.html",
    "checkver": {
        "url": "https://www.nirsoft.net/pad/searchfilterview.xml",
        "xpath": "/XML_DIZ_INFO/Program_Info/Program_Version"
    },
    "autoupdate": {
        "url": "https://www.nirsoft.net/utils/searchfilterview.zip"
    }
}
