{
    "version": "1.00",
    "homepage": "https://www.nirsoft.net/utils/security_software_view.html",
    "url": "https://www.nirsoft.net/utils/securitysoftview.zip",
    "bin": "SecuritySoftView.exe",
    "shortcuts": [
        [
            "SecuritySoftView.exe",
            "NirSoft\\SecuritySoftView"
        ]
    ],
    "persist": [
        "securitysoftview_lng.ini",
        "securitysoftview.cfg"
    ],
    "hash": "399ab8d877ec11fce4647e9111988d25af512116747ebb0fddf797fa16d4295b",
    "description": "Displays the list of AntiVirus/AntiSpyware/ Firewall programs on your system.",
    "license": "Freeware",
    "notes": "If this application is useful to you, please consider donating to NirSoft - https://www.nirsoft.net/donate.html",
    "checkver": {
        "url": "https://www.nirsoft.net/pad/securitysoftview.xml",
        "xpath": "/XML_DIZ_INFO/Program_Info/Program_Version"
    },
    "autoupdate": {
        "url": "https://www.nirsoft.net/utils/securitysoftview.zip"
    }
}
