{
    "version": "1.00",
    "homepage": "https://www.nirsoft.net/utils/security_questions_view.html",
    "url": "https://www.nirsoft.net/utils/securityquestionsview.zip",
    "bin": "SecurityQuestionsView.exe",
    "shortcuts": [
        [
            "SecurityQuestionsView.exe",
            "NirSoft\\SecurityQuestionsView"
        ]
    ],
    "persist": [
        "securityquestionsview_lng.ini",
        "securityquestionsview.cfg"
    ],
    "hash": "9828559bc09a569bb2aaf134401d705db8441c2f9a1a0c37e1d7d14006f9b4e4",
    "description": "View Windows 10 security questions",
    "license": "Freeware",
    "notes": "If this application is useful to you, please consider donating to NirSoft - https://www.nirsoft.net/donate.html",
    "checkver": {
        "url": "https://www.nirsoft.net/pad/securityquestionsview.xml",
        "xpath": "/XML_DIZ_INFO/Program_Info/Program_Version"
    },
    "autoupdate": {
        "url": "https://www.nirsoft.net/utils/securityquestionsview.zip"
    }
}
