{
    "version": "1.72",
    "homepage": "https://www.nirsoft.net/utils/serviwin.html",
    "bin": "serviwin.exe",
    "shortcuts": [
        [
            "serviwin.exe",
            "NirSoft\\ServiWin"
        ]
    ],
    "persist": [
        "serviwin_lng.ini",
        "serviwin.cfg"
    ],
    "architecture": {
        "64bit": {
            "url": "https://www.nirsoft.net/utils/serviwin-x64.zip",
            "hash": "c0bd7a8667086f00f484a0ac6982b5cf23ac5f0bb8538a1bb6dbfce86c2cbbae"
        },
        "32bit": {
            "url": "https://www.nirsoft.net/utils/serviwin.zip",
            "hash": "d55893fed88422734bf44e0c2b4e38d7d5a03cea9cd3c16a991370d51188c57f"
        }
    },
    "description": "displays the list of installed drivers and services on your system.",
    "license": "Freeware",
    "notes": "If this application is useful to you, please consider donating to NirSoft - https://www.nirsoft.net/donate.html",
    "checkver": {
        "url": "https://www.nirsoft.net/pad/serviwin.xml",
        "xpath": "/XML_DIZ_INFO/Program_Info/Program_Version"
    },
    "autoupdate": {
        "architecture": {
            "64bit": {
                "url": "https://www.nirsoft.net/utils/serviwin-x64.zip"
            },
            "32bit": {
                "url": "https://www.nirsoft.net/utils/serviwin.zip"
            }
        }
    }
}
