{
    "version": "1.16",
    "homepage": "https://www.nirsoft.net/utils/shadow_copy_view.html",
    "bin": "ShadowCopyView.exe",
    "shortcuts": [
        [
            "ShadowCopyView.exe",
            "NirSoft\\ShadowCopyView"
        ]
    ],
    "persist": [
        "shadowcopyview_lng.ini",
        "shadowcopyview.cfg"
    ],
    "architecture": {
        "64bit": {
            "url": "https://www.nirsoft.net/utils/shadowcopyview-x64.zip",
            "hash": "55c72769e4e13b9a712cf8a7a7ea74eb25014af2ef6598513bc1429ea0746f3d"
        },
        "32bit": {
            "url": "https://www.nirsoft.net/utils/shadowcopyview.zip",
            "hash": "177ad1b42c4392b38225427b3015054bd61a1d7f2e651943b03f653f02c32c74"
        }
    },
    "description": "View shadow copies on your system",
    "license": "Freeware",
    "notes": "If this application is useful to you, please consider donating to NirSoft - https://www.nirsoft.net/donate.html",
    "checkver": {
        "url": "https://www.nirsoft.net/pad/shadowcopyview.xml",
        "xpath": "/XML_DIZ_INFO/Program_Info/Program_Version"
    },
    "autoupdate": {
        "architecture": {
            "64bit": {
                "url": "https://www.nirsoft.net/utils/shadowcopyview-x64.zip"
            },
            "32bit": {
                "url": "https://www.nirsoft.net/utils/shadowcopyview.zip"
            }
        }
    }
}