{
    "version": "1.35",
    "homepage": "https://www.nirsoft.net/utils/shell_bags_view.html",
    "url": "https://www.nirsoft.net/utils/shellbagsview.zip",
    "bin": "ShellBagsView.exe",
    "shortcuts": [
        [
            "ShellBagsView.exe",
            "NirSoft\\ShellBagsView"
        ]
    ],
    "persist": [
        "shellbagsview_lng.ini",
        "shellbagsview.cfg"
    ],
    "hash": "d667323a180c19a6ea83e10fdbe4f34d30d66863015099bbae0575a1b851b4da",
    "description": "Displays the list of all folder settings saved by Windows. ",
    "license": "Freeware",
    "notes": "If this application is useful to you, please consider donating to NirSoft - https://www.nirsoft.net/donate.html",
    "checkver": {
        "url": "https://www.nirsoft.net/pad/shellbagsview.xml",
        "xpath": "/XML_DIZ_INFO/Program_Info/Program_Version"
    },
    "autoupdate": {
        "url": "https://www.nirsoft.net/utils/shellbagsview.zip"
    }
}