{
    "version": "1.10",
    "homepage": "https://www.nirsoft.net/utils/shman.html",
    "bin": "shman.exe",
    "shortcuts": [
        [
            "shman.exe",
            "NirSoft\\ShortcutsMan"
        ]
    ],
    "persist": [
        "shman_lng.ini",
        "shman.cfg"
    ],
    "architecture": {
        "64bit": {
            "url": "https://www.nirsoft.net/utils/shman-x64.zip",
            "hash": "66708b64b360b9bb8e14ce0088c4203436988286ab7f16de3046efd7883e967d"
        },
        "32bit": {
            "url": "https://www.nirsoft.net/utils/shman.zip",
            "hash": "b998c8dbaf29a07ba69c88793bea71f267ca145c9017b95b75e48c42332a87eb"
        }
    },
    "description": "Lists all shortcuts on your desktop/start menu.",
    "license": "Freeware",
    "notes": "If this application is useful to you, please consider donating to NirSoft - https://www.nirsoft.net/donate.html",
    "checkver": {
        "url": "https://www.nirsoft.net/pad/shman.xml",
        "xpath": "/XML_DIZ_INFO/Program_Info/Program_Version"
    },
    "autoupdate": {
        "architecture": {
            "64bit": {
                "url": "https://www.nirsoft.net/utils/shman-x64.zip"
            },
            "32bit": {
                "url": "https://www.nirsoft.net/utils/shman.zip"
            }
        }
    }
}
