{
    "version": "1.41",
    "homepage": "https://www.nirsoft.net/utils/shell_menu_view.html",
    "bin": "shmnview.exe",
    "shortcuts": [
        [
            "shmnview.exe",
            "NirSoft\\ShellMenuView"
        ]
    ],
    "persist": [
        "shmnview_lng.ini",
        "shmnview.cfg"
    ],
    "architecture": {
        "64bit": {
            "url": "https://www.nirsoft.net/utils/shmnview-x64.zip",
            "hash": "e5a5b7c4a6ce2772782243027c73974d9699f2ba1d3eab1f53bcff4096635b83"
        },
        "32bit": {
            "url": "https://www.nirsoft.net/utils/shmnview.zip",
            "hash": "bd8d233e44155100677f855b61b867b596d2006bd65b4553da6ca5e38f70d483"
        }
    },
    "description": "Disable/enable static menu items in context menu of Explorer.",
    "license": "Freeware",
    "notes": "If this application is useful to you, please consider donating to NirSoft - https://www.nirsoft.net/donate.html",
    "checkver": {
        "url": "https://www.nirsoft.net/pad/shmnview.xml",
        "xpath": "/XML_DIZ_INFO/Program_Info/Program_Version"
    },
    "autoupdate": {
        "architecture": {
            "64bit": {
                "url": "https://www.nirsoft.net/utils/shmnview-x64.zip"
            },
            "32bit": {
                "url": "https://www.nirsoft.net/utils/shmnview.zip"
            }
        }
    }
}
