{
    "version": "1.55",
    "homepage": "https://www.nirsoft.net/utils/simple_wmi_view.html",
    "bin": "SimpleWMIView.exe",
    "shortcuts": [
        [
            "SimpleWMIView.exe",
            "NirSoft\\SimpleWMIView"
        ]
    ],
    "persist": [
        "simplewmiview_lng.ini",
        "simplewmiview.cfg"
    ],
    "architecture": {
        "64bit": {
            "url": "https://www.nirsoft.net/utils/simplewmiview-x64.zip",
            "hash": "30941e8a9b19c06328843277800d2b8aa46bc5fb1a8d5e3b2ba0cc47a02e4559"
        },
        "32bit": {
            "url": "https://www.nirsoft.net/utils/simplewmiview.zip",
            "hash": "34b66ccfe77d178d611dfe6a0e11fc4731873014c17444dbeb35a09178d4cdec"
        }
    },
    "description": "Displays the result of WMI queries in a simple table",
    "license": "Freeware",
    "notes": "If this application is useful to you, please consider donating to NirSoft - https://www.nirsoft.net/donate.html",
    "checkver": {
        "url": "https://www.nirsoft.net/pad/simplewmiview.xml",
        "xpath": "/XML_DIZ_INFO/Program_Info/Program_Version"
    },
    "autoupdate": {
        "architecture": {
            "64bit": {
                "url": "https://www.nirsoft.net/utils/simplewmiview-x64.zip"
            },
            "32bit": {
                "url": "https://www.nirsoft.net/utils/simplewmiview.zip"
            }
        }
    }
}