{
    "version": "1.16",
    "homepage": "https://www.nirsoft.net/utils/simple_program_debugger.html",
    "bin": "SimpleProgramDebugger.exe",
    "shortcuts": [
        [
            "SimpleProgramDebugger.exe",
            "NirSoft\\SimpleProgramDebugger"
        ]
    ],
    "persist": [
        "simpleprogramdebugger_lng.ini",
        "simpleprogramdebugger.cfg"
    ],
    "architecture": {
        "64bit": {
            "url": "https://www.nirsoft.net/utils/simpleprogramdebugger-x64.zip",
            "hash": "0487e3e2a8af213fdaf0202d8fb7dbdf6776f703e6b70e43f2f311694c7aa91b"
        },
        "32bit": {
            "url": "https://www.nirsoft.net/utils/simpleprogramdebugger.zip",
            "hash": "5a48545644897c3344912c6e2f52768a5538439b354829096c5c61b2ee09460d"
        }
    },
    "description": "Displays debugging events of a running program.",
    "license": "Freeware",
    "notes": "If this application is useful to you, please consider donating to NirSoft - https://www.nirsoft.net/donate.html",
    "checkver": {
        "url": "https://www.nirsoft.net/pad/simpleprogramdebugger.xml",
        "xpath": "/XML_DIZ_INFO/Program_Info/Program_Version"
    },
    "autoupdate": {
        "architecture": {
            "64bit": {
                "url": "https://www.nirsoft.net/utils/simpleprogramdebugger-x64.zip"
            },
            "32bit": {
                "url": "https://www.nirsoft.net/utils/simpleprogramdebugger.zip"
            }
        }
    }
}
