{
    "version": "1.16",
    "homepage": "https://www.nirsoft.net/utils/qr_code_generator.html",
    "url": "https://www.nirsoft.net/utils/simplecodegenerator.zip",
    "bin": "SimpleCodeGenerator.exe",
    "shortcuts": [
        [
            "SimpleCodeGenerator.exe",
            "NirSoft\\SimpleCodeGenerator"
        ]
    ],
    "persist": [
        "simplecodegenerator_lng.ini",
        "simplecodegenerator.cfg"
    ],
    "hash": "aba117577c883c6023e5602c9e825739a27b664c8ee6a4edbfc940eb167c2cb5",
    "description": "QR Code Generator for Windows",
    "license": "Freeware",
    "notes": "If this application is useful to you, please consider donating to NirSoft - https://www.nirsoft.net/donate.html",
    "checkver": {
        "url": "https://www.nirsoft.net/pad/simplecodegenerator.xml",
        "xpath": "/XML_DIZ_INFO/Program_Info/Program_Version"
    },
    "autoupdate": {
        "url": "https://www.nirsoft.net/utils/simplecodegenerator.zip"
    }
}