{
    "version": "1.42",
    "homepage": "https://www.nirsoft.net/utils/web_site_screenshot.html",
    "url": "https://www.nirsoft.net/utils/siteshoter.zip",
    "bin": "SiteShoter.exe",
    "shortcuts": [
        [
            "SiteShoter.exe",
            "NirSoft\\SiteShoter"
        ]
    ],
    "persist": [
        "siteshoter_lng.ini",
        "siteshoter.cfg"
    ],
    "hash": "72cc2633ebc81a5c6a79e7543c2da9b1e56e901c7d2c9e688d582a630838d2cc",
    "description": "Save a screenshot of any Web page into a file.",
    "license": "Freeware",
    "notes": "If this application is useful to you, please consider donating to NirSoft - https://www.nirsoft.net/donate.html",
    "checkver": {
        "url": "https://www.nirsoft.net/pad/siteshoter.xml",
        "xpath": "/XML_DIZ_INFO/Program_Info/Program_Version"
    },
    "autoupdate": {
        "url": "https://www.nirsoft.net/utils/siteshoter.zip"
    }
}
