{
    "version": "1.05",
    "homepage": "https://www.nirsoft.net/utils/skype_contacts_view.html",
    "url": "https://www.nirsoft.net/utils/skypecontactsview.zip",
    "bin": "SkypeContactsView.exe",
    "shortcuts": [
        [
            "SkypeContactsView.exe",
            "NirSoft\\SkypeContactsView"
        ]
    ],
    "persist": [
        "skypecontactsview_lng.ini",
        "skypecontactsview.cfg"
    ],
    "hash": "03a920762ff09cf20b5328e2f6700089b0dfef1bf893d3a14c6868c041943120",
    "description": "Displays the list of Skype contacts stored in the local database file of Skype.",
    "license": "Freeware",
    "notes": "If this application is useful to you, please consider donating to NirSoft - https://www.nirsoft.net/donate.html",
    "checkver": {
        "url": "https://www.nirsoft.net/pad/skypecontactsview.xml",
        "xpath": "/XML_DIZ_INFO/Program_Info/Program_Version"
    },
    "autoupdate": {
        "url": "https://www.nirsoft.net/utils/skypecontactsview.zip"
    }
}
