{
    "version": "1.55",
    "homepage": "https://www.nirsoft.net/utils/skype_log_view.html",
    "url": "https://www.nirsoft.net/utils/skypelogview.zip",
    "bin": "SkypeLogView.exe",
    "shortcuts": [
        [
            "SkypeLogView.exe",
            "NirSoft\\SkypeLogView"
        ]
    ],
    "persist": [
        "skypelogview_lng.ini",
        "skypelogview.cfg"
    ],
    "hash": "3358e8e5e1a4eaa8ad022f91ae15160e20937e57099e09a3d078bb78dfa3379c",
    "description": "View log files created by Skype",
    "license": "Freeware",
    "notes": "If this application is useful to you, please consider donating to NirSoft - https://www.nirsoft.net/donate.html",
    "checkver": {
        "url": "https://www.nirsoft.net/pad/skypelogview.xml",
        "xpath": "/XML_DIZ_INFO/Program_Info/Program_Version"
    },
    "autoupdate": {
        "url": "https://www.nirsoft.net/utils/skypelogview.zip"
    }
}
