{
    "version": "2.30",
    "homepage": "https://www.nirsoft.net/utils/smsniff.html",
    "bin": "smsniff.exe",
    "shortcuts": [
        [
            "smsniff.exe",
            "NirSoft\\SmartSniff "
        ]
    ],
    "persist": [
        "smsniff_lng.ini",
        "smsniff.cfg"
    ],
    "architecture": {
        "64bit": {
            "url": "https://www.nirsoft.net/utils/smsniff-x64.zip",
            "hash": "a8f5a31305c2265bf0c9734d58104845f2cae28a08698aa3c89517adc8c55fd9"
        },
        "32bit": {
            "url": "https://www.nirsoft.net/utils/smsniff.zip",
            "hash": "e016c88072f6af9d0ad1b51fff0292b84ce3e26d1cc442e21d32c180de8e26c3"
        }
    },
    "description": "Captures TCP/IP packets and view the captured data as sequence of conversations.",
    "license": "Freeware",
    "notes": "If this application is useful to you, please consider donating to NirSoft - https://www.nirsoft.net/donate.html",
    "checkver": {
        "url": "https://www.nirsoft.net/pad/smsniff.xml",
        "xpath": "/XML_DIZ_INFO/Program_Info/Program_Version"
    },
    "autoupdate": {
        "architecture": {
            "64bit": {
                "url": "https://www.nirsoft.net/utils/smsniff-x64.zip"
            },
            "32bit": {
                "url": "https://www.nirsoft.net/utils/smsniff.zip"
            }
        }
    }
}