{
    "version": "1.13",
    "homepage": "https://www.nirsoft.net/utils/password_sniffer.html",
    "bin": "SniffPass.exe",
    "shortcuts": [
        [
            "SniffPass.exe",
            "NirSoft\\SniffPass"
        ]
    ],
    "persist": [
        "sniffpass_lng.ini",
        "sniffpass.cfg"
    ],
    "architecture": {
        "64bit": {
            "url": "https://www.nirsoft.net/toolsdownload/sniffpass-x64.zip",
            "hash": "4a9e41fe097d31dd6f65490c2c09d2a0ea5d700e1acb33d39a1b31cb75611cac"
        },
        "32bit": {
            "url": "https://www.nirsoft.net/toolsdownload/sniffpass.zip",
            "hash": "cb17f0dfa27a94dc8c4f055a6b271ac8e003ac2f7d0f96eba2fb8d03dc585cfb"
        }
    },
    "description": "capture the passwords that pass through your network adapter.",
    "license": "Freeware",
    "notes": "If this application is useful to you, please consider donating to NirSoft - https://www.nirsoft.net/donate.html",
    "checkver": {
        "url": "https://www.nirsoft.net/pad/sniffpass.xml",
        "xpath": "/XML_DIZ_INFO/Program_Info/Program_Version"
    },
    "autoupdate": {
        "architecture": {
            "64bit": {
                "url": "https://www.nirsoft.net/toolsdownload/sniffpass-x64.zip"
            },
            "32bit": {
                "url": "https://www.nirsoft.net/toolsdownload/sniffpass.zip"
            }
        }
    }
}
