{
    "version": "1.11",
    "homepage": "https://www.nirsoft.net/utils/socket_sniffer.html",
    "url": "https://www.nirsoft.net/utils/socketsniff.zip",
    "bin": "SocketSniff.exe",
    "shortcuts": [
        [
            "SocketSniff.exe",
            "NirSoft\\SocketSniff"
        ]
    ],
    "persist": [
        "socketsniff_lng.ini",
        "socketsniff.cfg"
    ],
    "hash": "2160d297c21a4758e540ea5291c6d4df4bce74c2dab85647a8a1a875fcf49ccc",
    "description": "Watch the Windows Sockets (WinSock) activity of the selected process.",
    "license": "Freeware",
    "notes": "If this application is useful to you, please consider donating to NirSoft - https://www.nirsoft.net/donate.html",
    "checkver": {
        "url": "https://www.nirsoft.net/pad/socketsniff.xml",
        "xpath": "/XML_DIZ_INFO/Program_Info/Program_Version"
    },
    "autoupdate": {
        "url": "https://www.nirsoft.net/utils/socketsniff.zip"
    }
}
