{
    "version": "2.46",
    "homepage": "https://www.nirsoft.net/utils/sound_volume_view.html",
    "bin": "SoundVolumeView.exe",
    "shortcuts": [
        [
            "SoundVolumeView.exe",
            "NirSoft\\SoundVolumeView"
        ]
    ],
    "persist": [
        "soundvolumeview_lng.ini",
        "soundvolumeview.cfg"
    ],
    "architecture": {
        "64bit": {
            "url": "https://www.nirsoft.net/utils/soundvolumeview-x64.zip",
            "hash": "2b20cabae2168a81501000510c45e2ae0b13ff97edf8b31ac984d384628ad986"
        },
        "32bit": {
            "url": "https://www.nirsoft.net/utils/soundvolumeview.zip",
            "hash": "b085054e5c8c73c0bedc2f239bab5e2d75bd2e2209780c353dfcd4c7a5f41b5d"
        }
    },
    "description": "View/change sound levels & save/load sound level profiles on Windows Vista/7/8",
    "license": "Freeware",
    "notes": "If this application is useful to you, please consider donating to NirSoft - https://www.nirsoft.net/donate.html",
    "checkver": {
        "url": "https://www.nirsoft.net/pad/soundvolumeview.xml",
        "xpath": "/XML_DIZ_INFO/Program_Info/Program_Version"
    },
    "autoupdate": {
        "architecture": {
            "64bit": {
                "url": "https://www.nirsoft.net/utils/soundvolumeview-x64.zip"
            },
            "32bit": {
                "url": "https://www.nirsoft.net/utils/soundvolumeview.zip"
            }
        }
    }
}