{
    "version": "1.26",
    "homepage": "https://www.nirsoft.net/utils/special_folders_view.html",
    "bin": "SpecialFoldersView.exe",
    "shortcuts": [
        [
            "SpecialFoldersView.exe",
            "NirSoft\\SpecialFoldersView"
        ]
    ],
    "persist": [
        "specialfoldersview_lng.ini",
        "specialfoldersview.cfg"
    ],
    "architecture": {
        "64bit": {
            "url": "https://www.nirsoft.net/utils/specialfoldersview-x64.zip",
            "hash": "deb2a260bd6f9f284e3fe7d0b26e08265029404d2b7525e41455556bd383deed"
        },
        "32bit": {
            "url": "https://www.nirsoft.net/utils/specialfoldersview.zip",
            "hash": "9a4b737f912ae3dda48bd4046afbab478bcc36e85411941218d69425574c3d8d"
        }
    },
    "description": "Easily jump to special folders in your system.",
    "license": "Freeware",
    "notes": "If this application is useful to you, please consider donating to NirSoft - https://www.nirsoft.net/donate.html",
    "checkver": {
        "url": "https://www.nirsoft.net/pad/specialfoldersview.xml",
        "xpath": "/XML_DIZ_INFO/Program_Info/Program_Version"
    },
    "autoupdate": {
        "architecture": {
            "64bit": {
                "url": "https://www.nirsoft.net/utils/specialfoldersview-x64.zip"
            },
            "32bit": {
                "url": "https://www.nirsoft.net/utils/specialfoldersview.zip"
            }
        }
    }
}
