{
    "version": "1.22",
    "homepage": "https://www.nirsoft.net/utils/strun.html",
    "url": "https://www.nirsoft.net/utils/strun.zip",
    "bin": "strun.exe",
    "shortcuts": [
        [
            "strun.exe",
            "NirSoft\\StartupRun"
        ]
    ],
    "persist": [
        "strun_lng.ini",
        "strun.cfg"
    ],
    "hash": "bb4b5eca060e4f7db632b224e971d8a7237e379946c512468ade37ba9eed17a6",
    "description": "Displays the list of all applications that are loaded on startup.",
    "license": "Freeware",
    "notes": "If this application is useful to you, please consider donating to NirSoft - https://www.nirsoft.net/donate.html",
    "checkver": {
        "url": "https://www.nirsoft.net/pad/strun.xml",
        "xpath": "/XML_DIZ_INFO/Program_Info/Program_Version"
    },
    "autoupdate": {
        "url": "https://www.nirsoft.net/utils/strun.zip"
    }
}
