{
    "version": "1.26",
    "homepage": "https://www.nirsoft.net/utils/sound_volume_command_line.html",
    "bin": "svcl.exe",
    "shortcuts": [
        [
            "svcl.exe",
            "NirSoft\\SoundVolumeCommandLine"
        ]
    ],
    "persist": [
        "svcl_lng.ini",
        "svcl.cfg"
    ],
    "architecture": {
        "64bit": {
            "url": "https://www.nirsoft.net/utils/svcl-x64.zip",
            "hash": "c7149e6e5140e03b9fbb387fc3bd6373acca6d2fcd194997451200f123514e72"
        },
        "32bit": {
            "url": "https://www.nirsoft.net/utils/svcl.zip",
            "hash": "f4c957aa1726cc847a242ecec028abcec9ae3c04fa7b1395fae7c560f5027dc4"
        }
    },
    "description": "Sound volume command-line tool for Windows",
    "license": "Freeware",
    "notes": "If this application is useful to you, please consider donating to NirSoft - https://www.nirsoft.net/donate.html",
    "checkver": {
        "url": "https://www.nirsoft.net/pad/svcl.xml",
        "xpath": "/XML_DIZ_INFO/Program_Info/Program_Version"
    },
    "autoupdate": {
        "architecture": {
            "64bit": {
                "url": "https://www.nirsoft.net/utils/svcl-x64.zip"
            },
            "32bit": {
                "url": "https://www.nirsoft.net/utils/svcl.zip"
            }
        }
    }
}