{
    "version": "1.77",
    "homepage": "https://www.nirsoft.net/utils/sysexp.html",
    "bin": "sysexp.exe",
    "shortcuts": [
        [
            "sysexp.exe",
            "NirSoft\\SysExporter"
        ]
    ],
    "persist": [
        "sysexp_lng.ini",
        "sysexp.cfg"
    ],
    "architecture": {
        "64bit": {
            "url": "https://www.nirsoft.net/utils/sysexp-x64.zip",
            "hash": "cd808bccb6388b38b9e5a7f1eec92ff8fe90cc23683d8fa98fe19e5132c62e54"
        },
        "32bit": {
            "url": "https://www.nirsoft.net/utils/sysexp.zip",
            "hash": "7b1e5e8a3a4432d82064fac051ed2415d2a6f243a778142afb89f90bc408f77b"
        }
    },
    "description": "Grab the data stored in list-views, tree-views, list boxes, and combo boxes.",
    "license": "Freeware",
    "notes": "If this application is useful to you, please consider donating to NirSoft - https://www.nirsoft.net/donate.html",
    "checkver": {
        "url": "https://www.nirsoft.net/pad/sysexp.xml",
        "xpath": "/XML_DIZ_INFO/Program_Info/Program_Version"
    },
    "autoupdate": {
        "architecture": {
            "64bit": {
                "url": "https://www.nirsoft.net/utils/sysexp-x64.zip"
            },
            "32bit": {
                "url": "https://www.nirsoft.net/utils/sysexp.zip"
            }
        }
    }
}
