{
    "version": "5.60",
    "homepage": "https://www.nirsoft.net/system_tools.html",
    "url": "https://www.nirsoft.net/packages/systools.zip",
    "bin": "ProduKey.exe",
    "shortcuts": [
        [
            "ProduKey.exe",
            "NirSoft\\System Tools for Windows"
        ]
    ],
    "persist": [
        "systools_lng.ini",
        "systools.cfg"
    ],
    "hash": "247fb3687af2a7b352d075f8a19c2723619ce818da78b733e63ff0c5d278c948",
    "description": "Package of system tools for Windows",
    "license": "Freeware",
    "notes": "If this application is useful to you, please consider donating to NirSoft - https://www.nirsoft.net/donate.html",
    "checkver": {
        "url": "https://www.nirsoft.net/pad/systools.xml",
        "xpath": "/XML_DIZ_INFO/Program_Info/Program_Version"
    },
    "autoupdate": {
        "url": "https://www.nirsoft.net/packages/systools.zip"
    }
}
