{
    "version": "1.20",
    "homepage": "https://www.nirsoft.net/utils/csv_file_comparison.html",
    "url": "https://www.nirsoft.net/utils/tabletextcompare.zip",
    "bin": "TableTextCompare.exe",
    "shortcuts": [
        [
            "TableTextCompare.exe",
            "NirSoft\\TableTextCompare"
        ]
    ],
    "persist": [
        "tabletextcompare_lng.ini",
        "tabletextcompare.cfg"
    ],
    "hash": "9450b1ebea00d1ec6e868e740e8c35fc7a8aff0cdd0ee05da7066e95f2ace88e",
    "description": "Compare tab-delimited or comma-delimited (csv) files.",
    "license": "Freeware",
    "notes": "If this application is useful to you, please consider donating to NirSoft - https://www.nirsoft.net/donate.html",
    "checkver": {
        "url": "https://www.nirsoft.net/pad/tabletextcompare.xml",
        "xpath": "/XML_DIZ_INFO/Program_Info/Program_Version"
    },
    "autoupdate": {
        "url": "https://www.nirsoft.net/utils/tabletextcompare.zip"
    }
}
