{
    "version": "1.74",
    "homepage": "https://www.nirsoft.net/utils/task_scheduler_view.html",
    "bin": "TaskSchedulerView.exe",
    "shortcuts": [
        [
            "TaskSchedulerView.exe",
            "NirSoft\\TaskSchedulerView"
        ]
    ],
    "persist": [
        "taskschedulerview_lng.ini",
        "taskschedulerview.cfg"
    ],
    "architecture": {
        "64bit": {
            "url": "https://www.nirsoft.net/utils/taskschedulerview-x64.zip",
            "hash": "862ac1c228283ee9d1ec9c73c35a743a870955c0e12935a0ceb4ff02913ef11a"
        },
        "32bit": {
            "url": "https://www.nirsoft.net/utils/taskschedulerview.zip",
            "hash": "a9412b7618aaa3b030345919adc42f1e6de0ce4f09fdd46a37cef523bfa10304"
        }
    },
    "description": "View/Disable/Enable tasks from the Task Scheduler of Windows.",
    "license": "Freeware",
    "notes": "If this application is useful to you, please consider donating to NirSoft - https://www.nirsoft.net/donate.html",
    "checkver": {
        "url": "https://www.nirsoft.net/pad/taskschedulerview.xml",
        "xpath": "/XML_DIZ_INFO/Program_Info/Program_Version"
    },
    "autoupdate": {
        "architecture": {
            "64bit": {
                "url": "https://www.nirsoft.net/utils/taskschedulerview-x64.zip"
            },
            "32bit": {
                "url": "https://www.nirsoft.net/utils/taskschedulerview.zip"
            }
        }
    }
}