{
    "version": "1.07",
    "homepage": "https://www.nirsoft.net/utils/tcp_connect_problem_view.html",
    "url": "https://www.nirsoft.net/utils/tcpconnectproblemview.zip",
    "bin": "TCPConnectProblemView.exe",
    "shortcuts": [
        [
            "TCPConnectProblemView.exe",
            "NirSoft\\TCPConnectProblemView"
        ]
    ],
    "persist": [
        "tcpconnectproblemview_lng.ini",
        "tcpconnectproblemview.cfg"
    ],
    "hash": "1a1567676efec408d1752c6ac780c7a620126a4c12d54a7f6ea7351c41201622",
    "description": "Monitor TCP connection problems.",
    "license": "Freeware",
    "notes": "If this application is useful to you, please consider donating to NirSoft - https://www.nirsoft.net/donate.html",
    "checkver": {
        "url": "https://www.nirsoft.net/pad/tcpconnectproblemview.xml",
        "xpath": "/XML_DIZ_INFO/Program_Info/Program_Version"
    },
    "autoupdate": {
        "url": "https://www.nirsoft.net/utils/tcpconnectproblemview.zip"
    }
}