{
    "version": "1.41",
    "homepage": "https://www.nirsoft.net/utils/tcp_log_view.html",
    "bin": "TcpLogView.exe",
    "shortcuts": [
        [
            "TcpLogView.exe",
            "NirSoft\\TcpLogView"
        ]
    ],
    "persist": [
        "tcplogview_lng.ini",
        "tcplogview.cfg"
    ],
    "architecture": {
        "64bit": {
            "url": "https://www.nirsoft.net/utils/tcplogview-x64.zip",
            "hash": "abc91007f3403a4053d84b269b6f8a82487488b7cfacdbaa575b257a4fc29897"
        },
        "32bit": {
            "url": "https://www.nirsoft.net/utils/tcplogview.zip",
            "hash": "592982d82dfd16e3e714485836919ec3028a25ca72d5a764c9f2c2be3b4c1745"
        }
    },
    "description": "Monitors the opened TCP connections on your system.",
    "license": "Freeware",
    "notes": "If this application is useful to you, please consider donating to NirSoft - https://www.nirsoft.net/donate.html",
    "checkver": {
        "url": "https://www.nirsoft.net/pad/tcplogview.xml",
        "xpath": "/XML_DIZ_INFO/Program_Info/Program_Version"
    },
    "autoupdate": {
        "architecture": {
            "64bit": {
                "url": "https://www.nirsoft.net/utils/tcplogview-x64.zip"
            },
            "32bit": {
                "url": "https://www.nirsoft.net/utils/tcplogview.zip"
            }
        }
    }
}