{
    "version": "1.06",
    "homepage": "https://www.nirsoft.net/utils/time_zones_view.html",
    "url": "https://www.nirsoft.net/utils/timezonesview.zip",
    "bin": "TimeZonesView.exe",
    "shortcuts": [
        [
            "TimeZonesView.exe",
            "NirSoft\\TimeZonesView"
        ]
    ],
    "persist": [
        "timezonesview_lng.ini",
        "timezonesview.cfg"
    ],
    "hash": "9f3b5abef89b03e291816a51efa96090f31a047e25a2751bd565598717207571",
    "description": "Displays all world time zones.",
    "license": "Freeware",
    "notes": "If this application is useful to you, please consider donating to NirSoft - https://www.nirsoft.net/donate.html",
    "checkver": {
        "url": "https://www.nirsoft.net/pad/timezonesview.xml",
        "xpath": "/XML_DIZ_INFO/Program_Info/Program_Version"
    },
    "autoupdate": {
        "url": "https://www.nirsoft.net/utils/timezonesview.zip"
    }
}
