{
    "version": "1.46",
    "homepage": "https://www.nirsoft.net/utils/computer_turned_on_times.html",
    "url": "https://www.nirsoft.net/utils/turnedontimesview.zip",
    "bin": "TurnedOnTimesView.exe",
    "shortcuts": [
        [
            "TurnedOnTimesView.exe",
            "NirSoft\\TurnedOnTimesView"
        ]
    ],
    "persist": [
        "turnedontimesview_lng.ini",
        "turnedontimesview.cfg"
    ],
    "hash": "1a1c1e6ed4583acb7b0a8960b34f37797fed81fe65dab1c33d1353e3923a9c4e",
    "description": "View the time/date ranges that your computer was turned on.",
    "license": "Freeware",
    "notes": "If this application is useful to you, please consider donating to NirSoft - https://www.nirsoft.net/donate.html",
    "checkver": {
        "url": "https://www.nirsoft.net/pad/turnedontimesview.xml",
        "xpath": "/XML_DIZ_INFO/Program_Info/Program_Version"
    },
    "autoupdate": {
        "url": "https://www.nirsoft.net/utils/turnedontimesview.zip"
    }
}
