{
    "version": "1.51",
    "homepage": "https://www.nirsoft.net/utils/uninstall_view.html",
    "bin": "UninstallView.exe",
    "shortcuts": [
        [
            "UninstallView.exe",
            "NirSoft\\UninstallView"
        ]
    ],
    "persist": [
        "uninstallview_lng.ini",
        "uninstallview.cfg"
    ],
    "architecture": {
        "64bit": {
            "url": "https://www.nirsoft.net/utils/uninstallview-x64.zip",
            "hash": "1fd9553ef6b9434f26583c22cb1f5810353ff252abe2055b96a828facb64fd5a"
        },
        "32bit": {
            "url": "https://www.nirsoft.net/utils/uninstallview.zip",
            "hash": "b5ea1be8f2a76aa52825ecbc85b69501a9dd64cd91f7134b9053d731305a57de"
        }
    },
    "description": "Shows installed programs on your system and allows you to uninstall them.",
    "license": "Freeware",
    "notes": "If this application is useful to you, please consider donating to NirSoft - https://www.nirsoft.net/donate.html",
    "checkver": {
        "url": "https://www.nirsoft.net/pad/uninstallview.xml",
        "xpath": "/XML_DIZ_INFO/Program_Info/Program_Version"
    },
    "autoupdate": {
        "architecture": {
            "64bit": {
                "url": "https://www.nirsoft.net/utils/uninstallview-x64.zip"
            },
            "32bit": {
                "url": "https://www.nirsoft.net/utils/uninstallview.zip"
            }
        }
    }
}