{
    "version": "1.15",
    "homepage": "https://www.nirsoft.net/utils/url_protocol_view.html",
    "url": "https://www.nirsoft.net/utils/urlprotocolview.zip",
    "bin": "URLProtocolView.exe",
    "shortcuts": [
        [
            "URLProtocolView.exe",
            "NirSoft\\URLProtocolView"
        ]
    ],
    "persist": [
        "urlprotocolview_lng.ini",
        "urlprotocolview.cfg"
    ],
    "hash": "17e9df993efdb66ed3e301fb69e531974f09a0ad3212efe88ac4331e40508873",
    "description": "View/disable/enable the URL protocols installed on your system",
    "license": "Freeware",
    "notes": "If this application is useful to you, please consider donating to NirSoft - https://www.nirsoft.net/donate.html",
    "checkver": {
        "url": "https://www.nirsoft.net/pad/urlprotocolview.xml",
        "xpath": "/XML_DIZ_INFO/Program_Info/Program_Version"
    },
    "autoupdate": {
        "url": "https://www.nirsoft.net/utils/urlprotocolview.zip"
    }
}
