{
    "version": "1.11",
    "homepage": "https://www.nirsoft.net/utils/url_string_grabber.html",
    "url": "https://www.nirsoft.net/utils/urlstringgrabber.zip",
    "bin": "URLStringGrabber.exe",
    "shortcuts": [
        [
            "URLStringGrabber.exe",
            "NirSoft\\URLStringGrabber"
        ]
    ],
    "persist": [
        "urlstringgrabber_lng.ini",
        "urlstringgrabber.cfg"
    ],
    "hash": "446d92375c35f0748866b48b4321eeeb5e6dfb61a7af2c80dce36748e7caa737",
    "description": "Grab URL strings of Web sites from Internet Explorer",
    "license": "Freeware",
    "notes": "If this application is useful to you, please consider donating to NirSoft - https://www.nirsoft.net/donate.html",
    "checkver": {
        "url": "https://www.nirsoft.net/pad/urlstringgrabber.xml",
        "xpath": "/XML_DIZ_INFO/Program_Info/Program_Version"
    },
    "autoupdate": {
        "url": "https://www.nirsoft.net/utils/urlstringgrabber.zip"
    }
}
