{
    "version": "1.13",
    "homepage": "https://www.nirsoft.net/utils/usb_drive_log.html",
    "url": "https://www.nirsoft.net/utils/usbdrivelog.zip",
    "bin": "USBDriveLog.exe",
    "shortcuts": [
        [
            "USBDriveLog.exe",
            "NirSoft\\USBDriveLog"
        ]
    ],
    "persist": [
        "usbdrivelog_lng.ini",
        "usbdrivelog.cfg"
    ],
    "hash": "02ae2777f95c0895a08ab752b1a5830b4c052f679f9144098855fae9ec86d95d",
    "description": "USB Drive Log For Windows 10",
    "license": "Freeware",
    "notes": "If this application is useful to you, please consider donating to NirSoft - https://www.nirsoft.net/donate.html",
    "checkver": {
        "url": "https://www.nirsoft.net/pad/usbdrivelog.xml",
        "xpath": "/XML_DIZ_INFO/Program_Info/Program_Version"
    },
    "autoupdate": {
        "url": "https://www.nirsoft.net/utils/usbdrivelog.zip"
    }
}