{
    "version": "3.07",
    "homepage": "https://www.nirsoft.net/utils/usb_devices_view.html",
    "bin": "USBDeview.exe",
    "shortcuts": [
        [
            "USBDeview.exe",
            "NirSoft\\USBDeview "
        ]
    ],
    "persist": [
        "usbdeview_lng.ini",
        "usbdeview.cfg"
    ],
    "architecture": {
        "64bit": {
            "url": "https://www.nirsoft.net/utils/usbdeview-x64.zip",
            "hash": "1acfeaac8352313a607d2aa55a8a56e3662054ccf0bb05fc1eb909e1159152db"
        },
        "32bit": {
            "url": "https://www.nirsoft.net/utils/usbdeview.zip",
            "hash": "f2ecd1c350829856e84b6aaf608a4be0a616784cac48b8cb1315a6970d1f45af"
        }
    },
    "description": "Lists all installed USB devices that you previously used.",
    "license": "Freeware",
    "notes": "If this application is useful to you, please consider donating to NirSoft - https://www.nirsoft.net/donate.html",
    "checkver": {
        "url": "https://www.nirsoft.net/pad/usbdeview.xml",
        "xpath": "/XML_DIZ_INFO/Program_Info/Program_Version"
    },
    "autoupdate": {
        "architecture": {
            "64bit": {
                "url": "https://www.nirsoft.net/utils/usbdeview-x64.zip"
            },
            "32bit": {
                "url": "https://www.nirsoft.net/utils/usbdeview.zip"
            }
        }
    }
}