{
    "version": "1.26",
    "homepage": "https://www.nirsoft.net/utils/usb_log_view.html",
    "url": "https://www.nirsoft.net/utils/usblogview.zip",
    "bin": "USBLogView.exe",
    "shortcuts": [
        [
            "USBLogView.exe",
            "NirSoft\\USBLogView"
        ]
    ],
    "persist": [
        "usblogview_lng.ini",
        "usblogview.cfg"
    ],
    "hash": "8ec630a9ed42389d73c1c82de05f0019f61baf7af81fc16de13c6643eb07fd4d",
    "description": "Records the details of any USB device that is plugged/unplugged into your system",
    "license": "Freeware",
    "notes": "If this application is useful to you, please consider donating to NirSoft - https://www.nirsoft.net/donate.html",
    "checkver": {
        "url": "https://www.nirsoft.net/pad/usblogview.xml",
        "xpath": "/XML_DIZ_INFO/Program_Info/Program_Version"
    },
    "autoupdate": {
        "url": "https://www.nirsoft.net/utils/usblogview.zip"
    }
}
