{
    "version": "1.10",
    "homepage": "https://www.nirsoft.net/utils/user_profiles_view.html",
    "url": "https://www.nirsoft.net/utils/userprofilesview.zip",
    "bin": "UserProfilesView.exe",
    "shortcuts": [
        [
            "UserProfilesView.exe",
            "NirSoft\\UserProfilesView"
        ]
    ],
    "persist": [
        "userprofilesview_lng.ini",
        "userprofilesview.cfg"
    ],
    "hash": "350bbfdd12ca9d8b7ecf59b92410424acf99197f0bd9d8b2451cd7026413e2a4",
    "description": "View user profiles information on your system.",
    "license": "Freeware",
    "notes": "If this application is useful to you, please consider donating to NirSoft - https://www.nirsoft.net/donate.html",
    "checkver": {
        "url": "https://www.nirsoft.net/pad/userprofilesview.xml",
        "xpath": "/XML_DIZ_INFO/Program_Info/Program_Version"
    },
    "autoupdate": {
        "url": "https://www.nirsoft.net/utils/userprofilesview.zip"
    }
}
