{
    "version": "1.02",
    "homepage": "https://www.nirsoft.net/utils/userassist_view.html",
    "url": "https://www.nirsoft.net/utils/userassistview.zip",
    "bin": "UserAssistView.exe",
    "shortcuts": [
        [
            "UserAssistView.exe",
            "NirSoft\\UserAssistView"
        ]
    ],
    "persist": [
        "userassistview_lng.ini",
        "userassistview.cfg"
    ],
    "hash": "11b75025ac99ad31fa2c27b91ebbdb891fced36ff8b2567b0b76146af88d57d9",
    "description": "This utility decrypt and displays the list of all UserAssist entries",
    "license": "Freeware",
    "notes": "If this application is useful to you, please consider donating to NirSoft - https://www.nirsoft.net/donate.html",
    "checkver": {
        "url": "https://www.nirsoft.net/pad/userassistview.xml",
        "xpath": "/XML_DIZ_INFO/Program_Info/Program_Version"
    },
    "autoupdate": {
        "url": "https://www.nirsoft.net/utils/userassistview.zip"
    }
}
