{
    "version": "1.12",
    "homepage": "https://www.nirsoft.net/utils/vault_password_view.html",
    "bin": "VaultPasswordView.exe",
    "shortcuts": [
        [
            "VaultPasswordView.exe",
            "NirSoft\\VaultPasswordView"
        ]
    ],
    "persist": [
        "vaultpasswordview_lng.ini",
        "vaultpasswordview.cfg"
    ],
    "architecture": {
        "64bit": {
            "url": "https://www.nirsoft.net/toolsdownload/vaultpasswordview-x64.zip",
            "hash": "653c7529de9f134495fe845658b6f814aed865acd88914e13ffa87838d111d68"
        },
        "32bit": {
            "url": "https://www.nirsoft.net/toolsdownload/vaultpasswordview.zip",
            "hash": "563166003b73614f25d00d80d77b0e56904d9412659f5b744f6ae15f2620c4be"
        }
    },
    "description": "Decrypts passwords stored in Windows Vault",
    "license": "Freeware",
    "notes": "If this application is useful to you, please consider donating to NirSoft - https://www.nirsoft.net/donate.html",
    "checkver": {
        "url": "https://www.nirsoft.net/pad/vaultpasswordview.xml",
        "xpath": "/XML_DIZ_INFO/Program_Info/Program_Version"
    },
    "autoupdate": {
        "architecture": {
            "64bit": {
                "url": "https://www.nirsoft.net/toolsdownload/vaultpasswordview-x64.zip"
            },
            "32bit": {
                "url": "https://www.nirsoft.net/toolsdownload/vaultpasswordview.zip"
            }
        }
    }
}