{
    "version": "3.09",
    "homepage": "https://www.nirsoft.net/utils/video_cache_view.html",
    "bin": "VideoCacheView.exe",
    "shortcuts": [
        [
            "VideoCacheView.exe",
            "NirSoft\\VideoCacheView"
        ]
    ],
    "persist": [
        "videocacheview_lng.ini",
        "videocacheview.cfg"
    ],
    "architecture": {
        "64bit": {
            "url": "https://www.nirsoft.net/utils/videocacheview-x64.zip",
            "hash": "287ec9b56baee231d1451ec4b5758c7ab17ab5de214b63ac8d77a5f148f081e9"
        },
        "32bit": {
            "url": "https://www.nirsoft.net/utils/videocacheview.zip",
            "hash": "b615b4af1b40dea7b8304d52d17bbef208d1a056677b430beee7fb0db0371d65"
        }
    },
    "description": "Extract Web site video files from the cache of your Web browser",
    "license": "Freeware",
    "notes": "If this application is useful to you, please consider donating to NirSoft - https://www.nirsoft.net/donate.html",
    "checkver": {
        "url": "https://www.nirsoft.net/pad/videocacheview.xml",
        "xpath": "/XML_DIZ_INFO/Program_Info/Program_Version"
    },
    "autoupdate": {
        "architecture": {
            "64bit": {
                "url": "https://www.nirsoft.net/utils/videocacheview-x64.zip"
            },
            "32bit": {
                "url": "https://www.nirsoft.net/utils/videocacheview.zip"
            }
        }
    }
}
