{
    "version": "1.20",
    "homepage": "None",
    "url": "https://www.nirsoft.net/packages/videoaudiotools.zip",
    "bin": "SoundVolumeView.exe",
    "shortcuts": [
        [
            "SoundVolumeView.exe",
            "NirSoft\\Video-Audio Tools"
        ]
    ],
    "persist": [
        "videoaudiotools_lng.ini",
        "videoaudiotools.cfg"
    ],
    "hash": "1e01113cbc80a4493e258f5c80d40d7843a734d0215c579f7a7d8c7887aed7f2",
    "description": "A package of 6 tools for Windows related to video/audio.",
    "license": "Freeware",
    "notes": "If this application is useful to you, please consider donating to NirSoft - https://www.nirsoft.net/donate.html",
    "checkver": {
        "url": "https://www.nirsoft.net/pad/videoaudiotools.xml",
        "xpath": "/XML_DIZ_INFO/Program_Info/Program_Version"
    },
    "autoupdate": {
        "url": "https://www.nirsoft.net/packages/videoaudiotools.zip"
    }
}
