{
    "version": "1.05",
    "homepage": "https://www.nirsoft.net/utils/vnc_password.html",
    "url": "https://www.nirsoft.net/toolsdownload/vncpassview.zip",
    "bin": "VNCPassView.exe",
    "shortcuts": [
        [
            "VNCPassView.exe",
            "NirSoft\\VNCPassView"
        ]
    ],
    "persist": [
        "vncpassview_lng.ini",
        "vncpassview.cfg"
    ],
    "hash": "a598f49d5b6c06097550952aef7260f226227cf64a982c8fedb605f8f30039b4",
    "description": "Recover the passwords stored by the VNC tool.",
    "license": "Freeware",
    "notes": "If this application is useful to you, please consider donating to NirSoft - https://www.nirsoft.net/donate.html",
    "checkver": {
        "url": "https://www.nirsoft.net/pad/vncpassview.xml",
        "xpath": "/XML_DIZ_INFO/Program_Info/Program_Version"
    },
    "autoupdate": {
        "url": "https://www.nirsoft.net/toolsdownload/vncpassview.zip"
    }
}
