{
    "version": "2.15",
    "homepage": "https://www.nirsoft.net/utils/volumouse.html",
    "bin": "volumouse.exe",
    "shortcuts": [
        [
            "volumouse.exe",
            "NirSoft\\Volumouse"
        ]
    ],
    "persist": [
        "volumouse_lng.ini",
        "volumouse.cfg"
    ],
    "architecture": {
        "64bit": {
            "url": "https://www.nirsoft.net/utils/volumouse-x64.zip",
            "hash": "a1589b344273e387515c311d48c1f432f9b12818be98cd8f50f8d11b7ed79767"
        },
        "32bit": {
            "url": "https://www.nirsoft.net/utils/volumouse.zip",
            "hash": "026098453cb8f14898b3ddc0c7bb9e7855a05be930ad7f2261016829d8f0db89"
        }
    },
    "description": "Adjust the volume of your speaker with the wheel of your mouse.",
    "license": "Freeware",
    "notes": "If this application is useful to you, please consider donating to NirSoft - https://www.nirsoft.net/donate.html",
    "checkver": {
        "url": "https://www.nirsoft.net/pad/volumouse.xml",
        "xpath": "/XML_DIZ_INFO/Program_Info/Program_Version"
    },
    "autoupdate": {
        "architecture": {
            "64bit": {
                "url": "https://www.nirsoft.net/utils/volumouse-x64.zip"
            },
            "32bit": {
                "url": "https://www.nirsoft.net/utils/volumouse.zip"
            }
        }
    }
}