{
    "version": "1.91",
    "homepage": "https://www.nirsoft.net/utils/wake_on_lan.html",
    "bin": "WakeMeOnLan.exe",
    "shortcuts": [
        [
            "WakeMeOnLan.exe",
            "NirSoft\\WakeMeOnLan"
        ]
    ],
    "persist": [
        "wakemeonlan_lng.ini",
        "wakemeonlan.cfg"
    ],
    "architecture": {
        "64bit": {
            "url": "https://www.nirsoft.net/utils/wakemeonlan-x64.zip",
            "hash": "546d68b0e44fdf328fddba0e60d59eaa1fc8c514eacb0f19b52c1730a78a4007"
        },
        "32bit": {
            "url": "https://www.nirsoft.net/utils/wakemeonlan.zip",
            "hash": "1ac0e53b1b54ceabbc1b22c1b2408375ac4d5159a27a07d1cd1fb7e25cf804ee"
        }
    },
    "description": "Turn on one or more computers remotely by sending Wake-on-LAN (WOL) packet",
    "license": "Freeware",
    "notes": "If this application is useful to you, please consider donating to NirSoft - https://www.nirsoft.net/donate.html",
    "checkver": {
        "url": "https://www.nirsoft.net/pad/wakemeonlan.xml",
        "xpath": "/XML_DIZ_INFO/Program_Info/Program_Version"
    },
    "autoupdate": {
        "architecture": {
            "64bit": {
                "url": "https://www.nirsoft.net/utils/wakemeonlan-x64.zip"
            },
            "32bit": {
                "url": "https://www.nirsoft.net/utils/wakemeonlan.zip"
            }
        }
    }
}