{
    "version": "2.12",
    "homepage": "https://www.nirsoft.net/utils/web_browser_password.html",
    "url": "https://www.nirsoft.net/toolsdownload/webbrowserpassview.zip#dl.zip_",
    "bin": "WebBrowserPassView.exe",
    "shortcuts": [
        [
            "WebBrowserPassView.exe",
            "NirSoft\\WebBrowserPassView"
        ]
    ],
    "persist": [
        "webbrowserpassview_lng.ini",
        "webbrowserpassview.cfg"
    ],
    "hash": "ae05a1f901bdcd1b40c598b6563c08fbaac998e3e4c7fda36ab967f8f174940f",
    "description": "Recover lost passwords from your Web browser.",
    "license": "Freeware",
    "notes": "If this application is useful to you, please consider donating to NirSoft - https://www.nirsoft.net/donate.html",
    "checkver": {
        "url": "https://www.nirsoft.net/pad/webbrowserpassview.xml",
        "xpath": "/XML_DIZ_INFO/Program_Info/Program_Version"
    },
    "autoupdate": {
        "url": "https://www.nirsoft.net/toolsdownload/webbrowserpassview.zip"
    },
    "pre_install": [
        "$zip=(Get-ChildItem $dir\\\\webbrowserpassview*).Name",
        "7z x $dir\\\\$zip -pwbpv28821@ $('-o' + $dir) | Out-Null"
    ]
}