{
    "version": "1.13",
    "homepage": "https://www.nirsoft.net/utils/web_browser_bookmarks_view.html",
    "url": "https://www.nirsoft.net/utils/webbrowserbookmarksview.zip",
    "bin": "WebBrowserBookmarksView.exe",
    "shortcuts": [
        [
            "WebBrowserBookmarksView.exe",
            "NirSoft\\WebBrowserBookmarksView"
        ]
    ],
    "persist": [
        "webbrowserbookmarksview_lng.ini",
        "webbrowserbookmarksview.cfg"
    ],
    "hash": "51bd399158538dd118a9498d9e79a1844d5ddccea538fc1077e4dc1a3fb8e0e3",
    "description": "View all bookmarks of Chrome and Firefox Web browsers.",
    "license": "Freeware",
    "notes": "If this application is useful to you, please consider donating to NirSoft - https://www.nirsoft.net/donate.html",
    "checkver": {
        "url": "https://www.nirsoft.net/pad/webbrowserbookmarksview.xml",
        "xpath": "/XML_DIZ_INFO/Program_Info/Program_Version"
    },
    "autoupdate": {
        "url": "https://www.nirsoft.net/utils/webbrowserbookmarksview.zip"
    }
}