{
    "version": "1.30",
    "homepage": "https://www.nirsoft.net/utils/web_cookies_sniffer.html",
    "bin": "WebCookiesSniffer.exe",
    "shortcuts": [
        [
            "WebCookiesSniffer.exe",
            "NirSoft\\WebCookiesSniffer"
        ]
    ],
    "persist": [
        "webcookiessniffer_lng.ini",
        "webcookiessniffer.cfg"
    ],
    "architecture": {
        "64bit": {
            "url": "https://www.nirsoft.net/utils/webcookiessniffer-x64.zip",
            "hash": "b9893bfc930ee68088f60e3235fe734adf8459031cb7bc33112a150ed28b97c1"
        },
        "32bit": {
            "url": "https://www.nirsoft.net/utils/webcookiessniffer.zip",
            "hash": "c4d0aa66ee9fce9f6ad722d5991e9ca2757eab514045ba6b4de1bf842c2110c4"
        }
    },
    "description": "Captures Web site cookies and displays them in a simple table",
    "license": "Freeware",
    "notes": "If this application is useful to you, please consider donating to NirSoft - https://www.nirsoft.net/donate.html",
    "checkver": {
        "url": "https://www.nirsoft.net/pad/webcookiessniffer.xml",
        "xpath": "/XML_DIZ_INFO/Program_Info/Program_Version"
    },
    "autoupdate": {
        "architecture": {
            "64bit": {
                "url": "https://www.nirsoft.net/utils/webcookiessniffer-x64.zip"
            },
            "32bit": {
                "url": "https://www.nirsoft.net/utils/webcookiessniffer.zip"
            }
        }
    }
}
