{
    "version": "1.34",
    "homepage": "https://www.nirsoft.net/utils/web_cache_image_info.html",
    "url": "https://www.nirsoft.net/utils/webcacheimageinfo.zip",
    "bin": "WebCacheImageInfo.exe",
    "shortcuts": [
        [
            "WebCacheImageInfo.exe",
            "NirSoft\\WebCacheImageInfo"
        ]
    ],
    "persist": [
        "webcacheimageinfo_lng.ini",
        "webcacheimageinfo.cfg"
    ],
    "hash": "079757d81aafa7ef09a3a7bc98ee1fb6a3666a0580ce3a9fe8195c37e3837919",
    "description": "Shows EXIF information of the images stored in Web browser cache.",
    "license": "Freeware",
    "notes": "If this application is useful to you, please consider donating to NirSoft - https://www.nirsoft.net/donate.html",
    "checkver": {
        "url": "https://www.nirsoft.net/pad/webcacheimageinfo.xml",
        "xpath": "/XML_DIZ_INFO/Program_Info/Program_Version"
    },
    "autoupdate": {
        "url": "https://www.nirsoft.net/utils/webcacheimageinfo.zip"
    }
}
