{
    "version": "1.11",
    "homepage": "https://www.nirsoft.net/utils/web_cam_image_capture.html",
    "url": "https://www.nirsoft.net/utils/webcamimagesave.zip",
    "bin": "WebCamImageSave.exe",
    "shortcuts": [
        [
            "WebCamImageSave.exe",
            "NirSoft\\WebCamImageSave"
        ]
    ],
    "persist": [
        "webcamimagesave_lng.ini",
        "webcamimagesave.cfg"
    ],
    "hash": "afca2873b620ae7dce5d650318d4b1c6cdebe3c3fbf2170bb40b6bf8c9d1536f",
    "description": "Capture still images from your WebCam.",
    "license": "Freeware",
    "notes": "If this application is useful to you, please consider donating to NirSoft - https://www.nirsoft.net/donate.html",
    "checkver": {
        "url": "https://www.nirsoft.net/pad/webcamimagesave.xml",
        "xpath": "/XML_DIZ_INFO/Program_Info/Program_Version"
    },
    "autoupdate": {
        "url": "https://www.nirsoft.net/utils/webcamimagesave.zip"
    }
}
