{
    "version": "1.51",
    "homepage": "https://www.nirsoft.net/utils/web_site_sniffer.html",
    "bin": "WebSiteSniffer.exe",
    "shortcuts": [
        [
            "WebSiteSniffer.exe",
            "NirSoft\\WebSiteSniffer"
        ]
    ],
    "persist": [
        "websitesniffer_lng.ini",
        "websitesniffer.cfg"
    ],
    "architecture": {
        "64bit": {
            "url": "https://www.nirsoft.net/utils/websitesniffer-x64.zip",
            "hash": "da76a2e30e3f1167c6effc51b76eae7b8795068479c379d00994d2554b6aae86"
        },
        "32bit": {
            "url": "https://www.nirsoft.net/utils/websitesniffer.zip",
            "hash": "f9c841fae243e1584ce9127ebafb7a7c8ce314336759e5ee149b21d18a267f5e"
        }
    },
    "description": "Capture Web site files and save them on your hard drive.",
    "license": "Freeware",
    "notes": "If this application is useful to you, please consider donating to NirSoft - https://www.nirsoft.net/donate.html",
    "checkver": {
        "url": "https://www.nirsoft.net/pad/websitesniffer.xml",
        "xpath": "/XML_DIZ_INFO/Program_Info/Program_Version"
    },
    "autoupdate": {
        "architecture": {
            "64bit": {
                "url": "https://www.nirsoft.net/utils/websitesniffer-x64.zip"
            },
            "32bit": {
                "url": "https://www.nirsoft.net/utils/websitesniffer.zip"
            }
        }
    }
}
