{
    "version": "1.41",
    "homepage": "https://www.nirsoft.net/utils/web_video_capture.html",
    "url": "https://www.nirsoft.net/utils/webvideocap.zip",
    "bin": "WebVideoCap.exe",
    "shortcuts": [
        [
            "WebVideoCap.exe",
            "NirSoft\\WebVideoCap"
        ]
    ],
    "persist": [
        "webvideocap_lng.ini",
        "webvideocap.cfg"
    ],
    "hash": "394bf3835ce0ad7e0e880763ee3ec1332de59ddbe2c9d5317756f742cd2968ed",
    "description": "Capture Flash Video files and RTSP streams while watching them in a Web browser.",
    "license": "Freeware",
    "notes": "If this application is useful to you, please consider donating to NirSoft - https://www.nirsoft.net/donate.html",
    "checkver": {
        "url": "https://www.nirsoft.net/pad/webvideocap.xml",
        "xpath": "/XML_DIZ_INFO/Program_Info/Program_Version"
    },
    "autoupdate": {
        "url": "https://www.nirsoft.net/utils/webvideocap.zip"
    }
}
