{
    "version": "1.27",
    "homepage": "https://www.nirsoft.net/utils/what_is_hang.html",
    "bin": "WhatIsHang.exe",
    "shortcuts": [
        [
            "WhatIsHang.exe",
            "NirSoft\\WhatIsHang"
        ]
    ],
    "persist": [
        "whatishang_lng.ini",
        "whatishang.cfg"
    ],
    "architecture": {
        "64bit": {
            "url": "https://www.nirsoft.net/utils/whatishang-x64.zip",
            "hash": "89465ed9b56222479208c743a255d0eee97f3547ebf740618b44d8305a7e7ab4"
        },
        "32bit": {
            "url": "https://www.nirsoft.net/utils/whatishang.zip",
            "hash": "69e72f8329e80aa7a52fa8aabfd4b1862da3d9bc51e9e2e67109a156761f69e8"
        }
    },
    "description": "Get information about Windows software that hangs.",
    "license": "Freeware",
    "notes": "If this application is useful to you, please consider donating to NirSoft - https://www.nirsoft.net/donate.html",
    "checkver": {
        "url": "https://www.nirsoft.net/pad/whatishang.xml",
        "xpath": "/XML_DIZ_INFO/Program_Info/Program_Version"
    },
    "autoupdate": {
        "architecture": {
            "64bit": {
                "url": "https://www.nirsoft.net/utils/whatishang-x64.zip"
            },
            "32bit": {
                "url": "https://www.nirsoft.net/utils/whatishang.zip"
            }
        }
    }
}
