{
    "version": "1.35",
    "homepage": "https://www.nirsoft.net/utils/what_run_in_startup.html",
    "bin": "WhatInStartup.exe",
    "shortcuts": [
        [
            "WhatInStartup.exe",
            "NirSoft\\WhatInStartup"
        ]
    ],
    "persist": [
        "whatinstartup_lng.ini",
        "whatinstartup.cfg"
    ],
    "architecture": {
        "64bit": {
            "url": "https://www.nirsoft.net/utils/whatinstartup-x64.zip",
            "hash": "9a50776456f79c08d9de06862beb3531d8e4f90062ae54f2b2d700aa4338a330"
        },
        "32bit": {
            "url": "https://www.nirsoft.net/utils/whatinstartup.zip",
            "hash": "71241fb3d34661002d94cd0076216245182799894fbe0d43266a039f70115641"
        }
    },
    "description": "disable/enable/delete programs that are loaded at Windows startup.",
    "license": "Freeware",
    "notes": "If this application is useful to you, please consider donating to NirSoft - https://www.nirsoft.net/donate.html",
    "checkver": {
        "url": "https://www.nirsoft.net/pad/whatinstartup.xml",
        "xpath": "/XML_DIZ_INFO/Program_Info/Program_Version"
    },
    "autoupdate": {
        "architecture": {
            "64bit": {
                "url": "https://www.nirsoft.net/utils/whatinstartup-x64.zip"
            },
            "32bit": {
                "url": "https://www.nirsoft.net/utils/whatinstartup.zip"
            }
        }
    }
}
