{
    "version": "1.28",
    "homepage": "https://www.nirsoft.net/utils/who_is_connected_sniffer.html",
    "bin": "WhoIsConnectedSniffer.exe",
    "shortcuts": [
        [
            "WhoIsConnectedSniffer.exe",
            "NirSoft\\WhoIsConnectedSniffer"
        ]
    ],
    "persist": [
        "whoisconnectedsniffer_lng.ini",
        "whoisconnectedsniffer.cfg"
    ],
    "architecture": {
        "64bit": {
            "url": "https://www.nirsoft.net/utils/whoisconnectedsniffer-x64.zip",
            "hash": "a69332cf6c01cae1379b13537057b99c5f6b3413c4bd427b49ce4fcad6b721e8"
        },
        "32bit": {
            "url": "https://www.nirsoft.net/utils/whoisconnectedsniffer.zip",
            "hash": "fe4cc8f7eb4f4190ec3608a4e5a0bfd289bd1f0d9784cf6803752df9119b7ee0"
        }
    },
    "description": "Shows who connects to your network by listening to network packets.",
    "license": "Freeware",
    "notes": "If this application is useful to you, please consider donating to NirSoft - https://www.nirsoft.net/donate.html",
    "checkver": {
        "url": "https://www.nirsoft.net/pad/whoisconnectedsniffer.xml",
        "xpath": "/XML_DIZ_INFO/Program_Info/Program_Version"
    },
    "autoupdate": {
        "architecture": {
            "64bit": {
                "url": "https://www.nirsoft.net/utils/whoisconnectedsniffer-x64.zip"
            },
            "32bit": {
                "url": "https://www.nirsoft.net/utils/whoisconnectedsniffer.zip"
            }
        }
    }
}
