{
    "version": "1.90",
    "homepage": "https://www.nirsoft.net/utils/whoiscl.html",
    "url": "https://www.nirsoft.net/utils/whoiscl.zip",
    "bin": "WhoisCL.exe",
    "shortcuts": [
        [
            "WhoisCL.exe",
            "NirSoft\\WhoisCL"
        ]
    ],
    "persist": [
        "whoiscl_lng.ini",
        "whoiscl.cfg"
    ],
    "hash": "cb042f522ca674288655739db24b389defac0d2f05bd5d7e915aefd3068e4d85",
    "description": "Get WHOIS information about a registered domain from command-line.",
    "license": "Freeware",
    "notes": "If this application is useful to you, please consider donating to NirSoft - https://www.nirsoft.net/donate.html",
    "checkver": {
        "url": "https://www.nirsoft.net/pad/whoiscl.xml",
        "xpath": "/XML_DIZ_INFO/Program_Info/Program_Version"
    },
    "autoupdate": {
        "url": "https://www.nirsoft.net/utils/whoiscl.zip"
    }
}
