{
    "version": "2.46",
    "homepage": "https://www.nirsoft.net/utils/whois_this_domain.html",
    "url": "https://www.nirsoft.net/utils/whoistd.zip",
    "bin": "whoistd.exe",
    "shortcuts": [
        [
            "whoistd.exe",
            "NirSoft\\WhoisThisDomain"
        ]
    ],
    "persist": [
        "whoistd_lng.ini",
        "whoistd.cfg"
    ],
    "hash": "c24d09c7bfb6ba9008ea38bc09b0e4f30b9c55b27708c54724cf7343b76c46cc",
    "description": "Get information about a registered domain from WHOIS server.",
    "license": "Freeware",
    "notes": "If this application is useful to you, please consider donating to NirSoft - https://www.nirsoft.net/donate.html",
    "checkver": {
        "url": "https://www.nirsoft.net/pad/whoistd.xml",
        "xpath": "/XML_DIZ_INFO/Program_Info/Program_Version"
    },
    "autoupdate": {
        "url": "https://www.nirsoft.net/utils/whoistd.zip"
    }
}
