{
    "version": "1.18",
    "homepage": "https://www.nirsoft.net/utils/whosip.html",
    "url": "https://www.nirsoft.net/utils/whosip.zip",
    "bin": "whosip.exe",
    "shortcuts": [
        [
            "whosip.exe",
            "NirSoft\\WhosIP"
        ]
    ],
    "persist": [
        "whosip_lng.ini",
        "whosip.cfg"
    ],
    "hash": "a84ac36ffd1a6e0d7c28aa00c2d1f27c511443741047dca9977747afba0fe92b",
    "description": "find all available information about an IP address from command-line.",
    "license": "Freeware",
    "notes": "If this application is useful to you, please consider donating to NirSoft - https://www.nirsoft.net/donate.html",
    "checkver": {
        "url": "https://www.nirsoft.net/pad/whosip.xml",
        "xpath": "/XML_DIZ_INFO/Program_Info/Program_Version"
    },
    "autoupdate": {
        "url": "https://www.nirsoft.net/utils/whosip.zip"
    }
}
