{
    "version": "1.70",
    "homepage": "https://www.nirsoft.net/utils/wifi_channel_monitor.html",
    "bin": "WifiChannelMonitor.exe",
    "shortcuts": [
        [
            "WifiChannelMonitor.exe",
            "NirSoft\\WifiChannelMonitor"
        ]
    ],
    "persist": [
        "wifichannelmonitor_lng.ini",
        "wifichannelmonitor.cfg"
    ],
    "architecture": {
        "64bit": {
            "url": "https://www.nirsoft.net/utils/wifichannelmonitor-x64.zip",
            "hash": "76ee98c28823b02c2edb28c8b04b2692b98d5df4c1f460a4cf35a049117ca31f"
        },
        "32bit": {
            "url": "https://www.nirsoft.net/utils/wifichannelmonitor.zip",
            "hash": "7d2447562a4d9872f8bbd9470769532a3449d269db22c67d7102551f11f45844"
        }
    },
    "description": "Captures wifi traffic in monitor mode and displays AP/clients information.",
    "license": "Freeware",
    "notes": "If this application is useful to you, please consider donating to NirSoft - https://www.nirsoft.net/donate.html",
    "checkver": {
        "url": "https://www.nirsoft.net/pad/wifichannelmonitor.xml",
        "xpath": "/XML_DIZ_INFO/Program_Info/Program_Version"
    },
    "autoupdate": {
        "architecture": {
            "64bit": {
                "url": "https://www.nirsoft.net/utils/wifichannelmonitor-x64.zip"
            },
            "32bit": {
                "url": "https://www.nirsoft.net/utils/wifichannelmonitor.zip"
            }
        }
    }
}
