{
    "version": "1.65",
    "homepage": "https://www.nirsoft.net/utils/wifi_history_view.html",
    "url": "https://www.nirsoft.net/utils/wifihistoryview.zip",
    "bin": "WifiHistoryView.exe",
    "shortcuts": [
        [
            "WifiHistoryView.exe",
            "NirSoft\\WifiHistoryView"
        ]
    ],
    "persist": [
        "wifihistoryview_lng.ini",
        "wifihistoryview.cfg"
    ],
    "hash": "5920bdf3dd4a7e6d53265c90b8c343e13592ec7dd23a97d7adecf36e8b1d2163",
    "description": "Displays the history of connections to wireless networks on your computer. ",
    "license": "Freeware",
    "notes": "If this application is useful to you, please consider donating to NirSoft - https://www.nirsoft.net/donate.html",
    "checkver": {
        "url": "https://www.nirsoft.net/pad/wifihistoryview.xml",
        "xpath": "/XML_DIZ_INFO/Program_Info/Program_Version"
    },
    "autoupdate": {
        "url": "https://www.nirsoft.net/utils/wifihistoryview.zip"
    }
}