{
    "version": "2.94",
    "homepage": "https://www.nirsoft.net/utils/wifi_information_view.html",
    "bin": "WifiInfoView.exe",
    "shortcuts": [
        [
            "WifiInfoView.exe",
            "NirSoft\\WifiInfoView"
        ]
    ],
    "persist": [
        "wifiinfoview_lng.ini",
        "wifiinfoview.cfg"
    ],
    "architecture": {
        "64bit": {
            "url": "https://www.nirsoft.net/utils/wifiinfoview-x64.zip",
            "hash": "d6cefc8f9ad4ab675dad7861b35fc66556f627e2f4c229e5fd33f72758f3462e"
        },
        "32bit": {
            "url": "https://www.nirsoft.net/utils/wifiinfoview.zip",
            "hash": "13952b208df1a19f6155e66e915e98a27b52284d1e5208fb46f113f6de4cac9a"
        }
    },
    "description": "Displays extensive information about wireless networks in your area.",
    "license": "Freeware",
    "notes": "If this application is useful to you, please consider donating to NirSoft - https://www.nirsoft.net/donate.html",
    "checkver": {
        "url": "https://www.nirsoft.net/pad/wifiinfoview.xml",
        "xpath": "/XML_DIZ_INFO/Program_Info/Program_Version"
    },
    "autoupdate": {
        "architecture": {
            "64bit": {
                "url": "https://www.nirsoft.net/utils/wifiinfoview-x64.zip"
            },
            "32bit": {
                "url": "https://www.nirsoft.net/utils/wifiinfoview.zip"
            }
        }
    }
}