{
    "version": "1.06",
    "homepage": "https://www.nirsoft.net/utils/wifi_diagnostics_view.html",
    "url": "https://www.nirsoft.net/utils/wifidiagnosticsview.zip",
    "bin": "WifiDiagnosticsView.exe",
    "shortcuts": [
        [
            "WifiDiagnosticsView.exe",
            "NirSoft\\WifiDiagnosticsView"
        ]
    ],
    "persist": [
        "wifidiagnosticsview_lng.ini",
        "wifidiagnosticsview.cfg"
    ],
    "hash": "9fffe80bfceb9515f1460abf32caa80255824fa57f9751cadd4c365d5cdd46b2",
    "description": "Wifi diagnostics tool for Windows",
    "license": "Freeware",
    "notes": "If this application is useful to you, please consider donating to NirSoft - https://www.nirsoft.net/donate.html",
    "checkver": {
        "url": "https://www.nirsoft.net/pad/wifidiagnosticsview.xml",
        "xpath": "/XML_DIZ_INFO/Program_Info/Program_Version"
    },
    "autoupdate": {
        "url": "https://www.nirsoft.net/utils/wifidiagnosticsview.zip"
    }
}