{
    "version": "1.25",
    "homepage": "https://www.nirsoft.net/utils/application_crash_report.html",
    "bin": "WinCrashReport.exe",
    "shortcuts": [
        [
            "WinCrashReport.exe",
            "NirSoft\\WinCrashReport"
        ]
    ],
    "persist": [
        "wincrashreport_lng.ini",
        "wincrashreport.cfg"
    ],
    "architecture": {
        "64bit": {
            "url": "https://www.nirsoft.net/utils/wincrashreport-x64.zip",
            "hash": "54d9495cc620de5eb96166763d7c5ee9d6106a9fd244ab7f5b478135c38c1028"
        },
        "32bit": {
            "url": "https://www.nirsoft.net/utils/wincrashreport.zip",
            "hash": "2d754c8d4041b01809638bf07e366a5fd018fee12d263b1323306f5166476e4e"
        }
    },
    "description": "Displays a report about crashed Windows application.",
    "license": "Freeware",
    "notes": "If this application is useful to you, please consider donating to NirSoft - https://www.nirsoft.net/donate.html",
    "checkver": {
        "url": "https://www.nirsoft.net/pad/wincrashreport.xml",
        "xpath": "/XML_DIZ_INFO/Program_Info/Program_Version"
    },
    "autoupdate": {
        "architecture": {
            "64bit": {
                "url": "https://www.nirsoft.net/utils/wincrashreport-x64.zip"
            },
            "32bit": {
                "url": "https://www.nirsoft.net/utils/wincrashreport.zip"
            }
        }
    }
}
