{
    "version": "1.15",
    "homepage": "https://www.nirsoft.net/utils/windows_defender_threats_view.html",
    "bin": "WinDefThreatsView.exe",
    "shortcuts": [
        [
            "WinDefThreatsView.exe",
            "NirSoft\\WinDefThreatsView"
        ]
    ],
    "persist": [
        "windefthreatsview_lng.ini",
        "windefthreatsview.cfg"
    ],
    "architecture": {
        "64bit": {
            "url": "https://www.nirsoft.net/utils/windefthreatsview-x64.zip",
            "hash": "b6bfa9bec0c6b5bfec8404fbd4dbb95c34ac618fd6a21c5f3292c053673fb1e1"
        },
        "32bit": {
            "url": "https://www.nirsoft.net/utils/windefthreatsview.zip",
            "hash": "a89630496c7bd0cfac1a942b6b01c9d926dbf6af4a3acb58d8e53522cc2a761f"
        }
    },
    "description": "View Windows Defender threats of local and remote computer",
    "license": "Freeware",
    "notes": "If this application is useful to you, please consider donating to NirSoft - https://www.nirsoft.net/donate.html",
    "checkver": {
        "url": "https://www.nirsoft.net/pad/windefthreatsview.xml",
        "xpath": "/XML_DIZ_INFO/Program_Info/Program_Version"
    },
    "autoupdate": {
        "architecture": {
            "64bit": {
                "url": "https://www.nirsoft.net/utils/windefthreatsview-x64.zip"
            },
            "32bit": {
                "url": "https://www.nirsoft.net/utils/windefthreatsview.zip"
            }
        }
    }
}