{
    "version": "1.05",
    "homepage": "https://www.nirsoft.net/utils/windows_defender_log_viewer.html",
    "url": "https://www.nirsoft.net/utils/windeflogview.zip",
    "bin": "WinDefLogView.exe",
    "shortcuts": [
        [
            "WinDefLogView.exe",
            "NirSoft\\WinDefLogView"
        ]
    ],
    "persist": [
        "windeflogview_lng.ini",
        "windeflogview.cfg"
    ],
    "hash": "235c17c453e96182a72ee957b40c567bc7bef2d466b8b7302d38e79cf1f3d219",
    "description": "Windows Defender Log Viewer",
    "license": "Freeware",
    "notes": "If this application is useful to you, please consider donating to NirSoft - https://www.nirsoft.net/donate.html",
    "checkver": {
        "url": "https://www.nirsoft.net/pad/windeflogview.xml",
        "xpath": "/XML_DIZ_INFO/Program_Info/Program_Version"
    },
    "autoupdate": {
        "url": "https://www.nirsoft.net/utils/windeflogview.zip"
    }
}