{
    "version": "1.10",
    "homepage": "https://www.nirsoft.net/utils/windows_fonts_viewer.html",
    "url": "https://www.nirsoft.net/utils/winfontsview.zip",
    "bin": "WinFontsView.exe",
    "shortcuts": [
        [
            "WinFontsView.exe",
            "NirSoft\\WinFontsView"
        ]
    ],
    "persist": [
        "winfontsview_lng.ini",
        "winfontsview.cfg"
    ],
    "hash": "1752867afb28afbeec8a48135db1e1fbbd1e4a638ddea5fa4ad1fd487d108de2",
    "description": "Display sample of all fonts installed on your system.",
    "license": "Freeware",
    "notes": "If this application is useful to you, please consider donating to NirSoft - https://www.nirsoft.net/donate.html",
    "checkver": {
        "url": "https://www.nirsoft.net/pad/winfontsview.xml",
        "xpath": "/XML_DIZ_INFO/Program_Info/Program_Version"
    },
    "autoupdate": {
        "url": "https://www.nirsoft.net/utils/winfontsview.zip"
    }
}
