{
    "version": "1.22",
    "homepage": "https://www.nirsoft.net/utils/winlister.html",
    "bin": "winlister.exe",
    "shortcuts": [
        [
            "winlister.exe",
            "NirSoft\\WinLister"
        ]
    ],
    "persist": [
        "winlister_lng.ini",
        "winlister.cfg"
    ],
    "architecture": {
        "64bit": {
            "url": "https://www.nirsoft.net/utils/winlister-x64.zip",
            "hash": "2a07bb34147dea6ca6fbf2be6004ece72cc9ce308f29f86fa2e2d5842b7e997c"
        },
        "32bit": {
            "url": "https://www.nirsoft.net/utils/winlister.zip",
            "hash": "1285a20c47498f864bc33a7ab3cfd3c97168cbbbe9e14b1474b0bb5f02cd24a2"
        }
    },
    "description": "This utility displays the list of opened windows on your system. ",
    "license": "Freeware",
    "notes": "If this application is useful to you, please consider donating to NirSoft - https://www.nirsoft.net/donate.html",
    "checkver": {
        "url": "https://www.nirsoft.net/pad/winlister.xml",
        "xpath": "/XML_DIZ_INFO/Program_Info/Program_Version"
    },
    "autoupdate": {
        "architecture": {
            "64bit": {
                "url": "https://www.nirsoft.net/utils/winlister-x64.zip"
            },
            "32bit": {
                "url": "https://www.nirsoft.net/utils/winlister.zip"
            }
        }
    }
}
