{
    "version": "1.41",
    "homepage": "https://www.nirsoft.net/utils/windows_log_on_times_view.html",
    "url": "https://www.nirsoft.net/utils/winlogonview.zip",
    "bin": "WinLogOnView.exe",
    "shortcuts": [
        [
            "WinLogOnView.exe",
            "NirSoft\\WinLogOnView"
        ]
    ],
    "persist": [
        "winlogonview_lng.ini",
        "winlogonview.cfg"
    ],
    "hash": "e680236347a5c63b25a0ea6f745e0bcb5529fd9939753c3c099ccb9d5b549c8d",
    "description": "Displays logon/logoff times on Windows Vista/7/8/2008",
    "license": "Freeware",
    "notes": "If this application is useful to you, please consider donating to NirSoft - https://www.nirsoft.net/donate.html",
    "checkver": {
        "url": "https://www.nirsoft.net/pad/winlogonview.xml",
        "xpath": "/XML_DIZ_INFO/Program_Info/Program_Version"
    },
    "autoupdate": {
        "url": "https://www.nirsoft.net/utils/winlogonview.zip"
    }
}
