{
    "version": "1.01",
    "homepage": "https://www.nirsoft.net/utils/windows_mail_password_recovery.html",
    "bin": "WinMailPassRec.exe",
    "shortcuts": [
        [
            "WinMailPassRec.exe",
            "NirSoft\\WinMailPassRec"
        ]
    ],
    "persist": [
        "winmailpassrec_lng.ini",
        "winmailpassrec.cfg"
    ],
    "architecture": {
        "64bit": {
            "url": "https://www.nirsoft.net/utils/winmailpassrec-x64.zip",
            "hash": "7ac8f27af8da718b6ac0955a1cf28e322b7645248d7a92110b5066191fa03fb9"
        },
        "32bit": {
            "url": "https://www.nirsoft.net/utils/winmailpassrec.zip",
            "hash": "3760ff6894864ba73eb61ff2fbe35d2ed0a80c683e684954900d00f34d3b62d9"
        }
    },
    "description": "Password Recovery For Windows Mail App of Windows 10 and Windows 11",
    "license": "Freeware",
    "notes": "If this application is useful to you, please consider donating to NirSoft - https://www.nirsoft.net/donate.html",
    "checkver": {
        "url": "https://www.nirsoft.net/pad/winmailpassrec.xml",
        "xpath": "/XML_DIZ_INFO/Program_Info/Program_Version"
    },
    "autoupdate": {
        "architecture": {
            "64bit": {
                "url": "https://www.nirsoft.net/utils/winmailpassrec-x64.zip"
            },
            "32bit": {
                "url": "https://www.nirsoft.net/utils/winmailpassrec.zip"
            }
        }
    }
}