{
    "version": "1.37",
    "homepage": "https://www.nirsoft.net/utils/win_prefetch_view.html",
    "bin": "WinPrefetchView.exe",
    "shortcuts": [
        [
            "WinPrefetchView.exe",
            "NirSoft\\WinPrefetchView"
        ]
    ],
    "persist": [
        "winprefetchview_lng.ini",
        "winprefetchview.cfg"
    ],
    "architecture": {
        "64bit": {
            "url": "https://www.nirsoft.net/utils/winprefetchview-x64.zip",
            "hash": "a266a6750ab1b3078168b9b306befa9ad5a3069340e87fe0de609f417f0f1f18"
        },
        "32bit": {
            "url": "https://www.nirsoft.net/utils/winprefetchview.zip",
            "hash": "7c7c7cfbf74026e8679d5c866717d7bfd2df9f875ed17c210068df1aa7380bc6"
        }
    },
    "description": "View the Prefetch files (.pf) stored in your system.",
    "license": "Freeware",
    "notes": "If this application is useful to you, please consider donating to NirSoft - https://www.nirsoft.net/donate.html",
    "checkver": {
        "url": "https://www.nirsoft.net/pad/winprefetchview.xml",
        "xpath": "/XML_DIZ_INFO/Program_Info/Program_Version"
    },
    "autoupdate": {
        "architecture": {
            "64bit": {
                "url": "https://www.nirsoft.net/utils/winprefetchview-x64.zip"
            },
            "32bit": {
                "url": "https://www.nirsoft.net/utils/winprefetchview.zip"
            }
        }
    }
}
