{
    "version": "1.00",
    "homepage": "https://www.nirsoft.net/utils/winsock_service_providers.html",
    "url": "https://www.nirsoft.net/utils/winsockservicesview.zip",
    "bin": "WinsockServicesView.exe",
    "shortcuts": [
        [
            "WinsockServicesView.exe",
            "NirSoft\\WinsockServicesView"
        ]
    ],
    "persist": [
        "winsockservicesview_lng.ini",
        "winsockservicesview.cfg"
    ],
    "hash": "135131357d35cd429bc9a06408b810082e1db3ec910f3314e3c5377142d219b9",
    "description": "View/Disable/Enable Winsock service providers installed on your system.",
    "license": "Freeware",
    "notes": "If this application is useful to you, please consider donating to NirSoft - https://www.nirsoft.net/donate.html",
    "checkver": {
        "url": "https://www.nirsoft.net/pad/winsockservicesview.xml",
        "xpath": "/XML_DIZ_INFO/Program_Info/Program_Version"
    },
    "autoupdate": {
        "url": "https://www.nirsoft.net/utils/winsockservicesview.zip"
    }
}
