{
    "version": "1.18",
    "homepage": "https://www.nirsoft.net/utils/windows_updates_history_viewer.html",
    "bin": "WinUpdatesView.exe",
    "shortcuts": [
        [
            "WinUpdatesView.exe",
            "NirSoft\\Windows Updates History Viewer"
        ]
    ],
    "persist": [
        "winupdatesview_lng.ini",
        "winupdatesview.cfg"
    ],
    "architecture": {
        "64bit": {
            "url": "https://www.nirsoft.net/utils/winupdatesview-x64.zip",
            "hash": "f84be907709781100848e13fb781526b99c2a7b345866df8ed355bca45ff50df"
        },
        "32bit": {
            "url": "https://www.nirsoft.net/utils/winupdatesview.zip",
            "hash": "6aed91d1818adf89d6e884905c8289b388974b7b544fb610a6102b954a174ff8"
        }
    },
    "description": "Displays the history of Windows updates for your system.",
    "license": "Freeware",
    "notes": "If this application is useful to you, please consider donating to NirSoft - https://www.nirsoft.net/donate.html",
    "checkver": {
        "url": "https://www.nirsoft.net/pad/winupdatesview.xml",
        "xpath": "/XML_DIZ_INFO/Program_Info/Program_Version"
    },
    "autoupdate": {
        "architecture": {
            "64bit": {
                "url": "https://www.nirsoft.net/utils/winupdatesview-x64.zip"
            },
            "32bit": {
                "url": "https://www.nirsoft.net/utils/winupdatesview.zip"
            }
        }
    }
}