{
    "version": "1.00",
    "homepage": "https://www.nirsoft.net/utils/wireless_key_dump.html",
    "bin": "WirelessKeyDump.exe",
    "shortcuts": [
        [
            "WirelessKeyDump.exe",
            "NirSoft\\WirelessKeyDump"
        ]
    ],
    "persist": [
        "wirelesskeydump_lng.ini",
        "wirelesskeydump.cfg"
    ],
    "architecture": {
        "64bit": {
            "url": "https://www.nirsoft.net/utils/wirelesskeydump-x64.zip",
            "hash": "886e8883927701dbd8b043092011608a0ec7f8e0055d1378ef1174548ef2050c"
        },
        "32bit": {
            "url": "https://www.nirsoft.net/utils/wirelesskeydump.zip",
            "hash": "eec872091355150ccefc778560a84c6a3f9320201997aa5ac769d4677a8e17c1"
        }
    },
    "description": "dumps the list of all wireless keys stored by Windows",
    "license": "Freeware",
    "notes": "If this application is useful to you, please consider donating to NirSoft - https://www.nirsoft.net/donate.html",
    "checkver": {
        "url": "https://www.nirsoft.net/pad/wirelesskeydump.xml",
        "xpath": "/XML_DIZ_INFO/Program_Info/Program_Version"
    },
    "autoupdate": {
        "architecture": {
            "64bit": {
                "url": "https://www.nirsoft.net/utils/wirelesskeydump-x64.zip"
            },
            "32bit": {
                "url": "https://www.nirsoft.net/utils/wirelesskeydump.zip"
            }
        }
    }
}
