{
    "version": "1.20",
    "homepage": "https://www.nirsoft.net/utils/wireless_connection_information.html",
    "url": "https://www.nirsoft.net/utils/wirelessconnectioninfo.zip",
    "bin": "WirelessConnectionInfo.exe",
    "shortcuts": [
        [
            "WirelessConnectionInfo.exe",
            "NirSoft\\WirelessConnectionInfo"
        ]
    ],
    "persist": [
        "wirelessconnectioninfo_lng.ini",
        "wirelessconnectioninfo.cfg"
    ],
    "hash": "126aba538a639046e949ad2a4c7228c7365aa17c90a7f71d1ae2f8a9cfbfec92",
    "description": "Displays general information and statistics about the active wifi connection.",
    "license": "Freeware",
    "notes": "If this application is useful to you, please consider donating to NirSoft - https://www.nirsoft.net/donate.html",
    "checkver": {
        "url": "https://www.nirsoft.net/pad/wirelessconnectioninfo.xml",
        "xpath": "/XML_DIZ_INFO/Program_Info/Program_Version"
    },
    "autoupdate": {
        "url": "https://www.nirsoft.net/utils/wirelessconnectioninfo.zip"
    }
}