{
    "version": "1.75",
    "homepage": "https://www.nirsoft.net/utils/wireless_network_view.html",
    "url": "https://www.nirsoft.net/utils/wirelessnetview.zip",
    "bin": "WirelessNetView.exe",
    "shortcuts": [
        [
            "WirelessNetView.exe",
            "NirSoft\\WirelessNetView"
        ]
    ],
    "persist": [
        "wirelessnetview_lng.ini",
        "wirelessnetview.cfg"
    ],
    "hash": "d33aca4977de8dfaaa859813d21fe7d20709f80ace32302891b604fdc0c6ff78",
    "description": "Monitor the activity of wireless networks around you.",
    "license": "Freeware",
    "notes": "If this application is useful to you, please consider donating to NirSoft - https://www.nirsoft.net/donate.html",
    "checkver": {
        "url": "https://www.nirsoft.net/pad/wirelessnetview.xml",
        "xpath": "/XML_DIZ_INFO/Program_Info/Program_Version"
    },
    "autoupdate": {
        "url": "https://www.nirsoft.net/utils/wirelessnetview.zip"
    }
}
