{
    "version": "2.22",
    "homepage": "https://www.nirsoft.net/utils/wireless_key.html",
    "bin": "WirelessKeyView.exe",
    "shortcuts": [
        [
            "WirelessKeyView.exe",
            "NirSoft\\WirelessKeyView"
        ]
    ],
    "persist": [
        "wirelesskeyview_lng.ini",
        "wirelesskeyview.cfg"
    ],
    "architecture": {
        "64bit": {
            "url": "https://www.nirsoft.net/toolsdownload/wirelesskeyview-x64.zip",
            "hash": "75039e9d4c1ae6a8e0377d99ede10fc5d9a78d4b1b6328a2ec6c6b34a198f8b4"
        },
        "32bit": {
            "url": "https://www.nirsoft.net/toolsdownload/wirelesskeyview.zip",
            "hash": "07fdb90d607d64db82f1da44b768f3f8ac9cf4b615935c9e3bfb7fd630451079"
        }
    },
    "description": "recovers lost wireless network keys (WEP/WPA) stored in your computer.",
    "license": "Freeware",
    "notes": "If this application is useful to you, please consider donating to NirSoft - https://www.nirsoft.net/donate.html",
    "checkver": {
        "url": "https://www.nirsoft.net/pad/wirelesskeyview.xml",
        "xpath": "/XML_DIZ_INFO/Program_Info/Program_Version"
    },
    "autoupdate": {
        "architecture": {
            "64bit": {
                "url": "https://www.nirsoft.net/toolsdownload/wirelesskeyview-x64.zip"
            },
            "32bit": {
                "url": "https://www.nirsoft.net/toolsdownload/wirelesskeyview.zip"
            }
        }
    }
}
