{
    "version": "2.41",
    "homepage": "https://www.nirsoft.net/utils/wireless_network_watcher.html",
    "url": "https://www.nirsoft.net/utils/wnetwatcher.zip",
    "bin": "WNetWatcher.exe",
    "shortcuts": [
        [
            "WNetWatcher.exe",
            "NirSoft\\Wireless Network Watcher"
        ]
    ],
    "persist": [
        "wnetwatcher_lng.ini",
        "wnetwatcher.cfg"
    ],
    "hash": "2165a3acdd2c3625eade071ec0b3c5a77772cffbb6e0d23bc563db06f70efb8a",
    "description": "Shows who is connected to your wireless network.",
    "license": "Freeware",
    "notes": "If this application is useful to you, please consider donating to NirSoft - https://www.nirsoft.net/donate.html",
    "checkver": {
        "url": "https://www.nirsoft.net/pad/wnetwatcher.xml",
        "xpath": "/XML_DIZ_INFO/Program_Info/Program_Version"
    },
    "autoupdate": {
        "url": "https://www.nirsoft.net/utils/wnetwatcher.zip"
    }
}