{
    "version": "1.33",
    "homepage": "https://www.nirsoft.net/utils/wul.html",
    "url": "https://www.nirsoft.net/utils/wul.zip",
    "bin": "wul.exe",
    "shortcuts": [
        [
            "wul.exe",
            "NirSoft\\WinUpdatesList"
        ]
    ],
    "persist": [
        "wul_lng.ini",
        "wul.cfg"
    ],
    "hash": "944bfcc87558b7315966542c0b3c82110a4754e222e759f091d0b27eb76fc0a7",
    "description": "Displays the list of all Windows updates (Service Packs and Hotfixes).",
    "license": "Freeware",
    "notes": "If this application is useful to you, please consider donating to NirSoft - https://www.nirsoft.net/donate.html",
    "checkver": {
        "url": "https://www.nirsoft.net/pad/wul.xml",
        "xpath": "/XML_DIZ_INFO/Program_Info/Program_Version"
    },
    "autoupdate": {
        "url": "https://www.nirsoft.net/utils/wul.zip"
    }
}
