{
    "version": "1.21",
    "homepage": "https://www.nirsoft.net/utils/zipinst.html",
    "url": "https://www.nirsoft.net/utils/zipinst.zip",
    "bin": "zipinst.exe",
    "shortcuts": [
        [
            "zipinst.exe",
            "NirSoft\\ZipInstaller"
        ]
    ],
    "persist": [
        "zipinst_lng.ini",
        "zipinst.cfg"
    ],
    "hash": "5f086a0dc689217026f06111327ae5a7d9baaa250322b84ff9dda2c74f3de788",
    "description": "Install applications that do not provide an installation module.",
    "license": "Freeware",
    "notes": "If this application is useful to you, please consider donating to NirSoft - https://www.nirsoft.net/donate.html",
    "checkver": {
        "url": "https://www.nirsoft.net/pad/zipinst.xml",
        "xpath": "/XML_DIZ_INFO/Program_Info/Program_Version"
    },
    "autoupdate": {
        "url": "https://www.nirsoft.net/utils/zipinst.zip"
    }
}
