{
  "main": {
    "hi": {
      "identity": {
        "version": {
          "_cldrVersion": "39"
        },
        "language": "hi"
      },
      "dates": {
        "calendars": {
          "buddhist": {
            "months": {
              "format": {
                "abbreviated": {
                  "1": "जन॰",
                  "2": "फ़र॰",
                  "3": "मार्च",
                  "4": "अप्रैल",
                  "5": "मई",
                  "6": "जून",
                  "7": "जुल॰",
                  "8": "अग॰",
                  "9": "सित॰",
                  "10": "अक्तू॰",
                  "11": "नव॰",
                  "12": "दिस॰"
                },
                "narrow": {
                  "1": "ज",
                  "2": "फ़",
                  "3": "मा",
                  "4": "अ",
                  "5": "म",
                  "6": "जू",
                  "7": "जु",
                  "8": "अ",
                  "9": "सि",
                  "10": "अ",
                  "11": "न",
                  "12": "दि"
                },
                "wide": {
                  "1": "जनवरी",
                  "2": "फ़रवरी",
                  "3": "मार्च",
                  "4": "अप्रैल",
                  "5": "मई",
                  "6": "जून",
                  "7": "जुलाई",
                  "8": "अगस्त",
                  "9": "सितंबर",
                  "10": "अक्तूबर",
                  "11": "नवंबर",
                  "12": "दिसंबर"
                }
              },
              "stand-alone": {
                "abbreviated": {
                  "1": "जन॰",
                  "2": "फ़र॰",
                  "3": "मार्च",
                  "4": "अप्रैल",
                  "5": "मई",
                  "6": "जून",
                  "7": "जुल॰",
                  "8": "अग॰",
                  "9": "सित॰",
                  "10": "अक्तू॰",
                  "11": "नव॰",
                  "12": "दिस॰"
                },
                "narrow": {
                  "1": "ज",
                  "2": "फ़",
                  "3": "मा",
                  "4": "अ",
                  "5": "म",
                  "6": "जू",
                  "7": "जु",
                  "8": "अ",
                  "9": "सि",
                  "10": "अ",
                  "11": "न",
                  "12": "दि"
                },
                "wide": {
                  "1": "जनवरी",
                  "2": "फ़रवरी",
                  "3": "मार्च",
                  "4": "अप्रैल",
                  "5": "मई",
                  "6": "जून",
                  "7": "जुलाई",
                  "8": "अगस्त",
                  "9": "सितंबर",
                  "10": "अक्तूबर",
                  "11": "नवंबर",
                  "12": "दिसंबर"
                }
              }
            },
            "days": {
              "format": {
                "abbreviated": {
                  "sun": "रवि",
                  "mon": "सोम",
                  "tue": "मंगल",
                  "wed": "बुध",
                  "thu": "गुरु",
                  "fri": "शुक्र",
                  "sat": "शनि"
                },
                "narrow": {
                  "sun": "र",
                  "mon": "सो",
                  "tue": "मं",
                  "wed": "बु",
                  "thu": "गु",
                  "fri": "शु",
                  "sat": "श"
                },
                "short": {
                  "sun": "र",
                  "mon": "सो",
                  "tue": "मं",
                  "wed": "बु",
                  "thu": "गु",
                  "fri": "शु",
                  "sat": "श"
                },
                "wide": {
                  "sun": "रविवार",
                  "mon": "सोमवार",
                  "tue": "मंगलवार",
                  "wed": "बुधवार",
                  "thu": "गुरुवार",
                  "fri": "शुक्रवार",
                  "sat": "शनिवार"
                }
              },
              "stand-alone": {
                "abbreviated": {
                  "sun": "रवि",
                  "mon": "सोम",
                  "tue": "मंगल",
                  "wed": "बुध",
                  "thu": "गुरु",
                  "fri": "शुक्र",
                  "sat": "शनि"
                },
                "narrow": {
                  "sun": "र",
                  "mon": "सो",
                  "tue": "मं",
                  "wed": "बु",
                  "thu": "गु",
                  "fri": "शु",
                  "sat": "श"
                },
                "short": {
                  "sun": "र",
                  "mon": "सो",
                  "tue": "मं",
                  "wed": "बु",
                  "thu": "गु",
                  "fri": "शु",
                  "sat": "श"
                },
                "wide": {
                  "sun": "रविवार",
                  "mon": "सोमवार",
                  "tue": "मंगलवार",
                  "wed": "बुधवार",
                  "thu": "गुरुवार",
                  "fri": "शुक्रवार",
                  "sat": "शनिवार"
                }
              }
            },
            "quarters": {
              "format": {
                "abbreviated": {
                  "1": "ति1",
                  "2": "ति2",
                  "3": "ति3",
                  "4": "ति4"
                },
                "narrow": {
                  "1": "1",
                  "2": "2",
                  "3": "3",
                  "4": "4"
                },
                "wide": {
                  "1": "पहली तिमाही",
                  "2": "दूसरी तिमाही",
                  "3": "तीसरी तिमाही",
                  "4": "चौथी तिमाही"
                }
              },
              "stand-alone": {
                "abbreviated": {
                  "1": "ति1",
                  "2": "ति2",
                  "3": "ति3",
                  "4": "ति4"
                },
                "narrow": {
                  "1": "1",
                  "2": "2",
                  "3": "3",
                  "4": "4"
                },
                "wide": {
                  "1": "पहली तिमाही",
                  "2": "दूसरी तिमाही",
                  "3": "तीसरी तिमाही",
                  "4": "चौथी तिमाही"
                }
              }
            },
            "dayPeriods": {
              "format": {
                "abbreviated": {
                  "midnight": "मध्यरात्रि",
                  "am": "am",
                  "pm": "pm",
                  "morning1": "सुबह",
                  "afternoon1": "दोपहर",
                  "evening1": "शाम",
                  "night1": "रात"
                },
                "narrow": {
                  "midnight": "मध्यरात्रि",
                  "am": "am",
                  "pm": "pm",
                  "morning1": "सुबह",
                  "afternoon1": "दोपहर",
                  "evening1": "शाम",
                  "night1": "रात"
                },
                "wide": {
                  "midnight": "मध्यरात्रि",
                  "am": "am",
                  "pm": "pm",
                  "morning1": "सुबह",
                  "afternoon1": "दोपहर",
                  "evening1": "शाम",
                  "night1": "रात"
                }
              },
              "stand-alone": {
                "abbreviated": {
                  "midnight": "मध्यरात्रि",
                  "am": "am",
                  "pm": "pm",
                  "morning1": "सुबह",
                  "afternoon1": "दोपहर",
                  "evening1": "शाम",
                  "night1": "रात"
                },
                "narrow": {
                  "midnight": "आधी रात",
                  "am": "am",
                  "pm": "pm",
                  "morning1": "सुबह",
                  "afternoon1": "दोपहर",
                  "evening1": "शाम",
                  "night1": "रात"
                },
                "wide": {
                  "midnight": "मध्यरात्रि",
                  "am": "am",
                  "pm": "pm",
                  "morning1": "सुबह",
                  "afternoon1": "दोपहर",
                  "evening1": "शाम",
                  "night1": "रात"
                }
              }
            },
            "eras": {
              "eraNames": {
                "0": "बौद्ध संवत"
              },
              "eraAbbr": {
                "0": "बौद्ध संवत"
              },
              "eraNarrow": {
                "0": "बौद्ध संवत"
              }
            },
            "dateFormats": {
              "full": "G EEEE, d MMMM y",
              "long": "G d MMMM y",
              "medium": "G d MMM y",
              "short": "G d/M/y"
            },
            "timeFormats": {
              "full": "h:mm:ss a zzzz",
              "long": "h:mm:ss a z",
              "medium": "h:mm:ss a",
              "short": "h:mm a"
            },
            "dateTimeFormats": {
              "full": "{1} को {0}",
              "long": "{1} को {0}",
              "medium": "{1}, {0}",
              "short": "{1}, {0}",
              "availableFormats": {
                "Bh": "B h",
                "Bhm": "B h:mm",
                "Bhms": "B h:mm:ss",
                "d": "d",
                "E": "ccc",
                "EBhm": "E B h:mm",
                "EBhms": "E B h:mm:ss",
                "Ed": "d E",
                "Ehm": "E h:mm a",
                "EHm": "E HH:mm",
                "Ehms": "E h:mm:ss a",
                "EHms": "E HH:mm:ss",
                "Gy": "y G",
                "GyMMM": "MMM y G",
                "GyMMMd": "d MMM y G",
                "GyMMMEd": "E, d MMM y G",
                "h": "h a",
                "H": "HH",
                "hm": "h:mm a",
                "Hm": "HH:mm",
                "hms": "h:mm:ss a",
                "Hms": "HH:mm:ss",
                "M": "M",
                "Md": "d/M",
                "MEd": "E, d/M",
                "MMdd": "dd-MM",
                "MMM": "MMM",
                "MMMd": "d MMM",
                "MMMEd": "E, d MMM",
                "MMMMd": "d MMMM",
                "ms": "mm:ss",
                "y": "y G",
                "yyyy": "y G",
                "yyyyM": "M/y GGGGG",
                "yyyyMd": "d/M`/y GGGGG",
                "yyyyMEd": "E, d/M/y GGGGG",
                "yyyyMMdd": "dd-MM-y G",
                "yyyyMMM": "G MMM y",
                "yyyyMMMd": "G d MMM y",
                "yyyyMMMEd": "E, d MMM y G",
                "yyyyMMMM": "MMMM y G",
                "yyyyQQQ": "QQQ G y",
                "yyyyQQQQ": "QQQQ G y"
              },
              "appendItems": {
                "Day": "{0} ({2}: {1})",
                "Day-Of-Week": "{0} {1}",
                "Era": "{1} {0}",
                "Hour": "{0} ({2}: {1})",
                "Minute": "{0} ({2}: {1})",
                "Month": "{0} ({2}: {1})",
                "Quarter": "{0} ({2}: {1})",
                "Second": "{0} ({2}: {1})",
                "Timezone": "{0} {1}",
                "Week": "{0} ({2}: {1})",
                "Year": "{1} {0}"
              },
              "intervalFormats": {
                "intervalFormatFallback": "{0} – {1}",
                "Bh": {
                  "B": "B h – B h",
                  "h": "B h–h"
                },
                "Bhm": {
                  "B": "B h:mm – B h:mm",
                  "h": "B h:mm–h:mm",
                  "m": "B h:mm–h:mm"
                },
                "d": {
                  "d": "d–d"
                },
                "Gy": {
                  "G": "G y – G y",
                  "y": "y – y G"
                },
                "GyM": {
                  "G": "M/y GGGGG – M/y GGGGG",
                  "M": "M/y – M/y GGGGG",
                  "y": "M/y – M/y GGGGG"
                },
                "GyMd": {
                  "d": "d/M/y – d/M/y GGGGG",
                  "G": "d/M/y GGGGG – d/M/y GGGGG",
                  "M": "d/M/y – d/M/y GGGGG",
                  "y": "d/M/y – d/M/y GGGGG"
                },
                "GyMEd": {
                  "d": "E, d/M/y – E, d/M/y GGGGG",
                  "G": "E, d/M/y GGGGG – E, d/M/y GGGGG",
                  "M": "E, d/M/y – E, d/M/y GGGGG",
                  "y": "E, d/M/y – E, d/M/y GGGGG"
                },
                "GyMMM": {
                  "G": "MMM y G – MMM y G",
                  "M": "MMM – MMM y G",
                  "y": "MMM y – MMM y G"
                },
                "GyMMMd": {
                  "d": "d – d MMM y G",
                  "G": "d MMM y G – d MMM y G",
                  "M": "d MMM – d MMM y G",
                  "y": "d MMM y – d MMM y G"
                },
                "GyMMMEd": {
                  "d": "E, d MMM – E, d MMM y G",
                  "G": "E, d MMM y G – E, d MMM y G",
                  "M": "E, d MMM – E, d MMM y G",
                  "y": "E, d MMM y – E, d MMM y G"
                },
                "h": {
                  "a": "h a – h a",
                  "h": "h–h a"
                },
                "H": {
                  "H": "HH–HH"
                },
                "hm": {
                  "a": "h:mm a – h:mm a",
                  "h": "h:mm–h:mm a",
                  "m": "h:mm–h:mm a"
                },
                "Hm": {
                  "H": "HH:mm–HH:mm",
                  "m": "HH:mm–HH:mm"
                },
                "hmv": {
                  "a": "h:mm a – h:mm a v",
                  "h": "h:mm–h:mm a v",
                  "m": "h:mm–h:mm a v"
                },
                "Hmv": {
                  "H": "HH:mm–HH:mm v",
                  "m": "HH:mm–HH:mm v"
                },
                "hv": {
                  "a": "h a – h a v",
                  "h": "h–h a v"
                },
                "Hv": {
                  "H": "HH–HH v"
                },
                "M": {
                  "M": "M–M"
                },
                "Md": {
                  "d": "d/M – d/M",
                  "M": "d/M – d/M"
                },
                "MEd": {
                  "d": "E, d/M – E, d/M",
                  "M": "E, d/M – E, d/M"
                },
                "MMM": {
                  "M": "MMM–MMM"
                },
                "MMMd": {
                  "d": "d–d MMM",
                  "M": "d MMM – d MMM"
                },
                "MMMEd": {
                  "d": "E, d MMM – E, d MMM",
                  "M": "E, d MMM – E, d MMM"
                },
                "y": {
                  "y": "y–y G"
                },
                "yM": {
                  "M": "M/y – M/y G",
                  "y": "M/y – M/y G"
                },
                "yMd": {
                  "d": "d/M/y – d/M/y G",
                  "M": "d/M/y – d/M/y G",
                  "y": "d/M/y – d/M/y G"
                },
                "yMEd": {
                  "d": "E, d/M/y – E, d/M/y G",
                  "M": "E, d/M/y – E, d/M/y G",
                  "y": "E, d/M/y – E, d/M/y G"
                },
                "yMMM": {
                  "M": "MMM–MMM y G",
                  "y": "MMM y – MMM y G"
                },
                "yMMMd": {
                  "d": "d – d MMM y G",
                  "M": "d MMM – d MMM y G",
                  "y": "d MMM y – d MMM y G"
                },
                "yMMMEd": {
                  "d": "E, d MMM – E, d MMM y G",
                  "M": "E, d MMM – E, d MMM y G",
                  "y": "E, d MMM y – E, d MMM y G"
                },
                "yMMMM": {
                  "M": "MMMM–MMMM y G",
                  "y": "MMMM y – MMMM y G"
                }
              }
            }
          }
        }
      }
    }
  }
}
