{
  "main": {
    "zu": {
      "identity": {
        "version": {
          "_cldrVersion": "39"
        },
        "language": "zu"
      },
      "dates": {
        "calendars": {
          "buddhist": {
            "months": {
              "format": {
                "abbreviated": {
                  "1": "Jan",
                  "2": "Feb",
                  "3": "Mas",
                  "4": "Eph",
                  "5": "Mey",
                  "6": "Jun",
                  "7": "Jul",
                  "8": "Aga",
                  "9": "Sep",
                  "10": "Okt",
                  "11": "Nov",
                  "12": "Dis"
                },
                "narrow": {
                  "1": "J",
                  "2": "F",
                  "3": "M",
                  "4": "E",
                  "5": "M",
                  "6": "J",
                  "7": "J",
                  "8": "A",
                  "9": "S",
                  "10": "O",
                  "11": "N",
                  "12": "D"
                },
                "wide": {
                  "1": "Januwari",
                  "2": "Februwari",
                  "3": "Mashi",
                  "4": "Ephreli",
                  "5": "Meyi",
                  "6": "Juni",
                  "7": "Julayi",
                  "8": "Agasti",
                  "9": "Septhemba",
                  "10": "Okthoba",
                  "11": "Novemba",
                  "12": "Disemba"
                }
              },
              "stand-alone": {
                "abbreviated": {
                  "1": "Jan",
                  "2": "Feb",
                  "3": "Mas",
                  "4": "Eph",
                  "5": "Mey",
                  "6": "Jun",
                  "7": "Jul",
                  "8": "Aga",
                  "9": "Sep",
                  "10": "Okt",
                  "11": "Nov",
                  "12": "Dis"
                },
                "narrow": {
                  "1": "J",
                  "2": "F",
                  "3": "M",
                  "4": "A",
                  "5": "M",
                  "6": "J",
                  "7": "J",
                  "8": "A",
                  "9": "S",
                  "10": "O",
                  "11": "N",
                  "12": "D"
                },
                "wide": {
                  "1": "Januwari",
                  "2": "Februwari",
                  "3": "Mashi",
                  "4": "Ephreli",
                  "5": "Meyi",
                  "6": "Juni",
                  "7": "Julayi",
                  "8": "Agasti",
                  "9": "Septhemba",
                  "10": "Okthoba",
                  "11": "Novemba",
                  "12": "Disemba"
                }
              }
            },
            "days": {
              "format": {
                "abbreviated": {
                  "sun": "Son",
                  "mon": "Mso",
                  "tue": "Bil",
                  "wed": "Tha",
                  "thu": "Sin",
                  "fri": "Hla",
                  "sat": "Mgq"
                },
                "narrow": {
                  "sun": "S",
                  "mon": "M",
                  "tue": "B",
                  "wed": "T",
                  "thu": "S",
                  "fri": "H",
                  "sat": "M"
                },
                "short": {
                  "sun": "Son",
                  "mon": "Mso",
                  "tue": "Bil",
                  "wed": "Tha",
                  "thu": "Sin",
                  "fri": "Hla",
                  "sat": "Mgq"
                },
                "wide": {
                  "sun": "ISonto",
                  "mon": "UMsombuluko",
                  "tue": "ULwesibili",
                  "wed": "ULwesithathu",
                  "thu": "ULwesine",
                  "fri": "ULwesihlanu",
                  "sat": "UMgqibelo"
                }
              },
              "stand-alone": {
                "abbreviated": {
                  "sun": "Son",
                  "mon": "Mso",
                  "tue": "Bil",
                  "wed": "Tha",
                  "thu": "Sin",
                  "fri": "Hla",
                  "sat": "Mgq"
                },
                "narrow": {
                  "sun": "S",
                  "mon": "M",
                  "tue": "B",
                  "wed": "T",
                  "thu": "S",
                  "fri": "H",
                  "sat": "M"
                },
                "short": {
                  "sun": "Son",
                  "mon": "Mso",
                  "tue": "Bil",
                  "wed": "Tha",
                  "thu": "Sin",
                  "fri": "Hla",
                  "sat": "Mgq"
                },
                "wide": {
                  "sun": "ISonto",
                  "mon": "UMsombuluko",
                  "tue": "ULwesibili",
                  "wed": "ULwesithathu",
                  "thu": "ULwesine",
                  "fri": "ULwesihlanu",
                  "sat": "UMgqibelo"
                }
              }
            },
            "quarters": {
              "format": {
                "abbreviated": {
                  "1": "Q1",
                  "2": "Q2",
                  "3": "Q3",
                  "4": "Q4"
                },
                "narrow": {
                  "1": "1",
                  "2": "2",
                  "3": "3",
                  "4": "4"
                },
                "wide": {
                  "1": "ikota yesi-1",
                  "2": "ikota yesi-2",
                  "3": "ikota yesi-3",
                  "4": "ikota yesi-4"
                }
              },
              "stand-alone": {
                "abbreviated": {
                  "1": "Q1",
                  "2": "Q2",
                  "3": "Q3",
                  "4": "Q4"
                },
                "narrow": {
                  "1": "1",
                  "2": "2",
                  "3": "3",
                  "4": "4"
                },
                "wide": {
                  "1": "ikota yesi-1",
                  "2": "ikota yesi-2",
                  "3": "ikota yesi-3",
                  "4": "ikota yesi-4"
                }
              }
            },
            "dayPeriods": {
              "format": {
                "abbreviated": {
                  "am": "AM",
                  "pm": "PM",
                  "morning1": "entathakusa",
                  "morning2": "ekuseni",
                  "afternoon1": "emini",
                  "evening1": "ntambama",
                  "night1": "ebusuku"
                },
                "narrow": {
                  "am": "a",
                  "pm": "p",
                  "morning1": "entathakusa",
                  "morning2": "ekuseni",
                  "afternoon1": "emini",
                  "evening1": "ntambama",
                  "night1": "ebusuku"
                },
                "wide": {
                  "am": "AM",
                  "pm": "PM",
                  "morning1": "entathakusa",
                  "morning2": "ekuseni",
                  "afternoon1": "emini",
                  "evening1": "ntambama",
                  "night1": "ebusuku"
                }
              },
              "stand-alone": {
                "abbreviated": {
                  "am": "AM",
                  "pm": "PM",
                  "morning1": "entathakusa",
                  "morning2": "ekuseni",
                  "afternoon1": "emini",
                  "evening1": "ntambama",
                  "night1": "ebusuku"
                },
                "narrow": {
                  "am": "AM",
                  "pm": "PM",
                  "morning1": "entathakusa",
                  "morning2": "ekuseni",
                  "afternoon1": "emini",
                  "evening1": "ntambama",
                  "night1": "ebusuku"
                },
                "wide": {
                  "am": "AM",
                  "pm": "PM",
                  "morning1": "entathakusa",
                  "morning2": "ekuseni",
                  "afternoon1": "emini",
                  "evening1": "ntambama",
                  "night1": "ebusuku"
                }
              }
            },
            "eras": {
              "eraNames": {
                "0": "BE"
              },
              "eraAbbr": {
                "0": "BE"
              },
              "eraNarrow": {
                "0": "BE"
              }
            },
            "dateFormats": {
              "full": "EEEE dd MMMM y G",
              "long": "d MMMM y G",
              "medium": "d MMM y G",
              "short": "GGGGG y-MM-dd"
            },
            "timeFormats": {
              "full": "HH:mm:ss zzzz",
              "long": "HH:mm:ss z",
              "medium": "HH:mm:ss",
              "short": "HH:mm"
            },
            "dateTimeFormats": {
              "full": "{1} {0}",
              "long": "{1} {0}",
              "medium": "{1} {0}",
              "short": "{1} {0}",
              "availableFormats": {
                "Bh": "h B",
                "Bhm": "h:mm B",
                "Bhms": "h:mm:ss B",
                "d": "d",
                "E": "ccc",
                "EBhm": "E h:mm B",
                "EBhms": "E h:mm:ss B",
                "Ed": "d E",
                "Ehm": "E h:mm a",
                "EHm": "E HH:mm",
                "Ehms": "E h:mm:ss a",
                "EHms": "E HH:mm:ss",
                "Gy": "y G",
                "GyMMM": "MMM y G",
                "GyMMMd": "MMM d, y G",
                "GyMMMEd": "E, MMM d, y G",
                "h": "h a",
                "H": "HH",
                "hm": "h:mm a",
                "Hm": "HH:mm",
                "hms": "h:mm:ss a",
                "Hms": "HH:mm:ss",
                "M": "L",
                "Md": "M/d",
                "MEd": "E, M/d",
                "MMM": "LLL",
                "MMMd": "MMM d",
                "MMMEd": "E, MMM d",
                "MMMMd": "MMMM d",
                "ms": "mm:ss",
                "y": "y G",
                "yM": "yM",
                "yMd": "M/d/y",
                "yMEd": "E, M/d/y",
                "yMMM": "MMM y",
                "yMMMd": "MMM d, y",
                "yMMMEd": "E, MMM d, y",
                "yQQQ": "QQQ y",
                "yQQQQ": "QQQQ y",
                "yyyy": "y G",
                "yyyyM": "M/y GGGGG",
                "yyyyMd": "M/d/y GGGGG",
                "yyyyMEd": "E, M/d/y GGGGG",
                "yyyyMMM": "MMM y G",
                "yyyyMMMd": "MMM d, y G",
                "yyyyMMMEd": "E, MMM d, y G",
                "yyyyMMMM": "MMMM y G",
                "yyyyQQQ": "QQQ y G",
                "yyyyQQQQ": "QQQQ y G"
              },
              "appendItems": {
                "Day": "{0} ({2}: {1})",
                "Day-Of-Week": "{0} {1}",
                "Era": "{1} {0}",
                "Hour": "{0} ({2}: {1})",
                "Minute": "{0} ({2}: {1})",
                "Month": "{0} ({2}: {1})",
                "Quarter": "{0} ({2}: {1})",
                "Second": "{0} ({2}: {1})",
                "Timezone": "{0} {1}",
                "Week": "{0} ({2}: {1})",
                "Year": "{1} {0}"
              },
              "intervalFormats": {
                "intervalFormatFallback": "{0} – {1}",
                "Bh": {
                  "B": "h B – h B",
                  "h": "h–h B"
                },
                "Bhm": {
                  "B": "h:mm B – h:mm B",
                  "h": "h:mm–h:mm B",
                  "m": "h:mm–h:mm B"
                },
                "d": {
                  "d": "d–d"
                },
                "Gy": {
                  "G": "G y – G y",
                  "y": "G y–y"
                },
                "GyM": {
                  "G": "GGGGG y-MM – GGGGG y-MM",
                  "M": "GGGGG y-MM – y-MM",
                  "y": "GGGGG y-MM – y-MM"
                },
                "GyMd": {
                  "d": "GGGGG y-MM-dd – y-MM-dd",
                  "G": "GGGGG y-MM-dd – GGGGG y-MM-dd",
                  "M": "GGGGG y-MM-dd – y-MM-dd",
                  "y": "GGGGG y-MM-dd – y-MM-dd"
                },
                "GyMEd": {
                  "d": "GGGGG y-MM-dd, E – y-MM-dd, E",
                  "G": "GGGGG y-MM-dd, E – GGGGG y-MM-dd, E",
                  "M": "GGGGG y-MM-dd, E – y-MM-dd, E",
                  "y": "GGGGG y-MM-dd, E – y-MM-dd, E"
                },
                "GyMMM": {
                  "G": "G y MMM – G y MMM",
                  "M": "G y MMM–MMM",
                  "y": "G y MMM – y MMM"
                },
                "GyMMMd": {
                  "d": "G y MMM d–d",
                  "G": "G y MMM d – G y MMM d",
                  "M": "G y MMM d – MMM d",
                  "y": "G y MMM d – y MMM d"
                },
                "GyMMMEd": {
                  "d": "G y MMM d, E – MMM d, E",
                  "G": "G y MMM d, E – G y MMM d, E",
                  "M": "G y MMM d, E – MMM d, E",
                  "y": "G y MMM d, E – y MMM d, E"
                },
                "h": {
                  "a": "h a – h a",
                  "h": "h–h a"
                },
                "H": {
                  "H": "HH–HH"
                },
                "hm": {
                  "a": "h:mm a – h:mm a",
                  "h": "h:mm–h:mm a",
                  "m": "h:mm–h:mm a"
                },
                "Hm": {
                  "H": "HH:mm–HH:mm",
                  "m": "HH:mm–HH:mm"
                },
                "hmv": {
                  "a": "h:mm a – h:mm a v",
                  "h": "h:mm–h:mm a v",
                  "m": "h:mm–h:mm a v"
                },
                "Hmv": {
                  "H": "HH:mm–HH:mm v",
                  "m": "HH:mm–HH:mm v"
                },
                "hv": {
                  "a": "h a – h a v",
                  "h": "h–h a v"
                },
                "Hv": {
                  "H": "HH–HH v"
                },
                "M": {
                  "M": "M–M"
                },
                "Md": {
                  "d": "M/d – M/d",
                  "M": "M/d – M/d"
                },
                "MEd": {
                  "d": "E, M/d – E, M/d",
                  "M": "E, M/d – E, M/d"
                },
                "MMM": {
                  "M": "MMM–MMM"
                },
                "MMMd": {
                  "d": "MMM d – d",
                  "M": "MMM d – MMM d"
                },
                "MMMEd": {
                  "d": "E, MMM d – E, MMM d",
                  "M": "E, MMM d – E, MMM d"
                },
                "y": {
                  "y": "y–y"
                },
                "yM": {
                  "M": "M/y – M/y",
                  "y": "M/y – M/y"
                },
                "yMd": {
                  "d": "M/d/y – M/d/y",
                  "M": "M/d/y – M/d/y",
                  "y": "M/d/y – M/d/y"
                },
                "yMEd": {
                  "d": "E, M/d/y – E, M/d/y",
                  "M": "E, M/d/y – E, M/d/y",
                  "y": "E, M/d/y – E, M/d/y"
                },
                "yMMM": {
                  "M": "MMM – MMM y G",
                  "y": "MMM y – MMM y"
                },
                "yMMMd": {
                  "d": "MMM d – d, y G",
                  "M": "MMM d – MMM d, y",
                  "y": "MMM d, y – MMM d, y"
                },
                "yMMMEd": {
                  "d": "E, MMM d – E, MMM d, y",
                  "M": "E, MMM d – E, MMM d, y",
                  "y": "E, MMM d, y – E, MMM d, y"
                },
                "yMMMM": {
                  "M": "MMMM – MMMM y G",
                  "y": "MMMM y – MMMM y"
                }
              }
            }
          }
        }
      }
    }
  }
}
