<Configuration>
    <Add OfficeClientEdition="64" >
        <Product ID="O365ProPlusRetail">
            <Language ID="MatchOS" />
            <ExcludeApp ID="Access" />
            <ExcludeApp ID="Lync" />
            <ExcludeApp ID="Groove" />
            <ExcludeApp ID="OneNote" />
            <ExcludeApp ID="OneDrive" />
            <ExcludeApp ID="Outlook" />
            <ExcludeApp ID="Publisher" />
            <ExcludeApp ID="Teams" />
        </Product>
    </Add>
    <Updates Enabled="TRUE" />
    <Display Level="None" AcceptEULA="TRUE" />
    <Logging Path="%TEMP%" />
</Configuration>
