{
  "main": {
    "hy": {
      "identity": {
        "version": {
          "_cldrVersion": "39"
        },
        "language": "hy"
      },
      "dates": {
        "calendars": {
          "buddhist": {
            "months": {
              "format": {
                "abbreviated": {
                  "1": "հնվ",
                  "2": "փտվ",
                  "3": "մրտ",
                  "4": "ապր",
                  "5": "մյս",
                  "6": "հնս",
                  "7": "հլս",
                  "8": "օգս",
                  "9": "սեպ",
                  "10": "հոկ",
                  "11": "նոյ",
                  "12": "դեկ"
                },
                "narrow": {
                  "1": "Հ",
                  "2": "Փ",
                  "3": "Մ",
                  "4": "Ա",
                  "5": "Մ",
                  "6": "Հ",
                  "7": "Հ",
                  "8": "Օ",
                  "9": "Ս",
                  "10": "Հ",
                  "11": "Ն",
                  "12": "Դ"
                },
                "wide": {
                  "1": "հունվարի",
                  "2": "փետրվարի",
                  "3": "մարտի",
                  "4": "ապրիլի",
                  "5": "մայիսի",
                  "6": "հունիսի",
                  "7": "հուլիսի",
                  "8": "օգոստոսի",
                  "9": "սեպտեմբերի",
                  "10": "հոկտեմբերի",
                  "11": "նոյեմբերի",
                  "12": "դեկտեմբերի"
                }
              },
              "stand-alone": {
                "abbreviated": {
                  "1": "հնվ",
                  "2": "փտվ",
                  "3": "մրտ",
                  "4": "ապր",
                  "5": "մյս",
                  "6": "հնս",
                  "7": "հլս",
                  "8": "օգս",
                  "9": "սեպ",
                  "10": "հոկ",
                  "11": "նոյ",
                  "12": "դեկ"
                },
                "narrow": {
                  "1": "Հ",
                  "2": "Փ",
                  "3": "Մ",
                  "4": "Ա",
                  "5": "Մ",
                  "6": "Հ",
                  "7": "Հ",
                  "8": "Օ",
                  "9": "Ս",
                  "10": "Հ",
                  "11": "Ն",
                  "12": "Դ"
                },
                "wide": {
                  "1": "հունվար",
                  "2": "փետրվար",
                  "3": "մարտ",
                  "4": "ապրիլ",
                  "5": "մայիս",
                  "6": "հունիս",
                  "7": "հուլիս",
                  "8": "օգոստոս",
                  "9": "սեպտեմբեր",
                  "10": "հոկտեմբեր",
                  "11": "նոյեմբեր",
                  "12": "դեկտեմբեր"
                }
              }
            },
            "days": {
              "format": {
                "abbreviated": {
                  "sun": "կիր",
                  "mon": "երկ",
                  "tue": "երք",
                  "wed": "չրք",
                  "thu": "հնգ",
                  "fri": "ուր",
                  "sat": "շբթ"
                },
                "narrow": {
                  "sun": "Կ",
                  "mon": "Ե",
                  "tue": "Ե",
                  "wed": "Չ",
                  "thu": "Հ",
                  "fri": "Ո",
                  "sat": "Շ"
                },
                "short": {
                  "sun": "կր",
                  "mon": "եկ",
                  "tue": "եք",
                  "wed": "չք",
                  "thu": "հգ",
                  "fri": "ու",
                  "sat": "շբ"
                },
                "wide": {
                  "sun": "կիրակի",
                  "mon": "երկուշաբթի",
                  "tue": "երեքշաբթի",
                  "wed": "չորեքշաբթի",
                  "thu": "հինգշաբթի",
                  "fri": "ուրբաթ",
                  "sat": "շաբաթ"
                }
              },
              "stand-alone": {
                "abbreviated": {
                  "sun": "կիր",
                  "mon": "երկ",
                  "tue": "երք",
                  "wed": "չրք",
                  "thu": "հնգ",
                  "fri": "ուր",
                  "sat": "շբթ"
                },
                "narrow": {
                  "sun": "Կ",
                  "mon": "Ե",
                  "tue": "Ե",
                  "wed": "Չ",
                  "thu": "Հ",
                  "fri": "Ո",
                  "sat": "Շ"
                },
                "short": {
                  "sun": "կր",
                  "mon": "եկ",
                  "tue": "եք",
                  "wed": "չք",
                  "thu": "հգ",
                  "fri": "ու",
                  "sat": "շբ"
                },
                "wide": {
                  "sun": "կիրակի",
                  "mon": "երկուշաբթի",
                  "tue": "երեքշաբթի",
                  "wed": "չորեքշաբթի",
                  "thu": "հինգշաբթի",
                  "fri": "ուրբաթ",
                  "sat": "շաբաթ"
                }
              }
            },
            "quarters": {
              "format": {
                "abbreviated": {
                  "1": "1-ին եռմս.",
                  "2": "2-րդ եռմս.",
                  "3": "3-րդ եռմս.",
                  "4": "4-րդ եռմս."
                },
                "narrow": {
                  "1": "1",
                  "2": "2",
                  "3": "3",
                  "4": "4"
                },
                "wide": {
                  "1": "1-ին եռամսյակ",
                  "2": "2-րդ եռամսյակ",
                  "3": "3-րդ եռամսյակ",
                  "4": "4-րդ եռամսյակ"
                }
              },
              "stand-alone": {
                "abbreviated": {
                  "1": "1-ին եռմս.",
                  "2": "2-րդ եռմս.",
                  "3": "3-րդ եռմս.",
                  "4": "4-րդ եռմս."
                },
                "narrow": {
                  "1": "1",
                  "2": "2",
                  "3": "3",
                  "4": "4"
                },
                "wide": {
                  "1": "1-ին եռամսյակ",
                  "2": "2-րդ եռամսյակ",
                  "3": "3-րդ եռամսյակ",
                  "4": "4-րդ եռամսյակ"
                }
              }
            },
            "dayPeriods": {
              "format": {
                "abbreviated": {
                  "midnight": "կեսգիշեր",
                  "am": "AM",
                  "noon": "կեսօր",
                  "pm": "PM",
                  "morning1": "առավոտյան",
                  "afternoon1": "ցերեկը",
                  "evening1": "երեկոյան",
                  "night1": "գիշերը"
                },
                "narrow": {
                  "midnight": "կգ․",
                  "am": "ա",
                  "noon": "կօ․",
                  "pm": "հ",
                  "morning1": "առվ",
                  "afternoon1": "ցրկ",
                  "evening1": "երկ",
                  "night1": "գշր"
                },
                "wide": {
                  "midnight": "կեսգիշերին",
                  "am": "AM",
                  "noon": "կեսօրին",
                  "pm": "PM",
                  "morning1": "առավոտյան",
                  "afternoon1": "ցերեկվա",
                  "evening1": "երեկոյան",
                  "night1": "գիշերվա"
                }
              },
              "stand-alone": {
                "abbreviated": {
                  "midnight": "կեսգիշեր",
                  "am": "AM",
                  "noon": "կեսօր",
                  "pm": "PM",
                  "morning1": "առավոտ",
                  "afternoon1": "ցերեկ",
                  "evening1": "երեկո",
                  "night1": "գիշեր"
                },
                "narrow": {
                  "midnight": "կեսգիշեր",
                  "am": "AM",
                  "noon": "կեսօր",
                  "pm": "PM",
                  "morning1": "առավոտ",
                  "afternoon1": "ցերեկ",
                  "evening1": "երեկո",
                  "night1": "գիշեր"
                },
                "wide": {
                  "midnight": "կեսգիշեր",
                  "am": "AM",
                  "noon": "կեսօր",
                  "pm": "PM",
                  "morning1": "առավոտ",
                  "afternoon1": "ցերեկ",
                  "evening1": "երեկո",
                  "night1": "գիշեր"
                }
              }
            },
            "eras": {
              "eraNames": {
                "0": "BE"
              },
              "eraAbbr": {
                "0": "BE"
              },
              "eraNarrow": {
                "0": "BE"
              }
            },
            "dateFormats": {
              "full": "d MMMM, y թ. G, EEEE",
              "long": "dd MMMM, y թ. G",
              "medium": "dd MMM, y թ. G",
              "short": "dd.MM.y GGGGG"
            },
            "timeFormats": {
              "full": "HH:mm:ss zzzz",
              "long": "HH:mm:ss z",
              "medium": "HH:mm:ss",
              "short": "HH:mm"
            },
            "dateTimeFormats": {
              "full": "{1}, {0}",
              "long": "{1}, {0}",
              "medium": "{1}, {0}",
              "short": "{1}, {0}",
              "availableFormats": {
                "Bh": "B h-ին",
                "Bhm": "B h:mm-ին",
                "Bhms": "B h:mm:ss",
                "d": "d",
                "E": "ccc",
                "EBhm": "E B h:mm-ին",
                "EBhms": "E B h:mm:ss",
                "Ed": "d, ccc",
                "Ehm": "E h:mm a",
                "EHm": "E HH:mm",
                "Ehms": "E h:mm:ss a",
                "EHms": "E HH:mm:ss",
                "Gy": "G y թ․",
                "GyMMM": "G y թ․ MMM",
                "GyMMMd": "G y թ․ MMM d",
                "GyMMMEd": "G y թ․ MMM d, E",
                "h": "h a",
                "H": "H",
                "hm": "h:mm a",
                "Hm": "H:mm",
                "hms": "h:mm:ss a",
                "Hms": "H:mm:ss",
                "M": "L",
                "Md": "dd.MM",
                "MEd": "dd.MM, E",
                "MMM": "LLL",
                "MMMd": "d MMM",
                "MMMEd": "d MMM, E",
                "MMMMd": "MMMM d",
                "ms": "mm:ss",
                "y": "y, G",
                "yyyy": "y, G",
                "yyyyM": "G y թ. MM",
                "yyyyMd": "d.M.y թ., G",
                "yyyyMEd": "d.MM.y թ., G, E",
                "yyyyMMM": "G y թ. LLL",
                "yyyyMMMd": "d MMM, y թ., G",
                "yyyyMMMEd": "d MMM, y թ. G, E",
                "yyyyMMMM": "G y MMMM",
                "yyyyQQQ": "G y թ, QQQ",
                "yyyyQQQQ": "G y թ, QQQQ"
              },
              "appendItems": {
                "Day": "{0} ({2}: {1})",
                "Day-Of-Week": "{0} {1}",
                "Era": "{1} {0}",
                "Hour": "{0} ({2}: {1})",
                "Minute": "{0} ({2}: {1})",
                "Month": "{0} ({2}: {1})",
                "Quarter": "{0} ({2}: {1})",
                "Second": "{0} ({2}: {1})",
                "Timezone": "{0} {1}",
                "Week": "{0} ({2}: {1})",
                "Year": "{1} {0}"
              },
              "intervalFormats": {
                "intervalFormatFallback": "{0} - {1}",
                "Bh": {
                  "B": "B h–ից B h-ը",
                  "h": "B h–ից h-ը"
                },
                "Bhm": {
                  "B": "B h:mm – B h:mm",
                  "h": "B h:mm – h:mm",
                  "m": "B h:mm – h:mm"
                },
                "d": {
                  "d": "d–d"
                },
                "Gy": {
                  "G": "G y – G y",
                  "y": "G y–y"
                },
                "GyM": {
                  "G": "GGGGG y-MM – GGGGG y-MM",
                  "M": "GGGGG y-MM – y-MM",
                  "y": "GGGGG y-MM – y-MM"
                },
                "GyMd": {
                  "d": "GGGGG y-MM-dd – y-MM-dd",
                  "G": "GGGGG y-MM-dd – GGGGG y-MM-dd",
                  "M": "GGGGG y-MM-dd – y-MM-dd",
                  "y": "GGGGG y-MM-dd – y-MM-dd"
                },
                "GyMEd": {
                  "d": "GGGGG y-MM-dd, E – y-MM-dd, E",
                  "G": "GGGGG y-MM-dd, E – GGGGG y-MM-dd, E",
                  "M": "GGGGG y-MM-dd, E – y-MM-dd, E",
                  "y": "GGGGG y-MM-dd, E – y-MM-dd, E"
                },
                "GyMMM": {
                  "G": "G y MMM – G y MMM",
                  "M": "G y MMM–MMM",
                  "y": "G y MMM – y MMM"
                },
                "GyMMMd": {
                  "d": "G y MMM d–d",
                  "G": "G y MMM d – G y MMM d",
                  "M": "G y MMM d – MMM d",
                  "y": "G y MMM d – y MMM d"
                },
                "GyMMMEd": {
                  "d": "G y MMM d, E – MMM d, E",
                  "G": "G y MMM d, E – G y MMM d, E",
                  "M": "G y MMM d, E – MMM d, E",
                  "y": "G y MMM d, E – y MMM d, E"
                },
                "h": {
                  "a": "h a – h a",
                  "h": "h–h a"
                },
                "H": {
                  "H": "H–H"
                },
                "hm": {
                  "a": "h:mm a – h:mm a",
                  "h": "h:mm–h:mm a",
                  "m": "h:mm–h:mm a"
                },
                "Hm": {
                  "H": "H:mm–H:mm",
                  "m": "H:mm–H:mm"
                },
                "hmv": {
                  "a": "h:mm a – h:mm a v",
                  "h": "h:mm–h:mm a v",
                  "m": "h:mm–h:mm a v"
                },
                "Hmv": {
                  "H": "H:mm–H:mm v",
                  "m": "H:mm–H:mm v"
                },
                "hv": {
                  "a": "h a – h a v",
                  "h": "h–h a v"
                },
                "Hv": {
                  "H": "H–H v"
                },
                "M": {
                  "M": "M–M"
                },
                "Md": {
                  "d": "dd.MM – dd.MM",
                  "M": "dd.MM – dd.MM"
                },
                "MEd": {
                  "d": "E, dd.MM – E, dd.MM",
                  "M": "E, dd.MM – E, dd.MM"
                },
                "MMM": {
                  "M": "MMM–MMM"
                },
                "MMMd": {
                  "d": "MMM dd–dd",
                  "M": "MMM dd – MMM dd"
                },
                "MMMEd": {
                  "d": "E, MMM dd – E, MMM dd",
                  "M": "E, MMM dd – E, MMM dd"
                },
                "y": {
                  "y": "y–y G"
                },
                "yM": {
                  "M": "MM.y – MM.y G",
                  "y": "MM.y – MM.y G"
                },
                "yMd": {
                  "d": "dd.MM.y – dd.MM.y G",
                  "M": "dd.MM.y – dd.MM.y G",
                  "y": "dd.MM.y – dd.MM.y G"
                },
                "yMEd": {
                  "d": "ccc, dd.MM.y – ccc, dd.MM.y G",
                  "M": "ccc, dd.MM.y – ccc, dd.MM.y G",
                  "y": "ccc, dd.MM.y – ccc, dd.MM.y G"
                },
                "yMMM": {
                  "M": "MMM–MMM y թ. G",
                  "y": "MMM y – MMM y թ. G"
                },
                "yMMMd": {
                  "d": "dd–dd MMM, y թ. G",
                  "M": "dd MMM – dd MMM, y թ. G",
                  "y": "dd MMM, y – dd MMM, y թ. G"
                },
                "yMMMEd": {
                  "d": "E, d MMM – E, d MMM, y թ. G",
                  "M": "E, d MMM – E, d MMM, y թ. G",
                  "y": "E, d MMM, y – E, d MMM, y թ. G"
                },
                "yMMMM": {
                  "M": "G y թ. MMM – MMM",
                  "y": "MMM y – MMM y թ G"
                }
              }
            }
          }
        }
      }
    }
  }
}
