{
    "version": "0.51b",
    "description": "One of the biggest and most reliable peer-to-peer file sharing clients around the world. (community version)",
    "homepage": "https://www.emule-project.net",
    "license": "GPL-2.0-only",
    "url": "https://files.emule-project.net/eMule0.51b-Installer.exe#/dl.7z",
    "hash": "86cdc796a03a6ef057c43ab59db97a29b9d7e8b69f583a1ac0173557013008cc",
    "pre_install": [
        " Remove-Item -Recurse $dir\\`$PLUGINSDIR ",
        " movedir \"$dir\\`$LOCALAPPDATA\\eMule\\config\" \"$dir\\config\" "
    ],
    "bin": "emule.exe",
    "shortcuts": [
        [
            "emule.exe",
            "eMule"
        ],
        [
            "LinkCreator.exe",
            "LinkCreator"
        ]
    ],
    "persist": "config"
}
