{
    "version": "0.8.2663.39678",
    "description": "Alternative launcher for Assetto Corsa named Content Manager, and some utils as well",
    "homepage": "https://github.com/gro-ove/actools",
    "license": "MS-PL",
    "url": "https://github.com/gro-ove/actools/releases/download/v0.8.2663.39678/Content.Manager.zip",
    "hash": "6c4a8d0f2447127dad6172dec9c30f90135d3310f66efdc6258bb27b1ab4eb50",
    "shortcuts": [
        [
            "Content Manager.exe",
            "Assetto Corsa Content Manager"
        ]
    ],
    "checkver": "github",
    "autoupdate": {
        "url": "https://github.com/gro-ove/actools/releases/download/v$version/Content.Manager.zip"
    }
}
