{
    "version": "3.8.1.284",
    "description": "Advanced Combat Tracker is a plugin-extendable MMORPG log parser",
    "homepage": "https://advancedcombattracker.com/",
    "license": "Unknown",
    "url": "https://github.com/EQAditu/AdvancedCombatTracker/releases/download/3.8.1.284/ACTv3.zip",
    "hash": "01bcc2174e4003e4d8c12f5e890d9603e1cf7e4c710260d61218622f55cd7ecd",
    "persist": [
        "ACTx86.exe.config",
        "Advanced Combat Tracker.exe.config"
    ],
    "bin": "Advanced Combat Tracker.exe",
    "shortcuts": [
        [
            "Advanced Combat Tracker.exe",
            "Advanced Combat Tracker"
        ]
    ],
    "checkver": {
        "github": "https://github.com/EQAditu/AdvancedCombatTracker"
    },
    "autoupdate": {
        "url": "https://github.com/EQAditu/AdvancedCombatTracker/releases/download/$version/ACTv3.zip"
    }
}
