{
    "version": "20240822",
    "description": "Free, enhanced port of the classic FPS Marathon trilogy by Bungie Software",
    "homepage": "https://alephone.lhowon.org/",
    "license": {
        "identifier": "GPL-3.0-only",
        "url": "https://github.com/Aleph-One-Marathon/alephone/blob/master/COPYING"
    },
    "url": [
        "https://github.com/Aleph-One-Marathon/alephone/releases/download/release-20240822/Marathon-20240822-Win.zip",
        "https://github.com/Aleph-One-Marathon/alephone/releases/download/release-20240822/Marathon2-20240822-Win.zip",
        "https://github.com/Aleph-One-Marathon/alephone/releases/download/release-20240822/MarathonInfinity-20240822-Win.zip"
    ],
    "hash": [
        "23ff590d6503ce8ec410629b193fd588e986ed39cad1589c96308c894bcfe1f3",
        "4e76de1774eca3d8834c73485c6870cfe913996b100a508fc724596e501c9fb9",
        "0d54cd1d64f8c5cc7ab79c4c96c20205bacbc2503727fd75d3fd9bc6500eccc2"
    ],
    "extract_dir": [
        "Marathon-20240822",
        "Marathon2-20240822",
        "MarathonInfinity-20240822"
    ],
    "extract_to": [
        "Marathon 1",
        "Marathon 2",
        "Marathon Infinity"
    ],
    "shortcuts": [
        [
            "Marathon 1/Classic Marathon.exe",
            "Aleph One (Marathon 1)"
        ],
        [
            "Marathon 2/Classic Marathon 2.exe",
            "Aleph One (Marathon 2)"
        ],
        [
            "Marathon Infinity/Classic Marathon Infinity.exe",
            "Aleph One (Marathon Infinity)"
        ]
    ],
    "checkver": {
        "url": "https://alephone.lhowon.org/",
        "regex": "(\\d\\d\\d\\d)-(\\d\\d)-(\\d\\d)",
        "replace": "$1$2$3"
    },
    "autoupdate": {
        "url": [
            "https://github.com/Aleph-One-Marathon/alephone/releases/download/release-$version/Marathon-$version-Win.zip",
            "https://github.com/Aleph-One-Marathon/alephone/releases/download/release-$version/Marathon2-$version-Win.zip",
            "https://github.com/Aleph-One-Marathon/alephone/releases/download/release-$version/MarathonInfinity-$version-Win.zip"
        ],
        "extract_dir": [
            "Marathon-$version",
            "Marathon2-$version",
            "MarathonInfinity-$version"
        ]
    }
}
