{
    "version": "0.10.35",
    "description": "Minecraft world editor and converter that supports all versions since Java 1.12 and Bedrock 1.7",
    "homepage": "https://www.amuletmc.com",
    "license": "Unknown",
    "architecture": {
        "64bit": {
            "url": "https://github.com/Amulet-Team/Amulet-Map-Editor/releases/download/0.10.35/Amulet-v0.10.35-Windows-x64.zip",
            "hash": "3737e329d29f77161e5086b7eb34399684079d327eb6544bea18b69c76745286",
            "extract_dir": "Amulet"
        }
    },
    "shortcuts": [
        [
            "amulet_app.exe",
            "Amulet Map Editor"
        ]
    ],
    "persist": [
        "config",
        "logs"
    ],
    "checkver": {
        "github": "https://github.com/Amulet-Team/Amulet-Map-Editor"
    },
    "autoupdate": {
        "url": "https://github.com/Amulet-Team/Amulet-Map-Editor/releases/download/$version/Amulet-v$version-Windows-x64.zip"
    }
}
