{
    "version": "1.30.18.0",
    "description": "Apple II emulator for Windows",
    "homepage": "https://github.com/AppleWin/AppleWin",
    "license": "GPL-2.0-only",
    "url": "https://github.com/AppleWin/AppleWin/releases/download/v1.30.18.0/AppleWin1.30.18.0.zip",
    "hash": "392e927c75cfbb93b3aa893f7139d78b32daaeeb81305429ba8fbebe4822a083",
    "shortcuts": [
        [
            "Applewin.exe",
            "AppleWin"
        ]
    ],
    "checkver": "github",
    "autoupdate": {
        "url": "https://github.com/AppleWin/AppleWin/releases/download/v$version/AppleWin$version.zip"
    }
}
