{
    "version": "140",
    "description": "Multi-system emulator focused on accuracy and preservation",
    "homepage": "https://ares-emu.net",
    "license": "ISC",
    "notes": "Configuration file cannot be persisted, but will be retained during the update",
    "architecture": {
        "64bit": {
            "url": "https://github.com/ares-emulator/ares/releases/download/v140/ares-windows.zip",
            "hash": "407a4481f1440692ae70e7930ae07b13d77676c88eddab494865b429a04dd0ba"
        },
        "arm64": {
            "url": "https://github.com/ares-emulator/ares/releases/download/v140/ares-windows-msvc-arm64.zip",
            "hash": "2b25ccc76ee5ff8ab318283fcbddf3c829557ce78414efce38da9fe6636645e0"
        }
    },
    "extract_dir": "ares-v140",
    "post_install": [
        "if (!(Test-Path \"$persist_dir\\settings.bml.bak\")) {",
        "   New-Item -ItemType File \"$dir\\settings.bml\" | Out-Null",
        "   Set-Content \"$dir\\settings.bml\" 'Paths'",
        "   Add-Content \"$dir\\settings.bml\" \"  Home`:` $persist_dir\\Systems\\\" ",
        "   'Saves', 'Screenshots', 'Debugging' | ForEach-Object {",
        "   Add-Content \"$dir\\settings.bml\" \"  $_`:` $persist_dir\\$_\\\" }",
        "} else {",
        "   Copy-Item \"$persist_dir\\settings.bml.bak\" \"$dir\\settings.bml\" -Force",
        "}"
    ],
    "bin": "ares.exe",
    "shortcuts": [
        [
            "ares.exe",
            "ares"
        ]
    ],
    "persist": [
        "Systems",
        "Saves",
        "Screenshots",
        "Debugging"
    ],
    "uninstaller": {
        "script": [
            "'settings.bml' | ForEach-Object {",
            "    Copy-Item \"$dir\\$_\" \"$persist_dir\\$_.bak\" -Force",
            "}"
        ]
    },
    "checkver": {
        "github": "https://github.com/ares-emulator/ares/"
    },
    "autoupdate": {
        "architecture": {
            "64bit": {
                "url": "https://github.com/ares-emulator/ares/releases/download/v$cleanVersion/ares-windows.zip"
            },
            "arm64": {
                "url": "https://github.com/ares-emulator/ares/releases/download/v$cleanVersion/ares-windows-msvc-arm64.zip"
            }
        },
        "extract_dir": "ares-v$cleanVersion"
    }
}
