{
    "version": "0.63.1.2",
    "description": "For the game ARK Survival Evolved. Extracts possible levelups of creatures to get the values for breeding. Save your creatures in a library, sort and compare their stats, view their pedigree, use the breeding-plan to get the best possible creatures and keep track of the growing babies with timers.",
    "homepage": "https://github.com/cadon/ARKStatsExtractor",
    "license": "MIT",
    "url": "https://github.com/cadon/ARKStatsExtractor/releases/download/v0.63.1.2/ARK.Smart.Breeding_0.63.1.2.zip",
    "hash": "cd00bc65c8232d6dfd1ee7dad9ab677c21a3e9b6d13c7436a4437c5987efdcd3",
    "bin": "ARK Smart Breeding.exe",
    "shortcuts": [
        [
            "ARK Smart Breeding.exe",
            "ARK Smart Breeding"
        ]
    ],
    "checkver": {
        "github": "https://github.com/cadon/ARKStatsExtractor",
        "regex": "download/v(?<tag>[\\d.]+)/ARK.Smart.Breeding_(?<version>[\\d.]+).zip"
    },
    "autoupdate": {
        "url": "https://github.com/cadon/ARKStatsExtractor/releases/download/v$matchTag/ARK.Smart.Breeding_$version.zip"
    }
}
