{
    "version": "1.3.0.2",
    "description": "Semi-realistic first-person shooter based on the Cube engine",
    "homepage": "https://assault.cubers.net/",
    "license": "https://assault.cubers.net/docs/license.html",
    "url": "https://github.com/assaultcube/AC/releases/download/v1.3.0.2/AssaultCube_v1.3.0.2_LockdownEdition.exe#/dl.7z",
    "hash": "77eff4497232562eeb1862f97d484777202e8ac42c411093a821234045ee61a5",
    "post_install": "Move-Item \"$dir\\bin_win32\\openal32_RemoveThisPartToUseOpenAL-Soft.dll\" \"$dir\\bin_win32\\openal32.dll\"",
    "shortcuts": [
        [
            "assaultcube.bat",
            "AssaultCube",
            "",
            "docs/images/favicon.ico"
        ]
    ],
    "checkver": {
        "github": "https://github.com/assaultcube/AC"
    },
    "autoupdate": {
        "url": "https://github.com/assaultcube/AC/releases/download/v$version/AssaultCube_v$version_LockdownEdition.exe"
    }
}
