{
    "version": "0.16.53",
    "description": "Tool for exploring, extracting and exporting Unity assets and assetbundles.",
    "homepage": "https://github.com/zhangjiequan/AssetStudio",
    "license": "MIT",
    "url": "https://github.com/zhangjiequan/AssetStudio/releases/download/v0.16.53/AssetStudio.net6.0-windows_v0.16.53.zip",
    "hash": "0922b22b62853cd77e7b796124d52373fc1e1257179a1e3f3d7258137723616b",
    "bin": "AssetStudioGUI.exe",
    "shortcuts": [
        [
            "AssetStudioGUI.exe",
            "AssetStudio"
        ]
    ],
    "checkver": {
        "github": "https://github.com/zhangjiequan/AssetStudio"
    },
    "autoupdate": {
        "url": "https://github.com/zhangjiequan/AssetStudio/releases/download/v$version/AssetStudio.net6.0-windows_v$version.zip"
    }
}
