{
    "version": "2024.9.7.32",
    "description": "An unofficial Minecraft Bedrock for Windows Launcher",
    "homepage": "https://bedrocklauncher.github.io/",
    "license": "GPL-3.0-only",
    "notes": [
        "Run the launcher on an Administrator account. Running it on a normal account and providing Admin rights at the prompt will result in an error and crash of the launcher.",
        "Please also ensure you are using a Microsoft account on your PC, or your Microsoft Store is logged in with a Microsoft account which has access to the game (Either bought or Game Pass).",
        "See \"Important Notes\" section at https://github.com/BedrockLauncher/BedrockLauncher/releases/latest"
    ],
    "suggest": {
        "VCRedist": "extras/vcredist2022",
        ".NET 6.0 Desktop Runtime": "versions/windowsdesktop-runtime-6.0"
    },
    "architecture": {
        "64bit": {
            "url": "https://github.com/BedrockLauncher/BedrockLauncher/releases/download/2024.9.7.32/BedrockLauncher2024.9.7.32.zip",
            "hash": "d843a811e4074e5da8406c20643c8d1115c65a6bd0874c933ec94f995e789b8a"
        }
    },
    "extract_dir": "BedrockLauncher",
    "shortcuts": [
        [
            "StartBedrockLauncher.exe",
            "Bedrock Launcher",
            "",
            "app\\BedrockLauncher.exe"
        ]
    ],
    "persist": "app\\data",
    "checkver": {
        "github": "https://github.com/BedrockLauncher/BedrockLauncher"
    },
    "autoupdate": {
        "architecture": {
            "64bit": {
                "url": "https://github.com/BedrockLauncher/BedrockLauncher/releases/download/$version/BedrockLauncher$version.zip"
            }
        }
    }
}
