{
    "version": "1.2.3.1",
    "description": "Download, update & install Minecraft: Bedrock Edition without the Microsoft Store",
    "homepage": "https://github.com/Aetopia/BedrockUpdater",
    "license": "GPL-3.0-only",
    "architecture": {
        "64bit": {
            "url": "https://github.com/Aetopia/BedrockUpdater/releases/download/v1.2.3.1/BedrockUpdater.exe",
            "hash": "b003f9935dff7a52e2c1491e6eee49d1a8db7ac22dbcdb0cc4203fbbdece0ded"
        },
        "32bit": {
            "url": "https://github.com/Aetopia/BedrockUpdater/releases/download/v1.2.3.1/BedrockUpdater.exe",
            "hash": "b003f9935dff7a52e2c1491e6eee49d1a8db7ac22dbcdb0cc4203fbbdece0ded"
        }
    },
    "shortcuts": [
        [
            "BedrockUpdater.exe",
            "Bedrock Updater"
        ],
        [
            "BedrockUpdater.exe",
            "Bedrock Updater Preview",
            "/Preview"
        ]
    ],
    "notes": [
        "To uninstall the following:",
        "  - Minecraft: Bedrock Edition",
        "  - Xbox Identity Provider",
        "",
        "Run the following command in PowerShell:",
        "",
        "Get-AppxPackage | ForEach-Object { if ($_.Name -in @(\"Microsoft.MinecraftUWP\", \"Microsoft.MinecraftWindowsBeta\", \"Microsoft.XboxIdentityProvider\")) { Remove-AppxPackage $_ } }"
    ],
    "checkver": {
        "url": "https://api.github.com/repos/Aetopia/BedrockUpdater/releases/latest",
        "jsonpath": "$.tag_name",
        "regex": "v([\\d.]+)"
    },
    "autoupdate": {
        "architecture": {
            "64bit": {
                "url": "https://github.com/Aetopia/BedrockUpdater/releases/download/v$version/BedrockUpdater.exe"
            },
            "32bit": {
                "url": "https://github.com/Aetopia/BedrockUpdater/releases/download/v$version/BedrockUpdater.exe"
            }
        }
    }
}
