{
    "version": "1.6.4",
    "description": "GameBoy emulator/debugger",
    "homepage": "http://bgb.bircd.org/",
    "license": "Freeware",
    "architecture": {
        "32bit": {
            "url": "http://bgb.bircd.org/bgb.zip",
            "hash": "6c814ccb9cc944d69157e7aa2af0f56b1b3c0b2048c4361a5e463f71c658698b",
            "bin": "bgb.exe",
            "shortcuts": [
                [
                    "bgb.exe",
                    "BGB GameBoy Emulator"
                ]
            ]
        },
        "64bit": {
            "url": "http://bgb.bircd.org/bgbw64.zip",
            "hash": "7083ef1efa6a0be99975bd1744503d56ba6a513fbfad6ac14a942dc4b289a983",
            "bin": "bgb64.exe",
            "shortcuts": [
                [
                    "bgb64.exe",
                    "BGB GameBoy Emulator"
                ]
            ]
        }
    },
    "persist": [
        "bgb.ini",
        "scrnshot"
    ],
    "checkver": {
        "url": "http://bgb.bircd.org/",
        "regex": "\\(current version: BGB ([\\d]+[\\.][\\d]+[\\.][\\d]+)\\)<\\/title>"
    },
    "autoupdate": {
        "architecture": {
            "32bit": {
                "url": "http://bgb.bircd.org/bgb.zip"
            },
            "64bit": {
                "url": "http://bgb.bircd.org/bgbw64.zip"
            }
        }
    }
}
