{
    "version": "4.10.4",
    "description": "Modern model editor for boxy models and pixel art textures.",
    "homepage": "https://blockbench.net/",
    "license": "GPL-3.0-or-later",
    "url": "https://github.com/JannisX11/blockbench/releases/download/v4.10.4/Blockbench_4.10.4.exe#/dl.7z",
    "hash": "sha512:e39353a514432e9c58cffa96c2ce18654e4d5a57866a658dbef46642cc802af4a1e83bee9461f0a6e4cd1cdfc6db9850aa712b3b9275010c79ecddf328442a09",
    "architecture": {
        "32bit": {
            "installer": {
                "script": [
                    "Expand-7zipArchive \"$dir\\`$PLUGINSDIR\\app-32.7z\" \"$dir\"",
                    "Remove-Item \"$dir\\`$PLUGINSDIR\", \"$dir\\Uninstall*\" -Force -Recurse"
                ]
            }
        },
        "64bit": {
            "installer": {
                "script": [
                    "Expand-7zipArchive \"$dir\\`$PLUGINSDIR\\app-64.7z\" \"$dir\"",
                    "Remove-Item \"$dir\\`$PLUGINSDIR\", \"$dir\\Uninstall*\" -Force -Recurse"
                ]
            }
        }
    },
    "shortcuts": [
        [
            "Blockbench.exe",
            "Blockbench"
        ]
    ],
    "checkver": {
        "github": "https://github.com/JannisX11/blockbench/"
    },
    "autoupdate": {
        "url": "https://github.com/JannisX11/blockbench/releases/download/v$version/Blockbench_$version.exe#/dl.7z",
        "hash": {
            "url": "$baseurl/latest.yml",
            "find": "sha512:\\s+(.*)"
        }
    }
}
