{
    "version": "2.7.0",
    "homepage": "https://github.com/pizzaboxer/bloxstrap",
    "description": "Open-source, feature-packed alternative bootstrapper for Roblox",
    "license": "MIT",
    "architecture": {
        "64bit": {
            "url": "https://github.com/pizzaboxer/bloxstrap/releases/download/v2.7.0/Bloxstrap-v2.7.0.exe#/setup.exe",
            "hash": "891846bf656253ca1cdd28584a28681e9604e2a03d74cd6b99313e3bff11daf8"
        }
    },
    "pre_install": [
        "if ($cmd -eq 'update') { Start-Process \"$dir\\setup.exe\" -Wait -Args @('-quiet', '-nolaunch', '-upgrade'); Remove-Item \"$dir\\setup.exe\" }",
        "else { Start-Process \"$dir\\setup.exe\" -Wait -Args @('-quiet', '-nolaunch'); Remove-Item \"$dir\\setup.exe\" }"
    ],
    "pre_uninstall": [
        "if ($cmd -eq 'uninstall') {",
        "   Start-Process \"$env:LOCALAPPDATA\\Bloxstrap\\Bloxstrap.exe\" -Wait -Args @('-quiet','-uninstall')",
        "   Remove-Item 'HKCU:\\SOFTWARE\\Classes\\roblox\\', 'HKCU:\\SOFTWARE\\Classes\\roblox-player\\', \"$env:LOCALAPPDATA\\Bloxstrap\" -Recurse -Force",
        "}"
    ],
    "checkver": "github",
    "autoupdate": {
        "architecture": {
            "64bit": {
                "url": "https://github.com/pizzaboxer/bloxstrap/releases/download/v$version/Bloxstrap-v$version.exe#/setup.exe"
            }
        }
    }
}
