{
    "version": "1.4.0.627",
    "description": "Classic bomberman game",
    "homepage": "http://bombermaaan.sourceforge.net/",
    "license": "GPL-3.0-or-later",
    "url": "https://downloads.sourceforge.net/project/bombermaaan/1%20-%20Bombermaaan%20Stable/1.4/Bombermaaan_1.4.0.627_setup.exe",
    "hash": "4e8bdc5362623e6f7712c7fb2442339de3ea494ff51562f8ed86af2239ec4745",
    "bin": [
        "Bombermaaan_32.exe",
        "Bombermaaan_16.exe"
    ],
    "shortcuts": [
        [
            "Bombermaaan_32.exe",
            "Bombermaaan (larger)"
        ],
        [
            "Bombermaaan_16.exe",
            "Bombermaaan (smaller)"
        ]
    ],
    "checkver": {
        "url": "http://bombermaaan.sourceforge.net/download.php",
        "regex": "Bombermaaan_([\\d.]+)_setup.exe"
    },
    "autoupdate": {
        "url": "https://downloads.sourceforge.net/project/bombermaaan/1%20-%20Bombermaaan%20Stable/$majorVersion.$minorVersion/Bombermaaan_$version_setup.exe"
    },
    "innosetup": true
}
