{
    "version": "1.3.4",
    "description": "bsnes-mt is a fork of bsnes that adds video features like pixel-perfect, integer-ratio scaling, as well as the aspect ratio that corresponds to that of the SNES console",
    "homepage": "https://tanalin.com/en/projects/bsnes-mt/",
    "license": {
        "identifier": "MIT|GPL-3.0-or-later",
        "url": "https://github.com/Marat-Tanalin/bsnes-mt/blob/master/LICENSE.txt"
    },
    "url": "https://github.com/Marat-Tanalin/bsnes-mt/releases/download/1.3.4/bsnes-mt-1.3.4.7z",
    "hash": "a19fd3a46f1e9d6c2483ce96a2f1294813bd85dfc0866d66f1ab428047c11f01",
    "pre_install": [
        "if (!(Test-Path \"$persist_dir\\bsnes-mt-settings.bml\")) {",
        "   New-Item -ItemType File \"$dir\\bsnes-mt-settings.bml\" | Out-Null",
        "}"
    ],
    "bin": [
        [
            "bsnes-mt.exe",
            "bsnes-mt"
        ]
    ],
    "shortcuts": [
        [
            "bsnes-mt.exe",
            "bsnes-mt"
        ]
    ],
    "persist": [
        "Database",
        "Firmware",
        "Shaders",
        "bsnes-mt-settings.bml"
    ],
    "checkver": {
        "github": "https://github.com/Marat-Tanalin/bsnes-mt"
    },
    "autoupdate": {
        "url": "https://github.com/Marat-Tanalin/bsnes-mt/releases/download/$version/bsnes-mt-$version.7z"
    }
}
