{
    "version": "4.0.0",
    "description": "Multi-platform port of the Mac OS-only game Bugdom 2",
    "homepage": "https://pangeasoft.net/bug2/",
    "license": "CC-BY-NC-SA-4.0",
    "architecture": {
        "64bit": {
            "url": "https://github.com/jorio/Bugdom2/releases/download/v4.0.0/Bugdom2-4.0.0-windows-x64.zip",
            "hash": "055a318c6268139c01204164e9250670adf3f796bb8b27e020d96c3433d9d2ec"
        }
    },
    "extract_dir": "Bugdom2-4.0.0",
    "shortcuts": [
        [
            "Bugdom2.exe",
            "Bugdom 2"
        ]
    ],
    "checkver": {
        "github": "https://github.com/jorio/Bugdom2/"
    },
    "autoupdate": {
        "architecture": {
            "64bit": {
                "url": "https://github.com/jorio/Bugdom2/releases/download/v$version/Bugdom2-$version-windows-x64.zip",
                "extract_dir": "Bugdom2-$version"
            }
        }
    }
}
