{
    "version": "2.4.26",
    "description": "3D multiplayer tank battle game",
    "homepage": "https://www.bzflag.org/",
    "license": "MPL-2.0",
    "depends": "extras/vcredist2017",
    "url": "https://download.bzflag.org/bzflag/windows/2.4.26/bzflag-2.4.26.exe#/dl.7z",
    "hash": "3c84287e41c4ed697f13a2116bdd05f11098d2c4e262be0f080e0c019edbd96b",
    "bin": "bzflag.exe",
    "shortcuts": [
        [
            "bzflag.exe",
            "BZFlag"
        ]
    ],
    "checkver": {
        "github": "https://github.com/BZFlag-Dev/bzflag"
    },
    "autoupdate": {
        "url": "https://download.bzflag.org/bzflag/windows/$version/bzflag-$version.exe#/dl.7z"
    }
}
