{
    "version": "0.3.4",
    "homepage": "https://t-sp.in/cambridge",
    "description": "Open source arcade stacker",
    "license": "MIT",
    "architecture": {
        "32bit": {
            "url": "https://github.com/MillaBasset/cambridge/releases/download/v0.3.4/cambridge-win32.zip",
            "hash": "69eade4d797d5a643b309377406b3e7f6f611f5b27e7b215dd9fb10564f0af6d"
        },
        "64bit": {
            "url": "https://github.com/MillaBasset/cambridge/releases/download/v0.3.4/cambridge-windows.zip",
            "hash": "64bbf1e22eb5495fc6668cd401201cd666bf149ef931f1ddd93faa17e85e46e9"
        }
    },
    "shortcuts": [
        [
            "cambridge.exe",
            "Cambridge"
        ]
    ],
    "checkver": {
        "github": "https://github.com/MillaBasset/cambridge"
    },
    "autoupdate": {
        "architecture": {
            "32bit": {
                "url": "https://github.com/MillaBasset/cambridge/releases/download/v$version/cambridge-win32.zip"
            },
            "64bit": {
                "url": "https://github.com/MillaBasset/cambridge/releases/download/v$version/cambridge-windows.zip"
            }
        }
    }
}
