{
    "homepage": "https://cataclysmdda.org",
    "description": "Roguelike in a post-apocalyptic world (with sprite-based graphics)",
    "version": "0.G",
    "license": {
        "identifier": "CC-BY-SA-3.0,GPL-2.0+,OFL-1.0,BSL-1.0,Zlib,MIT,BSD(libbacktrace)",
        "url": "https://github.com/CleverRaven/Cataclysm-DDA/blob/master/LICENSE.txt"
    },
    "architecture": {
        "64bit": {
            "url": "https://github.com/CleverRaven/Cataclysm-DDA/releases/download/0.G/cdda-windows-tiles-x64-2023-03-01-0054.zip",
            "hash": "d55283e881d9d70af4823b2486d776e4bf30f2a4e53e0ebb25f8fd53f4b0d363"
        },
        "32bit": {
            "url": "https://github.com/CleverRaven/Cataclysm-DDA/releases/download/0.G/cdda-windows-tiles-x32-2023-03-01-0054.zip",
            "hash": "e7ca644fbf65463694e7869a01a6b3888bff74579322adb37755a0aaec0fec74"
        }
    },
    "shortcuts": [
        [
            "cataclysm-tiles.exe",
            "Cataclysm DDA\\Cataclysm DDA Tiles"
        ]
    ],
    "persist": [
        "config",
        "save",
        "sound",
        "templates"
    ],
    "checkver": {
        "url": "https://cataclysmdda.org/releases/",
        "regex": "The most recent stable release is ([\\d\\-.A-Z]+)?( )"
    },
    "autoupdate": {
        "architecture": {
            "64bit": {
                "url": "https://github.com/CleverRaven/Cataclysm-DDA/releases/download/$version/cdda-windows-tiles-x64-2023-03-01-0054.zip"
            },
            "32bit": {
                "url": "https://github.com/CleverRaven/Cataclysm-DDA/releases/download/$version/cdda-windows-tiles-x32-2023-03-01-0054.zip"
            }
        }
    }
}
