{
    "version": "2.1.0",
    "description": "Classic overhead run-and-gun game",
    "homepage": "https://cxong.github.io/cdogs-sdl/",
    "license": "GPL-2.0-or-later",
    "url": "https://github.com/cxong/cdogs-sdl/releases/download/2.1.0/C-Dogs.SDL-2.1.0-win32.zip",
    "hash": "5c8138a06a50370642c8e7312ecedf919d8cfc1c959fa7f9439f130262650a46",
    "extract_dir": "C-Dogs.SDL-2.1.0-win32",
    "shortcuts": [
        [
            "bin\\cdogs-sdl.exe",
            "C-Dogs SDL"
        ],
        [
            "bin\\cdogs-sdl-editor.exe",
            "C-Dogs SDL Editor"
        ]
    ],
    "checkver": {
        "github": "https://github.com/cxong/cdogs-sdl"
    },
    "autoupdate": {
        "url": "https://github.com/cxong/cdogs-sdl/releases/download/$version/C-Dogs.SDL-$version-win32.zip",
        "extract_dir": "C-Dogs.SDL-$version-win32"
    }
}
