{
    "version": "1.1.1",
    "description": "Convert Minecraft worlds between Java Edition and Bedrock Edition",
    "homepage": "https://github.com/HiveGamesOSS/Chunker",
    "license": "MIT",
    "url": "https://github.com/HiveGamesOSS/Chunker/releases/download/1.1.1/chunker-cli-windows-x86.zip",
    "hash": "0f6dae2c55097d56f30272fba36da258bf6f57f4fc6c1ceb3eb6fdabc099778c",
    "extract_dir": "chunker-cli",
    "bin": "chunker-cli.exe",
    "checkver": "github",
    "autoupdate": {
        "url": "https://github.com/HiveGamesOSS/Chunker/releases/download/$version/chunker-cli-windows-x86.zip"
    }
}
