{
    "version": "1.1.1",
    "description": "Convert Minecraft worlds between Java Edition and Bedrock Edition",
    "homepage": "https://github.com/HiveGamesOSS/Chunker",
    "license": "MIT",
    "url": "https://github.com/HiveGamesOSS/Chunker/releases/download/1.1.1/Chunker-1.1.1-windows-x86.exe",
    "hash": "46b4e7250818e79dc59085670cab2fe20c1de8ef5b1cb741016f1df3e3f373ac",
    "shortcuts": [
        [
            "Chunker-1.1.1-windows-x86.exe",
            "Chunker"
        ]
    ],
    "checkver": "github",
    "autoupdate": {
        "url": "https://github.com/HiveGamesOSS/Chunker/releases/download/$version/Chunker-$version-windows-x86.exe",
        "shortcuts": [
            [
                "Chunker-$version-windows-x86.exe",
                "Chunker"
            ]
        ]
    }
}
