{
    "version": "6.8.0.0",
    "description": "cnc-ddraw can fix compatibility issues with older games, such as black screen, bad performance, crashes, or defective Alt+Tab. It does this by wrapping DirectDraw to renderers like GDI, OpenGL, or Direct3D 9",
    "homepage": "https://github.com/CnCNet/cnc-ddraw",
    "license": "MIT",
    "notes": [
        "",
        "To use the tool, copy the contents to the game dir of your choice, which utilizes DirectDraw for its rendering.",
        "",
        "If you want to customize the rendering, use 'cnc-ddraw config.exe'",
        ""
    ],
    "url": "https://github.com/CnCNet/cnc-ddraw/releases/download/v6.8.0.0/cnc-ddraw.zip",
    "hash": "61002fcc8bc117a0bd95aabda275104496f578f9711760ac8451dc02d6471f82",
    "checkver": "github",
    "autoupdate": {
        "url": "https://github.com/CnCNet/cnc-ddraw/releases/download/v$version/cnc-ddraw.zip"
    }
}
