{
    "version": "1.80.19",
    "homepage": "https://github.com/CollapseLauncher/Collapse",
    "description": "An advanced open-source launcher for miHoYo games",
    "license": "MIT",
    "url": "https://github.com/CollapseLauncher/Collapse/releases/download/CL-v1.80.19/CL-1.80.19_Portable.7z",
    "hash": "48903a797d90f8601d7f19f2c9051f7cbe8662c76f945bdb996bb5e9242645bc",
    "shortcuts": [
        [
            "CollapseLauncher.exe",
            "Collapse Launcher"
        ]
    ],
    "checkver": {
        "url": "https://api.github.com/repos/CollapseLauncher/Collapse/releases",
        "jsonpath": "$[?(@.prerelease == false)].tag_name",
        "regex": "CL-v(?<version>[\\d.]+)"
    },
    "autoupdate": {
        "url": "https://github.com/CollapseLauncher/Collapse/releases/download/CL-v$matchVersion/CL-$matchVersion_Portable.7z"
    }
}
