{
    "version": "4.18.4.2",
    "description": "Team radio engineer compatible with iRacing, Assetto Corsa, Project Cars, and other racing games",
    "homepage": "https://mr_belowski.gitlab.io/CrewChiefV4/index.html",
    "license": "MIT",
    "url": "https://thecrewchief.org/downloads/CrewChiefV4.msi",
    "hash": "fa73541b62b58c7d82705dfcc6a6af0fb3eb5869f57748eff8e58de06a040b4e",
    "extract_dir": "Britton IT Ltd/CrewChiefV4",
    "bin": "CrewChiefV4.exe",
    "shortcuts": [
        [
            "CrewChiefV4.exe",
            "CrewChiefV4"
        ]
    ],
    "checkver": {
        "url": "https://thecrewchief.org/downloads/change_log_for_auto_updated.html",
        "regex": "Version ([\\d.]+)"
    },
    "autoupdate": {
        "url": "https://thecrewchief.org/downloads/CrewChiefV4.msi"
    }
}
