{
    "version": "3.0.1",
    "description": "Multi-platform port of the Mac OS-only game Cro-Mag Rally",
    "homepage": "https://pangeasoft.net/cromag/",
    "license": "CC-BY-NC-SA-4.0",
    "architecture": {
        "64bit": {
            "url": "https://github.com/jorio/CroMagRally/releases/download/3.0.1/CroMagRally-3.0.1-windows-x64.zip",
            "hash": "94e6491d7d40ffe0e401096b126a370e3712036f73e5e0a2eb0ca9e13e6dac39"
        }
    },
    "extract_dir": "CroMagRally-3.0.1",
    "shortcuts": [
        [
            "CroMagRally.exe",
            "Cro-Mag Rally"
        ]
    ],
    "checkver": {
        "github": "https://github.com/jorio/CroMagRally/"
    },
    "autoupdate": {
        "architecture": {
            "64bit": {
                "url": "https://github.com/jorio/CroMagRally/releases/download/$version/CroMagRally-$version-windows-x64.zip",
                "extract_dir": "CroMagRally-$version"
            }
        }
    }
}
