{
    "version": "2.1.2",
    "description": "Counter-Strike 2 companion that automates in-game tasks, such as accepting match, buying items and more",
    "homepage": "https://csauto.vercel.app",
    "license": "BSD-3-Clause",
    "shortcuts": [
        [
            "CSAuto.exe",
            "CSAuto"
        ]
    ],
    "persist": [
        ".conf",
        "DEBUG"
    ],
    "checkver": {
        "github": "https://github.com/MurkyYT/CSAuto"
    },
    "url": "https://github.com/MurkyYT/CSAuto/releases/download/2.1.2/CSAuto_Portable.zip",
    "hash": "05e4d9cd70a05a6e88269cf8f296d578bed59a421abc9182fc3716c23ad4e9ef",
    "pre_install": [
        "if (!(Test-Path \"$persist_dir\\.conf\")) {",
        "    New-Item -Path \"$dir\\.conf\" | Out-Null",
        "}"
    ],
    "autoupdate": {
        "url": "https://github.com/MurkyYT/CSAuto/releases/download/$version/CSAuto_Portable.zip"
    }
}
