{
    "version": "f9449d0",
    "description": "Microsoft Xbox emulator",
    "homepage": "https://cxbx-reloaded.co.uk/",
    "license": {
        "identifier": "GPL-2.0",
        "url": "https://github.com/Cxbx-Reloaded/Cxbx-Reloaded/blob/master/COPYING"
    },
    "url": "https://github.com/Cxbx-Reloaded/Cxbx-Reloaded/releases/download/CI-f9449d0/CxbxReloaded-Release-VS2022.zip",
    "hash": "defb73314bf6d49293d89c043ca9c3dddd84667d27912953fd08a98605ab6831",
    "pre_install": "if (!(Test-Path \"$persist_dir\\settings.ini\")) { $null = New-Item \"$dir\\settings.ini\" }",
    "bin": "cxbx.exe",
    "shortcuts": [
        [
            "cxbx.exe",
            "Cxbx-Reloaded"
        ]
    ],
    "persist": [
        "EmuDisk",
        "settings.ini"
    ],
    "checkver": {
        "url": "https://github.com/Cxbx-Reloaded/Cxbx-Reloaded/releases.atom",
        "regex": "CI-([a-f\\d]+)."
    },
    "autoupdate": {
        "url": "https://github.com/Cxbx-Reloaded/Cxbx-Reloaded/releases/download/CI-$version/CxbxReloaded-Release-VS2022.zip"
    }
}
