{
    "version": "nightly",
    "description": "Modern Quake source port with advanced graphics capabilities",
    "homepage": "https://icculus.org/twilight/darkplaces/",
    "license": "GPL-2.0-or-later",
    "notes": [
        "Place game data files (such as pak0.pak and pak1.pak) in:",
        "",
        "- Quake:",
        "    $persist_dir\\id1\\",
        "",
        "- Quake Mission Pack 1 - Scourge of Armagon:",
        "    $persist_dir\\hipnotic\\",
        "",
        "- Quake Mission Pack 2 - Dissolution of Eternity:",
        "    $persist_dir\\rogue\\",
        "",
        "- Quake Mission Pack 3 - Abyss of Pandemonium:",
        "    $persist_dir\\abyss\\"
    ],
    "architecture": {
        "32bit": {
            "url": "https://icculus.org/twilight/darkplaces/files/darkplacesenginewindowsonlyautobuild.zip"
        },
        "64bit": {
            "url": "https://icculus.org/twilight/darkplaces/files/darkplacesenginewindows64onlyautobuild.zip"
        }
    },
    "shortcuts": [
        [
            "darkplaces-sdl.exe",
            "DarkPlaces (Quake)",
            "-game id1"
        ],
        [
            "darkplaces-sdl.exe",
            "DarkPlaces (Quake - Scourge of Armagon)",
            "-game hipnotic"
        ],
        [
            "darkplaces-sdl.exe",
            "DarkPlaces (Quake - Dissolution of Eternity)",
            "-game rogue"
        ],
        [
            "darkplaces-sdl.exe",
            "DarkPlaces (Quake - Abyss of Pandemonium)",
            "-game abyss"
        ]
    ],
    "persist": [
        "id1",
        "hipnotic",
        "rogue",
        "abyss"
    ]
}
