{
    "version": "18.5",
    "description": "DDraceNetwork, a free cooperative platformer game",
    "homepage": "https://ddnet.org/",
    "license": "Zlib",
    "architecture": {
        "64bit": {
            "url": "https://ddnet.org/downloads/DDNet-18.5-win64.zip",
            "hash": "250d15aba811b235621330e57fb94db53d36cff5f7b7f89cd73b4b1874da701e",
            "extract_dir": "DDNet-18.5-win64"
        },
        "32bit": {
            "url": "https://ddnet.org/downloads/DDNet-18.5-win32.zip",
            "hash": "227ec63013c717d2937e9e28b722e229512c88e0978d4c641150a8d53e878ca9",
            "extract_dir": "DDNet-18.5-win32"
        }
    },
    "checkver": {
        "url": "https://ddnet.org/downloads/",
        "regex": "DDNet-([\\d.]+)-"
    },
    "autoupdate": {
        "architecture": {
            "64bit": {
                "url": "https://ddnet.org/downloads/DDNet-$version-win64.zip",
                "extract_dir": "DDNet-$version-win64"
            },
            "32bit": {
                "url": "https://ddnet.org/downloads/DDNet-$version-win32.zip",
                "extract_dir": "DDNet-$version-win32"
            }
        },
        "hash": {
            "url": "https://ddnet.org/downloads/sha256sums.txt",
            "regex": ""
        }
    },
    "shortcuts": [
        [
            "DDNet.exe",
            "DDNet"
        ]
    ]
}
