{
    "version": "07_280418",
    "description": "Dreamcast, Naomi, Atomiswave, Hikaru, other SuperH or PowerVR 2-based systems emulator",
    "homepage": "http://demul.emulation64.com/",
    "license": "Freeware",
    "suggest": {
        "gdidrop": "gdidrop"
    },
    "url": "http://demul.emulation64.com/files/demul07_280418.7z",
    "hash": "ae3f11ed5d36c4f327b3428b8947181284a7f9ae302d811852d4d7a4e9af9148",
    "pre_install": [
        "'Demul.ini' | ForEach-Object {",
        "   if (!(Test-Path \"$dir\\$_\")) {",
        "       New-Item -ItemType File \"$dir\\$_\" | Out-Null",
        "   }",
        "}"
    ],
    "bin": "demul.exe",
    "shortcuts": [
        [
            "demul.exe",
            "DEmul"
        ]
    ],
    "persist": [
        "Demul.ini",
        "gdrCHD.ini",
        "gdrImage.ini",
        "gpuDX11.ini",
        "netDemul.ini",
        "padDemul.ini",
        "spuDemul.ini",
        "memsaves",
        "nvram",
        "roms",
        "snap",
        "sstates"
    ],
    "checkver": {
        "url": "http://demul.emulation64.com/downloads/",
        "regex": "demul([\\d\\._]+)\\.7z"
    },
    "autoupdate": {
        "url": "http://demul.emulation64.com/files/demul$version.7z"
    }
}
