{
    "version": "13.1",
    "description": "Hook into (mostly) emulators to allow playing rail shooter games with up to 4 lightguns or HID devices",
    "homepage": "https://github.com/argonlefou/DemulShooter",
    "license": "Unknown",
    "notes": [
        "",
        "The usage instructions for the app can be found here: https://github.com/argonlefou/DemulShooter/wiki/Usage",
        ""
    ],
    "url": "https://github.com/argonlefou/DemulShooter/releases/download/v13.1/DemulShooter_v13.1.zip",
    "hash": "f3124b3dd03e5231089458f66c9c2191fe817117c01366b2e45f63a28701fcab",
    "pre_install": "if (!(Test-Path \"$persist_dir\\config.ini\")) { New-Item -ItemType File \"$dir\\config.ini\" | Out-Null }",
    "shortcuts": [
        [
            "DemulShooter_GUI.exe",
            "DemulShooter"
        ]
    ],
    "persist": "config.ini",
    "checkver": "github",
    "autoupdate": {
        "url": "https://github.com/argonlefou/DemulShooter/releases/download/v$version/DemulShooter_v$version.zip"
    }
}
