{
    "version": "2.83",
    "description": "Glide/DirectX implementation on D3D11/12. Play your old Glide and DirectX games even on the latest, modern versions of Windows.",
    "homepage": "https://github.com/dege-diosg/dgVoodoo2",
    "license": "http://dege.freeweb.hu/dgVoodoo2/ReadmeGeneral/#redistributionrights",
    "notes": [
        "",
        "A guide for using the software can be found here: https://www.pcgamingwiki.com/wiki/DgVoodoo_2",
        "",
        "Basically, you take the DLLs for whatever API you need to convert and copy them to the directory of the application you want to run - usually where the EXE file is located, otherwise where you find other DLL files.",
        "",
        "If you want to create a unique configuration for a particular app, use the Add button up to the right in dgVoodoo's control panel.",
        "",
        "This will create a configuration file in the selected directory, and you can then use the drop-down list at the top of the window to choose which one to configure.",
        "",
        "If an app doesn't have a configuration file, it will use the one found in AppData.",
        "",
        "IMPORTANT: Remember to copy the corresponding DLL files again whenever dgVoodoo is updated; the settings set in the control panel only applies to the DLLs of the current version!",
        ""
    ],
    "shortcuts": [
        [
            "dgVoodooCpl.exe",
            "dgVoodoo"
        ]
    ],
    "url": "https://github.com/dege-diosg/dgVoodoo2/releases/download/v2.83/dgVoodoo2_83.zip",
    "hash": "9c162d1189764b24412e39e7219e802b2b2a63488f1c7ab6332a23ef02a0cf25",
    "checkver": "github",
    "autoupdate": {
        "url": "https://github.com/dege-diosg/dgVoodoo2/releases/download/v$version/dgVoodoo$underscoreVersion.zip"
    }
}
