{
    "version": "2409",
    "description": "Nintendo GameCube and Wii emulator, with enhancements and Netplay",
    "homepage": "https://dolphin-emu.org/",
    "license": {
        "identifier": "GPL-2.0-or-later",
        "url": "https://github.com/dolphin-emu/dolphin/blob/master/COPYING"
    },
    "suggest": {
        "Microsoft Visual C++ Runtime 2019": "extras/vcredist2019"
    },
    "architecture": {
        "64bit": {
            "url": "https://dl.dolphin-emu.org/releases/2409/dolphin-2409-x64.7z",
            "hash": "1135b7a37e53433ea4fb3c6458804a4370f84ac56a332bcbe2a22ab60ac96f2d",
            "extract_dir": "Dolphin-x64"
        },
        "arm64": {
            "url": "https://dl.dolphin-emu.org/releases/2409/dolphin-2409-ARM64.7z",
            "hash": "098386eb16ec21379fecd67ea4840c32e85b9769f6184b31ef8e33f4b0dd4dc5",
            "extract_dir": "Dolphin-ARM64"
        }
    },
    "pre_install": [
        "$appdataPath = \"$Env:AppData\\Dolphin Emulator\"",
        "if ((Test-Path -Path $appdataPath\\*) -and (!(Test-Path -Path $persist_dir\\*))) {",
        "   Write-Warning \"Migrating AppData...\"",
        "   New-Item -Type Directory -Path $persist_dir\\User -Force | Out-Null",
        "   Copy-Item -Recurse -Force $appdataPath\\* -Destination $persist_dir\\User\\",
        "}"
    ],
    "post_install": "Set-Content -Value $null -Path \"$dir\\portable.txt\"",
    "bin": [
        "Dolphin.exe",
        "DolphinTool.exe"
    ],
    "shortcuts": [
        [
            "Dolphin.exe",
            "Dolphin"
        ]
    ],
    "persist": "User",
    "checkver": {
        "url": "https://dolphin-emu.org/download/",
        "regex": "https://dl.dolphin-emu.org/releases/(?<version>[\\d]+)/"
    },
    "autoupdate": {
        "architecture": {
            "64bit": {
                "url": "https://dl.dolphin-emu.org/releases/$version/dolphin-$version-x64.7z"
            },
            "arm64": {
                "url": "https://dl.dolphin-emu.org/releases/$version/dolphin-$version-ARM64.7z"
            }
        }
    }
}
