{
    "version": "5.5.1",
    "description": "A classic redefined DOOM source port",
    "homepage": "https://www.doomretro.com/",
    "license": "GPL-3.0-or-later",
    "notes": [
        "",
        "ATTENTION: DOOM Retro requires WAD files, e.g. from a commercial DOOM copy (DOOM 1, 2, Ultimate DOOM, etc).",
        "",
        "Place the WAD files in the _doom directory which is under your persist dir.",
        "",
        "If you want to bind controls in the config file, here are some examples:",
        "",
        "bind capslock +alwaysrun",
        "bind 's' +back",
        "bind mouse1 +fire",
        "",
        "Basically, it's: bind control +action, where singular letters and signs need to have apostrophes surrounding them in the config file.",
        "",
        "See the corresponding wiki section here for reference: https://github.com/bradharding/doomretro/wiki/CONSOLE-COMMANDS#ACTIONS",
        ""
    ],
    "architecture": {
        "32bit": {
            "url": "https://github.com/bradharding/doomretro/releases/download/v5.5.1/doomretro-5.5.1-win32.zip",
            "hash": "7b50bfe99b6a9d92d476f5497c976e14f90bc93a09cb766646e5db8ecd82cb7a"
        },
        "64bit": {
            "url": "https://github.com/bradharding/doomretro/releases/download/v5.5.1/doomretro-5.5.1-win64.zip",
            "hash": "e69c263b74537f693e302dd2e19e44273335ed14dfbce0c9d39378247d19a278"
        }
    },
    "pre_install": [
        "if (!(Test-Path \"$persist_dir\\doomretro.cfg\")) {",
        "   New-Item -ItemType File \"$dir\\doomretro.cfg\" | Out-Null",
        "}",
        "if (!(Test-Path \"$scoopdir\\persist\\_doom\")) {",
        "   New-item \"$scoopdir\\persist\\_doom\" -ItemType Directory | Out-Null",
        "}"
    ],
    "bin": "doomretro.exe",
    "shortcuts": [
        [
            "doomretro.exe",
            "DOOM Retro"
        ]
    ],
    "persist": [
        "savegames",
        "screenshots",
        "doomretro.cfg"
    ],
    "checkver": {
        "github": "https://github.com/bradharding/doomretro/"
    },
    "autoupdate": {
        "architecture": {
            "32bit": {
                "url": "https://github.com/bradharding/doomretro/releases/download/v$version/doomretro-$version-win32.zip"
            },
            "64bit": {
                "url": "https://github.com/bradharding/doomretro/releases/download/v$version/doomretro-$version-win64.zip"
            }
        }
    }
}
