{
    "version": "1.8.2",
    "description": "Modern preset-oriented graphical launcher of ZDoom and derivatives",
    "homepage": "https://github.com/Youda008/DoomRunner",
    "license": "GPL-3.0-only",
    "architecture": {
        "64bit": {
            "url": "https://github.com/Youda008/DoomRunner/releases/download/v1.8.2/DoomRunner-1.8.2-Windows-64bit-static.zip",
            "hash": "1f60ad9ae0c70b9c9e58e70c7c5bff2ad1f7c1a623cae97e9c40bbc60836f0ad"
        },
        "32bit": {
            "url": "https://github.com/Youda008/DoomRunner/releases/download/v1.8.2/DoomRunner-1.8.2-Windows-32bit-static.zip",
            "hash": "7899eaf8efb95b210ea90a2e29a6c53394ae6f3facb50d7b346d20562dae13d1"
        }
    },
    "pre_install": [
        "# Create options.json if it does not exist",
        "if (!(Test-Path \"$persist_dir\\options.json\")) {",
        "    Set-Content -Path \"$dir\\options.json\" -Value \"{}\"",
        "}"
    ],
    "shortcuts": [
        [
            "DoomRunner.exe",
            "Doom Runner"
        ]
    ],
    "persist": "options.json",
    "checkver": "github",
    "autoupdate": {
        "architecture": {
            "64bit": {
                "url": "https://github.com/Youda008/DoomRunner/releases/download/v$version/DoomRunner-$version-Windows-64bit-static.zip"
            },
            "32bit": {
                "url": "https://github.com/Youda008/DoomRunner/releases/download/v$version/DoomRunner-$version-Windows-32bit-static.zip"
            }
        }
    }
}
