{
    "version": "3.0.1",
    "description": "A Windows-based emulator for classic LucasArts SCUMM adventure games, from Maniac Mansion through The Curse of Monkey Island and everything in-between.",
    "homepage": "https://aarongiles.com/dreamm/",
    "license": "Freeware",
    "architecture": {
        "64bit": {
            "url": "https://aarongiles.com/dreamm/releases/dreamm-3.0.1-win32-x64.zip",
            "hash": "4b955b6f5511f3a53503c901b357a98cb40e7b508c401d3083de1ae2afe94cc2"
        },
        "arm64": {
            "url": "https://aarongiles.com/dreamm/releases/dreamm-3.0.1-win32-arm64.zip",
            "hash": "79b378b477d4453156ebea1d81e4b0b37cf4dedf864c58fc037e9ee61f24146d"
        }
    },
    "pre_install": [
        "if (!(Test-Path \"$persist_dir\\config.json\")) {",
        "   New-Item -Path \"$dir\" -Name \"config.json\" -ItemType File | Out-Null",
        "}"
    ],
    "shortcuts": [
        [
            "dreamm.exe",
            "DREAMM"
        ]
    ],
    "persist": [
        "config.json",
        "install",
        "gamefiles",
        "sounddata",
        "screenshots"
    ],
    "checkver": "Current Release: ([\\d.]+)",
    "autoupdate": {
        "architecture": {
            "64bit": {
                "url": "https://aarongiles.com/dreamm/releases/dreamm-$version-win32-x64.zip"
            },
            "arm64": {
                "url": "https://aarongiles.com/dreamm/releases/dreamm-$version-win32-arm64.zip"
            }
        }
    }
}
