{
    "version": "20240910-g338fb27",
    "description": "A fast PlayStation 1 emulator for PC and Android (preview build)",
    "homepage": "https://github.com/stenzek/duckstation/",
    "license": {
        "identifier": "GPL-3.0-only",
        "url": "https://github.com/stenzek/duckstation/blob/master/LICENSE"
    },
    "notes": [
        "ATTENTION: Duckstation requires a PSX BIOS to function.",
        "Place the BIOS file in $persist_dir\\bios",
        "Learn more at: https://www.duckstation.org/wiki/BIOS"
    ],
    "url": "https://github.com/stenzek/duckstation/releases/download/preview/duckstation-windows-x64-release.zip",
    "hash": "0a0d7eec9a88e3388bfec193dee2ca25b94882453f269748891090e8a0ef3cd7",
    "installer": {
        "script": [
            "New-item \"$dir\\portable.txt\" -ItemType File | Out-Null",
            "if (!(Test-Path \"$persist_dir\")) {",
            "  '[Main]', 'SettingsVersion = 3', '[AutoUpdater]', 'CheckAtStartup = false' | Set-Content \"$dir\\settings.ini\"",
            "}"
        ]
    },
    "uninstaller": {
        "script": "Copy-Item \"$dir\\settings.ini\" \"$persist_dir\" -ErrorAction SilentlyContinue -Force"
    },
    "shortcuts": [
        [
            "duckstation-qt-x64-ReleaseLTCG.exe",
            "DuckStation (preview)"
        ]
    ],
    "persist": [
        "bios",
        "cache",
        "cheats",
        "covers",
        "dump",
        "gamesettings",
        "inputprofiles",
        "memcards",
        "savestates",
        "screenshots",
        "shaders",
        "textures",
        "settings.ini"
    ],
    "checkver": {
        "url": "https://github.com/stenzek/duckstation/releases/tag/preview",
        "regex": " datetime=\"(?<year>[0-9]{4})-(?<month>[0-9]{2})-(?<day>[0-9]{2})[\\s\\S]*?.*duckstation/commit/(?<commit>[0-9a-f]{7})",
        "replace": "${year}${month}${day}-g${commit}"
    },
    "autoupdate": {
        "url": "https://github.com/stenzek/duckstation/releases/download/preview/duckstation-windows-x64-release.zip"
    }
}
