{
    "version": "1.97.13",
    "description": "Digital collectible card game and turn-based strategy hybrid",
    "homepage": "https://github.com/open-duelyst/duelyst",
    "license": "CC0-1.0",
    "architecture": {
        "64bit": {
            "url": "https://github.com/open-duelyst/duelyst/releases/download/1.97.13/duelyst-desktop-v1.97.13-windows-x64.zip",
            "hash": "bf16341bf968670aa7acf6dccf9009908ce94e65eaee89e9ab2f4820d413ada0"
        }
    },
    "shortcuts": [
        [
            "Duelyst.exe",
            "Duelyst"
        ]
    ],
    "checkver": "github",
    "autoupdate": {
        "architecture": {
            "64bit": {
                "url": "https://github.com/open-duelyst/duelyst/releases/download/$version/duelyst-desktop-v$version-windows-x64.zip"
            }
        }
    }
}
