{
    "version": "1.1.7",
    "description": "Download, install and update Minecraft Dungeons",
    "homepage": "https://github.com/Aetopia/DungeonsUpdater",
    "license": "GPL-3.0-only",
    "architecture": {
        "64bit": {
            "url": "https://github.com/Aetopia/DungeonsUpdater/releases/download/v1.1.7/DungeonsUpdater.exe",
            "hash": "9c154001c09922813f697057d0830891b51e6d21ac7e479ced0480fcb6ec28cb"
        }
    },
    "shortcuts": [
        [
            "DungeonsUpdater.exe",
            "Dungeons Updater"
        ]
    ],
    "persist": "Content",
    "checkver": {
        "url": "https://api.github.com/repos/Aetopia/DungeonsUpdater/releases/latest",
        "jsonpath": "$.tag_name",
        "regex": "v([\\d.]+)"
    },
    "autoupdate": {
        "architecture": {
            "64bit": {
                "url": "https://github.com/Aetopia/DungeonsUpdater/releases/download/v$version/DungeonsUpdater.exe"
            }
        }
    }
}
