{
    "version": "50.13",
    "description": "Indie construction and management game",
    "homepage": "http://www.bay12games.com/dwarves",
    "license": "Custom",
    "url": "http://www.bay12games.com/dwarves/df_50_13_win.zip",
    "hash": "22044c76d291b2e4863a29ecb946a9955f09d30ebd9a38e930f68bad4e9c7549",
    "shortcuts": [
        [
            "Dwarf Fortress.exe",
            "Dwarf Fortress"
        ]
    ],
    "persist": [
        "mods",
        "prefs",
        "save"
    ],
    "checkver": {
        "url": "http://www.bay12games.com/dwarves",
        "re": "DWARF FORTRESS CLASSIC ([\\d\\.]+)"
    },
    "autoupdate": {
        "url": "http://www.bay12games.com/dwarves/df_$underscoreVersion_win.zip"
    }
}
