{
    "version": "1.1.6900.22",
    "description": "Wrapper for legacy DirectX APIs to fix compatibility issues with old games",
    "homepage": "https://github.com/elishacloud/dxwrapper",
    "license": "Zlib",
    "notes": [
        "",
        "For installation, see the instructions here: https://github.com/elishacloud/dxwrapper#installation",
        ""
    ],
    "url": "https://github.com/elishacloud/dxwrapper/releases/download/v1.1.6900.22/dxwrapper.zip",
    "hash": "f8b14426a7e4591685bf1d36f6292ce891e4dee56c79022331d2ab627f2c3fbd",
    "checkver": "github",
    "autoupdate": {
        "url": "https://github.com/elishacloud/dxwrapper/releases/download/v$version/dxwrapper.zip"
    }
}
