{
    "version": "0.8",
    "description": "Program that allows to play games created with RPG Maker 2000 and 2003",
    "homepage": "https://easyrpg.org/player/",
    "license": "GPL-3.0-or-later",
    "architecture": {
        "64bit": {
            "url": "https://easyrpg.org/downloads/player/0.8/easyrpg-player-0.8-windows-x64.zip",
            "hash": "3f328bdc60d213fca32252f152321e8a3fb6b28862486c0f18dcab7b4832a7f8"
        },
        "32bit": {
            "url": "https://easyrpg.org/downloads/player/0.8/easyrpg-player-0.8-windows.zip",
            "hash": "985fceed5e2c6146a70f844fd02577e59270cc9b63ea59fc0a59a187c0456146"
        }
    },
    "bin": "Player.exe",
    "shortcuts": [
        [
            "Player.exe",
            "EasyRPG Player"
        ]
    ],
    "checkver": {
        "github": "https://github.com/EasyRPG/Player"
    },
    "autoupdate": {
        "architecture": {
            "64bit": {
                "url": "https://easyrpg.org/downloads/player/$version/easyrpg-player-$version-windows-x64.zip"
            },
            "32bit": {
                "url": "https://easyrpg.org/downloads/player/$version/easyrpg-player-$version-windows.zip"
            }
        }
    }
}
