{
    "version": "20240725-10593-19c21b9ab",
    "description": "Modern source port for Duke Nukem 3D",
    "homepage": "https://www.eduke32.com/",
    "license": "http://www.eduke32.com/buildlic.txt",
    "notes": [
        "Place GRP and RTS files (game data) in:",
        "",
        "    $persist_dir\\data",
        "",
        "Place mods, music packs, and other files to auto-load in:",
        "",
        "    $persist_dir\\autoload"
    ],
    "architecture": {
        "32bit": {
            "url": "https://dukeworld.com/eduke32/synthesis/20240725-10593-19c21b9ab/eduke32_win32_20240725-10593-19c21b9ab.7z",
            "hash": "ccdb1aa895f9fb3fb60370be7c6f5ac75feeb725a8e18a3ba461158e539f07fe"
        },
        "64bit": {
            "url": "https://dukeworld.com/eduke32/synthesis/20240725-10593-19c21b9ab/eduke32_win64_20240725-10593-19c21b9ab.7z",
            "hash": "017fbb832f147fed0a32076a5a864013f90699221a7a32e6019c6c89ff6a5a70"
        }
    },
    "pre_install": [
        "New-Item -Path $dir -Name eduke32.cfg -ItemType File -ErrorAction Ignore | Out-Null",
        "New-Item -Path $dir -Name settings.cfg -ItemType File -ErrorAction Ignore | Out-Null"
    ],
    "bin": [
        [
            "eduke32.exe",
            "eduke32",
            "-j $persist_dir\\data"
        ]
    ],
    "shortcuts": [
        [
            "eduke32.exe",
            "EDuke32",
            "-j data"
        ]
    ],
    "persist": [
        "autoload",
        "data",
        "eduke32.cfg",
        "settings.cfg"
    ],
    "checkver": {
        "url": "https://dukeworld.com/eduke32/synthesis/",
        "regex": "<strong>(\\d{8}-\\d{4,}-[a-z0-9]{9})</strong>"
    },
    "autoupdate": {
        "architecture": {
            "32bit": {
                "url": "https://dukeworld.com/eduke32/synthesis/$version/eduke32_win32_$version.7z"
            },
            "64bit": {
                "url": "https://dukeworld.com/eduke32/synthesis/$version/eduke32_win64_$version.7z"
            }
        }
    }
}
