{
    "version": "1.30",
    "description": "A puzzle game inspired by Oxyd on the Atari ST and Rock'n'Roll on the Amiga",
    "homepage": "https://www.nongnu.org/enigma/index.html",
    "license": "GPL-2.0-or-later | LGPL-2.1-or-later",
    "url": "https://github.com/Enigma-Game/Enigma/releases/download/1.30/Enigma-1.30-windows10.zip",
    "hash": "caab7ec85f126acfc84434366544722b1adb809d4cf109fbed8a092cf5fd99d4",
    "extract_dir": "Enigma-1.30",
    "bin": "enigma.exe",
    "shortcuts": [
        [
            "enigma.exe",
            "Enigma"
        ]
    ],
    "checkver": {
        "github": "https://github.com/Enigma-Game/Enigma"
    },
    "autoupdate": {
        "url": "https://github.com/Enigma-Game/Enigma/releases/download/$version/Enigma-$version-windows10.zip",
        "hash": {
            "url": "https://www.nongnu.org/enigma/download.html",
            "regex": "(?sm)<b>Windows</b>.+?\\.zip file.+?<li>sha256 - $sha256</li>"
        },
        "extract_dir": "Enigma-$version"
    }
}
