{
    "version": "15.17.1",
    "homepage": "https://store.epicgames.com/",
    "description": "The official launcher for Epic Games Store",
    "license": {
        "identifier": "Freeware",
        "url": "https://www.epicgames.com/site/en-US/tos"
    },
    "url": "https://epicgames-download1.akamaized.net/Builds/UnrealEngineLauncher/Installers/Win32/EpicInstaller-15.17.1.msi#/setup.msi_",
    "hash": "6f3f486d7a8409fc174198818c039152c6268bd9fdf210ee6be1c91bf832b7e9",
    "post_install": [
        "if (!(is_admin)) {error \"$app requires admin rights to $cmd\"; break}",
        "Start-Process 'msiexec' -Wait -Verb 'RunAs' -ArgumentList @('/i', \"$dir\\setup.msi_\", '/qn', \"INSTALLDIR=$dir\", \"TARGETDIR=$dir\")",
        "Stop-Service -Name 'EpicOnlineServices' -Force -ErrorAction 'SilentlyContinue'; Stop-Process -Name 'EpicGamesLauncher' -Force -ErrorAction 'SilentlyContinue'"
    ],
    "pre_uninstall": [
        "if (!(is_admin)) {error \"$app requires admin rights to $cmd\"; break}",
        "Stop-Service -Name 'EpicOnlineServices' -Force -ErrorAction 'SilentlyContinue'; Stop-Process -Name 'EpicGamesLauncher' -Force -ErrorAction 'SilentlyContinue'",
        "Start-Process 'msiexec' -Wait -Verb 'RunAs' -ArgumentList @('/x', \"$dir\\setup.msi_\", '/qn'); Start-Sleep -Seconds 3",
        "Remove-Item \"$env:LOCALAPPDATA\\Epic Online Services\" -Force -Recurse -ErrorAction 'SilentlyContinue'"
    ],
    "checkver": {
        "url": "https://scoop.sh",
        "useragent": "$app/$version",
        "script": [
            "$redirUrl = [System.Net.HttpWebRequest]::Create(",
            "'https://launcher-public-service-prod06.ol.epicgames.com/launcher/api/installer/download/EpicGamesLauncherInstaller.msi'",
            ").GetResponse().ResponseUri.AbsoluteUri;",
            "return $redirUrl"
        ],
        "regex": "EpicInstaller-([\\d.]+).msi"
    },
    "autoupdate": {
        "url": "https://epicgames-download1.akamaized.net/Builds/UnrealEngineLauncher/Installers/Win32/EpicInstaller-$version.msi#/setup.msi_"
    }
}
