{
    "version": "5.0.8995.7689",
    "description": "Third-party industry program for EVE Online",
    "homepage": "http://eveiph.github.io/",
    "license": {
        "identifier": "Unknown",
        "url": "https://github.com/EVEIPH/EVE-IPH-Update-Program/raw/master/Licence.txt"
    },
    "hash": "6331dc214ddada70c7172853dc1df2cbc8d69a3a109c1249620a19326cfa7f60",
    "url": "https://github.com/EVEIPH/LatestFiles/raw/master/EVEIPH%20Binaries.zip",
    "bin": "EVE Isk per Hour.exe",
    "shortcuts": [
        [
            "EVE Isk per Hour.exe",
            "EVE Isk per Hour"
        ]
    ],
    "checkver": {
        "url": "https://raw.githubusercontent.com/EVEIPH/LatestFiles/master/Patch%20Notes.txt",
        "regex": "Build ([0-9]+(.[0-9]+)+)"
    },
    "autoupdate": {
        "url": "https://github.com/EVEIPH/LatestFiles/raw/master/EVEIPH%20Binaries.zip",
        "hash": {
            "mode": "download"
        }
    }
}
