{
    "version": "1.35",
    "homepage": "https://github.com/Slazanger/SMT",
    "license": "MIT",
    "description": "Slazanger's Eve Map Tool",
    "url": "https://github.com/Slazanger/SMT/releases/download/SMT_135/SMT_1.35.zip",
    "hash": "01241347933b88a26e752d80ba5e0828a83aaac9a3d3f373b8026754175e7f0c",
    "bin": "SMT.exe",
    "shortcuts": [
        [
            "SMT.exe",
            "SMT"
        ]
    ],
    "checkver": {
        "url": "https://github.com/Slazanger/SMT/releases.atom",
        "regex": "SMT ([\\d.]+)"
    },
    "autoupdate": {
        "url": "https://github.com/Slazanger/SMT/releases/download/SMT_$cleanVersion/SMT_$version.zip",
        "hash": {
            "mode": "download"
        }
    }
}
