{
    "version": "4.2.2",
    "homepage": "https://github.com/mgoeppner/evemon",
    "license": "GPL-2.0-only",
    "description": "Lightweight, easy-to-use standalone Windows application designed to assist you in keeping track of your EVE Online character progression",
    "url": "https://github.com/mgoeppner/evemon/releases/download/4.2.2/EVEMon-binaries-4.2.2.zip",
    "hash": "35fe49eab245280dc86db64fa2f08d43e44988b948a611d6c87bd484ead321d1",
    "extract_dir": "EVEMon",
    "bin": "EVEMon.exe",
    "shortcuts": [["EVEMon.exe", "EVEMon"]],
    "checkver": {
        "github": "https://github.com/mgoeppner/evemon",
        "regex": "tag/([\\w.-]+)"
    },
    "autoupdate": {
        "url": "https://github.com/mgoeppner/evemon/releases/download/$version/EVEMon-binaries-$version.zip",
        "hash": {
            "mode": "download"
        }
    }
}
