{
    "version": "0.8.3",
    "description": "High-speed arctic racing game based on Tux Racer",
    "homepage": "https://sourceforge.net/projects/extremetuxracer/",
    "license": "GPL-2.0-or-later",
    "depends": "extras/vcredist2015",
    "architecture": {
        "64bit": {
            "url": "https://downloads.sourceforge.net/project/extremetuxracer/releases/0.8.3/ExtremeTuxRacer_0.8.3_x64.msi",
            "hash": "sha1:f35f85b85a66769010fc76b0b9fd32c04246ad1a"
        }
    },
    "extract_dir": "PFiles\\Extreme TuxRacer",
    "shortcuts": [
        [
            "ExtremeTuxRacer.exe",
            "Extreme Tux Racer"
        ]
    ],
    "checkver": {
        "regex": "ExtremeTuxRacer_([\\d.-]+)_x[\\d]{2}\\.msi"
    },
    "autoupdate": {
        "architecture": {
            "64bit": {
                "url": "https://downloads.sourceforge.net/project/extremetuxracer/releases/$version/ExtremeTuxRacer_$version_x64.msi"
            }
        }
    }
}
