{
    "version": "4.7.0",
    "description": "Fast and multi-source CLI program for managing Minecraft mods and modpacks from Modrinth, CurseForge, and Github Releases",
    "homepage": "https://github.com/gorilla-devs/ferium",
    "license": "MPL-2.0",
    "architecture": {
        "64bit": {
            "url": "https://github.com/gorilla-devs/ferium/releases/download/v4.7.0/ferium-windows-msvc.zip",
            "hash": "fe4a1db897914ffa21610c9107d71afbb10083fba4840e258857050bdb7e2479"
        }
    },
    "bin": "ferium.exe",
    "checkver": "github",
    "autoupdate": {
        "architecture": {
            "64bit": {
                "url": "https://github.com/gorilla-devs/ferium/releases/download/v$version/ferium-windows-msvc.zip"
            }
        },
        "hash": {
            "url": "$url.sha256"
        }
    }
}
