{
    "version": "8.13.5",
    "description": "Uploads FFXIV game logs sourced from Advanced Combat Tracker",
    "homepage": "https://www.fflogs.com",
    "license": "Unknown",
    "url": "https://github.com/RPGLogs/Uploaders-fflogs/releases/download/v8.13.5/fflogs-v8.13.5.exe#/dl.7z",
    "architecture": {
        "64bit": {
            "pre_install": "Expand-7zipArchive \"$dir\\`$PLUGINSDIR\\app-64.7z\" \"$dir\""
        },
        "32bit": {
            "pre_install": "Expand-7zipArchive \"$dir\\`$PLUGINSDIR\\app-32.7z\" \"$dir\""
        }
    },
    "hash": "sha512:45350d109b33a832bab2b10712cdf752b047c0e8d7a58182bebf3aef293c011dee6473cb2e4ee1cece765503afcff24fd818b8421a45465d08f5cecb280be243",
    "post_install": "Remove-Item \"$dir\\`$*\", \"$dir\\Uninstall*\" -Recurse",
    "bin": "FF Logs Uploader.exe",
    "shortcuts": [
        [
            "FF Logs Uploader.exe",
            "FF Logs Uploader"
        ]
    ],
    "checkver": {
        "github": "https://github.com/RPGLogs/Uploaders-fflogs"
    },
    "autoupdate": {
        "url": "https://github.com/RPGLogs/Uploaders-fflogs/releases/download/v$version/fflogs-v$version.exe#/dl.7z",
        "hash": {
            "url": "$baseurl/latest.yml",
            "find": "sha512:\\s+(.*)"
        }
    }
}
