{
    "version": "1.1.1",
    "description": "Recreation of the Heroes of Might and Magic II game engine",
    "homepage": "https://github.com/ihhub/fheroes2",
    "license": "GPL-2.0-only",
    "notes": [
        "",
        "The installation guide can be found here: https://github.com/ihhub/fheroes2/blob/master/docs/INSTALL.md#windows",
        "",
        "Basically, you copy the data from the full version of the game to the persisted folders.",
        ""
    ],
    "architecture": {
        "64bit": {
            "url": "https://github.com/ihhub/fheroes2/releases/download/1.1.1/fheroes2_windows_x64_SDL2.zip",
            "hash": "48ce87c0b8f34721d51e68930fb18f6ef5679c8e8c25549e48ac5dcd8c31afaa"
        },
        "32bit": {
            "url": "https://github.com/ihhub/fheroes2/releases/download/1.1.1/fheroes2_windows_x86_SDL2.zip",
            "hash": "0bb81c87424a5d191489aba043551210ac37dffa48570b7d064b829bb0e80130"
        }
    },
    "shortcuts": [
        [
            "fheroes2.exe",
            "fheroes2"
        ]
    ],
    "persist": [
        "anim",
        "data",
        "maps",
        "music"
    ],
    "checkver": "github",
    "autoupdate": {
        "architecture": {
            "64bit": {
                "url": "https://github.com/ihhub/fheroes2/releases/download/$version/fheroes2_windows_x64_SDL2.zip"
            },
            "32bit": {
                "url": "https://github.com/ihhub/fheroes2/releases/download/$version/fheroes2_windows_x86_SDL2.zip"
            }
        }
    }
}
