{
    "version": "2.3",
    "description": "Flycast is a multi-platform Sega Dreamcast, Naomi and Atomiswave emulator derived from reicast",
    "homepage": "https://github.com/flyinghead/flycast",
    "license": {
        "identifier": "GPL-2.0",
        "url": "https://github.com/flyinghead/flycast/blob/master/LICENSE"
    },
    "architecture": {
        "64bit": {
            "url": "https://github.com/flyinghead/flycast/releases/download/v2.3/flycast-win64-2.3.zip",
            "hash": "40be348dd17a9461012062e10f9981e6ea7dd4741cf770786a603252c85ea500"
        }
    },
    "pre_install": "if (!(Test-Path \"$persist_dir\\emu.cfg\")) { New-Item -ItemType File \"$dir\\emu.cfg\" | Out-Null }",
    "bin": "flycast.exe",
    "shortcuts": [
        [
            "flycast.exe",
            "Flycast"
        ]
    ],
    "persist": [
        "emu.cfg",
        "data",
        "mappings"
    ],
    "checkver": "github",
    "autoupdate": {
        "architecture": {
            "64bit": {
                "url": "https://github.com/flyinghead/flycast/releases/download/v$version/flycast-win64-$version.zip"
            }
        }
    }
}
