{
    "version": "0.13.0",
    "description": "Free content replacements for Doom and Doom II single-player game",
    "homepage": "https://freedoom.github.io/",
    "license": "BSD-3-Clause",
    "notes": "GZDoom is a recommended Doom source port by the Freedoom project",
    "suggest": {
        "Doom source port": [
            "gzdoom",
            "crispy-doom",
            "prboom-plus",
            "zandronum",
            "doomsday",
            "odamex",
            "qzdoom"
        ]
    },
    "url": "https://github.com/freedoom/freedoom/releases/download/v0.13.0/freedoom-0.13.0.zip",
    "hash": "3f9b264f3e3ce503b4fb7f6bdcb1f419d93c7b546f4df3e874dd878db9688f59",
    "extract_dir": "freedoom-0.13.0",
    "installer": {
        "script": [
            "$dlFile = 'dl.zip'",
            "$archiveUrls = @(",
            "   \"https://github.com/freedoom/freedoom/releases/download/v$version/freedm-$version.zip\"",
            ")",
            "$archiveUrls | ForEach-Object {",
            "   Invoke-CachedDownload $app $version \"$_\" \"$dir\\$dlFile\"",
            "   Expand-7zipArchive \"$dir\\$dlFile\" \"$dir\" -Removal",
            "}"
        ]
    },
    "post_install": [
        "New-Item -Type Directory -Force -Path \"$persist_dir\\..\\_doom\"",
        "Move-Item \"$dir\\freedoom1.wad\" \"$persist_dir\\..\\_doom\"",
        "Move-Item \"$dir\\freedoom2.wad\" \"$persist_dir\\..\\_doom\"",
        "Move-Item \"$dir\\freedm-$version\\freedm.wad\" \"$persist_dir\\..\\_doom\"",
        "Remove-Item -Force -Recurse \"$dir\\freedm-$version\""
    ],
    "shortcuts": [
        [
            "freedoom-manual-en.pdf",
            "Freedoom Manual"
        ]
    ],
    "uninstaller": {
        "script": [
            "Remove-Item \"$persist_dir\\..\\_doom\\freedoom1.wad\"",
            "Remove-Item \"$persist_dir\\..\\_doom\\freedoom2.wad\"",
            "Remove-Item \"$persist_dir\\..\\_doom\\freedm.wad\""
        ]
    },
    "checkver": {
        "github": "https://github.com/freedoom/freedoom"
    },
    "autoupdate": {
        "url": "https://github.com/freedoom/freedoom/releases/download/v$version/freedoom-$version.zip",
        "extract_dir": "freedoom-$version"
    }
}
