{
    "version": "3.1.2",
    "description": "Empire-building strategy game",
    "homepage": "http://www.freeciv.org/",
    "license": "GPL-2.0-or-later",
    "url": "http://prdownloads.sourceforge.net/freeciv/Freeciv-3.1.2-msys2-win64-gtk3.22-setup.exe?download#/setup.7z",
    "hash": "a4f14330953bed382ddedf0c4b0fbed48153fabf108df7e8384bc7a5d445eefd",
    "bin": [
        "freeciv-gtk3.22.exe",
        "freeciv-mp-gtk3.exe",
        "freeciv-server.exe"
    ],
    "shortcuts": [
        [
            "freeciv-gtk3.22.exe",
            "Freeciv"
        ],
        [
            "freeciv-mp-gtk3.exe",
            "Freeciv Modpack Installer"
        ],
        [
            "freeciv-server.exe",
            "Freeciv Server"
        ]
    ],
    "checkver": {
        "url": "http://www.freeciv.org/download.html",
        "regex": "stable release, (\\d{1,2}\\.\\d{1,2}\\.\\d{1,2})"
    },
    "autoupdate": {
        "url": "http://prdownloads.sourceforge.net/freeciv/Freeciv-$version-msys2-win64-gtk3.22-setup.exe?download#/setup.7z"
    }
}
