{
    "version": "1.3.9",
    "description": "Game save data backup tool with optional cloud support",
    "homepage": "https://mikemaximus.github.io/gbm-web/",
    "license": {
        "identifier": "GPL-3.0-or-later",
        "url": "https://github.com/MikeMaximus/gbm/blob/master/LICENSE"
    },
    "architecture": {
        "64bit": {
            "url": "https://github.com/MikeMaximus/gbm/releases/download/v1.3.9/GBM.v1.3.9.64-bit.7z",
            "hash": "875f78d6839639380df793dba876a1bac73a9d961cb89a3fb5015bb55b250806"
        },
        "32bit": {
            "url": "https://github.com/MikeMaximus/gbm/releases/download/v1.3.9/GBM.v1.3.9.32-bit.7z",
            "hash": "3bc8ea71e8ee7d32e4d426292655976d41b2d75c159d9c7033599baef1f7dfca"
        }
    },
    "shortcuts": [
        [
            "GBM.exe",
            "Game Backup Monitor (GBM)"
        ]
    ],
    "checkver": {
        "github": "https://github.com/MikeMaximus/gbm"
    },
    "autoupdate": {
        "architecture": {
            "64bit": {
                "url": "https://github.com/MikeMaximus/gbm/releases/download/v$version/GBM.v$version.64-bit.7z"
            },
            "32bit": {
                "url": "https://github.com/MikeMaximus/gbm/releases/download/v$version/GBM.v$version.32-bit.7z"
            }
        }
    }
}
