{
    "version": "2.0.77.22",
    "description": "GOG Galaxy 2.0. Gaming Client designed for a convenient purchasing, playing and updating of mostly DRM-free games",
    "homepage": "https://www.gog.com/galaxy",
    "license": {
        "identifier": "Proprietary",
        "url": "https://support.gog.com/hc/en-us/articles/212632089"
    },
    "url": "https://content-system.gog.com/open_link/download?path=/open/galaxy/client/2.0.77.22/setup_galaxy_2.0.77.22.exe",
    "hash": "md5:a971a001fb0d634493dc8477ecdf7c5c",
    "installer": {
        "args": [
            "/VERYSILENT",
            "/DIR=$dir"
        ]
    },
    "shortcuts": [
        [
            "GalaxyClient.exe",
            "GOG Galaxy"
        ]
    ],
    "persist": [
        "Dependencies",
        "Dependencies-Temp",
        "Games"
    ],
    "uninstaller": {
        "script": "Start-Process \"$dir\\unins000.exe\" -Wait -ArgumentList \"/VERYSILENT\""
    },
    "checkver": {
        "url": "https://remote-config.gog.com/components/webinstaller?component_version=2.0.0",
        "jsonpath": "$.content.windows.version"
    },
    "autoupdate": {
        "url": "https://content-system.gog.com/open_link/download?path=/open/galaxy/client/$version/setup_galaxy_$version.exe",
        "hash": {
            "url": "https://remote-config.gog.com/components/webinstaller?component_version=2.0.0",
            "jsonpath": "$.content.windows.installerMd5"
        }
    }
}
