{
    "version": "4.3",
    "description": "Program for exploring cellular automata such as the Game of Life",
    "homepage": "http://golly.sourceforge.net/",
    "license": "GPL-2.0-or-later",
    "architecture": {
        "64bit": {
            "url": "http://downloads.sourceforge.net/project/golly/golly/golly-4.3/golly-4.3-win-64bit.zip",
            "hash": "sha1:cb1edf5f977ef2dadc89572aef8ccbc96cd1d4d4",
            "pre_install": [
                "Move-Item -Path $dir/$app-$version-win-64bit/* -Destination $dir",
                "Remove-Item $dir/$app-$version-win-64bit"
            ]
        }
    },
    "bin": "Golly.exe",
    "shortcuts": [
        [
            "Golly.exe",
            "Golly"
        ]
    ],
    "checkver": {
        "url": "https://sourceforge.net/projects/golly/",
        "regex": "golly-([\\d.-]+)-win-64bit\\.zip"
    },
    "autoupdate": {
        "architecture": {
            "64bit": {
                "url": "http://downloads.sourceforge.net/project/golly/golly/golly-$version/golly-$version-win-64bit.zip"
            }
        }
    }
}
