{
    "version": "4.12.2",
    "description": "Modern source port for Doom, Heretic, Hexen and more",
    "homepage": "https://zdoom.org/",
    "license": "GPL-3.0-or-later",
    "notes": [
        "Place WAD files (game data) in:",
        "",
        "    $persist_dir\\..\\_doom"
    ],
    "architecture": {
        "64bit": {
            "url": "https://github.com/ZDoom/gzdoom/releases/download/g4.12.2/gzdoom-4-12-2-windows.zip",
            "hash": "9548f7bb7d62b13f914e6be653570ac0c4e8b95e11105f00c62362a5bdf5a6fc"
        }
    },
    "pre_install": [
        "New-Item -ItemType Directory -Force -Path $persist_dir\\..\\_doom | Out-Null",
        "New-Item -Path $dir -Name gzdoom_portable.ini -ItemType File -ErrorAction Ignore | Out-Null"
    ],
    "env_set": {
        "DOOMWADDIR": "$persist_dir\\..\\_doom"
    },
    "bin": "gzdoom.exe",
    "shortcuts": [
        [
            "gzdoom.exe",
            "GZDoom"
        ]
    ],
    "persist": [
        "gzdoom_portable.ini",
        "Save",
        "Screenshots"
    ],
    "checkver": {
        "github": "https://github.com/ZDoom/gzdoom",
        "regex": "/releases/tag/(?:g)?([\\w.]+)"
    },
    "autoupdate": {
        "architecture": {
            "64bit": {
                "url": "https://github.com/ZDoom/gzdoom/releases/download/g$version/gzdoom-$dashVersion-Windows.zip"
            }
        }
    }
}
