{
    "version": "2.15.1",
    "description": "Unofficial native GUI reimplementation for GOG and Epic Games Launcher",
    "homepage": "https://heroicgameslauncher.com/",
    "license": "GPL-3.0",
    "architecture": {
        "64bit": {
            "url": "https://github.com/Heroic-Games-Launcher/HeroicGamesLauncher/releases/download/v2.15.1/Heroic-2.15.1-Setup-x64.exe#/dl.7z",
            "hash": "sha512:0c3cb7000dca586ab5f72639cd32e0e628014c2fae3e0c56d7e3d0c085c2b22eccb1fb7c620f1822ec36c4e1c293dea663233d44fea295f253ec55b842a1dd99",
            "pre_install": "Remove-Item \"$dir\\*.dll\"; Expand-7ZipArchive \"$dir\\app-64.7z\" \"$dir\" -Removal"
        }
    },
    "extract_dir": "$PLUGINSDIR",
    "shortcuts": [
        [
            "Heroic.exe",
            "Heroic"
        ]
    ],
    "checkver": {
        "github": "https://github.com/Heroic-Games-Launcher/HeroicGamesLauncher"
    },
    "autoupdate": {
        "architecture": {
            "64bit": {
                "url": "https://github.com/Heroic-Games-Launcher/HeroicGamesLauncher/releases/download/v$version/Heroic-$version-Setup-x64.exe#/dl.7z"
            }
        },
        "hash": {
            "url": "$baseurl/latest.yml",
            "regex": "url:\\s(?<fname>[\\w.-]+)\\n\\s+sha512:\\s$sha512"
        }
    }
}
