{
    "version": "2.8.0",
    "description": "Open source reimplementation of the game Jazz Jackrabbit 2",
    "homepage": "http://deat.tk/jazz2/",
    "license": "GPL-3.0-only",
    "notes": [
        "",
        "First, you need to provide some form of game data.",
        "",
        "The original shareware version works (i.e., NOT the shareware version of The Secret Files release), though it's recommended to buy the full version on GOG here: https://www.gog.com/game/jazz_jackrabbit_2_collection",
        "",
        "Copy the corresponding game data to the \"$persist_dir\\Source\" dir.",
        "",
        "Once that's done, use the shortcut (i.e., version of the app) that runs the best on your particular system; standard, AVX2 or SDL2.",
        "",
        "Tip regarding the full version of the game:",
        "",
        "1. First, install The Secret Files release.",
        "2. Install The Christmas Chronicles release in a separate dir.",
        "3. Copy the files from The Christmas Chronicles dir to the dir of The Secret Files release and overwrite all the files.",
        "",
        "Now you've a complete edition to copy to the Source dir of Jazz² Resurrection!",
        ""
    ],
    "url": "https://github.com/deathkiller/jazz2/releases/download/2.8.0/Jazz2_2.8.0_Windows.zip",
    "hash": "0d1ea5d4e007e981cff986984a5fdf4d62eae1883db3f69997da8391d7f4f58c",
    "architecture": {
        "64bit": {
            "extract_dir": "x64"
        },
        "32bit": {
            "extract_dir": "x86"
        }
    },
    "pre_install": [
        "if (!(Test-Path \"$persist_dir\\Jazz2.config\")) {",
        "   New-Item \"$dir\\Jazz2.config\" -Type File | Out-Null",
        "}"
    ],
    "shortcuts": [
        [
            "Jazz2.exe",
            "Jazz² Resurrection"
        ],
        [
            "Jazz2_avx2.exe",
            "Jazz² Resurrection (AVX2)"
        ],
        [
            "Jazz2_sdl2.exe",
            "Jazz² Resurrection (SDL2)"
        ]
    ],
    "persist": [
        "Source",
        "Jazz2.config"
    ],
    "checkver": {
        "github": "https://github.com/deathkiller/jazz2"
    },
    "autoupdate": {
        "url": "https://github.com/deathkiller/jazz2/releases/download/$version/Jazz2_$version_Windows.zip"
    }
}
