{
    "version": "jeveassets-7.9.0",
    "homepage": "https://github.com/GoldenGnu/jeveassets",
    "license": "GPL-2.0-only",
    "description": "jEveAssets is an out-of-game asset manager for EVE Online, written in Java",
    "url": "https://github.com/GoldenGnu/jeveassets/releases/download/jeveassets-7.9.0/jeveassets-7.9.0.zip",
    "hash": "016dfe998a6dd05bb5e2db66692ae03fe78b0b8195b666c3f8c32d900407fdc4",
    "suggest": {
        "JRE": "java/temurin-jre"
    },
    "extract_dir": "jEveAssets",
    "persist": "data",
    "bin": "jeveassets.jar",
    "shortcuts": [
        [
            "jeveassets.jar",
            "jEveAssets"
        ]
    ],
    "checkver": {
        "github": "https://github.com/GoldenGnu/jeveassets",
        "regex": "tag/([\\w.-]+)"
    },
    "autoupdate": {
        "url": "https://github.com/GoldenGnu/jeveassets/releases/download/$version/$version.zip",
        "hash": {
            "mode": "download"
        }
    }
}
