{
    "version": "1.6.1",
    "description": "Tool to mod the balance of retro Castlevania games, including randomization options",
    "homepage": "https://github.com/Lakifume/SotnKindAndFair",
    "license": "MIT",
    "notes": [
        "",
        "You can apply other patches as well in the process by placing them in the '$persist_dir\\Data\\<name of the game>\\Patches' dir.",
        ""
    ],
    "url": "https://github.com/Lakifume/SotnKindAndFair/releases/download/1.6.1/KindAndFair.zip",
    "hash": "80286c48df8d48ef2590d58e9ab7d0c2a57cd17c409c9d34baaae357d58a6301",
    "shortcuts": [
        [
            "kindandfair.exe",
            "KindAndFair"
        ]
    ],
    "persist": [
        "Shaders",
        "Data\\config.ini",
        "Data\\Dissonance\\Patches",
        "Data\\Symphony\\Patches"
    ],
    "checkver": "github",
    "autoupdate": {
        "url": "https://github.com/Lakifume/SotnKindAndFair/releases/download/$version/KindAndFair.zip"
    }
}
