{
    "version": "0.11.0.0",
    "description": "Haskell game engine library for roguelike dungeon crawlers",
    "homepage": "https://github.com/LambdaHack/LambdaHack",
    "license": "BSD-3",
    "architecture": {
        "32bit": {
            "url": "https://github.com/LambdaHack/LambdaHack/releases/download/v0.11.0.0/LambdaHack_0.11.0.0_windows-i686.zip",
            "hash": "250e0982874cc55d812e8d83806a14e77b68483669764c2a5ff3f5d6f50a9947"
        },
        "64bit": {
            "url": "https://github.com/LambdaHack/LambdaHack/releases/download/v0.11.0.0/LambdaHack_0.11.0.0_windows-x86_64.zip",
            "hash": "7588920ac3987e4fbea80980e14854aadc8983783bc5ce1e50edb6b16d25003c"
        }
    },
    "extract_dir": "LambdaHackTheGame",
    "shortcuts": [
        [
            "LambdaHack.exe",
            "Lambda Hack"
        ]
    ],
    "checkver": "github",
    "autoupdate": {
        "architecture": {
            "32bit": {
                "url": "https://github.com/LambdaHack/LambdaHack/releases/download/v$version/LambdaHack_$version_windows-i686.zip"
            },
            "64bit": {
                "url": "https://github.com/LambdaHack/LambdaHack/releases/download/v$version/LambdaHack_$version_windows-x86_64.zip"
            }
        }
    }
}
