{
    "version": "0.20.34",
    "description": "Alternative command-line game downloader and launcher for Epic Games Store",
    "homepage": "https://github.com/derrod/legendary",
    "license": "GPL-3.0-or-later",
    "notes": "See https://github.com/derrod/legendary/blob/master/README.md for instructions about how to run the program.",
    "url": "https://github.com/derrod/legendary/releases/download/0.20.34/legendary.exe",
    "hash": "01ea22ea51749f46a0019657f64fc0d34429fb7cbf9b590c0848c0e0bd9c1f07",
    "bin": "legendary.exe",
    "checkver": "github",
    "autoupdate": {
        "url": "https://github.com/derrod/legendary/releases/download/$version/legendary.exe"
    }
}
