{
    "version": "2118",
    "description": "Emulator for Nintendo 3DS (fork of Citra), capable of playing many of your favorite games",
    "homepage": "https://lime3ds.github.io/",
    "license": {
        "identifier": "GPL-2.0",
        "url": "https://github.com/Lime3DS/Lime3DS/blob/master/license.txt"
    },
    "url": "https://github.com/Lime3DS/Lime3DS/releases/download/2118/lime3ds-2118-windows-msvc.zip",
    "hash": "62700c4659b770e4f733447453086fcb7b413a24c45a1f2321f41ed6d439afe5",
    "extract_dir": "lime3ds-2118-windows-msvc",
    "pre_install": [
        "if (!(Test-Path \"$persist_dir\\user\")) {",
        "   New-Item -Path \"$persist_dir\" -Name \"user\" -ItemType \"directory\" | Out-Null",
        "   if (Test-Path \"$env:APPDATA\\Citra\") {",
        "       Write-host \"Migrating AppData...\" -ForegroundColor yellow",
        "       Copy-Item -Path \"$env:APPDATA\\Citra\\*\" -Destination \"$persist_dir\\user\" -Recurse",
        "       Remove-Item -Path \"$env:APPDATA\\Citra\" -Recurse",
        "   }",
        "}"
    ],
    "bin": [
        "lime3ds.exe"
    ],
    "shortcuts": [
        [
            "lime3ds.exe",
            "Lime3DS"
        ]
    ],
    "persist": "user",
    "checkver": {
        "github": "https://github.com/Lime3DS/Lime3DS"
    },
    "autoupdate": {
        "url": "https://github.com/Lime3DS/Lime3DS/releases/download/$version/lime3ds-$version-windows-msvc.zip",
        "extract_dir": "lime3ds-$version-windows-msvc"
    }
}
