{
    "version": "1.8.29",
    "description": "A sleek, highly customizable timer for speedrunners",
    "homepage": "https://livesplit.org/",
    "license": "MIT",
    "url": "https://github.com/LiveSplit/LiveSplit/releases/download/1.8.29/LiveSplit_1.8.29.zip",
    "hash": "36cceb90271638ac195a7d09b5d820fa7f5b7db6682cf7857905e393ee2bb347",
    "extract_dir": "",
    "bin": "LiveSplit.exe",
    "shortcuts": [
        [
            "LiveSplit.exe",
            "LiveSplit"
        ]
    ],
    "checkver": {
        "github": "https://github.com/LiveSplit/LiveSplit/"
    },
    "autoupdate": {
        "url": "https://github.com/LiveSplit/LiveSplit/releases/download/$version/LiveSplit_$version.zip"
    }
}
