{
    "version": "0.23.1",
    "description": "Plugin load order optimisation tool for The Elder Scrolls and Fallout series",
    "homepage": "https://loot.github.io",
    "license": "GPL-3.0-or-later",
    "suggest": {
        "vcredist": "extras/vcredist2022"
    },
    "architecture": {
        "64bit": {
            "url": "https://github.com/loot/loot/releases/download/0.23.1/loot_0.23.1-win64.7z",
            "hash": "b7a44f45044bffabd6eec359244036dcb16355f4f4aea94cab327b7eef2cf88f"
        }
    },
    "pre_install": [
        "Copy-Item \"$dir\\loot_*\\*\" \"$dir\" -Recurse",
        "Remove-Item \"$dir\\loot_*\" -Recurse -Force"
    ],
    "bin": "LOOT.exe",
    "shortcuts": [
        [
            "LOOT.exe",
            "LOOT"
        ]
    ],
    "checkver": {
        "github": "https://github.com/loot/loot"
    },
    "autoupdate": {
        "architecture": {
            "64bit": {
                "url": "https://github.com/loot/loot/releases/download/$version/loot_$version-win64.7z"
            }
        }
    }
}
