{
    "version": "0.17.2",
    "homepage": "https://ludo.libretro.com/",
    "description": "Minimalist styled front-end for retro video game emulators",
    "license": "GPL-3.0-only",
    "notes": "Settings are stored in the \"$env:LOCALAPPDATA\\ludo\" directory.",
    "architecture": {
        "64bit": {
            "url": "https://github.com/libretro/ludo/releases/download/v0.17.2/Ludo-Windows-x86_64-0.17.2.zip",
            "hash": "0f03fe561c7f610abbb8603d480236e598271e8b6a41e1d43dd063815eea1063",
            "extract_dir": "Ludo-Windows-x86_64-0.17.2"
        }
    },
    "bin": "ludo.exe",
    "shortcuts": [
        [
            "ludo.exe",
            "Ludo"
        ]
    ],
    "checkver": {
        "github": "https://github.com/libretro/ludo"
    },
    "autoupdate": {
        "architecture": {
            "64bit": {
                "url": "https://github.com/libretro/ludo/releases/download/v$version/Ludo-Windows-x86_64-$version.zip",
                "hash": {
                    "url": "$url.sha256",
                    "regex": ",$sha256,"
                },
                "extract_dir": "Ludo-Windows-x86_64-$version"
            }
        }
    }
}
