{
    "version": "0.9.3",
    "description": "Front-end for Mednafen",
    "homepage": "https://github.com/AmatCoder/mednaffe/",
    "license": {
        "identifier": "GPL-3.0",
        "url": "https://github.com/AmatCoder/mednaffe/blob/master/COPYING"
    },
    "depends": "sudo",
    "url": "https://github.com/AmatCoder/mednaffe/releases/download/0.9.3/mednaffe-0.9.3-win.zip",
    "hash": "7671672dcc88bac3fff70c03942c9c9c1720fbdffac9090582b9940fb180c42c",
    "pre_install": [
        "$medinst = 0",
        "if (Test-Path \"$scoopdir\\apps\\mednafen\\current\\mednafen.exe\") {",
        "   $medinst = 1",
        "}",
        "elseif (Test-Path \"$scoopdir\\apps\\mednafen-dev\\current\\mednafen.exe\") {",
        "   $medinst = 2",
        "}",
        "if ((Test-Path \"$scoopdir\\apps\\mednafen\\current\\mednafen.exe\") -and (Test-Path \"$scoopdir\\apps\\mednafen-dev\\current\\mednafen.exe\")) {",
        "   Write-Host -ForegroundColor Yellow \"Mednafen and Mednafen-dev were found on this system.\"",
        "   Write-Host -ForegroundColor Yellow \"Choose one to use mednaffe with, 1 (stable) or 2 (dev)\"",
        "   $medinst = Read-Host -Prompt \"[1, 2]\"",
        "}",
        "if ($medinst -eq 0) {",
        "   Write-Host -ForegroundColor Yellow \"No Mednafen installation was found on this system.\"",
        "   Write-Host -ForegroundColor Yellow \"Choose 1 to install Mednafen stable, 2 for Mednafen-dev, or 3 to cancel the install.\"",
        "   $medinst = Read-Host -Prompt \"[1, 2, 3]\"",
        "   switch ($medinst) {",
        "       1 {scoop install mednafen}",
        "       2 {scoop install mednafen-dev}",
        "       3 {Write-Error -Message \"Install aborted.\" -Category NotInstalled",
        "           scoop uninstall mednaffe",
        "           exit 1",
        "       }",
        "   }",
        "}"
    ],
    "installer": {
        "script": [
            "if (!(Test-Path \"$persist_dir\\mednafen.cfg\")) {",
            "   New-Item \"$persist_dir\" -ItemType Directory | Out-Null",
            "   switch ($medinst) {",
            "       1 {sudo New-Item -ItemType HardLink -Path \"$persist_dir\\mednafen.cfg\" -Target \"$scoopdir\\persist\\mednafen\\mednafen.cfg\" | Out-Null}",
            "       2 {sudo New-Item -ItemType HardLink -Path \"$persist_dir\\mednafen.cfg\" -Target \"$scoopdir\\persist\\mednafen-dev\\mednafen.cfg\" | Out-Null}",
            "   }",
            "}"
        ]
    },
    "bin": "mednaffe.exe",
    "shortcuts": [
        [
            "mednaffe.exe",
            "Mednaffe"
        ]
    ],
    "persist": "mednafen.cfg",
    "checkver": "github",
    "autoupdate": {
        "url": "https://github.com/AmatCoder/mednaffe/releases/download/$version/mednaffe-$version-win.zip"
    }
}
