{
    "version": "0.48.0",
    "description": "Free turn-based strategy game based on the classic BattleTech/MechWarrior universe",
    "homepage": "https://megamek.org",
    "license": "GPL-2.0-or-later",
    "url": "https://github.com/MegaMek/megamek/releases/download/v0.48.0/megamek-windows-0.48.0.zip",
    "shortcuts": [
        [
            "MegaMek.exe",
            "MegaMek"
        ]
    ],
    "checkver": {
        "url": "https://megamek.org/downloads.html",
        "re": "Stable: ([\\d.]+)"
    },
    "autoupdate": {
        "url": "https://github.com/MegaMek/megamek/releases/download/v$version/megamek-windows-$version.zip"
    }
}
