{
    "version": "0.48.0",
    "description": "Helper program for MegaMek - includes MegaMek and MegaMekLab",
    "homepage": "https://megamek.org",
    "license": "GPL-2.0-or-later",
    "url": "https://github.com/MegaMek/mekhq/releases/download/v0.48.0/mekhq-windows-0.48.0.zip",
    "shortcuts": [
        [
            "MekHQ.exe",
            "MekHQ"
        ],
        [
            "MegaMek.exe",
            "MegaMek"
        ],
        [
            "MegaMekLab.exe",
            "MegaMekLab"
        ]
    ],
    "checkver": {
        "url": "https://megamek.org/downloads.html",
        "re": "Stable: ([\\d.]+)"
    },
    "autoupdate": {
        "url": "https://github.com/MegaMek/mekhq/releases/download/v$version/mekhq-windows-$version.zip"
    }
}
