{
    "version": "0.9.5",
    "description": "A Nintendo DS emulator aiming for fast and accurate emulation",
    "homepage": "http://melonds.kuribo64.net/",
    "license": {
        "identifier": "GPL-3.0",
        "url": "https://github.com/melonDS-emu/melonDS/blob/master/LICENSE"
    },
    "url": "https://github.com/melonDS-emu/melonDS/releases/download/0.9.5/melonDS_0.9.5_win_x64.zip",
    "hash": "289b1644004d8762987dc1daf3a61eedfafb0a5f442801bfb9d2a18299fd39a9",
    "installer": {
        "script": [
            "$FILE = 'melonDS.ini'",
            "if (!(Test-Path \"$persist_dir\\$FILE\")) {",
            "    New-Item \"$dir\\$FILE\" -Type File | Out-Null",
            "}"
        ]
    },
    "bin": "melonDS.exe",
    "shortcuts": [
        [
            "melonDS.exe",
            "melonDS"
        ]
    ],
    "persist": "melonDS.ini",
    "checkver": {
        "github": "https://github.com/melonDS-emu/melonDS"
    },
    "autoupdate": {
        "url": "https://github.com/melonDS-emu/melonDS/releases/download/$version/melonDS_$version_win_x64.zip"
    }
}
