{
    "version": "0.9.9",
    "description": "A high-accuracy NES and Famicom emulator and NSF player.",
    "homepage": "https://www.mesen.ca",
    "license": {
        "identifier": "GPL-3.0",
        "url": "https://github.com/SourMesen/Mesen/blob/master/LICENSE"
    },
    "url": "https://github.com/SourMesen/Mesen/releases/download/0.9.9/Mesen.0.9.9.zip",
    "hash": "91bd2b1ba007c9349864a96e490dbdaada78033d51e0be1aabbf442a4b9a7cda",
    "pre_install": [
        "if(!(Test-Path(\"$persist_dir\\FdsBios.bin\"))) { New-Item \"$dir\\FdsBios.bin\" | Out-Null }",
        "if (!(Test-Path \"$persist_dir\\settings.xml\")) { New-Item -ItemType File \"$dir\\settings.xml\" | Out-Null }"
    ],
    "bin": "Mesen.exe",
    "shortcuts": [
        [
            "Mesen.exe",
            "Mesen"
        ]
    ],
    "persist": [
        "settings.xml",
        "FdsBios.bin",
        "Avi",
        "GoogleDrive",
        "HdPacks",
        "Movies",
        "RecentGames",
        "SaveStates",
        "Saves",
        "Screenshots",
        "Wave"
    ],
    "checkver": {
        "github": "https://github.com/SourMesen/Mesen/"
    },
    "autoupdate": {
        "url": "https://github.com/SourMesen/Mesen/releases/download/$version/Mesen.$version.zip"
    }
}
