{
    "version": "0.10.3",
    "description": "A fast, accurate, and portable GBA emulator",
    "homepage": "https://mgba.io/",
    "license": {
        "identifier": "MPL-2.0",
        "url": "https://github.com/mgba-emu/mgba/blob/master/LICENSE"
    },
    "architecture": {
        "32bit": {
            "url": "https://github.com/mgba-emu/mgba/releases/download/0.10.3/mGBA-0.10.3-win32.7z",
            "hash": "a93ed754f51765c7dd3cc3a96d646463a7715d1fa26f3113bcce10c53077c454",
            "extract_dir": "mGBA-0.10.3-win32"
        },
        "64bit": {
            "url": "https://github.com/mgba-emu/mgba/releases/download/0.10.3/mGBA-0.10.3-win64.7z",
            "hash": "fab66a2d6e799ddcd94adc2eae93be7f1a9042109fe48367b345341c1323aceb",
            "extract_dir": "mGBA-0.10.3-win64"
        }
    },
    "pre_install": [
        "if (!(Test-Path \"$persist_dir\\qt.ini\")) {",
        "   New-Item \"$dir\\qt.ini\" -Type File | Out-Null",
        "}",
        "if (!(Test-Path \"$persist_dir\\config.ini\")) {",
        "   New-Item \"$dir\\config.ini\" -Type File | Out-Null",
        "   Set-Content \"$dir\\config.ini\" '[ports.qt]'",
        "   Add-Content \"$dir\\config.ini\" 'savestatePath=savestate'",
        "   Add-Content \"$dir\\config.ini\" 'patchPath=patch'",
        "   Add-Content \"$dir\\config.ini\" 'screenshotPath=screenshot'",
        "   Add-Content \"$dir\\config.ini\" 'cheatsPath=cheats'",
        "   Add-Content \"$dir\\config.ini\" 'savegamePath=savegame'",
        "   Add-Content \"$dir\\config.ini\" 'gba.bios=bios/gba_bios.bin'",
        "   Add-Content \"$dir\\config.ini\" 'gb.bios=bios/gb_bios.bin'",
        "   Add-Content \"$dir\\config.ini\" 'gbc.bios=bios/gbc_bios.bin'",
        "   Add-Content \"$dir\\config.ini\" 'sgb.bios=bios/sgb_bios.bin'",
        "}"
    ],
    "bin": [
        [
            "mGBA.exe",
            "mgba-sdl.exe"
        ]
    ],
    "shortcuts": [
        [
            "mGBA.exe",
            "mGBA"
        ]
    ],
    "persist": [
        "bios",
        "cheats",
        "patch",
        "savegame",
        "savestate",
        "screenshot",
        "shaders",
        "qt.ini",
        "config.ini",
        "portable.ini"
    ],
    "checkver": {
        "github": "https://github.com/mgba-emu/mgba"
    },
    "autoupdate": {
        "architecture": {
            "32bit": {
                "url": "https://github.com/mgba-emu/mgba/releases/download/$version/mGBA-$version-win32.7z",
                "extract_dir": "mGBA-$version-win32"
            },
            "64bit": {
                "url": "https://github.com/mgba-emu/mgba/releases/download/$version/mGBA-$version-win64.7z",
                "extract_dir": "mGBA-$version-win64"
            }
        }
    }
}
