{
    "version": "146",
    "description": "A sandbox tower-defense game",
    "homepage": "https://mindustrygame.github.io/",
    "license": "GPL-3.0-only",
    "suggest": {
        "Java Runtime Environment": "java/temurin-jre"
    },
    "url": "https://github.com/Anuken/Mindustry/releases/download/v146/Mindustry.jar",
    "hash": "3ab0e46c3cbdc863529ba05e804847ef00e3dbdb4567b5c27c5e6dce071b93f9",
    "pre_install": "Set-Content -Path \"$dir\\mindustry.bat\" -Value \"pushd $dir && javaw -jar Mindustry.jar && popd\"",
    "bin": "mindustry.bat",
    "shortcuts": [
        [
            "mindustry.bat",
            "Mindustry"
        ]
    ],
    "checkver": {
        "url": "https://github.com/Anuken/Mindustry/releases",
        "regex": "Anuken\\/Mindustry\\/tree\\/v(\\d+)"
    },
    "autoupdate": {
        "url": "https://github.com/Anuken/Mindustry/releases/download/v$version/Mindustry.jar"
    }
}
