{
    "version": "5.9.0",
    "description": "Minecraft-like infinite-world multiplayer sandbox game",
    "homepage": "https://www.minetest.net/",
    "license": "LGPL-2.1-or-later",
    "architecture": {
        "32bit": {
            "url": "https://github.com/minetest/minetest/releases/download/5.9.0/minetest-5.9.0-win32.zip",
            "hash": "6aa8762a525ce1fc6e8ab021c477b1ef9efa222e6053c91e6d4feab93abb747a",
            "extract_dir": "minetest-5.9.0-win32"
        },
        "64bit": {
            "url": "https://github.com/minetest/minetest/releases/download/5.9.0/minetest-5.9.0-win64.zip",
            "hash": "08e1b40cb1a2e7c89c9f7cd6d4934c2a733d61ad73a2f347c2bf986917a97a3d",
            "extract_dir": "minetest-5.9.0-win64"
        }
    },
    "post_install": [
        "if(!(Test-Path \"$dir\\config\\minetest.conf\")) {",
        "New-Item -ErrorAction Ignore -Type file \"$dir\\config\\minetest.conf\" | Out-Null",
        "}"
    ],
    "shortcuts": [
        [
            "bin\\minetest.exe",
            "Minetest",
            "--config ..\\config\\minetest.conf"
        ]
    ],
    "persist": [
        "config",
        "mods",
        "screenshots",
        "worlds"
    ],
    "checkver": {
        "github": "https://github.com/minetest/minetest"
    },
    "autoupdate": {
        "architecture": {
            "32bit": {
                "url": "https://github.com/minetest/minetest/releases/download/$version/minetest-$version-win32.zip",
                "extract_dir": "minetest-$version-win32"
            },
            "64bit": {
                "url": "https://github.com/minetest/minetest/releases/download/$version/minetest-$version-win64.zip",
                "extract_dir": "minetest-$version-win64"
            }
        }
    }
}
