{
    "version": "nightly",
    "description": "Official launcher for Minecraft, a sandbox voxel game",
    "homepage": "https://www.minecraft.net/",
    "license": {
        "identifier": "Proprietary",
        "url": "https://account.mojang.com/terms"
    },
    "notes": "This is only the launcher; a premium account is required to play Minecraft.",
    "url": "https://launcher.mojang.com/download/Minecraft.exe",
    "post_install": [
        "Copy-Item -ErrorAction Ignore -Recurse -Force \"$persist_dir\\game\" -Destination $dir",
        "Copy-Item -ErrorAction Ignore -Recurse -Force \"$persist_dir\\runtime\" -Destination $dir"
    ],
    "bin": "Minecraft.exe",
    "shortcuts": [
        [
            "Minecraft.exe",
            "Minecraft"
        ]
    ],
    "uninstaller": {
        "script": [
            "Remove-Item -ErrorAction Ignore -Recurse -Force \"$persist_dir\\Settings\"",
            "Copy-Item -ErrorAction Ignore -Recurse -Force \"$dir\\game\" -Destination $persist_dir",
            "Copy-Item -ErrorAction Ignore -Recurse -Force \"$dir\\runtime\" -Destination $persist_dir"
        ]
    }
}
