{
    "version": "2.20.0",
    "description": "Map rendering tool for Minecraft",
    "homepage": "http://seancode.com/minutor/",
    "license": "BSD-2-Clause",
    "url": "https://github.com/mrkite/minutor/releases/download/2.20.0/Minutor.Windows.no.installer.zip",
    "hash": "6df96170b40adabc599a828cc01c71d4ffb5e6f7823c282e75b2e64c76dbd724",
    "bin": "minutor.exe",
    "shortcuts": [
        [
            "minutor.exe",
            "Minutor"
        ]
    ],
    "checkver": {
        "github": "https://github.com/mrkite/minutor/"
    },
    "autoupdate": {
        "url": "https://github.com/mrkite/minutor/releases/download/$version/Minutor.Windows.no.installer.zip"
    }
}
