{
    "version": "2.5.2",
    "description": "Mod manager for various PC games",
    "homepage": "https://github.com/ModOrganizer2/modorganizer",
    "license": "GPL-3.0-or-later",
    "url": "https://github.com/ModOrganizer2/modorganizer/releases/download/v2.5.2/Mod.Organizer-2.5.2.7z",
    "hash": "e6376efd87fd5ddd95aee959405e8f067afa526ea6c2c0c5aa03c5108bf4a815",
    "bin": "ModOrganizer.exe",
    "shortcuts": [
        [
            "ModOrganizer.exe",
            "ModOrganizer"
        ]
    ],
    "checkver": {
        "github": "https://github.com/ModOrganizer2/modorganizer"
    },
    "autoupdate": {
        "url": "https://github.com/ModOrganizer2/modorganizer/releases/download/v$version/Mod.Organizer-$version.7z"
    }
}
