{
    "version": "0.4.0",
    "description": "Modbreeze is a fast and easy to use mod manager for Minecraft written in Rust that allows easy sharing of modpacks with your friends using TOML.",
    "homepage": "https://github.com/Mr1cecream/Modbreeze",
    "license": "GPL-3.0",
    "architecture": {
        "64bit": {
            "url": "https://github.com/Mr1cecream/Modbreeze/releases/download/v0.4.0/modbreeze-windows-x86_64.zip",
            "hash": "cce645cf1fc39942925d30718d6f57615d98175b435c4a5407640f1931e668e4"
        }
    },
    "bin": "modbreeze.exe",
    "checkver": "github",
    "autoupdate": {
        "architecture": {
            "64bit": {
                "url": "https://github.com/Mr1cecream/Modbreeze/releases/download/v$version/modbreeze-windows-x86_64.zip"
            }
        },
        "hash": {
            "url": "$url.sha256"
        }
    }
}
