{
    "version": "4.17.2",
    "description": "Platform for gaming and enhancing gameplay primarily with MUDs",
    "homepage": "https://www.mudlet.org/",
    "license": "GPL-2.0",
    "url": "https://www.mudlet.org/wp-content/files/Mudlet-4.17.2-windows-installer.exe#/dl.7z",
    "hash": "67cfbfb33c11a0c6b2295083c4c9b157dd68d4fb82e500709625e04722fe124f",
    "pre_install": [
        "Expand-7zipArchive \"$dir\\Mudlet-$version-full.nupkg\" $dir -Removal",
        "Remove-Item \"$dir\\_rels\", \"$dir\\package\", \"$dir\\*.*\", \"$dir\\RELEASES\" -Recurse",
        "Move-Item \"$dir\\lib\\net45\\*\" \"$dir\"",
        "Remove-Item \"$dir\\lib\" -Recurse",
        "Remove-Item \"$dir\\Mudlet_ExecutionStub.exe\""
    ],
    "shortcuts": [
        [
            "Mudlet.exe",
            "Mudlet"
        ]
    ],
    "checkver": {
        "url": "https://www.mudlet.org/download/",
        "regex": "Mudlet (?<version>[\\d.]+) \\(Windows\\)"
    },
    "autoupdate": {
        "url": "https://www.mudlet.org/wp-content/files/Mudlet-$matchVersion-windows-installer.exe#/dl.7z"
    }
}
