{
    "version": "0.11.5",
    "description": "2D action/RPG space game that combines elements from the action, RPG and simulation",
    "homepage": "https://naev.org",
    "license": "GPL-3.0-or-later",
    "architecture": {
        "64bit": {
            "url": "https://github.com/naev/naev/releases/download/v0.11.5/naev-0.11.5-win64.exe#/dl.7z",
            "hash": "82290f23b478e34e691cb8e903e14021759c16ee5ac15271dcbdde3f8ac3b08f"
        }
    },
    "post_install": "Remove-Item \"$dir\\`$PLUGINSDIR\", \"$dir\\Uninstall*\" -Force -Recurse",
    "shortcuts": [
        [
            "naev-0.10.5-win64.exe",
            "Naev"
        ]
    ],
    "checkver": {
        "github": "https://github.com/naev/naev"
    },
    "autoupdate": {
        "architecture": {
            "64bit": {
                "url": "https://github.com/naev/naev/releases/download/v$version/naev-$version-win64.exe#/dl.7z"
            }
        }
    }
}
