{
    "version": "1.8.1",
    "description": "NanoBoyAdvance is a Game Boy Advance emulator focused on accuracy.",
    "homepage": "https://github.com/nba-emu/NanoBoyAdvance",
    "license": "GPL-3.0-only",
    "architecture": {
        "64bit": {
            "url": "https://github.com/nba-emu/NanoBoyAdvance/releases/download/v1.8.1/NanoBoyAdvance-1.8.1-win64.zip",
            "hash": "a7b6d690c4ee3a67cabc343a2a0d677f8ff2c4d8acfd2d06c218601ccd79d7d1"
        }
    },
    "shortcuts": [
        [
            "NanoBoyAdvance.exe",
            "NanoBoyAdvance"
        ]
    ],
    "persist": "config.toml",
    "checkver": "github",
    "autoupdate": {
        "architecture": {
            "64bit": {
                "url": "https://github.com/nba-emu/NanoBoyAdvance/releases/download/v$version/NanoBoyAdvance-$version-win64.zip"
            }
        }
    }
}
