{
    "version": "public_beta_4a",
    "description": "NES (Nintendo Entertainment System) emulator",
    "homepage": "https://sourceforge.net/p/nester-emu/wiki/Home/",
    "license": "GPL-2.0-or-later",
    "url": "https://nchc.dl.sourceforge.net/project/nester-emu/nester-emu/public%20beta%204a/nester_publicbeta4a.zip",
    "hash": "23e72f07dd327ec1eba836155bad9f8efc0a5d30d46a525df0ae061bced6380d",
    "extract_dir": "nester_publicbeta4a",
    "bin": "nester.exe",
    "shortcuts": [
        [
            "nester.exe",
            "nester"
        ]
    ]
}
