{
    "version": "1.6.0",
    "description": "3D roll-the-ball puzzle game (includes Neverputt)",
    "homepage": "https://neverball.org/",
    "license": "GPL-2.0-or-later",
    "url": "https://neverball.org/neverball-1.6.0.zip",
    "hash": "865391cc041208e526401a8eb1f14fba44323f17d7e818c5e65e82393ff747fb",
    "extract_dir": "neverball-1.6.0",
    "bin": [
        "neverball.exe",
        "neverputt.exe"
    ],
    "shortcuts": [
        [
            "neverball.exe",
            "Neverball"
        ],
        [
            "neverputt.exe",
            "Neverputt"
        ]
    ],
    "checkver": {
        "url": "https://neverball.org/download.php",
        "regex": "neverball-([\\d.-]+)\\.zip"
    },
    "autoupdate": {
        "url": "https://neverball.org/neverball-$version.zip"
    }
}
