{
    "version": "1.0",
    "description": "NewerSMBW save editor",
    "homepage": "https://github.com/RedStoneMatt/NewerTanooki",
    "license": "GPL-3.0-only",
    "url": "https://github.com/RedStoneMatt/NewerTanooki/releases/download/v1.0/NewerTanooki.rar",
    "hash": "cbab72a7644bae3bf9f5ef901a85709f0f2e91b58fc6dea6f0a010073164877b",
    "bin": "NewerTanooki.exe",
    "shortcuts": [
        [
            "NewerTanooki.exe",
            "NewerTanooki"
        ]
    ],
    "checkver": {
        "github": "https://github.com/RedStoneMatt/NewerTanooki/"
    },
    "autoupdate": {
        "url": "https://github.com/RedStoneMatt/NewerTanooki/releases/download/v$version/NewerTanooki.rar"
    }
}
