{
    "version": "10.6.0",
    "description": "Multiplayer-oriented source port for Doom",
    "homepage": "https://odamex.net/",
    "license": "GPL-2.0-or-later",
    "notes": [
        "Place WAD files (game data) in:",
        "",
        "    $persist_dir\\..\\_doom"
    ],
    "architecture": {
        "32bit": {
            "url": "https://downloads.sourceforge.net/project/odamex/Odamex/10.6.0/odamex-win32-10.6.0.zip",
            "hash": "sha1:ace42cd1f4735e40eb954f460b825e7b9302eecf"
        },
        "64bit": {
            "url": "https://downloads.sourceforge.net/project/odamex/Odamex/10.6.0/odamex-win64-10.6.0.zip",
            "hash": "sha1:d0a5e6d97cd3b324de42396a50c38678983c4750"
        }
    },
    "pre_install": "New-Item -ItemType Directory -Force -Path $persist_dir\\..\\_doom | Out-Null",
    "env_set": {
        "DOOMWADDIR": "$persist_dir\\..\\_doom"
    },
    "shortcuts": [
        [
            "odamex.exe",
            "Odamex"
        ],
        [
            "odalaunch.exe",
            "Odalaunch"
        ]
    ],
    "checkver": {
        "regex": ">Version ([a-zA-Z\\d.\\-_]+):"
    },
    "autoupdate": {
        "architecture": {
            "32bit": {
                "url": "https://downloads.sourceforge.net/project/odamex/Odamex/$version/odamex-win32-$version.zip"
            },
            "64bit": {
                "url": "https://downloads.sourceforge.net/project/odamex/Odamex/$version/odamex-win64-$version.zip"
            }
        }
    }
}
