{
    "version": "19.1",
    "description": "Cycle-accurate MSX emulator",
    "homepage": "https://openmsx.org/",
    "license": "GPL-2.0",
    "notes": "User data are stored in C:\\Users\\[USERNAME]\\Documents\\openMSX",
    "architecture": {
        "64bit": {
            "url": "https://github.com/openMSX/openMSX/releases/download/RELEASE_19_1/openmsx-19.1-windows-vc-x64-bin.zip",
            "hash": "96b886f2c80ae09c8b4595221d164121fe2549ea903e2801d9add6880b4ca46f"
        }
    },
    "bin": "openmsx.exe",
    "shortcuts": [
        [
            "openmsx.exe",
            "openMSX\\openMSX"
        ],
        [
            "Catapult\\bin\\Catapult.exe",
            "openMSX\\Catapult"
        ]
    ],
    "checkver": {
        "regex": "openmsx-([\\d.]+)-windows-vc-x64-bin\\.zip"
    },
    "autoupdate": {
        "architecture": {
            "64bit": {
                "url": "https://github.com/openMSX/openMSX/releases/download/RELEASE_$majorVersion_$minorVersion/openmsx-$version-windows-vc-x64-bin.zip"
            }
        }
    }
}
