{
    "version": "24.09.1",
    "description": "Open source re-implementation of Chris Sawyer's Locomotion",
    "homepage": "https://github.com/OpenLoco/OpenLoco",
    "license": {
        "identifier": "MIT",
        "url": "https://github.com/OpenLoco/OpenLoco/raw/master/LICENSE"
    },
    "url": "https://github.com/OpenLoco/OpenLoco/releases/download/v24.09.1/OpenLoco-v24.09.1-win32.zip",
    "hash": "bb85a33970512f2fc66d1ea12e7b2a331881f2cb44ea8aaac1fcc311cf90ddb1",
    "bin": "OpenLoco.exe",
    "shortcuts": [
        [
            "OpenLoco.exe",
            "OpenLoco"
        ]
    ],
    "checkver": "github",
    "autoupdate": {
        "url": "https://github.com/OpenLoco/OpenLoco/releases/download/v$version/OpenLoco-v$version-win32.zip"
    }
}
