{
    "version": "2024_02_28_0704",
    "description": "Open source reimplementation of the 'UFO: Enemy Unknown' and 'X-COM: Terror From the Deep' video games",
    "homepage": "https://openxcom.org/",
    "license": "GPL-3.0-or-later",
    "notes": [
        "OpenXcom requires a vanilla copy of the X-COM resources.",
        "If you own the games on Steam, the Windows installer will automatically detect it and copy the resources over for you.",
        "",
        "If you want to copy things over manually, you can find the Steam game folders at:",
        "　　UFO: 'Steam\\SteamApps\\common\\XCom UFO Defense\\XCOM'",
        "　　TFTD: 'Steam\\SteamApps\\common\\X-COM Terror from the Deep\\TFD'"
    ],
    "url": "https://openxcom.org/git_builds/openxcom_git_master_2024_02_28_0704.zip",
    "hash": "0d7e728aa7352ca04d790e08b83c4d70c7efb88509ad7be3f0ea161d965502e5",
    "extract_dir": "openxcom",
    "bin": [
        [
            "openxcom.exe",
            "OpenXcom"
        ]
    ],
    "shortcuts": [
        [
            "openxcom.exe",
            "OpenXcom"
        ]
    ],
    "checkver": {
        "url": "https://openxcom.org/git-builds/",
        "regex": "openxcom_git_master_([\\d_]+)\\.zip"
    },
    "autoupdate": {
        "url": "https://openxcom.org/git_builds/openxcom_git_master_$version.zip"
    }
}
