{
    "version": "20231010",
    "description": "Real-time strategy game engine for early Westwood games such as Command & Conquer: Red Alert",
    "homepage": "http://www.openra.net",
    "license": "GPL-3.0-or-later",
    "architecture": {
        "32bit": {
            "url": "https://github.com/OpenRA/OpenRA/releases/download/release-20231010/OpenRA-release-20231010-x86.exe#/dl.7z",
            "hash": "b0e20c773643a4952b49d3a8d3720472627a12aea4ea37623d2f7469e2b0b2f0"
        },
        "64bit": {
            "url": "https://github.com/OpenRA/OpenRA/releases/download/release-20231010/OpenRA-release-20231010-x64.exe#/dl.7z",
            "hash": "0a993382e20651b41e06ceb9324402454e869731cd7c970a82b08c81f47240fd"
        }
    },
    "pre_install": "Remove-Item \"$dir\\`$PLUGINSDIR\", \"$dir\\uninstaller.exe\" -Force -Recurse",
    "bin": [
        "Dune2000.exe",
        "RedAlert.exe",
        "TiberianDawn.exe"
    ],
    "shortcuts": [
        [
            "Dune2000.exe",
            "OpenRA - Dune 2000"
        ],
        [
            "RedAlert.exe",
            "OpenRA - Red Alert"
        ],
        [
            "TiberianDawn.exe",
            "OpenRA - Tiberian Dawn"
        ]
    ],
    "checkver": {
        "github": "https://github.com/OpenRA/OpenRA",
        "regex": "release-(\\d{8})"
    },
    "autoupdate": {
        "architecture": {
            "32bit": {
                "url": "https://github.com/OpenRA/OpenRA/releases/download/release-$version/OpenRA-release-$version-x86.exe#/dl.7z"
            },
            "64bit": {
                "url": "https://github.com/OpenRA/OpenRA/releases/download/release-$version/OpenRA-release-$version-x64.exe#/dl.7z"
            }
        }
    }
}
