{
    "version": "0.8.8",
    "description": "Free fast-paced first-person shooter based on the Quake III Arena engine",
    "homepage": "http://openarena.ws/",
    "license": "GPL-2.0-or-later",
    "url": "http://download.tuxfamily.org/openarena/rel/088/openarena-0.8.8.zip",
    "hash": "5a8faf7f5b51f351b0a1618c06b6b98a5f1a6758f1d39818de2c87df2a0bac4a",
    "extract_dir": "openarena-0.8.8",
    "bin": "openarena.exe",
    "shortcuts": [
        [
            "openarena.exe",
            "OpenArena"
        ]
    ]
}
