{
    "version": "0.7.1",
    "description": "Real-time strategy game inspired by the Dungeon Keeper series",
    "homepage": "https://opendungeons.github.io/",
    "license": "GPL-3.0-or-later",
    "url": "ftp://download.tuxfamily.org/opendungeons/0.7/OpenDungeons-0.7.1-Win32-MSVS2013.zip",
    "hash": "7ed4889a4d7fea5deb02b3f730f26be1a16563b85781f513de065f82b8d0d535",
    "extract_dir": "OpenDungeons-0.7.1-Win32-MSVS2013",
    "shortcuts": [
        [
            "OpenDungeons.exe",
            "OpenDungeons"
        ]
    ],
    "checkver": {
        "github": "https://github.com/OpenDungeons/OpenDungeons"
    }
}
