{
    "version": "0.4.14",
    "description": "Open source re-implementation of RollerCoaster Tycoon 2",
    "homepage": "https://github.com/OpenRCT2/OpenRCT2",
    "license": "GPL-3.0-only",
    "architecture": {
        "32bit": {
            "url": "https://github.com/OpenRCT2/OpenRCT2/releases/download/v0.4.14/OpenRCT2-0.4.14-windows-portable-win32.zip",
            "hash": "57171886ae3bfd87560ada2396faa6e2c546263f8cf0cadd33576ef22e38c307"
        },
        "64bit": {
            "url": "https://github.com/OpenRCT2/OpenRCT2/releases/download/v0.4.14/OpenRCT2-0.4.14-windows-portable-x64.zip",
            "hash": "60dec25641f296712da6fd5c3a4aca4d95ffff0925df0819df4e9230e6d4f09f"
        }
    },
    "bin": "OpenRCT2.exe",
    "shortcuts": [
        [
            "OpenRCT2.exe",
            "OpenRCT2"
        ]
    ],
    "checkver": "github",
    "autoupdate": {
        "architecture": {
            "32bit": {
                "url": "https://github.com/OpenRCT2/OpenRCT2/releases/download/v$version/OpenRCT2-$version-windows-portable-win32.zip"
            },
            "64bit": {
                "url": "https://github.com/OpenRCT2/OpenRCT2/releases/download/v$version/OpenRCT2-$version-windows-portable-x64.zip"
            }
        }
    }
}
