{
    "version": "14.1",
    "description": "Simulation game based upon Transport Tycoon Deluxe",
    "homepage": "https://www.openttd.org/",
    "license": "GPL-2.0-or-later",
    "notes": [
        "This install does not come with graphics, sounds or music.",
        "They could be downloaded from the OpenTTD content delivery network",
        "or via the in-game content download service."
    ],
    "architecture": {
        "32bit": {
            "url": "https://cdn.openttd.org/openttd-releases/14.1/openttd-14.1-windows-win32.zip",
            "hash": "9a6dbcdf046bd8aba4fbf7f374512158de1ee0f7011595c38dd614dd0c902476",
            "extract_dir": "openttd-14.1-windows-win32"
        },
        "64bit": {
            "url": "https://cdn.openttd.org/openttd-releases/14.1/openttd-14.1-windows-win64.zip",
            "hash": "3db67e93afbf6cb46db0c1f0ec364fb28abb12ee867202b2c86775cf6a9eebf0",
            "extract_dir": "openttd-14.1-windows-win64"
        },
        "arm64": {
            "url": "https://cdn.openttd.org/openttd-releases/14.1/openttd-14.1-windows-arm64.zip",
            "hash": "424e792b139822dd6f7915a077d6c4a9680822569d1926be45b28b3f4a0f00af",
            "extract_dir": "openttd-14.1-windows-arm64"
        }
    },
    "bin": "openttd.exe",
    "shortcuts": [
        [
            "openttd.exe",
            "OpenTTD"
        ]
    ],
    "checkver": {
        "url": "https://cdn.openttd.org/openttd-releases/latest.yaml",
        "regex": "version: ([\\d.]+)"
    },
    "autoupdate": {
        "architecture": {
            "64bit": {
                "url": "https://cdn.openttd.org/openttd-releases/$version/openttd-$version-windows-win64.zip",
                "extract_dir": "openttd-$version-windows-win64"
            },
            "32bit": {
                "url": "https://cdn.openttd.org/openttd-releases/$version/openttd-$version-windows-win32.zip",
                "extract_dir": "openttd-$version-windows-win32"
            },
            "arm64": {
                "url": "https://cdn.openttd.org/openttd-releases/$version/openttd-$version-windows-arm64.zip",
                "extract_dir": "openttd-$version-windows-arm64"
            }
        }
    }
}
