{
    "version": "0.1.3",
    "description": "Voxel first-person shooter compatible with Ace of Spades 0.75",
    "homepage": "https://openspades.yvt.jp/",
    "license": "GPL-3.0-or-later",
    "url": "https://github.com/yvt/openspades/releases/download/v0.1.3/OpenSpades-0.1.3-Windows.zip",
    "hash": "c1e72ee70615cc750445c9f1cd2f8afa68b6867f148ffd52e50e927982f3a36e",
    "extract_dir": "OpenSpades-0.1.3-Windows",
    "bin": "OpenSpades.exe",
    "shortcuts": [
        [
            "OpenSpades.exe",
            "OpenSpades"
        ]
    ],
    "checkver": {
        "github": "https://github.com/yvt/openspades"
    },
    "autoupdate": {
        "url": "https://github.com/yvt/openspades/releases/download/v$version/OpenSpades-$version-Windows.zip",
        "extract_dir": "OpenSpades-$version-Windows"
    }
}
