{
    "version": "2000.20240218",
    "description": "Fork of OpenTyrian with support for Tyrian 2000",
    "homepage": "https://github.com/KScl/opentyrian2000",
    "license": "GPL-2.0-or-later",
    "architecture": {
        "32bit": {
            "url": [
                "https://github.com/KScl/opentyrian2000/releases/download/v2000.20240218/opentyrian2000-x86-Release.zip",
                "https://www.camanis.net/tyrian/tyrian2000.zip"
            ],
            "hash": [
                "f5b0384cad2ff5d97a965f7dfcde76695d2b1953ffd99b95978ad856046ded63",
                "348bc76e73514e452279b8730cf217daf0f70a282f07b6b94af653d87e921667"
            ]
        },
        "64bit": {
            "url": [
                "https://github.com/KScl/opentyrian2000/releases/download/v2000.20240218/opentyrian2000-x64-Release.zip",
                "https://www.camanis.net/tyrian/tyrian2000.zip"
            ],
            "hash": [
                "dc806e7678a40eb74ee2e2267aa5ecdf7b9af4455533d9d2e223698f6cbfa72d",
                "348bc76e73514e452279b8730cf217daf0f70a282f07b6b94af653d87e921667"
            ]
        }
    },
    "extract_dir": [
        "opentyrian2000",
        "tyrian2000"
    ],
    "extract_to": [
        "",
        "data"
    ],
    "pre_install": [
        "Copy-Item \"$persist_dir\\opentyrian.cfg\" \"$dir\\opentyrian.cfg\" -ErrorAction 'SilentlyContinue'",
        "Copy-Item \"$persist_dir\\tyrian.cfg\" \"$dir\\tyrian.cfg\" -ErrorAction 'SilentlyContinue'",
        "Copy-Item \"$persist_dir\\tyrian.sav\" \"$dir\\tyrian.sav\" -ErrorAction 'SilentlyContinue'"
    ],
    "shortcuts": [
        [
            "opentyrian2000.exe",
            "OpenTyrian2000"
        ]
    ],
    "pre_uninstall": [
        "if (!(Test-Path \"$persist_dir\")) {",
        "   New-item \"$persist_dir\" -ItemType Directory | Out-Null",
        "}",
        "Copy-Item \"$dir\\opentyrian.cfg\" \"$persist_dir\\opentyrian.cfg\" -ErrorAction 'SilentlyContinue'",
        "Copy-Item \"$dir\\tyrian.cfg\" \"$persist_dir\\tyrian.cfg\" -ErrorAction 'SilentlyContinue'",
        "Copy-Item \"$dir\\tyrian.sav\" \"$persist_dir\\tyrian.sav\" -ErrorAction 'SilentlyContinue'"
    ],
    "checkver": "github",
    "autoupdate": {
        "architecture": {
            "32bit": {
                "url": "https://github.com/KScl/opentyrian2000/releases/download/v$version/opentyrian2000-x86-Release.zip"
            },
            "64bit": {
                "url": "https://github.com/KScl/opentyrian2000/releases/download/v$version/opentyrian2000-x64-Release.zip"
            }
        }
    }
}
