{
    "version": "20230917",
    "description": "Open Hard Vacuum. 90s Pixelart Science-Fiction Real-time strategy game with multiplayer support, competent skirmish AI and an integrated map editor",
    "homepage": "https://openhv.itch.io/openhv",
    "license": "GPL-3.0-or-later",
    "architecture": {
        "32bit": {
            "url": "https://github.com/OpenHV/OpenHV/releases/download/20230917/OpenHV-20230917-x86-winportable.zip",
            "hash": "d30c903caf5f4e540d98dd933094d2a5b000fcb4d29b290ea35b3abe7812026d"
        },
        "64bit": {
            "url": "https://github.com/OpenHV/OpenHV/releases/download/20230917/OpenHV-20230917-x64-winportable.zip",
            "hash": "be7266f59069944ff8a2f524dfa26ada5ae9e74d324f5f33a2f18eec08f8201e"
        }
    },
    "bin": "OpenHV.exe",
    "shortcuts": [
        [
            "OpenHV.exe",
            "Hard Vacuum (OpenHV)"
        ]
    ],
    "checkver": {
        "github": "https://github.com/OpenHV/OpenHV"
    },
    "autoupdate": {
        "architecture": {
            "32bit": {
                "url": "https://github.com/OpenHV/OpenHV/releases/download/$version/OpenHV-$version-x86-winportable.zip"
            },
            "64bit": {
                "url": "https://github.com/OpenHV/OpenHV/releases/download/$version/OpenHV-$version-x64-winportable.zip"
            }
        }
    }
}
