{
    "version": "2024.906.2",
    "description": "A free-to-win rhythm game. Rhythm is just a click away!",
    "homepage": "https://osu.ppy.sh/",
    "license": "MIT",
    "url": "https://github.com/ppy/osu/releases/download/2024.906.2/osulazer-2024.906.2-full.nupkg#/dl.7z",
    "hash": "aab55ec9514f1fd72307404c954ca2e05e748f2c047fc8807f5e96f33792cff4",
    "extract_dir": "lib\\net45",
    "pre_install": "Rename-Item -Path $dir/osu!.exe -NewName $dir/osulazer.exe",
    "bin": "osulazer.exe",
    "shortcuts": [
        [
            "osulazer.exe",
            "osu! Lazer"
        ]
    ],
    "checkver": {
        "github": "https://github.com/ppy/osu"
    },
    "autoupdate": {
        "url": "https://github.com/ppy/osu/releases/download/$version/osulazer-$version-full.nupkg#/dl.7z"
    }
}
