{
    "version": "0.5.2",
    "description": "An easy-to-use Minecraft package manager and launcher",
    "homepage": "https://github.com/jakobkmar/pacmc",
    "license": "AGPL-3.0-or-later",
    "suggest": {
        "JDK": [
            "java/openjdk"
        ]
    },
    "url": "https://github.com/jakobkmar/pacmc/releases/download/0.5.2/pacmc-0.5.2.zip",
    "hash": "d071b0c5d22af66156e9440c731b215be99f921f33cf242d4ebe14cca19cb246",
    "extract_dir": "pacmc-0.5.2",
    "bin": "bin/pacmc.bat",
    "checkver": {
        "github": "https://github.com/jakobkmar/pacmc"
    },
    "autoupdate": {
        "url": "https://github.com/jakobkmar/pacmc/releases/download/$version/pacmc-$version.zip",
        "extract_dir": "pacmc-$version"
    }
}
