{
    "version": "build046",
    "description": "Fast-paced paintball first-person shooter based on the Quake 2 engine",
    "homepage": "http://digitalpaint.org/",
    "license": "Custom",
    "url": "https://downloads.sourceforge.net/project/paintball2/Paintball%202/Paintball%202.0%20Alpha%20build046/paintball2_build046_full.exe#/dl.7z",
    "hash": "sha1:ea4c639e0efdd0b5a4b937cb48ed730a1809237a",
    "bin": "paintball2.exe",
    "shortcuts": [
        [
            "paintball2.exe",
            "Paintball 2"
        ]
    ],
    "persist": "pball\\configs",
    "checkver": {
        "url": "http://digitalpaint.org/files/",
        "regex": "paintball2_([\\da-z]+)_full\\.exe"
    },
    "autoupdate": {
        "url": "https://downloads.sourceforge.net/project/paintball2/Paintball%202/Paintball%202.0%20Alpha%20$version/paintball2_$version_full.exe#/dl.7z"
    }
}
