{
    "version": "2.48.2",
    "description": "Offline build planner for Path of Exile, Community Fork",
    "homepage": "https://github.com/PathOfBuildingCommunity/PathOfBuilding",
    "license": "MIT",
    "url": "https://github.com/PathOfBuildingCommunity/PathOfBuilding/releases/download/v2.48.2/PathOfBuildingCommunity-Portable.zip",
    "hash": "b1496c41e6f19cef34e8a63613b130f133eb1d5315f6a0febbcae396777a0c6a",
    "pre_install": [
        "if(!(Test-Path \"$dir\\Settings.xml\")) {",
        "    Set-Content \"$dir\\Settings.xml\" -Value '<?xml version=\"1.0\" encoding=\"UTF-8\"?><PathOfBuilding></PathOfBuilding>' -Encoding ascii",
        "}"
    ],
    "bin": [
        [
            "Path of Building.exe",
            "pathofbuilding-community"
        ]
    ],
    "shortcuts": [
        [
            "Path of Building.exe",
            "Path of Building Community"
        ]
    ],
    "persist": [
        "Builds",
        "Settings.xml"
    ],
    "checkver": "github",
    "autoupdate": {
        "url": "https://github.com/PathOfBuildingCommunity/PathOfBuilding/releases/download/v$version/PathOfBuildingCommunity-Portable.zip"
    }
}
