{
    "version": "alpha16-51-g6421d7a7",
    "homepage": "https://pegasus-frontend.org",
    "description": "Graphical frontend for browsing your game library and launching all kinds of emulators from the same place",
    "license": "GPL-3.0-only",
    "notes": "Application settings are stored in the \"%LOCALAPPDATA%\\pegasus-frontend\" directory, or the \"config\" folder inside the app directory.",
    "url": "https://github.com/mmatyas/pegasus-frontend/releases/download/weekly_2023w20/pegasus-fe_alpha16-51-g6421d7a7_win-mingw-static.zip",
    "hash": "950b20c5783d91d6ba25e4816e90134ec4e8d27be9605cbb1d593177c7d9f7fb",
    "pre_install": "if (!(Test-Path \"$persist_dir\\portable.txt\")) { New-Item \"$dir\\portable.txt\" -ItemType 'File' | Out-Null }",
    "bin": "pegasus-fe.exe",
    "shortcuts": [
        [
            "pegasus-fe.exe",
            "Pegasus Frontend",
            "--portable"
        ]
    ],
    "persist": [
        "config",
        "portable.txt"
    ],
    "checkver": {
        "url": "https://api.github.com/repos/mmatyas/pegasus-frontend/releases/latest",
        "jsonpath": "$.assets..browser_download_url",
        "regex": "(?<Release>[\\w_]+)/pegasus-fe_([\\w-]+)_win-mingw-static\\.zip"
    },
    "autoupdate": {
        "url": "https://github.com/mmatyas/pegasus-frontend/releases/download/$matchRelease/pegasus-fe_$version_win-mingw-static.zip"
    }
}
