{
    "version": "98.2",
    "description": "A free physics sandbox game, capable of simulating many interactions",
    "homepage": "https://powdertoy.co.uk/",
    "license": "GPL-3.0-only",
    "architecture": {
        "32bit": {
            "url": "https://powdertoy.co.uk/Download/powder-win32.zip",
            "hash": "023f7d2917a8e4c670c236535ccaf8238142fe8d345f65477b9aa8040263b7aa",
            "bin": [
                [
                    "Powder32.exe",
                    "Powder"
                ]
            ],
            "shortcuts": [
                [
                    "Powder32.exe",
                    "The Powder Toy"
                ]
            ]
        },
        "64bit": {
            "url": "https://powdertoy.co.uk/Download/powder.zip",
            "hash": "37e0915aaf29d38fd28067d0d90e54c48ed1f8a00a095e31a375eba913ec82a3",
            "bin": "Powder.exe",
            "shortcuts": [
                [
                    "Powder.exe",
                    "The Powder Toy"
                ]
            ]
        }
    },
    "pre_install": [
        "if (!(Test-Path \"$persist_dir\")) {",
        "   New-item \"$dir\\powder.pref\" -ItemType File | Out-Null",
        "}"
    ],
    "persist": [
        "Saves",
        "powder.pref"
    ],
    "checkver": {
        "url": "https://powdertoy.co.uk/",
        "regex": "(?<build>[\\d\\.]+) \\|",
        "replace": "${1}"
    },
    "autoupdate": {
        "architecture": {
            "32bit": {
                "url": "https://powdertoy.co.uk/Download/powder-win32.zip"
            },
            "64bit": {
                "url": "https://powdertoy.co.uk/Download/powder.zip"
            }
        }
    }
}
