{
    "version": "1.17.1",
    "description": "Sony PlayStation Portable (PSP) emulator",
    "homepage": "https://www.ppsspp.org",
    "license": "GPL-2.0-or-later",
    "architecture": {
        "64bit": {
            "url": "https://ppsspp.org/files/1_17_1/ppsspp_win.zip",
            "hash": "f8e70feba2bb1b3b1bf284c80460abe8cb4d166e9dab8e0d7fa795a1602b1503",
            "shortcuts": [
                [
                    "PPSSPPWindows64.exe",
                    "PPSSPP"
                ]
            ]
        },
        "32bit": {
            "url": "https://ppsspp.org/files/1_17_1/ppsspp_win.zip",
            "hash": "f8e70feba2bb1b3b1bf284c80460abe8cb4d166e9dab8e0d7fa795a1602b1503",
            "shortcuts": [
                [
                    "PPSSPPWindows.exe",
                    "PPSSPP"
                ]
            ]
        },
        "arm64": {
            "url": "https://ppsspp.org/files/1_17_1/PPSSPPWindowsARM64.zip",
            "hash": "3c0ee851b48fbf32135023ddfa01458e581852fdc9af88119cf952f4c1bacc29",
            "shortcuts": [
                [
                    "PPSSPPWindowsARM64.exe",
                    "PPSSPP"
                ]
            ]
        }
    },
    "pre_install": [
        "if (!(Test-Path \"$persist_dir\")) {",
        "   New-item \"$persist_dir\" -ItemType Directory | Out-Null",
        "   New-item \"$persist_dir\\memstick\" -ItemType Directory | Out-Null",
        "}"
    ],
    "persist": [
        "assets",
        "demos",
        "memstick"
    ],
    "checkver": {
        "github": "https://github.com/hrydgard/ppsspp",
        "regex": "v([\\d.]+)"
    },
    "autoupdate": {
        "architecture": {
            "64bit": {
                "url": "https://ppsspp.org/files/$underscoreVersion/ppsspp_win.zip"
            },
            "32bit": {
                "url": "https://ppsspp.org/files/$underscoreVersion/ppsspp_win.zip"
            },
            "arm64": {
                "url": "https://ppsspp.org/files/$underscoreVersion/PPSSPPWindowsARM64.zip"
            }
        }
    }
}
