{
    "version": "2.6.2",
    "description": "Enhanced, highly-compatible source port for Doom",
    "homepage": "http://prboom-plus.sourceforge.net/",
    "license": "GPL-2.0-or-later",
    "notes": [
        "Place WAD files (game data) in:",
        "",
        "    $persist_dir\\..\\_doom"
    ],
    "url": "https://github.com/coelckers/prboom-plus/releases/download/v2.6.2/prboom-plus-262-w32.zip",
    "hash": "20313e00d8841a618e23e7c671d65870194bee634468fecd2f3697ac05f21476",
    "extract_dir": "prboom-plus-262-w32",
    "pre_install": "New-Item -ItemType Directory -Force -Path $persist_dir\\..\\_doom | Out-Null",
    "env_set": {
        "DOOMWADDIR": "$persist_dir\\..\\_doom"
    },
    "shortcuts": [
        [
            "prboom-plus.exe",
            "PrBoom+ (Doom 2)",
            "-iwad doom2.wad"
        ],
        [
            "prboom-plus.exe",
            "PrBoom+ (The Ultimate Doom)",
            "-iwad doom.wad"
        ],
        [
            "prboom-plus.exe",
            "PrBoom+ (The Plutonia Experiment)",
            "-iwad plutonia.wad"
        ],
        [
            "prboom-plus.exe",
            "PrBoom+ (TNT Evilution)",
            "-iwad tnt.wad"
        ],
        [
            "prboom-plus.exe",
            "PrBoom+ (Freedoom Phase 1)",
            "-iwad freedoom1.wad"
        ],
        [
            "prboom-plus.exe",
            "PrBoom+ (Freedoom Phase 2)",
            "-iwad freedoom2.wad"
        ],
        [
            "prboom-plus.exe",
            "PrBoom+ (FreeDM)",
            "-iwad freedm.wad"
        ]
    ],
    "checkver": {
        "github": "https://github.com/coelckers/prboom-plus"
    },
    "autoupdate": {
        "url": "https://github.com/coelckers/prboom-plus/releases/download/v$version/prboom-plus-$cleanVersion-w32.zip",
        "extract_dir": "prboom-plus-$cleanVersion-w32"
    }
}
