{
    "version": "4.91",
    "description": "Sony PlayStation 3 system software",
    "homepage": "https://www.playstation.com/en-us/support/hardware/ps3/system-software/",
    "license": {
        "identifier": "Proprietary",
        "url": "https://doc.dl.playstation.net/doc/ps3-eula/ps3_eula_en.html"
    },
    "url": "http://dus01.ps3.update.playstation.net/update/ps3/image/us/2024_0227_3694eb3fb8d9915c112e6ab41a60c69f/PS3UPDAT.PUP",
    "hash": "bc94bd849036b596735d1ea577562baa1562c5bfe40bfc59397e33a1ad0380f7",
    "checkver": {
        "url": "https://www.playstation.com/en-us/support/hardware/ps3/system-software/",
        "regex": "(?smi)ps3 system software update ((?:\\d+)?(?:\\.?\\d*)).*?ps3/image/us/(?<time>[\\w_]+)/ps3updat\\.pup"
    },
    "autoupdate": {
        "url": "http://dus01.ps3.update.playstation.net/update/ps3/image/us/$matchTime/PS3UPDAT.PUP"
    }
}
