{
    "version": "6.2.1.5",
    "description": "Replacement for the normal PSO2 launcher, used to update, patch, and launch the Japanese and Global versions of the game",
    "homepage": "https://arks-layer.com/",
    "license": {
        "identifier": "Unknown"
    },
    "url": "https://github.com/Aida-Enna/PSO2TweakerReleases/raw/master/6.2.1.5/PSO2%20Tweaker.exe",
    "hash": "55f204b82dc4869480bc4eaf63066b0993f989d0468829fa25c53554a72fc21b",
    "checkver": {
        "url": "https://arks-layer.com/vanila/changelog.html",
        "regex": "<h3>(?<version>\\d\\.\\d\\.\\d\\.\\d)\\s*\\(\\d+-\\d+-\\d{4,}\\)</h3>",
        "replace": "${version}"
    },
    "autoupdate": {
        "url": "https://github.com/Aida-Enna/PSO2TweakerReleases/raw/master/$matchVersion/PSO2%20Tweaker.exe"
    },
    "bin": "PSO2 Tweaker.exe",
    "shortcuts": [
        [
            "PSO2 Tweaker.exe",
            "PSO2 Tweaker"
        ]
    ],
    "persist": [
        [
            "PHANTASYSTARONLINE2_JP",
            "game_jp"
        ],
        [
            "PHANTASYSTARONLINE2_NA",
            "game_na"
        ],
        [
            "PHANTASYSTARONLINE2_NA_STEAM",
            "game_na_steam"
        ],
        [
            "PHANTASYSTARONLINE2_NA_EPICGAMES",
            "game_na_epic"
        ]
    ]
}
