{
    "version": "2.59.4",
    "homepage": "https://github.com/pyfa-org/Pyfa",
    "license": "GPL-3.0-only",
    "description": "Python fitting assistant, cross-platform fitting tool for EVE Online",
    "url": "https://github.com/pyfa-org/Pyfa/releases/download/v2.59.4/pyfa-v2.59.4-win.zip",
    "hash": "1e650e84e10ca5e3414e8df1a34c27cec41940f230b03bbdf0e1f4c8c14e03eb",
    "bin": "pyfa.exe",
    "shortcuts": [
        [
            "pyfa.exe",
            "pyfa"
        ]
    ],
    "checkver": {
        "github": "https://github.com/pyfa-org/Pyfa"
    },
    "autoupdate": {
        "url": "https://github.com/pyfa-org/Pyfa/releases/download/v$version/pyfa-v$version-win.zip",
        "hash": {
            "mode": "download"
        }
    }
}
