{
    "version": "3.1.49",
    "description": "A simple, clean, and easy to use mod manager for Risk of Rain 2, Dyson Sphere Program, Valheim and GTFO",
    "homepage": "https://github.com/ebkr/r2modmanPlus",
    "license": "MIT",
    "architecture": {
        "64bit": {
            "url": "https://github.com/ebkr/r2modmanPlus/releases/download/v3.1.49/r2modman-3.1.49.exe#/r2modman.exe",
            "hash": "9eb8abee224fad64187b766235cbd21596fd7610429d99b9d8ee3911692dd5c2"
        }
    },
    "bin": "r2modman.exe",
    "shortcuts": [
        [
            "r2modman.exe",
            "r2modman"
        ]
    ],
    "checkver": "github",
    "autoupdate": {
        "architecture": {
            "64bit": {
                "url": "https://github.com/ebkr/r2modmanPlus/releases/download/v$version/r2modman-$version.exe#/r2modman.exe"
            }
        }
    }
}
