{
    "version": "5.5.2",
    "license": "Proprietary",
    "description": "Third-party overlay for iRacing, Assetto Corsa Competizione, and Formula 1 that improves your race experience",
    "homepage": "https://racelab.app",
    "url": "https://update.racelab.app/RacelabApps-5.5.2%20Setup.exe",
    "hash": "9e3c53536e6d5acee37ad6bd5517a6519e5b61580f6bf07fa214b34ff3231a37",
    "uninstaller": {
        "script": "Invoke-Expression -Command \"$env:LOCALAPPDATA\\RacelabApps\\Update.exe --uninstall\""
    },
    "checkver": {
        "url": "https://update.racelab.app/latest.yml",
        "regex": "version: ([\\d.]+)"
    },
    "autoupdate": {
        "url": "https://update.racelab.app/RacelabApps-$version%20Setup.exe"
    }
}
