{
    "version": "0.96.12a",
    "description": "RAINE is an emulator for arcade games",
    "homepage": "https://raine.1emulation.com/",
    "license": "Artistic-2.0",
    "architecture": {
        "32bit": {
            "url": [
                "https://raine.1emulation.com/archive/raine32-0.96.12a.7z",
                "https://raine.1emulation.com/archive/dlls32-0.96.7z"
            ],
            "hash": [
                "def54ceda4074613150320412e6e68a8a74c304dea7ff400211389264cdc7a1b",
                "50001a8768ee57134403cda1fb7c87141dfed3e1b19ab36ec9278eae2a9667dd"
            ],
            "extract_dir": "raine32",
            "bin": [
                [
                    "raine32.exe",
                    "RAINE"
                ]
            ],
            "shortcuts": [
                [
                    "raine32.exe",
                    "RAINE"
                ]
            ]
        },
        "64bit": {
            "url": [
                "https://raine.1emulation.com/archive/raine64-0.96.12a.7z",
                "https://raine.1emulation.com/archive/dlls64-0.96.7z"
            ],
            "hash": [
                "0e1ecb5fa5e4e374ce6010a02ed15bb489dc824ade08390effa062a7aed28e06",
                "643abad5850d3e5a73c6d61fe3563162403d81238d8c8ac47f9e700a75a34f0c"
            ],
            "extract_dir": "raine64",
            "bin": [
                [
                    "raine.exe",
                    "RAINE"
                ]
            ],
            "shortcuts": [
                [
                    "raine.exe",
                    "RAINE"
                ]
            ]
        }
    },
    "persist": [
        "artwork",
        "blend",
        "config",
        "debug",
        "demos",
        "emudx",
        "roms",
        "savedata",
        "savegame",
        "screens"
    ],
    "checkver": {
        "url": "https://raine.1emulation.com/download/latest.html",
        "regex": "/archive/raine32-([\\d.]+[a-zA-Z]?)\\.7z"
    },
    "autoupdate": {
        "architecture": {
            "32bit": {
                "url": "https://raine.1emulation.com/archive/raine32-$version.7z"
            },
            "64bit": {
                "url": "https://raine.1emulation.com/archive/raine64-$version.7z"
            }
        }
    }
}
