{
    "version": "1.10.11",
    "homepage": "https://github.com/Dummerle/Rare",
    "description": "A graphical frontend for Legendary, the FOSS Epic Games Launcher alternative",
    "license": "GPL-3.0",
    "architecture": {
        "64bit": {
            "url": "https://github.com/Dummerle/Rare/releases/download/1.10.11/Rare-1.10.11.msi",
            "hash": "6c4585e8d4b32556a63573e09d24dec1e8d0a815e03dde3b2c988d83052861c0"
        }
    },
    "bin": "rare.exe",
    "shortcuts": [
        [
            "rare.exe",
            "Rare"
        ]
    ],
    "checkver": "github",
    "autoupdate": {
        "architecture": {
            "64bit": {
                "url": "https://github.com/Dummerle/Rare/releases/download/$version/Rare-$version.msi"
            }
        }
    }
}
