{
    "version": "14.1.0.6",
    "description": "Unified configuration and modding control panel for all PC Rayman games",
    "homepage": "https://github.com/RayCarrot/RayCarrot.RCP.Metro",
    "license": "MIT",
    "url": "https://github.com/RayCarrot/RayCarrot.RCP.Metro/releases/download/14.1.0.6/Rayman.Control.Panel.exe",
    "hash": "b74513879d2f3e33efe14ada880b909d47a892dbec2d53a6a67497817f11bb70",
    "shortcuts": [
        [
            "Rayman.Control.Panel.exe",
            "Rayman Control Panel"
        ]
    ],
    "checkver": "github",
    "autoupdate": {
        "url": "https://github.com/RayCarrot/RayCarrot.RCP.Metro/releases/download/$version/Rayman.Control.Panel.exe"
    }
}
