{
    "version": "1.9.1",
    "description": "Modern source port for Duke Nukem 3D, Blood, Redneck Rampage, Shadow Warrior and Exhumed/Powerslave",
    "homepage": "https://github.com/coelckers/Raze",
    "license": "Custom",
    "notes": [
        "Place GRP and RTS files (game data) in:",
        "",
        "    $persist_dir\\data"
    ],
    "architecture": {
        "64bit": {
            "url": "https://github.com/coelckers/Raze/releases/download/1.9.1/raze_1.9.1.zip",
            "hash": "f4caea7fed7e9122011c9f53757205dd73f54fb9f2006a9acf777ef12ca68e41"
        }
    },
    "bin": "raze.exe",
    "shortcuts": [
        [
            "raze.exe",
            "Raze"
        ]
    ],
    "persist": "data",
    "checkver": {
        "github": "https://github.com/coelckers/raze"
    },
    "autoupdate": {
        "architecture": {
            "64bit": {
                "url": "https://github.com/coelckers/Raze/releases/download/$version/raze_$version.zip"
            }
        }
    }
}
