{
    "version": "2.0.0",
    "description": "Free arena shooter with parkour elements and a cooperative map editor",
    "homepage": "https://redeclipse.net/",
    "license": "Zlib",
    "url": "https://github.com/redeclipse/base/releases/download/v2.0.0/redeclipse_2.0.0_win.zip",
    "hash": "baf9477e68359e622c8fff315d93eab703169aea7ad0b31708e84caf899371dc",
    "extract_dir": "redeclipse-2.0.0-win",
    "bin": "redeclipse.bat",
    "shortcuts": [
        [
            "redeclipse.bat",
            "Red Eclipse",
            "",
            "src/redeclipse.ico"
        ]
    ],
    "checkver": {
        "github": "https://github.com/redeclipse/base"
    },
    "autoupdate": {
        "url": "https://github.com/redeclipse/base/releases/download/v$version/redeclipse_$version_win.zip",
        "extract_dir": "redeclipse-$version-win"
    }
}
