{
    "version": "4.8.0",
    "description": "Advanced level editor for New Super Mario Bros. Wii",
    "homepage": "https://github.com/CLF78/Reggie-Next",
    "license": "GPL-3.0-only",
    "url": "https://github.com/CLF78/Reggie-Next/releases/download/v4.8.0/reggie_next_v4.8.0_win32.zip",
    "hash": "4355b8553d3a19620260b36dd0b5223d476d9480ed76125d2a8d6cd25f8d724b",
    "pre_install": "Rename-Item -Path $dir/reggie.exe -NewName $dir/reggie-next.exe",
    "bin": "reggie-next.exe",
    "shortcuts": [
        [
            "reggie-next.exe",
            "Reggie Next"
        ]
    ],
    "checkver": {
        "github": "https://github.com/CLF78/Reggie-Next/"
    },
    "autoupdate": {
        "url": "https://github.com/CLF78/Reggie-Next/releases/download/v$version/reggie_next_v$version_win32.zip"
    }
}
