{
    "version": "0.8.3",
    "description": "Mod Manager GUI for Resonite",
    "homepage": "https://github.com/Gawdl3y/Resolute",
    "license": "GPL-3.0-only",
    "architecture": {
        "64bit": {
            "url": "https://github.com/Gawdl3y/Resolute/releases/download/v0.8.3/Resolute_0.8.3_x64_en-US.msi",
            "hash": "e6691b6c42e4f0031e7f7a34cf3091fec98440b9d18426da1a57a5862a67a8ff",
            "extract_dir": "PFiles/Resolute"
        }
    },
    "shortcuts": [
        [
            "Resolute.exe",
            "Resolute"
        ]
    ],
    "checkver": "github",
    "autoupdate": {
        "architecture": {
            "64bit": {
                "url": "https://github.com/Gawdl3y/Resolute/releases/download/v$version/Resolute_$version_x64_en-US.msi"
            }
        }
    }
}
