{
    "version": "0.8.0",
    "description": "A free assembler/linker package for the Game Boy and Game Boy Color",
    "homepage": "https://rednex.github.io/rgbds/",
    "license": "MIT",
    "architecture": {
        "32bit": {
            "url": "https://github.com/rednex/rgbds/releases/download/v0.8.0/rgbds-0.8.0-win32.zip",
            "hash": "ac8bc71f967bccf47a9302cf4d07495c8e8dc0a58b1fde15f956ea33318c3131"
        },
        "64bit": {
            "url": "https://github.com/rednex/rgbds/releases/download/v0.8.0/rgbds-0.8.0-win64.zip",
            "hash": "ac1f625dfc4049bbdc67078a66b878d4b9deb9d2fd4ea715f75d56caaa4f6efc"
        }
    },
    "bin": [
        "rgbasm.exe",
        "rgbfix.exe",
        "rgbgfx.exe",
        "rgblink.exe"
    ],
    "checkver": {
        "github": "https://github.com/rednex/rgbds"
    },
    "autoupdate": {
        "architecture": {
            "32bit": {
                "url": "https://github.com/rednex/rgbds/releases/download/v$version/rgbds-$version-win32.zip"
            },
            "64bit": {
                "url": "https://github.com/rednex/rgbds/releases/download/v$version/rgbds-$version-win64.zip"
            }
        }
    }
}
