{
    "homepage": "https://github.com/rimpy-custom/RimPy",
    "description": "Mod manager for Rimworld",
    "version": "1.2.6.28",
    "license": "Freeware",
    "architecture": {
        "64bit": {
            "url": "https://github.com/rimpy-custom/RimPy/releases/download/1.2.6.28/RimPy_Windows.zip",
            "hash": "a739621895d749a440fa779dec03c6cb52d521c119ffd322d049f46400e7c285"
        }
    },
    "shortcuts": [
        [
            "RimPy.exe",
            "RimPy"
        ]
    ],
    "checkver": "github",
    "autoupdate": {
        "architecture": {
            "64bit": {
                "url": "https://github.com/rimpy-custom/RimPy/releases/download/$version/RimPy_Windows.zip"
            }
        }
    }
}
