{
    "version": "0.6.5",
    "description": "Rosalie's Mupen GUI is a free and open source mupen64plus GUI",
    "homepage": "https://github.com/Rosalie241/RMG",
    "license": "GPL-3.0-only",
    "url": "https://github.com/Rosalie241/RMG/releases/download/v0.6.5/RMG-Portable-Windows64-v0.6.5.zip",
    "hash": "8a3094dbb2d74ce2b5975529302e02393ba7d5345ebd53f111643c59c2bd6bab",
    "bin": "RMG.exe",
    "shortcuts": [
        [
            "RMG.exe",
            "Rosalie's Mupen GUI"
        ]
    ],
    "persist": [
        "Cache",
        "Config",
        "Data",
        "Save",
        "Screenshots"
    ],
    "checkver": "github",
    "autoupdate": {
        "url": "https://github.com/Rosalie241/RMG/releases/download/v$version/RMG-Portable-Windows64-v$version.zip"
    }
}
