{
    "version": "release6",
    "description": "Compress, or uncompress ROMs. Detect duplicates, catalog, manage CHD and DAT data, sort for Everdrive, or create 1G1R sets. All with one app.",
    "homepage": "https://github.com/drakewill-CRL/ROMSorter",
    "license": "MIT",
    "notes": [
        "",
        "ROMSorter depends on having the .NET 6 runtime or later installed.",
        "",
        "The .NET runtime, also known as the Microsoft Windows Desktop Runtime, is available in the Extras bucket.",
        "",
        "Since the runtime gets installed globally, sudo functionality is needed, which is part of the Main bucket.",
        "",
        "With something like the 'gsudo' app installed, you could execute the following to get the dependencies: sudo scoop install extras/windowsdesktop-runtime-lts",
        ""
    ],
    "suggest": {
        "Sudo": "main/gsudo",
        ".NET runtime": "extras/windowsdesktop-runtime"
    },
    "url": "https://github.com/drakewill-CRL/ROMSorter/releases/download/release6/ROMSorter-Release6.zip",
    "hash": "63b060b4b4aa16485cf3b56b0e91ca5e25cc43527e5dccdde81947ed6147142d",
    "shortcuts": [
        [
            "ROMSorter.exe",
            "ROMSorter"
        ]
    ],
    "checkver": {
        "github": "https://github.com/drakewill-CRL/ROMSorter",
        "regex": "tag/(release\\d+)"
    },
    "autoupdate": {
        "url": "https://github.com/drakewill-CRL/ROMSorter/releases/download/$version/ROMSorter-$version.zip"
    }
}
