{
    "version": "0.0.33-16917",
    "description": "Open-source Sony PlayStation 3 emulator",
    "homepage": "https://rpcs3.net/",
    "license": {
        "identifier": "GPL-2.0",
        "url": "https://github.com/RPCS3/rpcs3/blob/master/LICENSE"
    },
    "notes": [
        "ATTENTION: RPCS3 requires a copy of the official PS3 firmware to function.",
        "Install the ps3-system-software package.  You must still manually load PS3UPDAT.PUP",
        "See the official quickstart guide for further instructions: https://rpcs3.net/quickstart"
    ],
    "depends": "ps3-system-software",
    "suggest": {
        "Microsoft Visual C++ Runtime 2022": "extras/vcredist2022"
    },
    "url": "https://github.com/rpcs3/rpcs3-binaries-win/releases/download/build-0a54e34a9bbb2869c6e6b577487b99e26defad50/rpcs3-v0.0.33-16917-0a54e34a_win64.7z",
    "hash": "cabbd39541f4e703ac148da4c58beaa9dcc199641b49af50d35d39c3c634926c",
    "pre_install": [
        "if (!(Test-Path \"$persist_dir\")) {",
        "   New-Item \"$persist_dir\" -ItemType Directory | Out-Null",
        "   New-Item \"$persist_dir\\config.yml\" -ItemType File | Out-Null",
        "   New-Item \"$persist_dir\\games.yml\" -ItemType File | Out-Null",
        "   '[Meta]', 'checkUpdateStart=false' | Set-Content \"$dir\\GuiConfigs\\CurrentSettings.ini\"",
        "}"
    ],
    "bin": "rpcs3.exe",
    "shortcuts": [
        [
            "rpcs3.exe",
            "RPCS3"
        ]
    ],
    "persist": [
        "dev_flash",
        "dev_flash2",
        "dev_flash3",
        "dev_hdd0",
        "dev_hdd1",
        "dev_usb000",
        "cache",
        "captures",
        "config.yml",
        "config",
        "firmware",
        "games.yml",
        "GuiConfigs",
        "Icons",
        "patches"
    ],
    "checkver": {
        "url": "https://rpcs3.net/compatibility?b",
        "regex": "/rpcs3-binaries-win/releases/download/build-(?<fullhash>[0-9a-f]+)/rpcs3-v(?<build>[0-9]+\\.[0-9]+\\.[0-9]+\\-[0-9]+)-(?<shorthash>[0-9a-f]{8})",
        "replace": "${build}"
    },
    "autoupdate": {
        "url": "https://github.com/rpcs3/rpcs3-binaries-win/releases/download/build-$matchFullhash/rpcs3-v$matchBuild-$matchShorthash_win64.7z",
        "hash": {
            "url": "https://rpcs3.net/compatibility?b",
            "regex": "Windows SHA-256: ($sha256)"
        }
    }
}
