{
    "version": "1.16.3",
    "description": "Arcane Rune Pages manager for League of Legends",
    "homepage": "https://github.com/Soundofdarkness/RuneBook",
    "license": "MIT",
    "url": "https://github.com/Soundofdarkness/RuneBook/releases/download/v1.16.3/RuneBook_1.16.3.exe#/dl.7z",
    "hash": "0e08f3a6b7509d27dbb266daceaa564c0a439764b5f973b1f6538254efa203d9",
    "installer": {
        "script": [
            "Expand-7zipArchive \"$dir\\`$PLUGINSDIR\\app-64.7z\" \"$dir\"",
            "Remove-Item \"$dir\\`$PLUGINSDIR\", \"$dir\\Uninst*\" -Force -Recurse"
        ]
    },
    "shortcuts": [
        [
            "RuneBook.exe",
            "RuneBook"
        ]
    ],
    "checkver": {
        "github": "https://github.com/Soundofdarkness/RuneBook/"
    },
    "autoupdate": {
        "url": "https://github.com/Soundofdarkness/RuneBook/releases/download/v$version/RuneBook_$version.exe#/dl.7z"
    }
}
