{
    "version": "2.7.2",
    "description": "An open source Old School RuneScape client",
    "homepage": "https://runelite.net",
    "license": "BSD-2-Clause",
    "architecture": {
        "64bit": {
            "url": "https://github.com/runelite/launcher/releases/download/2.7.2/RuneLiteSetup.exe#/dl.7z",
            "hash": "9afded10f279f5920773f8c6a209088ba00a10c6fb37a2272d4e2c3cbe93830e"
        },
        "32bit": {
            "url": "https://github.com/runelite/launcher/releases/download/2.7.2/RuneLiteSetup32.exe#/dl.7z",
            "hash": "a59d25303f7a051a82e5791b2d02119ba6bdc012fea63c016595564ddb364ab8"
        }
    },
    "shortcuts": [
        [
            "RuneLite.exe",
            "RuneLite"
        ]
    ],
    "innosetup": true,
    "checkver": {
        "github": "https://github.com/runelite/launcher"
    },
    "autoupdate": {
        "architecture": {
            "64bit": {
                "url": "https://github.com/runelite/launcher/releases/download/$version/RuneLiteSetup.exe#/dl.7z"
            },
            "32bit": {
                "url": "https://github.com/runelite/launcher/releases/download/$version/RuneLiteSetup32.exe#/dl.7z"
            }
        },
        "hash": {
            "url": "https://github.com/runelite/launcher/releases/tag/$version"
        }
    }
}
