{
    "version": "nightly",
    "description": "Modern reimplementation of the classic RC racing game Re-Volt (full package with extras)",
    "homepage": "https://rvgl.re-volt.io/",
    "license": "Freeware",
    "architecture": {
        "32bit": {
            "url": "https://distribute.re-volt.io/releases/rvgl_full_win32_online.zip"
        },
        "64bit": {
            "url": "https://distribute.re-volt.io/releases/rvgl_full_win64_online.zip"
        }
    },
    "shortcuts": [
        [
            "rvgl.exe",
            "RVGL"
        ]
    ]
}
