{
    "version": "1.1.1385",
    "description": "A simple, experimental Nintendo Switch emulator (Avalonia UI test build)",
    "homepage": "https://ryujinx.org/",
    "license": {
        "identifier": "MIT",
        "url": "https://github.com/Ryujinx/Ryujinx/blob/master/LICENSE.txt"
    },
    "notes": [
        "ATTENTION: Ryujinx requires Nintendo Switch firmware and a prod.keys file to function.",
        "Learn more at https://github.com/Ryujinx/Ryujinx/wiki/Ryujinx-Setup-&-Configuration-Guide"
    ],
    "architecture": {
        "64bit": {
            "url": "https://github.com/Ryujinx/release-channel-master/releases/download/1.1.1385/test-ava-ryujinx-1.1.1385-win_x64.zip",
            "hash": "03d3a4dcd6b3b6dc57cbb66806d487460eec8eff3ad2a478541980682bc63522"
        }
    },
    "extract_dir": "publish",
    "pre_install": [
        "if (!(Test-Path \"$persist_dir\")) {",
        "   New-item \"$persist_dir\\portable\" -ItemType Directory | Out-Null",
        "   if (Test-Path \"$env:APPDATA\\Ryujinx\") {",
        "       Write-host \"Migrating AppData...\" -ForegroundColor yellow",
        "       Copy-Item -Path \"$env:APPDATA\\Ryujinx\\*\" -Destination \"$persist_dir\\portable\" -Recurse",
        "       Remove-Item -Path \"$env:APPDATA\\Ryujinx\" -Recurse",
        "   }",
        "}"
    ],
    "bin": "Ryujinx.Ava.exe",
    "shortcuts": [
        [
            "Ryujinx.Ava.exe",
            "Ryujinx"
        ]
    ],
    "persist": "portable",
    "checkver": {
        "github": "https://github.com/Ryujinx/release-channel-master"
    },
    "autoupdate": {
        "architecture": {
            "64bit": {
                "url": "https://github.com/Ryujinx/release-channel-master/releases/download/$version/test-ava-ryujinx-$version-win_x64.zip"
            }
        }
    }
}
