{
    "version": "0.16.6",
    "description": "A Game Boy and Game Boy Color emulator written in C",
    "homepage": "https://sameboy.github.io/",
    "license": {
        "identifier": "MIT",
        "url": "https://github.com/LIJI32/SameBoy/blob/master/LICENSE"
    },
    "url": "https://github.com/LIJI32/SameBoy/releases/download/v0.16.6/sameboy_winsdl_v0.16.6.zip",
    "hash": "0501f033566ef315259cd548ea61f790b84c8519341c647483aa3482d4df4282",
    "pre_install": [
        "if (!(Test-Path \"$persist_dir\\prefs.bin\")) {",
        "    New-Item \"$dir\\prefs.bin\" -Type File | Out-Null",
        "}"
    ],
    "bin": [
        "sameboy.exe",
        "sameboy_debugger.exe"
    ],
    "shortcuts": [
        [
            "sameboy.exe",
            "SameBoy"
        ],
        [
            "sameboy_debugger.exe",
            "SameBoy Debugger"
        ]
    ],
    "persist": "prefs.bin",
    "checkver": {
        "github": "https://github.com/LIJI32/SameBoy"
    },
    "autoupdate": {
        "url": "https://github.com/LIJI32/SameBoy/releases/download/v$version/sameboy_winsdl_v$version.zip",
        "hash": {
            "url": "$baseurl/SHA2-256SUMS"
        }
    }
}
