{
    "version": "2.8.1",
    "description": "ScummVM is a program which allows you to run certain classic graphical adventure and role-playing games",
    "homepage": "https://www.scummvm.org/",
    "license": {
        "identifier": "GPL-3.0",
        "url": "https://github.com/scummvm/scummvm/blob/master/COPYING"
    },
    "architecture": {
        "32bit": {
            "url": "https://downloads.scummvm.org/frs/scummvm/2.8.1/scummvm-2.8.1-win32.zip",
            "hash": "43bb2cf3df9e7a83e03f3df896799a03943c671af941e7ea68809e2dcfadcad4",
            "extract_dir": "scummvm-2.8.1-win32"
        },
        "64bit": {
            "url": "https://downloads.scummvm.org/frs/scummvm/2.8.1/scummvm-2.8.1-win32-x86_64.zip",
            "hash": "89a4bd6dc76fb132a8687b61cfc0cc47ba86159013b321eccbfb0b9fea819544",
            "extract_dir": "scummvm-2.8.1-win32-x86_64"
        }
    },
    "pre_install": [
        "Rename-Item -Path \"$dir\\scummvm-$version.exe\" -NewName \"scummvm.exe\"",
        "if (!(Test-Path \"$persist_dir\\scummvm.ini\")) {",
        "   New-Item -Path \"$dir\" -Name \"scummvm.ini\" -ItemType \"File\" | Out-Null",
        "}"
    ],
    "shortcuts": [
        [
            "scummvm.exe",
            "ScummVM"
        ]
    ],
    "persist": [
        "scummvm.ini",
        "saves",
        "themes",
        "extras"
    ],
    "checkver": {
        "github": "https://github.com/scummvm/scummvm"
    },
    "autoupdate": {
        "hash": {
            "url": "$url.sha256"
        },
        "architecture": {
            "32bit": {
                "url": "https://downloads.scummvm.org/frs/scummvm/$version/scummvm-$version-win32.zip",
                "extract_dir": "scummvm-$version-win32"
            },
            "64bit": {
                "url": "https://downloads.scummvm.org/frs/scummvm/$version/scummvm-$version-win32-x86_64.zip",
                "extract_dir": "scummvm-$version-win32-x86_64"
            }
        }
    }
}
