{
    "version": "2024.09.1",
    "description": "Nintendo 64 emulator",
    "homepage": "https://simple64.github.io/",
    "license": {
        "identifier": "GPL-3.0",
        "url": "https://github.com/simple64/simple64/blob/main/LICENSE"
    },
    "url": "https://github.com/simple64/simple64/releases/download/v2024.09.1/simple64-win64-4c2f4d1.zip",
    "hash": "6d8c3e031492d4e9ff39de0781f8f6d358bf6ad15fd2944396536510b4e8e08c",
    "extract_dir": "simple64",
    "pre_install": [
        "if (!(Test-Path \"$persist_dir\\simple64-gui.ini\")) {",
        "   New-Item    \"$dir\\simple64-gui.ini\" -Type File | Out-Null",
        "   Set-Content \"$dir\\simple64-gui.ini\" '[General]'",
        "   Add-Content \"$dir\\simple64-gui.ini\" 'version=2'",
        "   Add-Content \"$dir\\simple64-gui.ini\" 'configDirPath=$APP_PATH$/config'",
        "}"
    ],
    "bin": [
        [
            "simple64-gui.exe",
            "simple64"
        ]
    ],
    "shortcuts": [
        [
            "simple64-gui.exe",
            "simple64"
        ]
    ],
    "persist": "config",
    "checkver": {
        "github": "https://github.com/simple64/simple64",
        "regex": "v([\\d\\.]+)\\/simple64-win64-(?<commit>[\\da-f]{7})\\."
    },
    "autoupdate": {
        "url": "https://github.com/simple64/simple64/releases/download/v$version/simple64-win64-$matchCommit.zip"
    }
}
