{
    "version": "1026.01.2ac1a41",
    "description": "Utility to explore combat mechanics in the popular MMORPG World of Warcraft",
    "homepage": "https://www.simulationcraft.org/",
    "license": "GPL-3.0-only",
    "architecture": {
        "64bit": {
            "url": "http://downloads.simulationcraft.org/nightly/simc-1026.01.2ac1a41-win64.7z",
            "hash": "3be782cbbcd6f971f22065eb938361f5b8427cadc3d6fded3628751e5d99a726",
            "extract_dir": "simc-1026.01.2ac1a41-win64"
        },
        "arm64": {
            "url": "http://downloads.simulationcraft.org/nightly/simc-1026.01.2ac1a41-winarm64.7z",
            "hash": "f70a1a022c29c61d9e608f417e7aef50b774452234fde7ac4a4111dc9c245bf2",
            "extract_dir": "simc-1026.01.2ac1a41-winarm64"
        }
    },
    "shortcuts": [
        [
            "SimulationCraft.exe",
            "SimulationCraft"
        ]
    ]
}
