{
    "version": "142.2.1",
    "description": "Transport management simulation game",
    "homepage": "https://www.simutrans.com/",
    "license": "Artistic-1.0",
    "url": "https://downloads.sourceforge.net/project/simutrans/simutrans/142-2-1/simuwin-sdl-142-2-1.zip",
    "hash": "sha1:150887b6ef806f3262cf39db44f4e4ea36c0e096",
    "extract_dir": "simutrans",
    "bin": "simutrans.exe",
    "shortcuts": [
        [
            "simutrans.exe",
            "Simutrans"
        ],
        [
            "download-paksets.exe",
            "Download Simutrans Paksets"
        ]
    ],
    "checkver": {
        "url": "https://www.simutrans.com/en/",
        "regex": "([0-9]+(\\.[0-9]+)+)"
    },
    "autoupdate": {
        "url": "https://downloads.sourceforge.net/project/simutrans/simutrans/$dashVersion/simuwin-sdl-$dashVersion.zip"
    }
}
