{
    "version": "3.2.6",
    "description": "Level and resource editor for Doom engine games",
    "homepage": "http://slade.mancubus.net/",
    "license": "GPL-2.0-or-later",
    "depends": "extras/vcredist2022",
    "url": "http://slade.mancubus.net/files/3.2.6/slade_3.2.6.7z",
    "hash": "fe161bcf98b457c2594533985d4e9bb436c4687798ec244643b748f2d0776ae5",
    "bin": "SLADE.exe",
    "shortcuts": [
        [
            "SLADE.exe",
            "SLADE"
        ]
    ],
    "checkver": {
        "github": "https://github.com/sirjuddington/SLADE"
    },
    "autoupdate": {
        "url": "http://slade.mancubus.net/files/$version/slade_$version.7z"
    }
}
