{
    "version": "1.63",
    "description": "SNES (Super Nintendo Entertainment System) emulator",
    "homepage": "http://www.snes9x.com/",
    "license": {
        "identifier": "Non-commercial",
        "url": "https://github.com/snes9xgit/snes9x/blob/master/LICENSE"
    },
    "architecture": {
        "32bit": {
            "url": "https://github.com/snes9xgit/snes9x/releases/download/1.63/snes9x-1.63-win32.zip",
            "hash": "71b364acfc9377b3d94bcdd7f7cfafe7f26b94ba44f9024b72adc9d7b9dbf275",
            "bin": "snes9x.exe",
            "shortcuts": [
                [
                    "snes9x.exe",
                    "Snes9X"
                ]
            ]
        },
        "64bit": {
            "url": "https://github.com/snes9xgit/snes9x/releases/download/1.63/snes9x-1.63-win32-x64.zip",
            "hash": "e2bd103819051eae57d163cdbbf6b3b92db73fdd4a6a0ee6a939e507eaa95db8",
            "bin": [
                [
                    "snes9x-x64.exe",
                    "snes9x"
                ]
            ],
            "shortcuts": [
                [
                    "snes9x-x64.exe",
                    "Snes9X"
                ]
            ]
        }
    },
    "pre_install": [
        "if (!(Test-Path \"$persist_dir\\snes9x.conf\")) {",
        "    New-Item \"$dir\\snes9x.conf\" -Type File | Out-Null",
        "}"
    ],
    "persist": [
        "BIOS",
        "Cheats",
        "Movies",
        "Patches",
        "Roms",
        "SatData",
        "Saves",
        "Screenshots",
        "SPCs",
        "snes9x.conf"
    ],
    "checkver": {
        "github": "https://github.com/snes9xgit/snes9x"
    },
    "autoupdate": {
        "architecture": {
            "32bit": {
                "url": "https://github.com/snes9xgit/snes9x/releases/download/$version/snes9x-$version-win32.zip"
            },
            "64bit": {
                "url": "https://github.com/snes9xgit/snes9x/releases/download/$version/snes9x-$version-win32-x64.zip"
            }
        }
    }
}
