{
    "version": "1.6",
    "description": "SRB2Kart is a kart racing mod based on the 3D Sonic the Hedgehog fangame Sonic Robo Blast 2, based on a modified version of Doom Legacy.",
    "homepage": "https://kartkrew.org/",
    "license": "GPL-2.0-or-later",
    "url": "https://github.com/STJr/Kart-Public/releases/download/v1.6/srb2kart-v16-Installer.exe#/dl.7z",
    "hash": "1b3d86aa599de11e58d6a8595e115e896a89ef18db90a783bbc0f7f2503fc53f",
    "bin": "srb2kart.exe",
    "shortcuts": [
        [
            "srb2kart.exe",
            "SRB2Kart"
        ]
    ],
    "checkver": {
        "github": "https://github.com/STJr/Kart-Public/"
    },
    "autoupdate": {
        "url": "https://github.com/STJr/Kart-Public/releases/download/v$version/srb2kart-v$cleanVersion-Installer.exe#/dl.7z"
    }
}
