{
    "version": "0.6.0",
    "homepage": "https://github.com/syntax-tm/SteamAchievementManager",
    "description": "Fork of Steam Achievement Manager with the goal of updating to .NET Core, WPF and modernizing the app",
    "license": "Zlib",
    "url": "https://github.com/syntax-tm/SteamAchievementManager/releases/download/v0.6.0/SAM_0.6.0.zip",
    "hash": "7776156D146DC9DB54EFAA3503240EB8743D1356C0D269C2BBF0603D77BBF3F3",
    "shortcuts": [
        [
            "SAM.exe",
            "Steam Achievement Manager (syntax-tm)"
        ]
    ],
    "checkver": "github",
    "autoupdate": {
        "url": "https://github.com/syntax-tm/SteamAchievementManager/releases/download/v$version/SAM_$version.zip"
    }
}
