{
    "version": "2.5.22",
    "description": "Steam ROM Manager adds non-Steam games to steam in bulk and manages their artwork assets",
    "homepage": "https://steamgriddb.github.io/steam-rom-manager/",
    "license": {
        "url": "https://github.com/SteamGridDB/steam-rom-manager/blob/master/LICENSE",
        "identifier": "GPL-3.0"
    },
    "url": "https://github.com/SteamGridDB/steam-rom-manager/releases/download/v2.5.22/steam-rom-manager-portable-2.5.22.exe",
    "hash": "087ce1b1ca5589974ee565a38b588c121e37c3748a1b25e6e74f1655a0aa97f3",
    "installer": {
        "script": "Rename-Item \"$dir\\steam-rom-manager-portable-$version.exe\" 'steam-rom-manager.exe' -Force"
    },
    "shortcuts": [
        [
            "steam-rom-manager.exe",
            "Steam ROM Manager"
        ]
    ],
    "persist": "userData",
    "checkver": {
        "github": "https://github.com/SteamGridDB/steam-rom-manager",
        "regex": ".*[mM]anager-portable-(?<version>[\\d\\w.]+).exe"
    },
    "autoupdate": {
        "url": "https://github.com/SteamGridDB/steam-rom-manager/releases/download/v$version/steam-rom-manager-portable-$version.exe"
    }
}
