{
    "version": "6.7.1",
    "description": "Multi-platform Atari 2600 VCS emulator",
    "homepage": "https://stella-emu.github.io/",
    "license": "GPL-2.0-only",
    "url": "https://github.com/stella-emu/stella/releases/download/6.7.1/Stella-6.7.1-windows.zip",
    "hash": "6781efff51aa28390b2f858a1e7b8b98111fad62bccede400c6e741b43a49099",
    "architecture": {
        "32bit": {
            "shortcuts": [
                [
                    "32-bit/Stella.exe",
                    "Stella"
                ]
            ]
        },
        "64bit": {
            "shortcuts": [
                [
                    "64-bit/Stella.exe",
                    "Stella"
                ]
            ]
        }
    },
    "extract_dir": "Stella-6.7.1",
    "persist": "config",
    "checkver": {
        "github": "https://github.com/stella-emu/stella"
    },
    "autoupdate": {
        "url": "https://github.com/stella-emu/stella/releases/download/$version/Stella-$version-windows.zip",
        "extract_dir": "Stella-$version"
    }
}
