{
    "version": "1.2.3",
    "description": "Fixes various bugs related to Minecraft: Bedrock Edition",
    "homepage": "https://github.com/Aetopia/Stonecutter",
    "license": "MIT",
    "architecture": {
        "64bit": {
            "url": "https://github.com/Aetopia/Stonecutter/releases/download/v1.2.3/Stonecutter.zip",
            "hash": "8d6f2391b170eda70b6deab958e445e0e80aebf06f789ba2877373743be58f87"
        }
    },
    "shortcuts": [
        [
            "Stonecutter.exe",
            "Stonecutter"
        ]
    ],
    "checkver": {
        "url": "https://api.github.com/repos/Aetopia/Stonecutter/releases/latest",
        "jsonpath": "$.tag_name",
        "regex": "v([\\d.]+)"
    },
    "autoupdate": {
        "architecture": {
            "64bit": {
                "url": "https://github.com/Aetopia/Stonecutter/releases/download/v$version/Stonecutter.zip"
            }
        }
    }
}
