{
    "version": "1.0.6",
    "description": "Continuation of the experimental emulator for the Nintendo Switch - yuzu",
    "homepage": "https://sudachi.emuplace.app/",
    "license": "GPL-3.0",
    "architecture": {
        "64bit": {
            "url": "https://sudachi.emuplace.app/releases/sudachi-windows-v1.0.6.7z",
            "hash": "f35f14f2759b7f80d6ae1f660d4b28af4b496601a07c514b2994e5635a108342"
        }
    },
    "pre_install": [
        "if (!(Test-Path \"$persist_dir\")) {",
        "   New-item \"$persist_dir\" -ItemType Directory | Out-Null",
        "   New-item \"$persist_dir\\user\" -ItemType Directory | Out-Null",
        "   if (Test-Path \"$env:APPDATA\\sudachi\") {",
        "       Write-host \"Migrating AppData...\" -ForegroundColor yellow",
        "       Copy-Item -Path \"$env:APPDATA\\sudachi\\*\" -Destination \"$persist_dir\\user\" -Recurse",
        "       Remove-Item -Path \"$env:APPDATA\\sudachi\" -Recurse",
        "   }",
        "}"
    ],
    "bin": [
        "sudachi.exe",
        "sudachi-cmd.exe"
    ],
    "shortcuts": [
        [
            "sudachi.exe",
            "Sudachi"
        ]
    ],
    "persist": [
        "user",
        "plugins"
    ],
    "checkver": {
        "url": "https://sudachi.emuplace.app/",
        "script": [
            "$jsPath = ((Invoke-WebRequest https://sudachi.emuplace.app/).Content | Select-String -Pattern '/assets/index-\\w+.js').Matches.Value",
            "$relPath = ((Invoke-WebRequest https://sudachi.emuplace.app$jsPath).Content | Select-String -Pattern '/releases/sudachi-windows-v[\\d.]+.7z').Matches.Value",
            "return $relPath"
        ],
        "regex": "/releases/sudachi-windows-v(?<version>[\\d.]+).7z"
    },
    "autoupdate": {
        "architecture": {
            "64bit": {
                "url": "https://sudachi.emuplace.app/releases/sudachi-windows-v$version.7z"
            }
        }
    }
}
