{
    "version": "1.4",
    "description": "Arcade 3D racer with a variety of characters, tracks and modes",
    "homepage": "https://supertuxkart.net/Main_Page",
    "license": "GPL-3.0-or-later",
    "architecture": {
        "32bit": {
            "url": "https://github.com/supertuxkart/stk-code/releases/download/1.4/SuperTuxKart-1.4-installer-i686.exe#/dl.7z",
            "hash": "6048a159e6affb5fd880b14f6523efc19b9e19a3802e53f1226131d15678bde5"
        },
        "64bit": {
            "url": "https://github.com/supertuxkart/stk-code/releases/download/1.4/SuperTuxKart-1.4-installer-x86_64.exe#/dl.7z",
            "hash": "907a85f34a5355898a9187125affe9b4cdecf8f108c7c3a6a9d9a8ce7950967d"
        }
    },
    "bin": "supertuxkart.exe",
    "shortcuts": [
        [
            "supertuxkart.exe",
            "SuperTuxKart"
        ]
    ],
    "checkver": {
        "github": "https://github.com/supertuxkart/stk-code"
    },
    "autoupdate": {
        "architecture": {
            "32bit": {
                "url": "https://github.com/supertuxkart/stk-code/releases/download/$version/SuperTuxKart-$version-installer-i686.exe#/dl.7z"
            },
            "64bit": {
                "url": "https://github.com/supertuxkart/stk-code/releases/download/$version/SuperTuxKart-$version-installer-x86_64.exe#/dl.7z"
            }
        }
    }
}
