{
    "version": "0.0.62",
    "description": "Parse intercepted data from Summoner's War and extract information on the monsters and runes of the user. They can then be uploaded to https://swarfarm.com/ for example.",
    "homepage": "https://github.com/Xzandro/sw-exporter",
    "license": "Apache-2.0",
    "url": "https://github.com/Xzandro/sw-exporter/releases/download/v0.0.62/Summoners-War-Exporter-Portable-0.0.62-win.exe#/dl.7z",
    "hash": "02da464bef50e0e6a7b5ae17cb22bc6931b0fd9d8ba43ebd49e19f6918679392",
    "architecture": {
        "32bit": {
            "installer": {
                "script": [
                    "Expand-7zipArchive \"$dir\\`$PLUGINSDIR\\app-32.7z\" \"$dir\"",
                    "Remove-Item \"$dir\\`$PLUGINSDIR\" -Force -Recurse"
                ]
            }
        },
        "64bit": {
            "installer": {
                "script": [
                    "Expand-7zipArchive \"$dir\\`$PLUGINSDIR\\app-64.7z\" \"$dir\"",
                    "Remove-Item \"$dir\\`$PLUGINSDIR\" -Force -Recurse"
                ]
            }
        }
    },
    "bin": [
        [
            "Summoners War Exporter.exe",
            "sw-exporter"
        ]
    ],
    "shortcuts": [
        [
            "Summoners War Exporter.exe",
            "Summoner's War Exporter"
        ]
    ],
    "checkver": "github",
    "autoupdate": {
        "url": "https://github.com/Xzandro/sw-exporter/releases/download/v$version/Summoners-War-Exporter-Portable-$version-win.exe#/dl.7z"
    }
}
