{
    "version": "0.1.3",
    "description": "An open-source platform for playing tabletop games in a physics-based 3D environment",
    "homepage": "https://github.com/drwhut/tabletop-club",
    "license": {
        "identifier": "MIT",
        "url": "https://github.com/drwhut/tabletop-club/blob/master/LICENSE"
    },
    "architecture": {
        "32bit": {
            "url": "https://github.com/drwhut/tabletop-club/releases/download/v0.1.3/TabletopClub_v0.1.3_Windows_32.zip",
            "hash": "sha512:cad51281d0143d109c30d397d0434546db2568cabf29916a4411cac1f2a27b9ba2fa06aa163c800dfe22c3ba943558097918aba123a9dffcce90f8d34422ec1d"
        },
        "64bit": {
            "url": "https://github.com/drwhut/tabletop-club/releases/download/v0.1.3/TabletopClub_v0.1.3_Windows_64.zip",
            "hash": "sha512:343de089d7ba93d8bfcbdac6f3a2045f6c2bf3c78ab6bba175b247ef4df97fd35dd0410d0d33f9aa3e99b028960415ba897cfb5177a72589b876e5c66d3c0763"
        }
    },
    "bin": "TabletopClub.exe",
    "shortcuts": [
        [
            "TabletopClub.exe",
            "Tabletop Club"
        ]
    ],
    "checkver": {
        "github": "https://github.com/drwhut/tabletop-club"
    },
    "autoupdate": {
        "architecture": {
            "32bit": {
                "url": "https://github.com/drwhut/tabletop-club/releases/download/v$version/TabletopClub_v$version_Windows_32.zip",
                "hash": {
                    "url": "https://github.com/drwhut/tabletop-club/releases/download/v$version/TabletopClub_v$version_SHA512.txt",
                    "find": "sha2: $sha512"
                }
            },
            "64bit": {
                "url": "https://github.com/drwhut/tabletop-club/releases/download/v$version/TabletopClub_v$version_Windows_64.zip",
                "hash": {
                    "url": "https://github.com/drwhut/tabletop-club/releases/download/v$version/TabletopClub_v$version_SHA512.txt",
                    "find": "sha2: $sha512"
                }
            }
        }
    }
}
