{
    "version": "1.4.1",
    "description": "Free and open source Touhou Project clone and fangame",
    "homepage": "https://github.com/taisei-project/taisei",
    "license": "MIT",
    "architecture": {
        "32bit": {
            "url": "https://github.com/taisei-project/taisei/releases/download/v1.4.1/Taisei-1.4.1-windows-x86.zip",
            "hash": "31cdb30c4a93605f1ee22e6f15db2400352cddb984f5f19545461aee39abb38d"
        },
        "64bit": {
            "url": "https://github.com/taisei-project/taisei/releases/download/v1.4.1/Taisei-1.4.1-windows-x86_64.zip",
            "hash": "0f10ffa8710da4e4adfb35f41cf1e2ef41aa985aa5e821a85051dd24d67ed806"
        }
    },
    "bin": "taisei.exe",
    "shortcuts": [
        [
            "taisei.exe",
            "Taisei"
        ]
    ],
    "checkver": "github",
    "autoupdate": {
        "architecture": {
            "32bit": {
                "url": "https://github.com/taisei-project/taisei/releases/download/v$version/Taisei-$version-windows-x86.zip"
            },
            "64bit": {
                "url": "https://github.com/taisei-project/taisei/releases/download/v$version/Taisei-$version-windows-x86_64.zip"
            }
        }
    }
}
