{
    "version": "0.7.5",
    "description": "2D retro multiplayer shooter",
    "homepage": "https://teeworlds.com/",
    "license": "Zlib",
    "architecture": {
        "32bit": {
            "url": "https://github.com/teeworlds/teeworlds/releases/download/0.7.5/teeworlds-0.7.5-win32.zip",
            "hash": "87a18d85be3a63eb7ab38d6a2db717c63b4129dee7c91fb9f1d7812373752117",
            "extract_dir": "teeworlds-0.7.5-win32"
        },
        "64bit": {
            "url": "https://github.com/teeworlds/teeworlds/releases/download/0.7.5/teeworlds-0.7.5-win64.zip",
            "hash": "83cd75884a0e8339b4910da1bfe4d737af794d35600cd065e7c2222750b37585",
            "extract_dir": "teeworlds-0.7.5-win64"
        }
    },
    "bin": [
        "teeworlds.exe",
        "teeworlds_srv.exe"
    ],
    "shortcuts": [
        [
            "teeworlds.exe",
            "Teeworlds"
        ]
    ],
    "checkver": {
        "github": "https://github.com/teeworlds/teeworlds"
    },
    "autoupdate": {
        "architecture": {
            "32bit": {
                "url": "https://github.com/teeworlds/teeworlds/releases/download/$version/teeworlds-$version-win32.zip",
                "extract_dir": "teeworlds-$version-win32"
            },
            "64bit": {
                "url": "https://github.com/teeworlds/teeworlds/releases/download/$version/teeworlds-$version-win64.zip",
                "extract_dir": "teeworlds-$version-win64"
            }
        }
    }
}
