{
    "version": "nightly",
    "description": "First-person shooter featuring real-time lighting and a cooperative map editor",
    "homepage": "http://tesseract.gg/",
    "license": "https://websvn.tuxfamily.org/filedetails.php?repname=tesseract%2Fmain&path=%2Fsrc%2Freadme_tesseract.txt",
    "url": "http://mappinghell.net/tesseract/tesseract-nightly.zip",
    "extract_dir": "tesseract",
    "shortcuts": [
        [
            "tesseract.bat",
            "Tesseract",
            "",
            "src/vcpp/tesseract.ico"
        ]
    ]
}
