{
    "version": "0.9",
    "description": "TexMod is an utility to find, save and modify textures in Direct3D 9 (!) applications",
    "license": "GPL-3.0-only",
    "homepage": "https://code.google.com/archive/p/texmod/",
    "url": "https://storage.googleapis.com/google-code-archive-downloads/v2/code.google.com/texmod/texmod.zip",
    "hash": "79a8cdf24887ea98ad43bf2d408336d806dab7f8660d4f42a4b66b2f68e74df9",
    "suggest": {
        "umod": "A community supported version of TexMod"
    },
    "shortcuts": [
        [
            "Texmod.exe",
            "TexMod"
        ]
    ]
}
