{
    "version": "3.2",
    "description": "Install and customize your favorite custom Team Fortress 2 HUDs",
    "homepage": "https://criticalflaw.ca/TF2HUD.Editor",
    "license": "MIT",
    "notes": ".NET 7.0 Runtime is required.",
    "architecture": {
        "64bit": {
            "url": "https://github.com/CriticalFlaw/TF2HUD.Editor/releases/download/3.2/tf2hud-editor-x64.zip",
            "hash": "415fc665986fcb7eb2f3f226105408b5201cc841117a58cdd1a159e84af8e918",
            "extract_dir": "tf2hud-editor"
        },
        "32bit": {
            "url": "https://github.com/CriticalFlaw/TF2HUD.Editor/releases/download/3.2/tf2hud-editor-x86.zip",
            "hash": "f07d92933e90524570c1bc9eda5ed13860b5ab4990e1676c399771fefb512c9c",
            "extract_dir": "tf2hud-editor"
        }
    },
    "shortcuts": [
        [
            "TF2HUD.Editor.exe",
            "TF2 HUD Editor"
        ]
    ],
    "checkver": {
        "github": "https://github.com/CriticalFlaw/TF2HUD.Editor"
    },
    "autoupdate": {
        "architecture": {
            "64bit": {
                "url": "https://github.com/CriticalFlaw/TF2HUD.Editor/releases/download/$version/tf2hud-editor-x64.zip"
            },
            "32bit": {
                "url": "https://github.com/CriticalFlaw/TF2HUD.Editor/releases/download/$version/tf2hud-editor-x86.zip"
            }
        }
    }
}
