{
    "version": "1.1.2837",
    "description": "TIC-80 is a fantasy computer for making, playing and sharing tiny games",
    "homepage": "https://tic80.com",
    "license": "MIT",
    "url": "https://github.com/nesbox/TIC-80/releases/download/v1.1.2837/tic80-v1.1-win.zip",
    "hash": "12aa47e205072c4960d86316f8940da862bf3429f1adba0ef70c5441caa6de0e",
    "bin": "tic80.exe",
    "shortcuts": [
        [
            "tic80.exe",
            "TIC-80"
        ]
    ],
    "checkver": {
        "github": "https://github.com/nesbox/TIC-80"
    },
    "autoupdate": {
        "url": "https://github.com/nesbox/TIC-80/releases/download/v$version/tic80-v$majorVersion.$minorVersion-win.zip"
    }
}
