{
    "version": "1.10.0-hotfix",
    "description": "A compiler/decompiler for Tickflow, a language based on the bytecode format used by the game Rhythm Heaven Megamix",
    "homepage": "https://github.com/rhmodding/Tickompiler",
    "license": "MIT",
    "suggest": {
        "Java Runtime Environment": "java/temurin-jre"
    },
    "url": "https://github.com/rhmodding/Tickompiler/releases/download/v1.10.0-hotfix/tickompiler.jar",
    "hash": "111d645be91848eeab242a51b5dbda0410dd9de210d6005e5e672acd51ff0c56",
    "pre_install": "\"@java -jar \"\"$dir\\tickompiler.jar\"\" %*\" | out-file -en oem \"$dir\\tickompiler.cmd\"",
    "bin": "tickompiler.cmd",
    "checkver": {
        "github": "https://github.com/rhmodding/Tickompiler",
        "regex": "\/releases\/tag\/(?:v|V)?([\\d.]+[-\\w]+)(\/)?"
    },
    "autoupdate": {
        "url": "https://github.com/rhmodding/Tickompiler/releases/download/v$version/tickompiler.jar"
    }
}
