{
    "version": "1.15.2",
    "description": "Simple multiplatform maze solving game for terminal",
    "homepage": "https://github.com/ur-fault/TMaze",
    "license": "https://raw.githubusercontent.com/ur-fault/TMaze/master/LICENSE",
    "architecture": {
        "64bit": {
            "url": "https://github.com/ur-fault/TMaze/releases/download/1.15.2/tmaze_windows-x86_64_1.15.2.exe#/tmaze.exe",
            "hash": "99e0149291d0f0b8e5d11bbfa88c55ac2c47b599ae1253133d7a64dda0dbd416"
        },
        "32bit": {
            "url": "https://github.com/ur-fault/TMaze/releases/download/1.15.2/tmaze_windows-x86_1.15.2.exe#/tmaze.exe",
            "hash": "587d3de4d5344b39642c929d720420e864e6f51e4c49f80a827df5c81bea0360"
        }
    },
    "bin": "tmaze.exe",
    "checkver": "github",
    "autoupdate": {
        "architecture": {
            "64bit": {
                "url": "https://github.com/ur-fault/TMaze/releases/download/$version/tmaze_windows-x86_64_$version.exe#/tmaze.exe"
            },
            "32bit": {
                "url": "https://github.com/ur-fault/TMaze/releases/download/$version/tmaze_windows-x86_$version.exe#/tmaze.exe"
            }
        }
    }
}
