{
    "version": "2024.1",
    "description": "Level editor for Quake-based games",
    "homepage": "https://kristianduske.com/trenchbroom/",
    "license": "GPL-3.0-or-later",
    "depends": "extras/vcredist2022",
    "url": "https://github.com/kduske/TrenchBroom/releases/download/v2024.1/TrenchBroom-Win32-v2024.1-Release.7z",
    "hash": "5336ee07cf3d82cfa113f37ee41bcdae79e517391161431fe36c27774017d387",
    "bin": "TrenchBroom.exe",
    "shortcuts": [
        [
            "TrenchBroom.exe",
            "TrenchBroom"
        ]
    ],
    "checkver": {
        "github": "https://github.com/kduske/TrenchBroom"
    },
    "autoupdate": {
        "url": "https://github.com/kduske/TrenchBroom/releases/download/v$version/TrenchBroom-Win32-v$version-Release.7z"
    }
}
