{
    "version": "v2_r53",
    "description": "uMod (Universal Modding Engine, earlier OpenTexMod) is an utility to find, save and modify textures that supports original TexMod *.tpf mods",
    "license": "GPL-3.0-only",
    "homepage": "https://code.google.com/archive/p/texmod/",
    "url": "https://storage.googleapis.com/google-code-archive-downloads/v2/code.google.com/texmod/uMod_alpha_v2_r53.zip",
    "hash": "1ed89ebab5ac58de8bee5b952fd6b701e3a47cd059e415769c358f134e801477",
    "suggest": {
        "umod": "A community supported version of TexMod"
    },
    "extract_dir": "uMod",
    "shortcuts": [
        [
            "uMod.exe",
            "uMod"
        ]
    ],
    "checkver": {
        "url": "https://code.google.com/archive/p/texmod/downloads",
        "regex": "uMod(_alpha|_beta)?_(?<version>v(\\d+)_r(\\d+))"
    },
    "autoupdate": {
        "url": "https://storage.googleapis.com/google-code-archive-downloads/v2/code.google.com/texmod/uMod_alpha_v$version.zip"
    }
}
