{
    "version": "5.7.15",
    "description": "A single player roguelike based on Lord of the Rings",
    "homepage": "https://umoria.org/",
    "license": "GPL-2.0",
    "notes": "To run umoria in the console, use: 'Push-Location $(scoop which umoria | Split-Path); umoria.exe; Pop-Location'.",
    "architecture": {
        "32bit": {
            "url": "https://github.com/dungeons-of-moria/umoria/releases/download/v5.7.15/umoria-5-7-15-win32.zip",
            "hash": "101f520fd057398ceced4de42e733523e60cfc850316dde7cc6ebee7c02f1a2c"
        },
        "64bit": {
            "url": "https://github.com/dungeons-of-moria/umoria/releases/download/v5.7.15/umoria-5-7-15-win64.zip",
            "hash": "21385709f5df60f1dd2c4a944ad8fcb7c4ea613c1948a4034e6cc15170e4ea59"
        }
    },
    "extract_dir": "umoria",
    "bin": "umoria.exe",
    "shortcuts": [
        [
            "umoria.exe",
            "Umoria"
        ]
    ],
    "checkver": {
        "github": "https://github.com/dungeons-of-moria/umoria"
    },
    "autoupdate": {
        "architecture": {
            "32bit": {
                "url": "https://github.com/dungeons-of-moria/umoria/releases/download/v$version/umoria-$dashVersion-win32.zip"
            },
            "64bit": {
                "url": "https://github.com/dungeons-of-moria/umoria/releases/download/v$version/umoria-$dashVersion-win64.zip"
            }
        }
    }
}
