{
    "version": "4.13.6",
    "homepage": "https://github.com/yairm210/UnCiv",
    "description": "Open source, mod-friendly Android + Desktop remake of Civ V, made with LibGDX",
    "license": "MPL-2.0",
    "suggest": {
        "Java Runtime Environment": "java/temurin-jre"
    },
    "url": "https://github.com/yairm210/Unciv/releases/download/4.13.6/Unciv-Windows64.zip",
    "hash": "973c9b0275eff5263b2252d78b9f14702297bf727571f116f892cf80d423f919",
    "pre_install": [
        "if (!(Test-Path \"$persist_dir\\GameSettings.json\")) {",
        "New-Item \"$dir\\GameSettings.json\" -Value '{resolution:1200x800,windowState:{width:1920,height:1080},isFreshlyCreated:true,multiplayer:{userId:},version:1}' | Out-Null",
        "}"
    ],
    "bin": "Unciv.exe",
    "shortcuts": [
        [
            "Unciv.exe",
            "Unciv - FOSS Civ V"
        ]
    ],
    "persist": [
        "GameSettings.json",
        "SaveFiles"
    ],
    "checkver": {
        "github": "https://github.com/yairm210/UnCiv"
    },
    "autoupdate": {
        "url": "https://github.com/yairm210/Unciv/releases/download/$version/Unciv-Windows64.zip"
    }
}
