{
    "version": "0.6.1.0",
    "description": "The most complete tool for modding, decompiling and unpacking Undertale (and other Game Maker: Studio games!)",
    "homepage": "https://github.com/krzys-h/UndertaleModTool",
    "license": "GPL-3.0-only",
    "url": "https://github.com/krzys-h/UndertaleModTool/releases/download/0.6.1.0/UndertaleModTool_v0.6.1.0.zip",
    "hash": "b51b10920a4a1174f7b4f4252aa73b14bd848814bee557a8013d5aa9e1d2d9d0",
    "pre_install": "if (!(Test-Path \"$persist_dir\\UndertaleModTool.exe.config\")) { New-Item \"$dir\\UndertaleModTool.exe.config\" | Out-Null }",
    "bin": "UndertaleModTool.exe",
    "shortcuts": [
        [
            "UndertaleModTool.exe",
            "Undertale Mod Tool"
        ]
    ],
    "persist": "UndertaleModTool.exe.config",
    "checkver": {
        "url": "https://api.github.com/repos/krzys-h/UndertaleModTool/tags",
        "regex": "tags/([\\d.]+)"
    },
    "autoupdate": {
        "url": "https://github.com/krzys-h/UndertaleModTool/releases/download/$version/UndertaleModTool_v$version.zip",
        "extract_dir": "UndertaleModTool_v$version"
    }
}
