{
    "version": "2024-08-28T16_47",
    "description": "A multiplayer voxel RPG inspired by games such as Cube World, Legend of Zelda: Breath of the Wild, Dwarf Fortress and Minecraft",
    "homepage": "https://veloren.net/",
    "license": {
        "identifier": "GPL-3.0-or-later",
        "url": "https://gitlab.com/veloren/veloren/-/blob/master/LICENSE"
    },
    "notes": [
        "Veloren has a number of game servers available to join, a list of which can be found here:",
        "https://gitlab.com/veloren/serverbrowser/-/blob/master/server/servers.ron",
        "(replace the address shown on Veloren's login page with an address from the link above).",
        "For help regarding the game, see Veloren's Owner's Manual: https://book.veloren.net/"
    ],
    "architecture": {
        "64bit": {
            "url": "https://github.com/veloren/veloren/releases/download/weekly/weekly-windows-x86_64-2024-08-28T16_47.zip",
            "hash": "4fc4fc7e89156fda0be236e1db0b1994b1196347d073188a24b14d199fec8bc4"
        }
    },
    "bin": [
        "veloren-server-cli.exe",
        "veloren-voxygen.exe"
    ],
    "shortcuts": [
        [
            "veloren-server-cli.exe",
            "Veloren Server CLI"
        ],
        [
            "veloren-voxygen.exe",
            "Veloren"
        ]
    ],
    "persist": "userdata",
    "checkver": {
        "url": "https://github.com/veloren/veloren/releases/expanded_assets/weekly",
        "regex": "/download/weekly/weekly-windows-x86_64-(?<version>[\\w-]+).zip",
        "reverse": true
    },
    "autoupdate": {
        "architecture": {
            "64bit": {
                "url": "https://github.com/veloren/veloren/releases/download/weekly/weekly-windows-x86_64-$version.zip"
            }
        }
    }
}
