{
    "version": "2.1.10",
    "description": "Community-maintained, improved version of the VisualBoyAdvance Game Boy emulator",
    "homepage": "https://vba-m.com",
    "license": {
        "identifier": "GPL-2.0",
        "url": "http://www.gnu.org/licenses/gpl-2.0.html"
    },
    "architecture": {
        "32bit": {
            "url": "https://github.com/visualboyadvance-m/visualboyadvance-m/releases/download/v2.1.10/visualboyadvance-m-Win-x86_32.zip",
            "hash": "55047693dd26091d534d699f91baa831e7cdb2730f526ef5a5a07085e6f4638a"
        },
        "64bit": {
            "url": "https://github.com/visualboyadvance-m/visualboyadvance-m/releases/download/v2.1.10/visualboyadvance-m-Win-x86_64.zip",
            "hash": "c304bba738f505158a3e060cef9b368db5f27fbe8107960c56f56fbf3d20f4fa"
        }
    },
    "pre_install": [
        "if (!(Test-Path \"$persist_dir\\vbam.ini\")) {",
        "   New-Item \"$dir\\vbam.ini\" -Type File | Out-Null",
        "   Set-Content \"$dir\\vbam.ini\" '[General]'",
        "   Add-Content \"$dir\\vbam.ini\" 'OnlineUpdates=never'",
        "   'Battery', 'Recording', 'Screenshot', 'State' | ForEach-Object {",
        "   Add-Content -Path \"$dir\\vbam.ini\" -Value $_`Dir`=$_ }",
        "}"
    ],
    "bin": "visualboyadvance-m.exe",
    "shortcuts": [
        [
            "visualboyadvance-m.exe",
            "VisualBoyAdvance-M"
        ]
    ],
    "persist": [
        "Battery",
        "Recording",
        "Screenshot",
        "State"
    ],
    "checkver": {
        "github": "https://github.com/visualboyadvance-m/visualboyadvance-m"
    },
    "autoupdate": {
        "architecture": {
            "32bit": {
                "url": "https://github.com/visualboyadvance-m/visualboyadvance-m/releases/download/v$version/visualboyadvance-m-Win-x86_32.zip"
            },
            "64bit": {
                "url": "https://github.com/visualboyadvance-m/visualboyadvance-m/releases/download/v$version/visualboyadvance-m-Win-x86_64.zip"
            }
        }
    }
}
