{
    "version": "1.31.0",
    "description": "Quake 1 port using Vulkan instead of OpenGL for rendering, based on QuakeSpasm",
    "homepage": "https://github.com/Novum/vkQuake",
    "license": "GPL-2.0-or-later",
    "notes": [
        "",
        "Place game data files (such as pak0.pak and pak1.pak) in:",
        "",
        "- Quake:",
        "    $persist_dir\\id1\\",
        "",
        "- Quake Mission Pack 1 - Scourge of Armagon:",
        "    $persist_dir\\hipnotic\\",
        "",
        "- Quake Mission Pack 2 - Dissolution of Eternity:",
        "    $persist_dir\\rogue\\",
        "",
        "- Quake Mission Pack 3 - Abyss of Pandemonium:",
        "    $persist_dir\\abyss\\",
        "",
        "- Quake - Arcane Dimensions (https://www.moddb.com/mods/arcane-dimensions):",
        "    $persist_dir\\ad\\",
        ""
    ],
    "suggest": {
        "vcredist": "extras/vcredist2019"
    },
    "architecture": {
        "32bit": {
            "url": "https://github.com/Novum/vkQuake/releases/download/1.31.0/vkquake-1.31.0_win32.zip",
            "hash": "12b0339b531bc222a94351739fc126a2e9b768d0d8112c20f98a18aae2a44fba"
        },
        "64bit": {
            "url": "https://github.com/Novum/vkQuake/releases/download/1.31.0/vkquake-1.31.0_win64.zip",
            "hash": "ba9bff003e4fab09d921e6d83376d749551c2c2107b0307317d927995e3d37ad"
        }
    },
    "bin": [
        [
            "vkQuake.exe",
            "vkQuake",
            "-basedir $persist_dir"
        ]
    ],
    "shortcuts": [
        [
            "vkQuake.exe",
            "vkQuake"
        ],
        [
            "vkQuake.exe",
            "vkQuake (Scourge of Armagon)",
            "-game hipnotic"
        ],
        [
            "vkQuake.exe",
            "vkQuake (Dissolution of Eternity)",
            "-game rogue"
        ],
        [
            "vkQuake.exe",
            "vkQuake (Abyss of Pandemonium)",
            "-game abyss"
        ],
        [
            "vkQuake.exe",
            "vkQuake (Arcane Dimensions)",
            "-game ad"
        ]
    ],
    "persist": [
        "id1",
        "hipnotic",
        "rogue",
        "abyss",
        "ad"
    ],
    "checkver": "github",
    "autoupdate": {
        "architecture": {
            "32bit": {
                "url": "https://github.com/Novum/vkQuake/releases/download/$version/vkquake-$version_win32.zip"
            },
            "64bit": {
                "url": "https://github.com/Novum/vkQuake/releases/download/$version/vkquake-$version_win64.zip"
            }
        }
    }
}
