{
    "version": "5.2.7",
    "description": "Updates WeakAuras installed from Wago.",
    "homepage": "https://weakauras.wtf/",
    "license": "GPL-2.0-or-later",
    "url": "https://github.com/WeakAuras/WeakAuras-Companion/releases/download/v5.2.7/WeakAuras-Companion-Setup-5.2.7.exe#/dl.7z",
    "hash": "sha512:d4cdd480b788c34fcc221cd38b26e27864954eea548b453a462a4bbfae819ca0c912dcd1256e436203a66555b60eb05a0d24b1bd543dd977a4262cd9ec92d602",
    "extract_dir": "$PLUGINSDIR",
    "installer": {
        "script": [
            "Remove-Item \"$dir\\*\" -Exclude 'app-64.7z'",
            "Expand-7zipArchive \"$dir\\app-64.7z\" \"$dir\" -Removal"
        ]
    },
    "shortcuts": [
        [
            "WeakAuras Companion.exe",
            "WeakAuras Companion"
        ]
    ],
    "checkver": {
        "github": "https://github.com/WeakAuras/WeakAuras-Companion"
    },
    "autoupdate": {
        "url": "https://github.com/WeakAuras/WeakAuras-Companion/releases/download/v$version/WeakAuras-Companion-Setup-$version.exe#/dl.7z",
        "hash": {
            "url": "$baseurl/latest.yml",
            "find": "sha512:\\s+(.*)"
        }
    }
}
