{
    "version": "1.18.2",
    "description": "Turn-based singleplayer and multiplayer strategy game with a high fantasy theme",
    "homepage": "https://www.wesnoth.org/",
    "license": "GPL-2.0-or-later",
    "url": "https://sourceforge.net/projects/wesnoth/files/wesnoth-1.18/wesnoth-1.18.2/wesnoth-1.18.2-win64.exe/download#/dl.7z",
    "hash": "3a83338eb85c9b9d6e7985c1c0bb9fdf59594fe04c72e261c4290ce9f586e0f6",
    "shortcuts": [
        [
            "wesnoth.exe",
            "The Battle for Wesnoth"
        ]
    ],
    "checkver": {
        "url": "https://www.wesnoth.org/",
        "regex": "<div\\sid=\"stable\"\\sclass=\"download-branch\"\\sdata-version=\"([\\w.]+)\""
    },
    "autoupdate": {
        "url": "https://sourceforge.net/projects/wesnoth/files/wesnoth-$majorVersion.$minorVersion/wesnoth-$version/wesnoth-$version-win64.exe/download#/dl.7z",
        "hash": {
            "url": "https://files.wesnoth.org/releases/wesnoth-$version-win64.exe.sha256",
            "regex": "$sha256"
        }
    }
}
