{
    "##": "For non-Warframe players that don't know what 'fissure' means, please visit: https://warframe.fandom.com/wiki/Void_Fissure",
    "version": "9.6.3",
    "homepage": "https://wfinfo.warframestat.us/",
    "description": "A Companion App for Warframe's fissue events. Designed to provide quick access to both Platinum and Ducat prices for all fissure rewards to make selecting the best reward easy.",
    "license": "Apache-2.0",
    "url": "https://github.com/WFCD/WFinfo/releases/download/v9.6.3/WFInfo.zip",
    "hash": "81b28e2259b1df0e3cffbdedac261e9fe889e1e31f2cebda3c085afbe4094634",
    "shortcuts": [
        [
            "WFInfo.exe",
            "WFInfo"
        ]
    ],
    "checkver": {
        "github": "https://github.com/WFCD/WFinfo"
    },
    "autoupdate": {
        "url": "https://github.com/WFCD/WFinfo/releases/download/v$version/WFInfo.zip"
    }
}
