{
    "version": "1.2",
    "description": "Build an ever growing settlement. Real-time strategy, single and multiplayer",
    "homepage": "https://www.widelands.org/",
    "license": "GPL-2.0-only",
    "architecture": {
        "32bit": {
            "url": "https://github.com/widelands/widelands/releases/download/v1.2/Widelands-1.2-x86.exe",
            "hash": "2a59129521699f7c3576751b865ca419d90a80b92f96a9b9f7b811a86593c50d"
        },
        "64bit": {
            "url": "https://github.com/widelands/widelands/releases/download/v1.2/Widelands-1.2-x64.exe",
            "hash": "79a461935ea4137cafe1bc727b2a617187d340143d52f893f6ff4a0ab1196051"
        }
    },
    "innosetup": true,
    "bin": "widelands.exe",
    "shortcuts": [
        [
            "widelands.exe",
            "Widelands"
        ]
    ],
    "checkver": {
        "github": "https://github.com/widelands/widelands"
    },
    "autoupdate": {
        "architecture": {
            "32bit": {
                "url": "https://github.com/widelands/widelands/releases/download/v$version/Widelands-$version-x86.exe"
            },
            "64bit": {
                "url": "https://github.com/widelands/widelands/releases/download/v$version/Widelands-$version-x64.exe"
            }
        }
    }
}
