{
    "version": "2.20.0",
    "description": "World of Warcraft addon updater.",
    "homepage": "https://wowup.io/",
    "license": "GPL-3.0-or-later",
    "url": "https://github.com/WowUp/WowUp/releases/download/v2.20.0/WowUp-Setup-2.20.0.exe#/dl.7z",
    "hash": "sha512:94e84669fcac0d51c8e8750798128d24001edf151fc9a844a8f46d88d4209c97d9056ad68fb1dc61896a0e54578f0f1fe8f551862f338cb274b19cd5d8e385ab",
    "extract_dir": "$PLUGINSDIR",
    "installer": {
        "script": [
            "Remove-Item \"$dir\\*\" -Exclude 'app-64.7z'",
            "Expand-7zipArchive \"$dir\\app-64.7z\" \"$dir\" -Removal"
        ]
    },
    "shortcuts": [
        [
            "WowUp.exe",
            "WowUp"
        ]
    ],
    "checkver": {
        "github": "https://github.com/WowUp/WowUp"
    },
    "autoupdate": {
        "url": "https://github.com/WowUp/WowUp/releases/download/v$version/WowUp-Setup-$version.exe#/dl.7z",
        "hash": {
            "url": "$baseurl/latest.yml",
            "find": "sha512:\\s+(.*)"
        }
    }
}
