{
    "homepage": "https://andrettin.github.io/",
    "description": "Real-time strategy game with retro graphics",
    "version": "5.3.6",
    "license": "GPL-2.0-only",
    "url": [
        "https://codeload.github.com/Andrettin/Wyrmsun/zip/refs/tags/v5.3.6#/dl.zip",
        "https://github.com/Andrettin/Wyrmsun/releases/download/2021.09.19/dependencies.zip"
    ],
    "hash": [
        "91d54b7137aff5368cd3a74feadb58cbadf3d63e7db1d7e3d3741d8a93337f76",
        "22e64575b7129b8bd17b6f3e26421a9ece57238423e1ac316aa835ca4177b7e9"
    ],
    "extract_dir": "Wyrmsun-5.3.6",
    "pre_install": "dl \"https://github.com/Andrettin/Wyrmsun/releases/download/v$version/wyrmsun.exe\" \"$dir\\wyrmsun.exe\" $false $true",
    "persist": "wyr",
    "bin": "wyrmsun.exe",
    "shortcuts": [
        [
            "wyrmsun.exe",
            "Wyrmsun"
        ]
    ],
    "checkver": {
        "github": "https://github.com/Andrettin/Wyrmsun"
    },
    "autoupdate": {
        "url": "https://codeload.github.com/Andrettin/Wyrmsun/zip/refs/tags/v$version#/dl.zip",
        "extract_dir": "Wyrmsun-$version"
    },
    "notes": "Saved games are stored in C:\\Users\\[USERNAME]\\AppData\\Roaming\\Wyrmsun"
}
