{
    "version": "0.7.132",
    "description": "Original Xbox Emulator",
    "homepage": "https://xemu.app",
    "license": {
        "identifier": "GPL-2.0",
        "url": "https://github.com/mborgerson/xemu/blob/master/LICENSE"
    },
    "architecture": {
        "64bit": {
            "url": "https://github.com/mborgerson/xemu/releases/download/v0.7.132/xemu-win-release.zip",
            "hash": "d4866e1a131370d40c1b0556e1327e8a36ca0df7701b09695e9ca13f871afdba"
        }
    },
    "pre_install": [
        "if (!(Test-Path \"$persist_dir\")) {",
        "   New-item \"$persist_dir\" -ItemType Directory | Out-Null",
        "   New-item \"$persist_dir\\bios\" -ItemType Directory | Out-Null",
        "   New-item \"$persist_dir\\data\" -ItemType Directory | Out-Null",
        "}"
    ],
    "bin": "xemu.exe",
    "shortcuts": [
        [
            "xemu.exe",
            "Xemu"
        ]
    ],
    "persist": [
        "bios",
        "data"
    ],
    "checkver": {
        "github": "https://github.com/mborgerson/xemu"
    },
    "autoupdate": {
        "architecture": {
            "64bit": {
                "url": "https://github.com/mborgerson/xemu/releases/download/v$version/xemu-win-release.zip"
            }
        }
    }
}
