{
    "version": "6.4.1",
    "description": "Custom launcher for Final Fantasy XIV (FF14)",
    "homepage": "https://goatcorp.github.io/",
    "license": "GPL-3.0-or-later",
    "url": "https://github.com/goatcorp/FFXIVQuickLauncher/releases/download/6.4.1/XIVLauncher-6.4.1-full.nupkg",
    "hash": "6fd2a4edca34ee1abf2722aa44d932628a201c9e053e5bca43d7f0ec80bd75d4",
    "bin": "XIVLauncher.exe",
    "extract_dir": "lib\\net45",
    "shortcuts": [
        [
            "XIVLauncher.exe",
            "XIVLauncher"
        ]
    ],
    "checkver": {
        "github": "https://github.com/goatcorp/FFXIVQuickLauncher"
    },
    "autoupdate": {
        "url": "https://github.com/goatcorp/FFXIVQuickLauncher/releases/download/$version/XIVLauncher-$version-full.nupkg"
    }
}
