{
    "homepage": "https://xmoto.tuxfamily.org/",
    "description": "Difficult 2D motocross racing/stunts game",
    "version": "0.6.2",
    "license": "GPL-2.0-or-later",
    "url": "https://github.com/xmoto/xmoto/releases/download/v0.6.2/xmoto-0.6.2-win32.zip",
    "hash": "0d3d933c046e5842c6aea53fd35a8cd8f8ba09cfc95ce8e34b7f34920ead3757",
    "extract_dir": "xmoto-0.6.2",
    "bin": "xmoto.exe",
    "shortcuts": [
        [
            "xmoto.exe",
            "X-Moto"
        ]
    ],
    "checkver": {
        "github": "https://github.com/xmoto/xmoto/"
    },
    "autoupdate": {
        "url": "https://github.com/xmoto/xmoto/releases/download/v$version/xmoto-$version-win32.zip",
        "extract_dir": "xmoto-$version"
    }
}
