{
    "version": "1.0.6",
    "description": "vkQuake2's Vulkan renderer library ported for use with Yamagi Quake II",
    "homepage": "https://github.com/yquake2/ref_vk",
    "license": "https://github.com/yquake2/ref_vk/blob/master/LICENSE",
    "depends": "yquake2",
    "url": "https://github.com/yquake2/ref_vk/releases/download/v1.0.6/ref_vk-1.0.6.zip",
    "hash": "a053f988533fe222cc91dec3d07387a92c8b70e55298dea960175de12df149ba",
    "extract_dir": "ref_vk-1.0.6",
    "installer": {
        "script": "Copy-Item \"$dir\\ref_vk.dll\" \"$(versiondir 'yquake2' 'current' $global)\" -Force"
    },
    "uninstaller": {
        "script": [
            "'ref_vk.dll' | ForEach-Object {",
            "   if (Test-Path \"$(versiondir 'yquake2' 'current' $global)\\$_\") {",
            "       Remove-Item \"$(versiondir 'yquake2' 'current' $global)\\$_\"",
            "   }",
            "}"
        ]
    },
    "checkver": "github",
    "autoupdate": {
        "url": "https://github.com/yquake2/ref_vk/releases/download/v$version/ref_vk-$version.zip",
        "extract_dir": "ref_vk-$version"
    }
}
