{
    "version": "3-1.1",
    "description": "ZDL is a frontend (\"launcher\") for ZDoom based Doom engine source ports.",
    "homepage": "https://zdoom.org/wiki/ZDL",
    "license": "GPL-3.0-or-later",
    "architecture": {
        "32bit": {
            "url": "https://github.com/lcferrum/qzdl/releases/download/3-1.1/ZDL_3-1.1_Win_x86.zip",
            "hash": "11a6775460df1823feedf3ca20e7d0cb691bf70f20c77b2e0255b99ced55691a"
        },
        "64bit": {
            "url": "https://github.com/lcferrum/qzdl/releases/download/3-1.1/ZDL_3-1.1_Win_x86.zip",
            "hash": "11a6775460df1823feedf3ca20e7d0cb691bf70f20c77b2e0255b99ced55691a"
        }
    },
    "bin": "ZDL.exe",
    "shortcuts": [
        [
            "ZDL.exe",
            "ZDL"
        ]
    ],
    "checkver": {
        "github": "https://github.com/lcferrum/qzdl",
        "regex": "/releases/tag/([\\w.-]+)"
    },
    "autoupdate": {
        "architecture": {
            "32bit": {
                "url": "https://github.com/lcferrum/qzdl/releases/download/$version/ZDL_$version_Win_x86.zip"
            },
            "64bit": {
                "url": "https://github.com/lcferrum/qzdl/releases/download/$version/ZDL_$version_Win_x86.zip"
            }
        }
    }
}
